date,cat_id,sales,snap_CA
2011-01-29,FOODS,3239,0
2011-01-29,HOBBIES,556,0
2011-01-29,HOUSEHOLD,542,0
2011-01-30,FOODS,3137,0
2011-01-30,HOBBIES,498,0
2011-01-30,HOUSEHOLD,520,0
2011-01-31,FOODS,2008,0
2011-01-31,HOBBIES,415,0
2011-01-31,HOUSEHOLD,393,0
2011-02-01,FOODS,2258,1
2011-02-01,HOBBIES,392,1
2011-02-01,HOUSEHOLD,401,1
2011-02-02,FOODS,2032,1
2011-02-02,HOBBIES,268,1
2011-02-02,HOUSEHOLD,330,1
2011-02-03,FOODS,2407,1
2011-02-03,HOBBIES,467,1
2011-02-03,HOUSEHOLD,402,1
2011-02-04,FOODS,2693,1
2011-02-04,HOBBIES,346,1
2011-02-04,HOUSEHOLD,411,1
2011-02-05,FOODS,3962,1
2011-02-05,HOBBIES,769,1
2011-02-05,HOUSEHOLD,706,1
2011-02-06,FOODS,3418,1
2011-02-06,HOBBIES,432,1
2011-02-06,HOUSEHOLD,490,1
2011-02-07,FOODS,2446,1
2011-02-07,HOBBIES,384,1
2011-02-07,HOUSEHOLD,327,1
2011-02-08,FOODS,2138,1
2011-02-08,HOBBIES,496,1
2011-02-08,HOUSEHOLD,361,1
2011-02-09,FOODS,2001,1
2011-02-09,HOBBIES,399,1
2011-02-09,HOUSEHOLD,310,1
2011-02-10,FOODS,2137,1
2011-02-10,HOBBIES,454,1
2011-02-10,HOUSEHOLD,337,1
2011-02-11,FOODS,2217,0
2011-02-11,HOBBIES,453,0
2011-02-11,HOUSEHOLD,408,0
2011-02-12,FOODS,3067,0
2011-02-12,HOBBIES,692,0
2011-02-12,HOUSEHOLD,557,0
2011-02-13,FOODS,3313,0
2011-02-13,HOBBIES,458,0
2011-02-13,HOUSEHOLD,583,0
2011-02-14,FOODS,2003,0
2011-02-14,HOBBIES,379,0
2011-02-14,HOUSEHOLD,375,0
2011-02-15,FOODS,1779,0
2011-02-15,HOBBIES,334,0
2011-02-15,HOUSEHOLD,317,0
2011-02-16,FOODS,1670,0
2011-02-16,HOBBIES,270,0
2011-02-16,HOUSEHOLD,332,0
2011-02-17,FOODS,1433,0
2011-02-17,HOBBIES,280,0
2011-02-17,HOUSEHOLD,296,0
2011-02-18,FOODS,2250,0
2011-02-18,HOBBIES,311,0
2011-02-18,HOUSEHOLD,454,0
2011-02-19,FOODS,3148,0
2011-02-19,HOBBIES,793,0
2011-02-19,HOUSEHOLD,612,0
2011-02-20,FOODS,2864,0
2011-02-20,HOBBIES,501,0
2011-02-20,HOUSEHOLD,601,0
2011-02-21,FOODS,2105,0
2011-02-21,HOBBIES,626,0
2011-02-21,HOUSEHOLD,533,0
2011-02-22,FOODS,1621,0
2011-02-22,HOBBIES,455,0
2011-02-22,HOUSEHOLD,365,0
2011-02-23,FOODS,1608,0
2011-02-23,HOBBIES,418,0
2011-02-23,HOUSEHOLD,351,0
2011-02-24,FOODS,1639,0
2011-02-24,HOBBIES,426,0
2011-02-24,HOUSEHOLD,349,0
2011-02-25,FOODS,1875,0
2011-02-25,HOBBIES,403,0
2011-02-25,HOUSEHOLD,423,0
2011-02-26,FOODS,2574,0
2011-02-26,HOBBIES,613,0
2011-02-26,HOUSEHOLD,532,0
2011-02-27,FOODS,2733,0
2011-02-27,HOBBIES,215,0
2011-02-27,HOUSEHOLD,600,0
2011-02-28,FOODS,1732,0
2011-02-28,HOBBIES,178,0
2011-02-28,HOUSEHOLD,336,0
2011-03-01,FOODS,1896,1
2011-03-01,HOBBIES,230,1
2011-03-01,HOUSEHOLD,423,1
2011-03-02,FOODS,1965,1
2011-03-02,HOBBIES,197,1
2011-03-02,HOUSEHOLD,397,1
2011-03-03,FOODS,1984,1
2011-03-03,HOBBIES,168,1
2011-03-03,HOUSEHOLD,416,1
2011-03-04,FOODS,2369,1
2011-03-04,HOBBIES,193,1
2011-03-04,HOUSEHOLD,416,1
2011-03-05,FOODS,3223,1
2011-03-05,HOBBIES,300,1
2011-03-05,HOUSEHOLD,573,1
2011-03-06,FOODS,3464,1
2011-03-06,HOBBIES,761,1
2011-03-06,HOUSEHOLD,607,1
2011-03-07,FOODS,2262,1
2011-03-07,HOBBIES,470,1
2011-03-07,HOUSEHOLD,406,1
2011-03-08,FOODS,2165,1
2011-03-08,HOBBIES,465,1
2011-03-08,HOUSEHOLD,367,1
2011-03-09,FOODS,2100,1
2011-03-09,HOBBIES,357,1
2011-03-09,HOUSEHOLD,315,1
2011-03-10,FOODS,2003,1
2011-03-10,HOBBIES,329,1
2011-03-10,HOUSEHOLD,318,1
2011-03-11,FOODS,2480,0
2011-03-11,HOBBIES,335,0
2011-03-11,HOUSEHOLD,434,0
2011-03-12,FOODS,2895,0
2011-03-12,HOBBIES,655,0
2011-03-12,HOUSEHOLD,564,0
2011-03-13,FOODS,3081,0
2011-03-13,HOBBIES,411,0
2011-03-13,HOUSEHOLD,602,0
2011-03-14,FOODS,2079,0
2011-03-14,HOBBIES,356,0
2011-03-14,HOUSEHOLD,445,0
2011-03-15,FOODS,1656,0
2011-03-15,HOBBIES,344,0
2011-03-15,HOUSEHOLD,384,0
2011-03-16,FOODS,1805,0
2011-03-16,HOBBIES,374,0
2011-03-16,HOUSEHOLD,343,0
2011-03-17,FOODS,1657,0
2011-03-17,HOBBIES,391,0
2011-03-17,HOUSEHOLD,387,0
2011-03-18,FOODS,2005,0
2011-03-18,HOBBIES,303,0
2011-03-18,HOUSEHOLD,436,0
2011-03-19,FOODS,2826,0
2011-03-19,HOBBIES,669,0
2011-03-19,HOUSEHOLD,647,0
2011-03-20,FOODS,2795,0
2011-03-20,HOBBIES,492,0
2011-03-20,HOUSEHOLD,617,0
2011-03-21,FOODS,1935,0
2011-03-21,HOBBIES,354,0
2011-03-21,HOUSEHOLD,346,0
2011-03-22,FOODS,1595,0
2011-03-22,HOBBIES,518,0
2011-03-22,HOUSEHOLD,345,0
2011-03-23,FOODS,1473,0
2011-03-23,HOBBIES,298,0
2011-03-23,HOUSEHOLD,308,0
2011-03-24,FOODS,1431,0
2011-03-24,HOBBIES,528,0
2011-03-24,HOUSEHOLD,322,0
2011-03-25,FOODS,1869,0
2011-03-25,HOBBIES,440,0
2011-03-25,HOUSEHOLD,431,0
2011-03-26,FOODS,2648,0
2011-03-26,HOBBIES,627,0
2011-03-26,HOUSEHOLD,624,0
2011-03-27,FOODS,2801,0
2011-03-27,HOBBIES,533,0
2011-03-27,HOUSEHOLD,665,0
2011-03-28,FOODS,1903,0
2011-03-28,HOBBIES,533,0
2011-03-28,HOUSEHOLD,344,0
2011-03-29,FOODS,1471,0
2011-03-29,HOBBIES,333,0
2011-03-29,HOUSEHOLD,363,0
2011-03-30,FOODS,1612,0
2011-03-30,HOBBIES,341,0
2011-03-30,HOUSEHOLD,294,0
2011-03-31,FOODS,1849,0
2011-03-31,HOBBIES,377,0
2011-03-31,HOUSEHOLD,350,0
2011-04-01,FOODS,2528,1
2011-04-01,HOBBIES,462,1
2011-04-01,HOUSEHOLD,510,1
2011-04-02,FOODS,3013,1
2011-04-02,HOBBIES,565,1
2011-04-02,HOUSEHOLD,747,1
2011-04-03,FOODS,3136,1
2011-04-03,HOBBIES,604,1
2011-04-03,HOUSEHOLD,656,1
2011-04-04,FOODS,2615,1
2011-04-04,HOBBIES,490,1
2011-04-04,HOUSEHOLD,537,1
2011-04-05,FOODS,2047,1
2011-04-05,HOBBIES,393,1
2011-04-05,HOUSEHOLD,344,1
2011-04-06,FOODS,1897,1
2011-04-06,HOBBIES,354,1
2011-04-06,HOUSEHOLD,351,1
2011-04-07,FOODS,2150,1
2011-04-07,HOBBIES,439,1
2011-04-07,HOUSEHOLD,387,1
2011-04-08,FOODS,2342,1
2011-04-08,HOBBIES,504,1
2011-04-08,HOUSEHOLD,448,1
2011-04-09,FOODS,2825,1
2011-04-09,HOBBIES,603,1
2011-04-09,HOUSEHOLD,655,1
2011-04-10,FOODS,2978,1
2011-04-10,HOBBIES,569,1
2011-04-10,HOUSEHOLD,647,1
2011-04-11,FOODS,2007,0
2011-04-11,HOBBIES,552,0
2011-04-11,HOUSEHOLD,456,0
2011-04-12,FOODS,1653,0
2011-04-12,HOBBIES,452,0
2011-04-12,HOUSEHOLD,407,0
2011-04-13,FOODS,1550,0
2011-04-13,HOBBIES,299,0
2011-04-13,HOUSEHOLD,368,0
2011-04-14,FOODS,1631,0
2011-04-14,HOBBIES,514,0
2011-04-14,HOUSEHOLD,375,0
2011-04-15,FOODS,2141,0
2011-04-15,HOBBIES,277,0
2011-04-15,HOUSEHOLD,449,0
2011-04-16,FOODS,2465,0
2011-04-16,HOBBIES,524,0
2011-04-16,HOUSEHOLD,582,0
2011-04-17,FOODS,2980,0
2011-04-17,HOBBIES,460,0
2011-04-17,HOUSEHOLD,644,0
2011-04-18,FOODS,1833,0
2011-04-18,HOBBIES,417,0
2011-04-18,HOUSEHOLD,510,0
2011-04-19,FOODS,1628,0
2011-04-19,HOBBIES,208,0
2011-04-19,HOUSEHOLD,398,0
2011-04-20,FOODS,1520,0
2011-04-20,HOBBIES,345,0
2011-04-20,HOUSEHOLD,396,0
2011-04-21,FOODS,1759,0
2011-04-21,HOBBIES,323,0
2011-04-21,HOUSEHOLD,405,0
2011-04-22,FOODS,2274,0
2011-04-22,HOBBIES,339,0
2011-04-22,HOUSEHOLD,542,0
2011-04-23,FOODS,2909,0
2011-04-23,HOBBIES,628,0
2011-04-23,HOUSEHOLD,650,0
2011-04-24,FOODS,2051,0
2011-04-24,HOBBIES,366,0
2011-04-24,HOUSEHOLD,529,0
2011-04-25,FOODS,1518,0
2011-04-25,HOBBIES,514,0
2011-04-25,HOUSEHOLD,407,0
2011-04-26,FOODS,1411,0
2011-04-26,HOBBIES,332,0
2011-04-26,HOUSEHOLD,342,0
2011-04-27,FOODS,1294,0
2011-04-27,HOBBIES,436,0
2011-04-27,HOUSEHOLD,366,0
2011-04-28,FOODS,1374,0
2011-04-28,HOBBIES,355,0
2011-04-28,HOUSEHOLD,357,0
2011-04-29,FOODS,1808,0
2011-04-29,HOBBIES,355,0
2011-04-29,HOUSEHOLD,512,0
2011-04-30,FOODS,2278,0
2011-04-30,HOBBIES,601,0
2011-04-30,HOUSEHOLD,681,0
2011-05-01,FOODS,2550,1
2011-05-01,HOBBIES,537,1
2011-05-01,HOUSEHOLD,581,1
2011-05-02,FOODS,1962,1
2011-05-02,HOBBIES,441,1
2011-05-02,HOUSEHOLD,508,1
2011-05-03,FOODS,2044,1
2011-05-03,HOBBIES,356,1
2011-05-03,HOUSEHOLD,439,1
2011-05-04,FOODS,1924,1
2011-05-04,HOBBIES,341,1
2011-05-04,HOUSEHOLD,345,1
2011-05-05,FOODS,1648,1
2011-05-05,HOBBIES,397,1
2011-05-05,HOUSEHOLD,339,1
2011-05-06,FOODS,2322,1
2011-05-06,HOBBIES,377,1
2011-05-06,HOUSEHOLD,426,1
2011-05-07,FOODS,2605,1
2011-05-07,HOBBIES,612,1
2011-05-07,HOUSEHOLD,599,1
2011-05-08,FOODS,2096,1
2011-05-08,HOBBIES,426,1
2011-05-08,HOUSEHOLD,511,1
2011-05-09,FOODS,2199,1
2011-05-09,HOBBIES,400,1
2011-05-09,HOUSEHOLD,470,1
2011-05-10,FOODS,2044,1
2011-05-10,HOBBIES,580,1
2011-05-10,HOUSEHOLD,361,1
2011-05-11,FOODS,1797,0
2011-05-11,HOBBIES,455,0
2011-05-11,HOUSEHOLD,377,0
2011-05-12,FOODS,1630,0
2011-05-12,HOBBIES,287,0
2011-05-12,HOUSEHOLD,360,0
2011-05-13,FOODS,2078,0
2011-05-13,HOBBIES,422,0
2011-05-13,HOUSEHOLD,508,0
2011-05-14,FOODS,2608,0
2011-05-14,HOBBIES,529,0
2011-05-14,HOUSEHOLD,617,0
2011-05-15,FOODS,2704,0
2011-05-15,HOBBIES,452,0
2011-05-15,HOUSEHOLD,666,0
2011-05-16,FOODS,1651,0
2011-05-16,HOBBIES,517,0
2011-05-16,HOUSEHOLD,414,0
2011-05-17,FOODS,1550,0
2011-05-17,HOBBIES,260,0
2011-05-17,HOUSEHOLD,334,0
2011-05-18,FOODS,1535,0
2011-05-18,HOBBIES,317,0
2011-05-18,HOUSEHOLD,322,0
2011-05-19,FOODS,1516,0
2011-05-19,HOBBIES,306,0
2011-05-19,HOUSEHOLD,346,0
2011-05-20,FOODS,1847,0
2011-05-20,HOBBIES,370,0
2011-05-20,HOUSEHOLD,447,0
2011-05-21,FOODS,2332,0
2011-05-21,HOBBIES,571,0
2011-05-21,HOUSEHOLD,560,0
2011-05-22,FOODS,2525,0
2011-05-22,HOBBIES,465,0
2011-05-22,HOUSEHOLD,607,0
2011-05-23,FOODS,1648,0
2011-05-23,HOBBIES,442,0
2011-05-23,HOUSEHOLD,371,0
2011-05-24,FOODS,1556,0
2011-05-24,HOBBIES,284,0
2011-05-24,HOUSEHOLD,320,0
2011-05-25,FOODS,1512,0
2011-05-25,HOBBIES,419,0
2011-05-25,HOUSEHOLD,320,0
2011-05-26,FOODS,1487,0
2011-05-26,HOBBIES,437,0
2011-05-26,HOUSEHOLD,372,0
2011-05-27,FOODS,1786,0
2011-05-27,HOBBIES,412,0
2011-05-27,HOUSEHOLD,444,0
2011-05-28,FOODS,2140,0
2011-05-28,HOBBIES,565,0
2011-05-28,HOUSEHOLD,509,0
2011-05-29,FOODS,2270,0
2011-05-29,HOBBIES,381,0
2011-05-29,HOUSEHOLD,551,0
2011-05-30,FOODS,2013,0
2011-05-30,HOBBIES,339,0
2011-05-30,HOUSEHOLD,532,0
2011-05-31,FOODS,1505,0
2011-05-31,HOBBIES,260,0
2011-05-31,HOUSEHOLD,391,0
2011-06-01,FOODS,1701,1
2011-06-01,HOBBIES,375,1
2011-06-01,HOUSEHOLD,453,1
2011-06-02,FOODS,1748,1
2011-06-02,HOBBIES,444,1
2011-06-02,HOUSEHOLD,460,1
2011-06-03,FOODS,2265,1
2011-06-03,HOBBIES,417,1
2011-06-03,HOUSEHOLD,518,1
2011-06-04,FOODS,2842,1
2011-06-04,HOBBIES,405,1
2011-06-04,HOUSEHOLD,695,1
2011-06-05,FOODS,2832,1
2011-06-05,HOBBIES,373,1
2011-06-05,HOUSEHOLD,666,1
2011-06-06,FOODS,2187,1
2011-06-06,HOBBIES,385,1
2011-06-06,HOUSEHOLD,484,1
2011-06-07,FOODS,1963,1
2011-06-07,HOBBIES,369,1
2011-06-07,HOUSEHOLD,431,1
2011-06-08,FOODS,1809,1
2011-06-08,HOBBIES,651,1
2011-06-08,HOUSEHOLD,424,1
2011-06-09,FOODS,2039,1
2011-06-09,HOBBIES,368,1
2011-06-09,HOUSEHOLD,380,1
2011-06-10,FOODS,2447,1
2011-06-10,HOBBIES,501,1
2011-06-10,HOUSEHOLD,472,1
2011-06-11,FOODS,2435,0
2011-06-11,HOBBIES,593,0
2011-06-11,HOUSEHOLD,560,0
2011-06-12,FOODS,2586,0
2011-06-12,HOBBIES,384,0
2011-06-12,HOUSEHOLD,599,0
2011-06-13,FOODS,2215,0
2011-06-13,HOBBIES,477,0
2011-06-13,HOUSEHOLD,457,0
2011-06-14,FOODS,2035,0
2011-06-14,HOBBIES,465,0
2011-06-14,HOUSEHOLD,394,0
2011-06-15,FOODS,1973,0
2011-06-15,HOBBIES,293,0
2011-06-15,HOUSEHOLD,413,0
2011-06-16,FOODS,1743,0
2011-06-16,HOBBIES,376,0
2011-06-16,HOUSEHOLD,416,0
2011-06-17,FOODS,1996,0
2011-06-17,HOBBIES,505,0
2011-06-17,HOUSEHOLD,470,0
2011-06-18,FOODS,2539,0
2011-06-18,HOBBIES,731,0
2011-06-18,HOUSEHOLD,626,0
2011-06-19,FOODS,2200,0
2011-06-19,HOBBIES,397,0
2011-06-19,HOUSEHOLD,512,0
2011-06-20,FOODS,2062,0
2011-06-20,HOBBIES,330,0
2011-06-20,HOUSEHOLD,456,0
2011-06-21,FOODS,2144,0
2011-06-21,HOBBIES,366,0
2011-06-21,HOUSEHOLD,426,0
2011-06-22,FOODS,1735,0
2011-06-22,HOBBIES,395,0
2011-06-22,HOUSEHOLD,427,0
2011-06-23,FOODS,1806,0
2011-06-23,HOBBIES,362,0
2011-06-23,HOUSEHOLD,456,0
2011-06-24,FOODS,2092,0
2011-06-24,HOBBIES,460,0
2011-06-24,HOUSEHOLD,519,0
2011-06-25,FOODS,2299,0
2011-06-25,HOBBIES,514,0
2011-06-25,HOUSEHOLD,541,0
2011-06-26,FOODS,2491,0
2011-06-26,HOBBIES,445,0
2011-06-26,HOUSEHOLD,736,0
2011-06-27,FOODS,1927,0
2011-06-27,HOBBIES,533,0
2011-06-27,HOUSEHOLD,452,0
2011-06-28,FOODS,1473,0
2011-06-28,HOBBIES,335,0
2011-06-28,HOUSEHOLD,392,0
2011-06-29,FOODS,1497,0
2011-06-29,HOBBIES,298,0
2011-06-29,HOUSEHOLD,371,0
2011-06-30,FOODS,1752,0
2011-06-30,HOBBIES,361,0
2011-06-30,HOUSEHOLD,429,0
2011-07-01,FOODS,2663,1
2011-07-01,HOBBIES,427,1
2011-07-01,HOUSEHOLD,591,1
2011-07-02,FOODS,3108,1
2011-07-02,HOBBIES,555,1
2011-07-02,HOUSEHOLD,613,1
2011-07-03,FOODS,2942,1
2011-07-03,HOBBIES,370,1
2011-07-03,HOUSEHOLD,573,1
2011-07-04,FOODS,2038,1
2011-07-04,HOBBIES,260,1
2011-07-04,HOUSEHOLD,374,1
2011-07-05,FOODS,2364,1
2011-07-05,HOBBIES,355,1
2011-07-05,HOUSEHOLD,458,1
2011-07-06,FOODS,2441,1
2011-07-06,HOBBIES,615,1
2011-07-06,HOUSEHOLD,486,1
2011-07-07,FOODS,2403,1
2011-07-07,HOBBIES,486,1
2011-07-07,HOUSEHOLD,473,1
2011-07-08,FOODS,2385,1
2011-07-08,HOBBIES,339,1
2011-07-08,HOUSEHOLD,528,1
2011-07-09,FOODS,2762,1
2011-07-09,HOBBIES,500,1
2011-07-09,HOUSEHOLD,661,1
2011-07-10,FOODS,3066,1
2011-07-10,HOBBIES,429,1
2011-07-10,HOUSEHOLD,791,1
2011-07-11,FOODS,2026,0
2011-07-11,HOBBIES,282,0
2011-07-11,HOUSEHOLD,477,0
2011-07-12,FOODS,1602,0
2011-07-12,HOBBIES,379,0
2011-07-12,HOUSEHOLD,399,0
2011-07-13,FOODS,1768,0
2011-07-13,HOBBIES,365,0
2011-07-13,HOUSEHOLD,368,0
2011-07-14,FOODS,1639,0
2011-07-14,HOBBIES,391,0
2011-07-14,HOUSEHOLD,437,0
2011-07-15,FOODS,1973,0
2011-07-15,HOBBIES,418,0
2011-07-15,HOUSEHOLD,531,0
2011-07-16,FOODS,2541,0
2011-07-16,HOBBIES,539,0
2011-07-16,HOUSEHOLD,608,0
2011-07-17,FOODS,2445,0
2011-07-17,HOBBIES,444,0
2011-07-17,HOUSEHOLD,698,0
2011-07-18,FOODS,2015,0
2011-07-18,HOBBIES,411,0
2011-07-18,HOUSEHOLD,510,0
2011-07-19,FOODS,1665,0
2011-07-19,HOBBIES,324,0
2011-07-19,HOUSEHOLD,384,0
2011-07-20,FOODS,1727,0
2011-07-20,HOBBIES,337,0
2011-07-20,HOUSEHOLD,447,0
2011-07-21,FOODS,1818,0
2011-07-21,HOBBIES,289,0
2011-07-21,HOUSEHOLD,478,0
2011-07-22,FOODS,2199,0
2011-07-22,HOBBIES,408,0
2011-07-22,HOUSEHOLD,462,0
2011-07-23,FOODS,2526,0
2011-07-23,HOBBIES,706,0
2011-07-23,HOUSEHOLD,619,0
2011-07-24,FOODS,2526,0
2011-07-24,HOBBIES,586,0
2011-07-24,HOUSEHOLD,661,0
2011-07-25,FOODS,1867,0
2011-07-25,HOBBIES,447,0
2011-07-25,HOUSEHOLD,448,0
2011-07-26,FOODS,1641,0
2011-07-26,HOBBIES,280,0
2011-07-26,HOUSEHOLD,401,0
2011-07-27,FOODS,1543,0
2011-07-27,HOBBIES,391,0
2011-07-27,HOUSEHOLD,403,0
2011-07-28,FOODS,1665,0
2011-07-28,HOBBIES,437,0
2011-07-28,HOUSEHOLD,416,0
2011-07-29,FOODS,2156,0
2011-07-29,HOBBIES,288,0
2011-07-29,HOUSEHOLD,471,0
2011-07-30,FOODS,2002,0
2011-07-30,HOBBIES,373,0
2011-07-30,HOUSEHOLD,555,0
2011-07-31,FOODS,2353,0
2011-07-31,HOBBIES,494,0
2011-07-31,HOUSEHOLD,646,0
2011-08-01,FOODS,1963,1
2011-08-01,HOBBIES,363,1
2011-08-01,HOUSEHOLD,534,1
2011-08-02,FOODS,2070,1
2011-08-02,HOBBIES,470,1
2011-08-02,HOUSEHOLD,478,1
2011-08-03,FOODS,1991,1
2011-08-03,HOBBIES,440,1
2011-08-03,HOUSEHOLD,488,1
2011-08-04,FOODS,2162,1
2011-08-04,HOBBIES,385,1
2011-08-04,HOUSEHOLD,456,1
2011-08-05,FOODS,2370,1
2011-08-05,HOBBIES,551,1
2011-08-05,HOUSEHOLD,529,1
2011-08-06,FOODS,2580,1
2011-08-06,HOBBIES,622,1
2011-08-06,HOUSEHOLD,616,1
2011-08-07,FOODS,2800,1
2011-08-07,HOBBIES,464,1
2011-08-07,HOUSEHOLD,666,1
2011-08-08,FOODS,2394,1
2011-08-08,HOBBIES,335,1
2011-08-08,HOUSEHOLD,517,1
2011-08-09,FOODS,2006,1
2011-08-09,HOBBIES,409,1
2011-08-09,HOUSEHOLD,447,1
2011-08-10,FOODS,1994,1
2011-08-10,HOBBIES,291,1
2011-08-10,HOUSEHOLD,414,1
2011-08-11,FOODS,1861,0
2011-08-11,HOBBIES,403,0
2011-08-11,HOUSEHOLD,464,0
2011-08-12,FOODS,2288,0
2011-08-12,HOBBIES,455,0
2011-08-12,HOUSEHOLD,549,0
2011-08-13,FOODS,2742,0
2011-08-13,HOBBIES,582,0
2011-08-13,HOUSEHOLD,753,0
2011-08-14,FOODS,2957,0
2011-08-14,HOBBIES,494,0
2011-08-14,HOUSEHOLD,751,0
2011-08-15,FOODS,1938,0
2011-08-15,HOBBIES,384,0
2011-08-15,HOUSEHOLD,557,0
2011-08-16,FOODS,1884,0
2011-08-16,HOBBIES,335,0
2011-08-16,HOUSEHOLD,499,0
2011-08-17,FOODS,1833,0
2011-08-17,HOBBIES,318,0
2011-08-17,HOUSEHOLD,426,0
2011-08-18,FOODS,1851,0
2011-08-18,HOBBIES,311,0
2011-08-18,HOUSEHOLD,412,0
2011-08-19,FOODS,2079,0
2011-08-19,HOBBIES,469,0
2011-08-19,HOUSEHOLD,532,0
2011-08-20,FOODS,2440,0
2011-08-20,HOBBIES,584,0
2011-08-20,HOUSEHOLD,678,0
2011-08-21,FOODS,3177,0
2011-08-21,HOBBIES,444,0
2011-08-21,HOUSEHOLD,841,0
2011-08-22,FOODS,1867,0
2011-08-22,HOBBIES,378,0
2011-08-22,HOUSEHOLD,477,0
2011-08-23,FOODS,1537,0
2011-08-23,HOBBIES,294,0
2011-08-23,HOUSEHOLD,386,0
2011-08-24,FOODS,1662,0
2011-08-24,HOBBIES,381,0
2011-08-24,HOUSEHOLD,397,0
2011-08-25,FOODS,1700,0
2011-08-25,HOBBIES,382,0
2011-08-25,HOUSEHOLD,401,0
2011-08-26,FOODS,1921,0
2011-08-26,HOBBIES,471,0
2011-08-26,HOUSEHOLD,481,0
2011-08-27,FOODS,2582,0
2011-08-27,HOBBIES,529,0
2011-08-27,HOUSEHOLD,658,0
2011-08-28,FOODS,2670,0
2011-08-28,HOBBIES,342,0
2011-08-28,HOUSEHOLD,689,0
2011-08-29,FOODS,1708,0
2011-08-29,HOBBIES,298,0
2011-08-29,HOUSEHOLD,401,0
2011-08-30,FOODS,1375,0
2011-08-30,HOBBIES,373,0
2011-08-30,HOUSEHOLD,366,0
2011-08-31,FOODS,1470,0
2011-08-31,HOBBIES,392,0
2011-08-31,HOUSEHOLD,429,0
2011-09-01,FOODS,1846,1
2011-09-01,HOBBIES,368,1
2011-09-01,HOUSEHOLD,454,1
2011-09-02,FOODS,2362,1
2011-09-02,HOBBIES,503,1
2011-09-02,HOUSEHOLD,547,1
2011-09-03,FOODS,2717,1
2011-09-03,HOBBIES,758,1
2011-09-03,HOUSEHOLD,652,1
2011-09-04,FOODS,2568,1
2011-09-04,HOBBIES,372,1
2011-09-04,HOUSEHOLD,602,1
2011-09-05,FOODS,2469,1
2011-09-05,HOBBIES,408,1
2011-09-05,HOUSEHOLD,608,1
2011-09-06,FOODS,2115,1
2011-09-06,HOBBIES,553,1
2011-09-06,HOUSEHOLD,462,1
2011-09-07,FOODS,1900,1
2011-09-07,HOBBIES,381,1
2011-09-07,HOUSEHOLD,393,1
2011-09-08,FOODS,1979,1
2011-09-08,HOBBIES,398,1
2011-09-08,HOUSEHOLD,449,1
2011-09-09,FOODS,2297,1
2011-09-09,HOBBIES,406,1
2011-09-09,HOUSEHOLD,535,1
2011-09-10,FOODS,2718,1
2011-09-10,HOBBIES,492,1
2011-09-10,HOUSEHOLD,663,1
2011-09-11,FOODS,2876,0
2011-09-11,HOBBIES,442,0
2011-09-11,HOUSEHOLD,728,0
2011-09-12,FOODS,1933,0
2011-09-12,HOBBIES,422,0
2011-09-12,HOUSEHOLD,480,0
2011-09-13,FOODS,1575,0
2011-09-13,HOBBIES,334,0
2011-09-13,HOUSEHOLD,474,0
2011-09-14,FOODS,1482,0
2011-09-14,HOBBIES,369,0
2011-09-14,HOUSEHOLD,335,0
2011-09-15,FOODS,1628,0
2011-09-15,HOBBIES,336,0
2011-09-15,HOUSEHOLD,424,0
2011-09-16,FOODS,1975,0
2011-09-16,HOBBIES,329,0
2011-09-16,HOUSEHOLD,509,0
2011-09-17,FOODS,2454,0
2011-09-17,HOBBIES,412,0
2011-09-17,HOUSEHOLD,649,0
2011-09-18,FOODS,2670,0
2011-09-18,HOBBIES,372,0
2011-09-18,HOUSEHOLD,628,0
2011-09-19,FOODS,1789,0
2011-09-19,HOBBIES,340,0
2011-09-19,HOUSEHOLD,477,0
2011-09-20,FOODS,1740,0
2011-09-20,HOBBIES,346,0
2011-09-20,HOUSEHOLD,472,0
2011-09-21,FOODS,1646,0
2011-09-21,HOBBIES,424,0
2011-09-21,HOUSEHOLD,383,0
2011-09-22,FOODS,1606,0
2011-09-22,HOBBIES,386,0
2011-09-22,HOUSEHOLD,374,0
2011-09-23,FOODS,2451,0
2011-09-23,HOBBIES,473,0
2011-09-23,HOUSEHOLD,551,0
2011-09-24,FOODS,2872,0
2011-09-24,HOBBIES,459,0
2011-09-24,HOUSEHOLD,728,0
2011-09-25,FOODS,2872,0
2011-09-25,HOBBIES,485,0
2011-09-25,HOUSEHOLD,729,0
2011-09-26,FOODS,2028,0
2011-09-26,HOBBIES,336,0
2011-09-26,HOUSEHOLD,482,0
2011-09-27,FOODS,1722,0
2011-09-27,HOBBIES,345,0
2011-09-27,HOUSEHOLD,371,0
2011-09-28,FOODS,1696,0
2011-09-28,HOBBIES,486,0
2011-09-28,HOUSEHOLD,399,0
2011-09-29,FOODS,1587,0
2011-09-29,HOBBIES,449,0
2011-09-29,HOUSEHOLD,401,0
2011-09-30,FOODS,2512,0
2011-09-30,HOBBIES,540,0
2011-09-30,HOUSEHOLD,571,0
2011-10-01,FOODS,3450,1
2011-10-01,HOBBIES,771,1
2011-10-01,HOUSEHOLD,816,1
2011-10-02,FOODS,3361,1
2011-10-02,HOBBIES,507,1
2011-10-02,HOUSEHOLD,817,1
2011-10-03,FOODS,2361,1
2011-10-03,HOBBIES,448,1
2011-10-03,HOUSEHOLD,489,1
2011-10-04,FOODS,2214,1
2011-10-04,HOBBIES,474,1
2011-10-04,HOUSEHOLD,512,1
2011-10-05,FOODS,2086,1
2011-10-05,HOBBIES,334,1
2011-10-05,HOUSEHOLD,378,1
2011-10-06,FOODS,2011,1
2011-10-06,HOBBIES,307,1
2011-10-06,HOUSEHOLD,372,1
2011-10-07,FOODS,2631,1
2011-10-07,HOBBIES,425,1
2011-10-07,HOUSEHOLD,485,1
2011-10-08,FOODS,3279,1
2011-10-08,HOBBIES,678,1
2011-10-08,HOUSEHOLD,647,1
2011-10-09,FOODS,3296,1
2011-10-09,HOBBIES,408,1
2011-10-09,HOUSEHOLD,713,1
2011-10-10,FOODS,2726,1
2011-10-10,HOBBIES,364,1
2011-10-10,HOUSEHOLD,482,1
2011-10-11,FOODS,2059,0
2011-10-11,HOBBIES,633,0
2011-10-11,HOUSEHOLD,418,0
2011-10-12,FOODS,1901,0
2011-10-12,HOBBIES,337,0
2011-10-12,HOUSEHOLD,371,0
2011-10-13,FOODS,1979,0
2011-10-13,HOBBIES,482,0
2011-10-13,HOUSEHOLD,398,0
2011-10-14,FOODS,2371,0
2011-10-14,HOBBIES,456,0
2011-10-14,HOUSEHOLD,510,0
2011-10-15,FOODS,2930,0
2011-10-15,HOBBIES,613,0
2011-10-15,HOUSEHOLD,710,0
2011-10-16,FOODS,2963,0
2011-10-16,HOBBIES,532,0
2011-10-16,HOUSEHOLD,755,0
2011-10-17,FOODS,1944,0
2011-10-17,HOBBIES,305,0
2011-10-17,HOUSEHOLD,512,0
2011-10-18,FOODS,1742,0
2011-10-18,HOBBIES,337,0
2011-10-18,HOUSEHOLD,415,0
2011-10-19,FOODS,1772,0
2011-10-19,HOBBIES,389,0
2011-10-19,HOUSEHOLD,379,0
2011-10-20,FOODS,1851,0
2011-10-20,HOBBIES,429,0
2011-10-20,HOUSEHOLD,374,0
2011-10-21,FOODS,2374,0
2011-10-21,HOBBIES,504,0
2011-10-21,HOUSEHOLD,560,0
2011-10-22,FOODS,3011,0
2011-10-22,HOBBIES,557,0
2011-10-22,HOUSEHOLD,675,0
2011-10-23,FOODS,3200,0
2011-10-23,HOBBIES,415,0
2011-10-23,HOUSEHOLD,704,0
2011-10-24,FOODS,2036,0
2011-10-24,HOBBIES,362,0
2011-10-24,HOUSEHOLD,480,0
2011-10-25,FOODS,1890,0
2011-10-25,HOBBIES,237,0
2011-10-25,HOUSEHOLD,390,0
2011-10-26,FOODS,1660,0
2011-10-26,HOBBIES,297,0
2011-10-26,HOUSEHOLD,386,0
2011-10-27,FOODS,1909,0
2011-10-27,HOBBIES,452,0
2011-10-27,HOUSEHOLD,359,0
2011-10-28,FOODS,2184,0
2011-10-28,HOBBIES,475,0
2011-10-28,HOUSEHOLD,503,0
2011-10-29,FOODS,3022,0
2011-10-29,HOBBIES,460,0
2011-10-29,HOUSEHOLD,680,0
2011-10-30,FOODS,3063,0
2011-10-30,HOBBIES,429,0
2011-10-30,HOUSEHOLD,735,0
2011-10-31,FOODS,1622,0
2011-10-31,HOBBIES,403,0
2011-10-31,HOUSEHOLD,410,0
2011-11-01,FOODS,1924,1
2011-11-01,HOBBIES,440,1
2011-11-01,HOUSEHOLD,410,1
2011-11-02,FOODS,2129,1
2011-11-02,HOBBIES,426,1
2011-11-02,HOUSEHOLD,422,1
2011-11-03,FOODS,2210,1
2011-11-03,HOBBIES,355,1
2011-11-03,HOUSEHOLD,449,1
2011-11-04,FOODS,2644,1
2011-11-04,HOBBIES,508,1
2011-11-04,HOUSEHOLD,595,1
2011-11-05,FOODS,3325,1
2011-11-05,HOBBIES,493,1
2011-11-05,HOUSEHOLD,697,1
2011-11-06,FOODS,3641,1
2011-11-06,HOBBIES,488,1
2011-11-06,HOUSEHOLD,723,1
2011-11-07,FOODS,2406,1
2011-11-07,HOBBIES,301,1
2011-11-07,HOUSEHOLD,577,1
2011-11-08,FOODS,2416,1
2011-11-08,HOBBIES,431,1
2011-11-08,HOUSEHOLD,471,1
2011-11-09,FOODS,2140,1
2011-11-09,HOBBIES,284,1
2011-11-09,HOUSEHOLD,356,1
2011-11-10,FOODS,2495,1
2011-11-10,HOBBIES,341,1
2011-11-10,HOUSEHOLD,441,1
2011-11-11,FOODS,2879,0
2011-11-11,HOBBIES,372,0
2011-11-11,HOUSEHOLD,607,0
2011-11-12,FOODS,3042,0
2011-11-12,HOBBIES,642,0
2011-11-12,HOUSEHOLD,608,0
2011-11-13,FOODS,3164,0
2011-11-13,HOBBIES,351,0
2011-11-13,HOUSEHOLD,635,0
2011-11-14,FOODS,2299,0
2011-11-14,HOBBIES,321,0
2011-11-14,HOUSEHOLD,415,0
2011-11-15,FOODS,1932,0
2011-11-15,HOBBIES,355,0
2011-11-15,HOUSEHOLD,420,0
2011-11-16,FOODS,1776,0
2011-11-16,HOBBIES,331,0
2011-11-16,HOUSEHOLD,388,0
2011-11-17,FOODS,1771,0
2011-11-17,HOBBIES,244,0
2011-11-17,HOUSEHOLD,373,0
2011-11-18,FOODS,2214,0
2011-11-18,HOBBIES,366,0
2011-11-18,HOUSEHOLD,432,0
2011-11-19,FOODS,3333,0
2011-11-19,HOBBIES,599,0
2011-11-19,HOUSEHOLD,749,0
2011-11-20,FOODS,3232,0
2011-11-20,HOBBIES,454,0
2011-11-20,HOUSEHOLD,729,0
2011-11-21,FOODS,2333,0
2011-11-21,HOBBIES,351,0
2011-11-21,HOUSEHOLD,525,0
2011-11-22,FOODS,2744,0
2011-11-22,HOBBIES,426,0
2011-11-22,HOUSEHOLD,467,0
2011-11-23,FOODS,2926,0
2011-11-23,HOBBIES,261,0
2011-11-23,HOUSEHOLD,476,0
2011-11-24,FOODS,1631,0
2011-11-24,HOBBIES,90,0
2011-11-24,HOUSEHOLD,220,0
2011-11-25,FOODS,2262,0
2011-11-25,HOBBIES,456,0
2011-11-25,HOUSEHOLD,444,0
2011-11-26,FOODS,2194,0
2011-11-26,HOBBIES,365,0
2011-11-26,HOUSEHOLD,518,0
2011-11-27,FOODS,2494,0
2011-11-27,HOBBIES,320,0
2011-11-27,HOUSEHOLD,527,0
2011-11-28,FOODS,1808,0
2011-11-28,HOBBIES,312,0
2011-11-28,HOUSEHOLD,394,0
2011-11-29,FOODS,1838,0
2011-11-29,HOBBIES,480,0
2011-11-29,HOUSEHOLD,310,0
2011-11-30,FOODS,1783,0
2011-11-30,HOBBIES,276,0
2011-11-30,HOUSEHOLD,353,0
2011-12-01,FOODS,1925,1
2011-12-01,HOBBIES,389,1
2011-12-01,HOUSEHOLD,385,1
2011-12-02,FOODS,2487,1
2011-12-02,HOBBIES,482,1
2011-12-02,HOUSEHOLD,535,1
2011-12-03,FOODS,3364,1
2011-12-03,HOBBIES,778,1
2011-12-03,HOUSEHOLD,690,1
2011-12-04,FOODS,3390,1
2011-12-04,HOBBIES,551,1
2011-12-04,HOUSEHOLD,691,1
2011-12-05,FOODS,2517,1
2011-12-05,HOBBIES,359,1
2011-12-05,HOUSEHOLD,491,1
2011-12-06,FOODS,2256,1
2011-12-06,HOBBIES,310,1
2011-12-06,HOUSEHOLD,394,1
2011-12-07,FOODS,2080,1
2011-12-07,HOBBIES,485,1
2011-12-07,HOUSEHOLD,324,1
2011-12-08,FOODS,2460,1
2011-12-08,HOBBIES,499,1
2011-12-08,HOUSEHOLD,372,1
2011-12-09,FOODS,2528,1
2011-12-09,HOBBIES,450,1
2011-12-09,HOUSEHOLD,457,1
2011-12-10,FOODS,3482,1
2011-12-10,HOBBIES,435,1
2011-12-10,HOUSEHOLD,658,1
2011-12-11,FOODS,3262,0
2011-12-11,HOBBIES,438,0
2011-12-11,HOUSEHOLD,612,0
2011-12-12,FOODS,2468,0
2011-12-12,HOBBIES,429,0
2011-12-12,HOUSEHOLD,370,0
2011-12-13,FOODS,2230,0
2011-12-13,HOBBIES,375,0
2011-12-13,HOUSEHOLD,341,0
2011-12-14,FOODS,2143,0
2011-12-14,HOBBIES,376,0
2011-12-14,HOUSEHOLD,352,0
2011-12-15,FOODS,2431,0
2011-12-15,HOBBIES,252,0
2011-12-15,HOUSEHOLD,426,0
2011-12-16,FOODS,2505,0
2011-12-16,HOBBIES,415,0
2011-12-16,HOUSEHOLD,479,0
2011-12-17,FOODS,3349,0
2011-12-17,HOBBIES,523,0
2011-12-17,HOUSEHOLD,591,0
2011-12-18,FOODS,3218,0
2011-12-18,HOBBIES,384,0
2011-12-18,HOUSEHOLD,651,0
2011-12-19,FOODS,2467,0
2011-12-19,HOBBIES,430,0
2011-12-19,HOUSEHOLD,436,0
2011-12-20,FOODS,2459,0
2011-12-20,HOBBIES,368,0
2011-12-20,HOUSEHOLD,409,0
2011-12-21,FOODS,2567,0
2011-12-21,HOBBIES,356,0
2011-12-21,HOUSEHOLD,444,0
2011-12-22,FOODS,2740,0
2011-12-22,HOBBIES,403,0
2011-12-22,HOUSEHOLD,466,0
2011-12-23,FOODS,3677,0
2011-12-23,HOBBIES,423,0
2011-12-23,HOUSEHOLD,552,0
2011-12-24,FOODS,2758,0
2011-12-24,HOBBIES,334,0
2011-12-24,HOUSEHOLD,362,0
2011-12-25,FOODS,0,0
2011-12-25,HOBBIES,0,0
2011-12-25,HOUSEHOLD,0,0
2011-12-26,FOODS,2360,0
2011-12-26,HOBBIES,483,0
2011-12-26,HOUSEHOLD,492,0
2011-12-27,FOODS,2230,0
2011-12-27,HOBBIES,469,0
2011-12-27,HOUSEHOLD,412,0
2011-12-28,FOODS,2228,0
2011-12-28,HOBBIES,410,0
2011-12-28,HOUSEHOLD,459,0
2011-12-29,FOODS,2415,0
2011-12-29,HOBBIES,322,0
2011-12-29,HOUSEHOLD,496,0
2011-12-30,FOODS,3248,0
2011-12-30,HOBBIES,711,0
2011-12-30,HOUSEHOLD,679,0
2011-12-31,FOODS,3324,0
2011-12-31,HOBBIES,384,0
2011-12-31,HOUSEHOLD,528,0
2012-01-01,FOODS,2054,1
2012-01-01,HOBBIES,232,1
2012-01-01,HOUSEHOLD,362,1
2012-01-02,FOODS,2926,1
2012-01-02,HOBBIES,342,1
2012-01-02,HOUSEHOLD,663,1
2012-01-03,FOODS,2504,1
2012-01-03,HOBBIES,488,1
2012-01-03,HOUSEHOLD,504,1
2012-01-04,FOODS,2332,1
2012-01-04,HOBBIES,490,1
2012-01-04,HOUSEHOLD,462,1
2012-01-05,FOODS,2613,1
2012-01-05,HOBBIES,343,1
2012-01-05,HOUSEHOLD,488,1
2012-01-06,FOODS,2692,1
2012-01-06,HOBBIES,612,1
2012-01-06,HOUSEHOLD,550,1
2012-01-07,FOODS,3523,1
2012-01-07,HOBBIES,503,1
2012-01-07,HOUSEHOLD,644,1
2012-01-08,FOODS,3510,1
2012-01-08,HOBBIES,377,1
2012-01-08,HOUSEHOLD,698,1
2012-01-09,FOODS,2875,1
2012-01-09,HOBBIES,332,1
2012-01-09,HOUSEHOLD,430,1
2012-01-10,FOODS,2354,1
2012-01-10,HOBBIES,456,1
2012-01-10,HOUSEHOLD,407,1
2012-01-11,FOODS,2164,0
2012-01-11,HOBBIES,485,0
2012-01-11,HOUSEHOLD,345,0
2012-01-12,FOODS,1901,0
2012-01-12,HOBBIES,392,0
2012-01-12,HOUSEHOLD,362,0
2012-01-13,FOODS,2657,0
2012-01-13,HOBBIES,418,0
2012-01-13,HOUSEHOLD,475,0
2012-01-14,FOODS,3145,0
2012-01-14,HOBBIES,456,0
2012-01-14,HOUSEHOLD,670,0
2012-01-15,FOODS,3070,0
2012-01-15,HOBBIES,415,0
2012-01-15,HOUSEHOLD,626,0
2012-01-16,FOODS,2765,0
2012-01-16,HOBBIES,381,0
2012-01-16,HOUSEHOLD,524,0
2012-01-17,FOODS,2111,0
2012-01-17,HOBBIES,366,0
2012-01-17,HOUSEHOLD,347,0
2012-01-18,FOODS,2017,0
2012-01-18,HOBBIES,320,0
2012-01-18,HOUSEHOLD,392,0
2012-01-19,FOODS,2033,0
2012-01-19,HOBBIES,406,0
2012-01-19,HOUSEHOLD,343,0
2012-01-20,FOODS,2447,0
2012-01-20,HOBBIES,291,0
2012-01-20,HOUSEHOLD,415,0
2012-01-21,FOODS,3766,0
2012-01-21,HOBBIES,574,0
2012-01-21,HOUSEHOLD,767,0
2012-01-22,FOODS,3054,0
2012-01-22,HOBBIES,373,0
2012-01-22,HOUSEHOLD,538,0
2012-01-23,FOODS,1969,0
2012-01-23,HOBBIES,316,0
2012-01-23,HOUSEHOLD,393,0
2012-01-24,FOODS,1947,0
2012-01-24,HOBBIES,285,0
2012-01-24,HOUSEHOLD,339,0
2012-01-25,FOODS,1788,0
2012-01-25,HOBBIES,296,0
2012-01-25,HOUSEHOLD,376,0
2012-01-26,FOODS,1805,0
2012-01-26,HOBBIES,499,0
2012-01-26,HOUSEHOLD,376,0
2012-01-27,FOODS,2506,0
2012-01-27,HOBBIES,456,0
2012-01-27,HOUSEHOLD,482,0
2012-01-28,FOODS,3082,0
2012-01-28,HOBBIES,494,0
2012-01-28,HOUSEHOLD,665,0
2012-01-29,FOODS,3135,0
2012-01-29,HOBBIES,411,0
2012-01-29,HOUSEHOLD,601,0
2012-01-30,FOODS,2167,0
2012-01-30,HOBBIES,263,0
2012-01-30,HOUSEHOLD,459,0
2012-01-31,FOODS,2163,0
2012-01-31,HOBBIES,329,0
2012-01-31,HOUSEHOLD,400,0
2012-02-01,FOODS,2394,1
2012-02-01,HOBBIES,403,1
2012-02-01,HOUSEHOLD,408,1
2012-02-02,FOODS,2502,1
2012-02-02,HOBBIES,436,1
2012-02-02,HOUSEHOLD,471,1
2012-02-03,FOODS,3134,1
2012-02-03,HOBBIES,537,1
2012-02-03,HOUSEHOLD,598,1
2012-02-04,FOODS,4370,1
2012-02-04,HOBBIES,643,1
2012-02-04,HOUSEHOLD,773,1
2012-02-05,FOODS,3743,1
2012-02-05,HOBBIES,482,1
2012-02-05,HOUSEHOLD,558,1
2012-02-06,FOODS,2665,1
2012-02-06,HOBBIES,442,1
2012-02-06,HOUSEHOLD,531,1
2012-02-07,FOODS,2392,1
2012-02-07,HOBBIES,365,1
2012-02-07,HOUSEHOLD,402,1
2012-02-08,FOODS,2362,1
2012-02-08,HOBBIES,287,1
2012-02-08,HOUSEHOLD,392,1
2012-02-09,FOODS,2303,1
2012-02-09,HOBBIES,317,1
2012-02-09,HOUSEHOLD,414,1
2012-02-10,FOODS,2773,1
2012-02-10,HOBBIES,253,1
2012-02-10,HOUSEHOLD,490,1
2012-02-11,FOODS,4082,0
2012-02-11,HOBBIES,593,0
2012-02-11,HOUSEHOLD,788,0
2012-02-12,FOODS,4031,0
2012-02-12,HOBBIES,449,0
2012-02-12,HOUSEHOLD,750,0
2012-02-13,FOODS,2966,0
2012-02-13,HOBBIES,217,0
2012-02-13,HOUSEHOLD,491,0
2012-02-14,FOODS,1997,0
2012-02-14,HOBBIES,311,0
2012-02-14,HOUSEHOLD,295,0
2012-02-15,FOODS,1938,0
2012-02-15,HOBBIES,334,0
2012-02-15,HOUSEHOLD,397,0
2012-02-16,FOODS,2045,0
2012-02-16,HOBBIES,348,0
2012-02-16,HOUSEHOLD,439,0
2012-02-17,FOODS,2420,0
2012-02-17,HOBBIES,335,0
2012-02-17,HOUSEHOLD,556,0
2012-02-18,FOODS,3314,0
2012-02-18,HOBBIES,544,0
2012-02-18,HOUSEHOLD,676,0
2012-02-19,FOODS,3376,0
2012-02-19,HOBBIES,428,0
2012-02-19,HOUSEHOLD,731,0
2012-02-20,FOODS,2770,0
2012-02-20,HOBBIES,343,0
2012-02-20,HOUSEHOLD,608,0
2012-02-21,FOODS,2045,0
2012-02-21,HOBBIES,352,0
2012-02-21,HOUSEHOLD,426,0
2012-02-22,FOODS,2006,0
2012-02-22,HOBBIES,395,0
2012-02-22,HOUSEHOLD,373,0
2012-02-23,FOODS,2035,0
2012-02-23,HOBBIES,326,0
2012-02-23,HOUSEHOLD,437,0
2012-02-24,FOODS,2503,0
2012-02-24,HOBBIES,278,0
2012-02-24,HOUSEHOLD,499,0
2012-02-25,FOODS,3481,0
2012-02-25,HOBBIES,594,0
2012-02-25,HOUSEHOLD,731,0
2012-02-26,FOODS,3415,0
2012-02-26,HOBBIES,372,0
2012-02-26,HOUSEHOLD,643,0
2012-02-27,FOODS,2197,0
2012-02-27,HOBBIES,325,0
2012-02-27,HOUSEHOLD,476,0
2012-02-28,FOODS,2011,0
2012-02-28,HOBBIES,275,0
2012-02-28,HOUSEHOLD,421,0
2012-02-29,FOODS,2025,0
2012-02-29,HOBBIES,485,0
2012-02-29,HOUSEHOLD,405,0
2012-03-01,FOODS,2538,1
2012-03-01,HOBBIES,598,1
2012-03-01,HOUSEHOLD,467,1
2012-03-02,FOODS,2915,1
2012-03-02,HOBBIES,521,1
2012-03-02,HOUSEHOLD,589,1
2012-03-03,FOODS,3843,1
2012-03-03,HOBBIES,544,1
2012-03-03,HOUSEHOLD,736,1
2012-03-04,FOODS,3965,1
2012-03-04,HOBBIES,435,1
2012-03-04,HOUSEHOLD,765,1
2012-03-05,FOODS,3036,1
2012-03-05,HOBBIES,290,1
2012-03-05,HOUSEHOLD,567,1
2012-03-06,FOODS,2561,1
2012-03-06,HOBBIES,405,1
2012-03-06,HOUSEHOLD,432,1
2012-03-07,FOODS,2658,1
2012-03-07,HOBBIES,402,1
2012-03-07,HOUSEHOLD,481,1
2012-03-08,FOODS,2663,1
2012-03-08,HOBBIES,262,1
2012-03-08,HOUSEHOLD,467,1
2012-03-09,FOODS,2860,1
2012-03-09,HOBBIES,362,1
2012-03-09,HOUSEHOLD,564,1
2012-03-10,FOODS,4045,1
2012-03-10,HOBBIES,535,1
2012-03-10,HOUSEHOLD,774,1
2012-03-11,FOODS,4013,0
2012-03-11,HOBBIES,653,0
2012-03-11,HOUSEHOLD,836,0
2012-03-12,FOODS,2729,0
2012-03-12,HOBBIES,390,0
2012-03-12,HOUSEHOLD,524,0
2012-03-13,FOODS,2043,0
2012-03-13,HOBBIES,323,0
2012-03-13,HOUSEHOLD,470,0
2012-03-14,FOODS,2157,0
2012-03-14,HOBBIES,236,0
2012-03-14,HOUSEHOLD,428,0
2012-03-15,FOODS,2323,0
2012-03-15,HOBBIES,382,0
2012-03-15,HOUSEHOLD,456,0
2012-03-16,FOODS,2708,0
2012-03-16,HOBBIES,500,0
2012-03-16,HOUSEHOLD,529,0
2012-03-17,FOODS,3442,0
2012-03-17,HOBBIES,517,0
2012-03-17,HOUSEHOLD,759,0
2012-03-18,FOODS,3657,0
2012-03-18,HOBBIES,465,0
2012-03-18,HOUSEHOLD,844,0
2012-03-19,FOODS,2647,0
2012-03-19,HOBBIES,420,0
2012-03-19,HOUSEHOLD,554,0
2012-03-20,FOODS,2155,0
2012-03-20,HOBBIES,349,0
2012-03-20,HOUSEHOLD,435,0
2012-03-21,FOODS,2051,0
2012-03-21,HOBBIES,280,0
2012-03-21,HOUSEHOLD,433,0
2012-03-22,FOODS,2439,0
2012-03-22,HOBBIES,263,0
2012-03-22,HOUSEHOLD,401,0
2012-03-23,FOODS,2515,0
2012-03-23,HOBBIES,411,0
2012-03-23,HOUSEHOLD,488,0
2012-03-24,FOODS,3809,0
2012-03-24,HOBBIES,657,0
2012-03-24,HOUSEHOLD,745,0
2012-03-25,FOODS,3925,0
2012-03-25,HOBBIES,475,0
2012-03-25,HOUSEHOLD,840,0
2012-03-26,FOODS,2366,0
2012-03-26,HOBBIES,311,0
2012-03-26,HOUSEHOLD,490,0
2012-03-27,FOODS,2061,0
2012-03-27,HOBBIES,399,0
2012-03-27,HOUSEHOLD,429,0
2012-03-28,FOODS,1997,0
2012-03-28,HOBBIES,358,0
2012-03-28,HOUSEHOLD,413,0
2012-03-29,FOODS,1975,0
2012-03-29,HOBBIES,257,0
2012-03-29,HOUSEHOLD,393,0
2012-03-30,FOODS,3104,0
2012-03-30,HOBBIES,586,0
2012-03-30,HOUSEHOLD,565,0
2012-03-31,FOODS,3508,0
2012-03-31,HOBBIES,630,0
2012-03-31,HOUSEHOLD,764,0
2012-04-01,FOODS,3993,1
2012-04-01,HOBBIES,440,1
2012-04-01,HOUSEHOLD,748,1
2012-04-02,FOODS,2886,1
2012-04-02,HOBBIES,446,1
2012-04-02,HOUSEHOLD,493,1
2012-04-03,FOODS,3114,1
2012-04-03,HOBBIES,409,1
2012-04-03,HOUSEHOLD,482,1
2012-04-04,FOODS,2784,1
2012-04-04,HOBBIES,269,1
2012-04-04,HOUSEHOLD,440,1
2012-04-05,FOODS,3033,1
2012-04-05,HOBBIES,392,1
2012-04-05,HOUSEHOLD,548,1
2012-04-06,FOODS,4053,1
2012-04-06,HOBBIES,483,1
2012-04-06,HOUSEHOLD,549,1
2012-04-07,FOODS,4812,1
2012-04-07,HOBBIES,487,1
2012-04-07,HOUSEHOLD,736,1
2012-04-08,FOODS,3169,1
2012-04-08,HOBBIES,273,1
2012-04-08,HOUSEHOLD,520,1
2012-04-09,FOODS,3007,1
2012-04-09,HOBBIES,445,1
2012-04-09,HOUSEHOLD,532,1
2012-04-10,FOODS,2903,1
2012-04-10,HOBBIES,483,1
2012-04-10,HOUSEHOLD,473,1
2012-04-11,FOODS,2450,0
2012-04-11,HOBBIES,364,0
2012-04-11,HOUSEHOLD,496,0
2012-04-12,FOODS,2377,0
2012-04-12,HOBBIES,454,0
2012-04-12,HOUSEHOLD,462,0
2012-04-13,FOODS,2881,0
2012-04-13,HOBBIES,773,0
2012-04-13,HOUSEHOLD,482,0
2012-04-14,FOODS,3868,0
2012-04-14,HOBBIES,491,0
2012-04-14,HOUSEHOLD,755,0
2012-04-15,FOODS,3772,0
2012-04-15,HOBBIES,470,0
2012-04-15,HOUSEHOLD,708,0
2012-04-16,FOODS,2351,0
2012-04-16,HOBBIES,484,0
2012-04-16,HOUSEHOLD,444,0
2012-04-17,FOODS,2148,0
2012-04-17,HOBBIES,256,0
2012-04-17,HOUSEHOLD,380,0
2012-04-18,FOODS,2012,0
2012-04-18,HOBBIES,304,0
2012-04-18,HOUSEHOLD,448,0
2012-04-19,FOODS,2380,0
2012-04-19,HOBBIES,526,0
2012-04-19,HOUSEHOLD,424,0
2012-04-20,FOODS,3129,0
2012-04-20,HOBBIES,483,0
2012-04-20,HOUSEHOLD,512,0
2012-04-21,FOODS,3869,0
2012-04-21,HOBBIES,529,0
2012-04-21,HOUSEHOLD,629,0
2012-04-22,FOODS,3845,0
2012-04-22,HOBBIES,587,0
2012-04-22,HOUSEHOLD,747,0
2012-04-23,FOODS,2254,0
2012-04-23,HOBBIES,265,0
2012-04-23,HOUSEHOLD,449,0
2012-04-24,FOODS,2265,0
2012-04-24,HOBBIES,282,0
2012-04-24,HOUSEHOLD,485,0
2012-04-25,FOODS,2167,0
2012-04-25,HOBBIES,293,0
2012-04-25,HOUSEHOLD,391,0
2012-04-26,FOODS,2228,0
2012-04-26,HOBBIES,313,0
2012-04-26,HOUSEHOLD,462,0
2012-04-27,FOODS,2798,0
2012-04-27,HOBBIES,500,0
2012-04-27,HOUSEHOLD,522,0
2012-04-28,FOODS,3551,0
2012-04-28,HOBBIES,572,0
2012-04-28,HOUSEHOLD,631,0
2012-04-29,FOODS,3721,0
2012-04-29,HOBBIES,436,0
2012-04-29,HOUSEHOLD,699,0
2012-04-30,FOODS,2547,0
2012-04-30,HOBBIES,299,0
2012-04-30,HOUSEHOLD,507,0
2012-05-01,FOODS,2714,1
2012-05-01,HOBBIES,403,1
2012-05-01,HOUSEHOLD,488,1
2012-05-02,FOODS,2588,1
2012-05-02,HOBBIES,504,1
2012-05-02,HOUSEHOLD,422,1
2012-05-03,FOODS,2864,1
2012-05-03,HOBBIES,624,1
2012-05-03,HOUSEHOLD,493,1
2012-05-04,FOODS,3153,1
2012-05-04,HOBBIES,431,1
2012-05-04,HOUSEHOLD,584,1
2012-05-05,FOODS,3399,1
2012-05-05,HOBBIES,505,1
2012-05-05,HOUSEHOLD,553,1
2012-05-06,FOODS,4314,1
2012-05-06,HOBBIES,618,1
2012-05-06,HOUSEHOLD,763,1
2012-05-07,FOODS,3578,1
2012-05-07,HOBBIES,246,1
2012-05-07,HOUSEHOLD,502,1
2012-05-08,FOODS,2841,1
2012-05-08,HOBBIES,312,1
2012-05-08,HOUSEHOLD,424,1
2012-05-09,FOODS,2946,1
2012-05-09,HOBBIES,158,1
2012-05-09,HOUSEHOLD,397,1
2012-05-10,FOODS,2947,1
2012-05-10,HOBBIES,345,1
2012-05-10,HOUSEHOLD,443,1
2012-05-11,FOODS,3515,0
2012-05-11,HOBBIES,288,0
2012-05-11,HOUSEHOLD,490,0
2012-05-12,FOODS,4519,0
2012-05-12,HOBBIES,312,0
2012-05-12,HOUSEHOLD,715,0
2012-05-13,FOODS,3435,0
2012-05-13,HOBBIES,346,0
2012-05-13,HOUSEHOLD,609,0
2012-05-14,FOODS,2739,0
2012-05-14,HOBBIES,212,0
2012-05-14,HOUSEHOLD,446,0
2012-05-15,FOODS,2710,0
2012-05-15,HOBBIES,228,0
2012-05-15,HOUSEHOLD,491,0
2012-05-16,FOODS,2799,0
2012-05-16,HOBBIES,354,0
2012-05-16,HOUSEHOLD,417,0
2012-05-17,FOODS,2630,0
2012-05-17,HOBBIES,254,0
2012-05-17,HOUSEHOLD,455,0
2012-05-18,FOODS,3261,0
2012-05-18,HOBBIES,352,0
2012-05-18,HOUSEHOLD,494,0
2012-05-19,FOODS,3941,0
2012-05-19,HOBBIES,320,0
2012-05-19,HOUSEHOLD,643,0
2012-05-20,FOODS,4367,0
2012-05-20,HOBBIES,341,0
2012-05-20,HOUSEHOLD,769,0
2012-05-21,FOODS,2725,0
2012-05-21,HOBBIES,281,0
2012-05-21,HOUSEHOLD,577,0
2012-05-22,FOODS,2144,0
2012-05-22,HOBBIES,174,0
2012-05-22,HOUSEHOLD,395,0
2012-05-23,FOODS,2205,0
2012-05-23,HOBBIES,215,0
2012-05-23,HOUSEHOLD,432,0
2012-05-24,FOODS,2560,0
2012-05-24,HOBBIES,247,0
2012-05-24,HOUSEHOLD,465,0
2012-05-25,FOODS,3248,0
2012-05-25,HOBBIES,352,0
2012-05-25,HOUSEHOLD,520,0
2012-05-26,FOODS,3645,0
2012-05-26,HOBBIES,382,0
2012-05-26,HOUSEHOLD,673,0
2012-05-27,FOODS,3437,0
2012-05-27,HOBBIES,413,0
2012-05-27,HOUSEHOLD,722,0
2012-05-28,FOODS,2975,0
2012-05-28,HOBBIES,500,0
2012-05-28,HOUSEHOLD,595,0
2012-05-29,FOODS,2312,0
2012-05-29,HOBBIES,529,0
2012-05-29,HOUSEHOLD,436,0
2012-05-30,FOODS,2122,0
2012-05-30,HOBBIES,440,0
2012-05-30,HOUSEHOLD,415,0
2012-05-31,FOODS,2545,0
2012-05-31,HOBBIES,489,0
2012-05-31,HOUSEHOLD,512,0
2012-06-01,FOODS,3423,1
2012-06-01,HOBBIES,496,1
2012-06-01,HOUSEHOLD,656,1
2012-06-02,FOODS,4243,1
2012-06-02,HOBBIES,498,1
2012-06-02,HOUSEHOLD,911,1
2012-06-03,FOODS,3943,1
2012-06-03,HOBBIES,503,1
2012-06-03,HOUSEHOLD,890,1
2012-06-04,FOODS,2942,1
2012-06-04,HOBBIES,463,1
2012-06-04,HOUSEHOLD,588,1
2012-06-05,FOODS,2888,1
2012-06-05,HOBBIES,326,1
2012-06-05,HOUSEHOLD,558,1
2012-06-06,FOODS,2619,1
2012-06-06,HOBBIES,455,1
2012-06-06,HOUSEHOLD,484,1
2012-06-07,FOODS,2873,1
2012-06-07,HOBBIES,357,1
2012-06-07,HOUSEHOLD,494,1
2012-06-08,FOODS,3455,1
2012-06-08,HOBBIES,503,1
2012-06-08,HOUSEHOLD,490,1
2012-06-09,FOODS,3720,1
2012-06-09,HOBBIES,541,1
2012-06-09,HOUSEHOLD,685,1
2012-06-10,FOODS,4110,1
2012-06-10,HOBBIES,540,1
2012-06-10,HOUSEHOLD,834,1
2012-06-11,FOODS,3200,0
2012-06-11,HOBBIES,470,0
2012-06-11,HOUSEHOLD,640,0
2012-06-12,FOODS,2907,0
2012-06-12,HOBBIES,340,0
2012-06-12,HOUSEHOLD,598,0
2012-06-13,FOODS,2772,0
2012-06-13,HOBBIES,444,0
2012-06-13,HOUSEHOLD,518,0
2012-06-14,FOODS,2806,0
2012-06-14,HOBBIES,349,0
2012-06-14,HOUSEHOLD,683,0
2012-06-15,FOODS,3485,0
2012-06-15,HOBBIES,379,0
2012-06-15,HOUSEHOLD,819,0
2012-06-16,FOODS,4185,0
2012-06-16,HOBBIES,574,0
2012-06-16,HOUSEHOLD,828,0
2012-06-17,FOODS,3518,0
2012-06-17,HOBBIES,361,0
2012-06-17,HOUSEHOLD,739,0
2012-06-18,FOODS,2719,0
2012-06-18,HOBBIES,383,0
2012-06-18,HOUSEHOLD,638,0
2012-06-19,FOODS,2610,0
2012-06-19,HOBBIES,265,0
2012-06-19,HOUSEHOLD,611,0
2012-06-20,FOODS,2439,0
2012-06-20,HOBBIES,365,0
2012-06-20,HOUSEHOLD,623,0
2012-06-21,FOODS,2498,0
2012-06-21,HOBBIES,473,0
2012-06-21,HOUSEHOLD,609,0
2012-06-22,FOODS,3494,0
2012-06-22,HOBBIES,591,0
2012-06-22,HOUSEHOLD,675,0
2012-06-23,FOODS,3436,0
2012-06-23,HOBBIES,560,0
2012-06-23,HOUSEHOLD,895,0
2012-06-24,FOODS,3962,0
2012-06-24,HOBBIES,379,0
2012-06-24,HOUSEHOLD,885,0
2012-06-25,FOODS,2670,0
2012-06-25,HOBBIES,332,0
2012-06-25,HOUSEHOLD,652,0
2012-06-26,FOODS,2311,0
2012-06-26,HOBBIES,307,0
2012-06-26,HOUSEHOLD,563,0
2012-06-27,FOODS,2195,0
2012-06-27,HOBBIES,416,0
2012-06-27,HOUSEHOLD,642,0
2012-06-28,FOODS,2660,0
2012-06-28,HOBBIES,359,0
2012-06-28,HOUSEHOLD,536,0
2012-06-29,FOODS,3090,0
2012-06-29,HOBBIES,446,0
2012-06-29,HOUSEHOLD,744,0
2012-06-30,FOODS,3783,0
2012-06-30,HOBBIES,628,0
2012-06-30,HOUSEHOLD,945,0
2012-07-01,FOODS,4125,1
2012-07-01,HOBBIES,402,1
2012-07-01,HOUSEHOLD,1021,1
2012-07-02,FOODS,3093,1
2012-07-02,HOBBIES,353,1
2012-07-02,HOUSEHOLD,709,1
2012-07-03,FOODS,3401,1
2012-07-03,HOBBIES,428,1
2012-07-03,HOUSEHOLD,780,1
2012-07-04,FOODS,2744,1
2012-07-04,HOBBIES,199,1
2012-07-04,HOUSEHOLD,554,1
2012-07-05,FOODS,2539,1
2012-07-05,HOBBIES,246,1
2012-07-05,HOUSEHOLD,670,1
2012-07-06,FOODS,3280,1
2012-07-06,HOBBIES,363,1
2012-07-06,HOUSEHOLD,783,1
2012-07-07,FOODS,3604,1
2012-07-07,HOBBIES,376,1
2012-07-07,HOUSEHOLD,804,1
2012-07-08,FOODS,4070,1
2012-07-08,HOBBIES,463,1
2012-07-08,HOUSEHOLD,948,1
2012-07-09,FOODS,3311,1
2012-07-09,HOBBIES,280,1
2012-07-09,HOUSEHOLD,689,1
2012-07-10,FOODS,2902,1
2012-07-10,HOBBIES,452,1
2012-07-10,HOUSEHOLD,593,1
2012-07-11,FOODS,2599,0
2012-07-11,HOBBIES,456,0
2012-07-11,HOUSEHOLD,623,0
2012-07-12,FOODS,2710,0
2012-07-12,HOBBIES,469,0
2012-07-12,HOUSEHOLD,599,0
2012-07-13,FOODS,3133,0
2012-07-13,HOBBIES,418,0
2012-07-13,HOUSEHOLD,771,0
2012-07-14,FOODS,3543,0
2012-07-14,HOBBIES,473,0
2012-07-14,HOUSEHOLD,896,0
2012-07-15,FOODS,3651,0
2012-07-15,HOBBIES,407,0
2012-07-15,HOUSEHOLD,896,0
2012-07-16,FOODS,2539,0
2012-07-16,HOBBIES,365,0
2012-07-16,HOUSEHOLD,679,0
2012-07-17,FOODS,2499,0
2012-07-17,HOBBIES,433,0
2012-07-17,HOUSEHOLD,561,0
2012-07-18,FOODS,2468,0
2012-07-18,HOBBIES,292,0
2012-07-18,HOUSEHOLD,525,0
2012-07-19,FOODS,2511,0
2012-07-19,HOBBIES,420,0
2012-07-19,HOUSEHOLD,560,0
2012-07-20,FOODS,3337,0
2012-07-20,HOBBIES,493,0
2012-07-20,HOUSEHOLD,658,0
2012-07-21,FOODS,3713,0
2012-07-21,HOBBIES,472,0
2012-07-21,HOUSEHOLD,826,0
2012-07-22,FOODS,3753,0
2012-07-22,HOBBIES,569,0
2012-07-22,HOUSEHOLD,979,0
2012-07-23,FOODS,2522,0
2012-07-23,HOBBIES,393,0
2012-07-23,HOUSEHOLD,645,0
2012-07-24,FOODS,2411,0
2012-07-24,HOBBIES,239,0
2012-07-24,HOUSEHOLD,605,0
2012-07-25,FOODS,2329,0
2012-07-25,HOBBIES,243,0
2012-07-25,HOUSEHOLD,610,0
2012-07-26,FOODS,2680,0
2012-07-26,HOBBIES,306,0
2012-07-26,HOUSEHOLD,589,0
2012-07-27,FOODS,2823,0
2012-07-27,HOBBIES,291,0
2012-07-27,HOUSEHOLD,636,0
2012-07-28,FOODS,2849,0
2012-07-28,HOBBIES,401,0
2012-07-28,HOUSEHOLD,721,0
2012-07-29,FOODS,3148,0
2012-07-29,HOBBIES,249,0
2012-07-29,HOUSEHOLD,764,0
2012-07-30,FOODS,2450,0
2012-07-30,HOBBIES,405,0
2012-07-30,HOUSEHOLD,551,0
2012-07-31,FOODS,2452,0
2012-07-31,HOBBIES,323,0
2012-07-31,HOUSEHOLD,626,0
2012-08-01,FOODS,2762,1
2012-08-01,HOBBIES,397,1
2012-08-01,HOUSEHOLD,660,1
2012-08-02,FOODS,3156,1
2012-08-02,HOBBIES,450,1
2012-08-02,HOUSEHOLD,701,1
2012-08-03,FOODS,3327,1
2012-08-03,HOBBIES,392,1
2012-08-03,HOUSEHOLD,751,1
2012-08-04,FOODS,3870,1
2012-08-04,HOBBIES,421,1
2012-08-04,HOUSEHOLD,852,1
2012-08-05,FOODS,4253,1
2012-08-05,HOBBIES,288,1
2012-08-05,HOUSEHOLD,997,1
2012-08-06,FOODS,3440,1
2012-08-06,HOBBIES,234,1
2012-08-06,HOUSEHOLD,704,1
2012-08-07,FOODS,2904,1
2012-08-07,HOBBIES,336,1
2012-08-07,HOUSEHOLD,615,1
2012-08-08,FOODS,3037,1
2012-08-08,HOBBIES,271,1
2012-08-08,HOUSEHOLD,616,1
2012-08-09,FOODS,2986,1
2012-08-09,HOBBIES,259,1
2012-08-09,HOUSEHOLD,565,1
2012-08-10,FOODS,3596,1
2012-08-10,HOBBIES,261,1
2012-08-10,HOUSEHOLD,704,1
2012-08-11,FOODS,4265,0
2012-08-11,HOBBIES,432,0
2012-08-11,HOUSEHOLD,832,0
2012-08-12,FOODS,3958,0
2012-08-12,HOBBIES,429,0
2012-08-12,HOUSEHOLD,897,0
2012-08-13,FOODS,3005,0
2012-08-13,HOBBIES,263,0
2012-08-13,HOUSEHOLD,596,0
2012-08-14,FOODS,2865,0
2012-08-14,HOBBIES,256,0
2012-08-14,HOUSEHOLD,641,0
2012-08-15,FOODS,2624,0
2012-08-15,HOBBIES,281,0
2012-08-15,HOUSEHOLD,566,0
2012-08-16,FOODS,2968,0
2012-08-16,HOBBIES,324,0
2012-08-16,HOUSEHOLD,610,0
2012-08-17,FOODS,3352,0
2012-08-17,HOBBIES,343,0
2012-08-17,HOUSEHOLD,671,0
2012-08-18,FOODS,4507,0
2012-08-18,HOBBIES,473,0
2012-08-18,HOUSEHOLD,918,0
2012-08-19,FOODS,4470,0
2012-08-19,HOBBIES,404,0
2012-08-19,HOUSEHOLD,1060,0
2012-08-20,FOODS,2853,0
2012-08-20,HOBBIES,316,0
2012-08-20,HOUSEHOLD,727,0
2012-08-21,FOODS,2663,0
2012-08-21,HOBBIES,239,0
2012-08-21,HOUSEHOLD,662,0
2012-08-22,FOODS,2403,0
2012-08-22,HOBBIES,274,0
2012-08-22,HOUSEHOLD,578,0
2012-08-23,FOODS,2357,0
2012-08-23,HOBBIES,284,0
2012-08-23,HOUSEHOLD,567,0
2012-08-24,FOODS,2710,0
2012-08-24,HOBBIES,321,0
2012-08-24,HOUSEHOLD,655,0
2012-08-25,FOODS,3790,0
2012-08-25,HOBBIES,407,0
2012-08-25,HOUSEHOLD,885,0
2012-08-26,FOODS,3823,0
2012-08-26,HOBBIES,425,0
2012-08-26,HOUSEHOLD,1035,0
2012-08-27,FOODS,2503,0
2012-08-27,HOBBIES,327,0
2012-08-27,HOUSEHOLD,593,0
2012-08-28,FOODS,2351,0
2012-08-28,HOBBIES,271,0
2012-08-28,HOUSEHOLD,522,0
2012-08-29,FOODS,2155,0
2012-08-29,HOBBIES,206,0
2012-08-29,HOUSEHOLD,518,0
2012-08-30,FOODS,2403,0
2012-08-30,HOBBIES,314,0
2012-08-30,HOUSEHOLD,525,0
2012-08-31,FOODS,3007,0
2012-08-31,HOBBIES,409,0
2012-08-31,HOUSEHOLD,679,0
2012-09-01,FOODS,4527,1
2012-09-01,HOBBIES,440,1
2012-09-01,HOUSEHOLD,927,1
2012-09-02,FOODS,4128,1
2012-09-02,HOBBIES,367,1
2012-09-02,HOUSEHOLD,908,1
2012-09-03,FOODS,3933,1
2012-09-03,HOBBIES,377,1
2012-09-03,HOUSEHOLD,847,1
2012-09-04,FOODS,2900,1
2012-09-04,HOBBIES,319,1
2012-09-04,HOUSEHOLD,702,1
2012-09-05,FOODS,2602,1
2012-09-05,HOBBIES,210,1
2012-09-05,HOUSEHOLD,557,1
2012-09-06,FOODS,2423,1
2012-09-06,HOBBIES,195,1
2012-09-06,HOUSEHOLD,624,1
2012-09-07,FOODS,3143,1
2012-09-07,HOBBIES,316,1
2012-09-07,HOUSEHOLD,615,1
2012-09-08,FOODS,3693,1
2012-09-08,HOBBIES,346,1
2012-09-08,HOUSEHOLD,805,1
2012-09-09,FOODS,4247,1
2012-09-09,HOBBIES,434,1
2012-09-09,HOUSEHOLD,1023,1
2012-09-10,FOODS,2803,1
2012-09-10,HOBBIES,264,1
2012-09-10,HOUSEHOLD,647,1
2012-09-11,FOODS,2461,0
2012-09-11,HOBBIES,255,0
2012-09-11,HOUSEHOLD,548,0
2012-09-12,FOODS,2271,0
2012-09-12,HOBBIES,228,0
2012-09-12,HOUSEHOLD,545,0
2012-09-13,FOODS,2447,0
2012-09-13,HOBBIES,326,0
2012-09-13,HOUSEHOLD,575,0
2012-09-14,FOODS,3049,0
2012-09-14,HOBBIES,336,0
2012-09-14,HOUSEHOLD,712,0
2012-09-15,FOODS,3689,0
2012-09-15,HOBBIES,428,0
2012-09-15,HOUSEHOLD,894,0
2012-09-16,FOODS,3951,0
2012-09-16,HOBBIES,366,0
2012-09-16,HOUSEHOLD,907,0
2012-09-17,FOODS,2487,0
2012-09-17,HOBBIES,251,0
2012-09-17,HOUSEHOLD,626,0
2012-09-18,FOODS,2358,0
2012-09-18,HOBBIES,268,0
2012-09-18,HOUSEHOLD,664,0
2012-09-19,FOODS,2089,0
2012-09-19,HOBBIES,320,0
2012-09-19,HOUSEHOLD,571,0
2012-09-20,FOODS,2321,0
2012-09-20,HOBBIES,265,0
2012-09-20,HOUSEHOLD,516,0
2012-09-21,FOODS,2847,0
2012-09-21,HOBBIES,333,0
2012-09-21,HOUSEHOLD,738,0
2012-09-22,FOODS,3646,0
2012-09-22,HOBBIES,538,0
2012-09-22,HOUSEHOLD,937,0
2012-09-23,FOODS,3914,0
2012-09-23,HOBBIES,403,0
2012-09-23,HOUSEHOLD,1032,0
2012-09-24,FOODS,2230,0
2012-09-24,HOBBIES,280,0
2012-09-24,HOUSEHOLD,596,0
2012-09-25,FOODS,2167,0
2012-09-25,HOBBIES,265,0
2012-09-25,HOUSEHOLD,507,0
2012-09-26,FOODS,2099,0
2012-09-26,HOBBIES,263,0
2012-09-26,HOUSEHOLD,476,0
2012-09-27,FOODS,1989,0
2012-09-27,HOBBIES,215,0
2012-09-27,HOUSEHOLD,472,0
2012-09-28,FOODS,2749,0
2012-09-28,HOBBIES,421,0
2012-09-28,HOUSEHOLD,667,0
2012-09-29,FOODS,3543,0
2012-09-29,HOBBIES,336,0
2012-09-29,HOUSEHOLD,843,0
2012-09-30,FOODS,3819,0
2012-09-30,HOBBIES,362,0
2012-09-30,HOUSEHOLD,910,0
2012-10-01,FOODS,2884,1
2012-10-01,HOBBIES,410,1
2012-10-01,HOUSEHOLD,663,1
2012-10-02,FOODS,2951,1
2012-10-02,HOBBIES,293,1
2012-10-02,HOUSEHOLD,578,1
2012-10-03,FOODS,2751,1
2012-10-03,HOBBIES,279,1
2012-10-03,HOUSEHOLD,616,1
2012-10-04,FOODS,2513,1
2012-10-04,HOBBIES,296,1
2012-10-04,HOUSEHOLD,486,1
2012-10-05,FOODS,2654,1
2012-10-05,HOBBIES,337,1
2012-10-05,HOUSEHOLD,662,1
2012-10-06,FOODS,3817,1
2012-10-06,HOBBIES,365,1
2012-10-06,HOUSEHOLD,856,1
2012-10-07,FOODS,4251,1
2012-10-07,HOBBIES,403,1
2012-10-07,HOUSEHOLD,929,1
2012-10-08,FOODS,3046,1
2012-10-08,HOBBIES,302,1
2012-10-08,HOUSEHOLD,721,1
2012-10-09,FOODS,2643,1
2012-10-09,HOBBIES,259,1
2012-10-09,HOUSEHOLD,529,1
2012-10-10,FOODS,2349,1
2012-10-10,HOBBIES,268,1
2012-10-10,HOUSEHOLD,489,1
2012-10-11,FOODS,2205,0
2012-10-11,HOBBIES,325,0
2012-10-11,HOUSEHOLD,499,0
2012-10-12,FOODS,2743,0
2012-10-12,HOBBIES,374,0
2012-10-12,HOUSEHOLD,613,0
2012-10-13,FOODS,3063,0
2012-10-13,HOBBIES,366,0
2012-10-13,HOUSEHOLD,797,0
2012-10-14,FOODS,3344,0
2012-10-14,HOBBIES,470,0
2012-10-14,HOUSEHOLD,959,0
2012-10-15,FOODS,2392,0
2012-10-15,HOBBIES,333,0
2012-10-15,HOUSEHOLD,623,0
2012-10-16,FOODS,2043,0
2012-10-16,HOBBIES,276,0
2012-10-16,HOUSEHOLD,551,0
2012-10-17,FOODS,2105,0
2012-10-17,HOBBIES,291,0
2012-10-17,HOUSEHOLD,542,0
2012-10-18,FOODS,1939,0
2012-10-18,HOBBIES,337,0
2012-10-18,HOUSEHOLD,508,0
2012-10-19,FOODS,2419,0
2012-10-19,HOBBIES,275,0
2012-10-19,HOUSEHOLD,632,0
2012-10-20,FOODS,2946,0
2012-10-20,HOBBIES,405,0
2012-10-20,HOUSEHOLD,875,0
2012-10-21,FOODS,3216,0
2012-10-21,HOBBIES,404,0
2012-10-21,HOUSEHOLD,934,0
2012-10-22,FOODS,2182,0
2012-10-22,HOBBIES,291,0
2012-10-22,HOUSEHOLD,562,0
2012-10-23,FOODS,1965,0
2012-10-23,HOBBIES,364,0
2012-10-23,HOUSEHOLD,516,0
2012-10-24,FOODS,1823,0
2012-10-24,HOBBIES,350,0
2012-10-24,HOUSEHOLD,393,0
2012-10-25,FOODS,1988,0
2012-10-25,HOBBIES,235,0
2012-10-25,HOUSEHOLD,541,0
2012-10-26,FOODS,2521,0
2012-10-26,HOBBIES,269,0
2012-10-26,HOUSEHOLD,571,0
2012-10-27,FOODS,3195,0
2012-10-27,HOBBIES,338,0
2012-10-27,HOUSEHOLD,764,0
2012-10-28,FOODS,3284,0
2012-10-28,HOBBIES,547,0
2012-10-28,HOUSEHOLD,796,0
2012-10-29,FOODS,2391,0
2012-10-29,HOBBIES,265,0
2012-10-29,HOUSEHOLD,556,0
2012-10-30,FOODS,2201,0
2012-10-30,HOBBIES,243,0
2012-10-30,HOUSEHOLD,482,0
2012-10-31,FOODS,1682,0
2012-10-31,HOBBIES,213,0
2012-10-31,HOUSEHOLD,424,0
2012-11-01,FOODS,2275,1
2012-11-01,HOBBIES,310,1
2012-11-01,HOUSEHOLD,591,1
2012-11-02,FOODS,2734,1
2012-11-02,HOBBIES,434,1
2012-11-02,HOUSEHOLD,746,1
2012-11-03,FOODS,3488,1
2012-11-03,HOBBIES,381,1
2012-11-03,HOUSEHOLD,970,1
2012-11-04,FOODS,3679,1
2012-11-04,HOBBIES,413,1
2012-11-04,HOUSEHOLD,1004,1
2012-11-05,FOODS,2807,1
2012-11-05,HOBBIES,218,1
2012-11-05,HOUSEHOLD,613,1
2012-11-06,FOODS,2227,1
2012-11-06,HOBBIES,292,1
2012-11-06,HOUSEHOLD,484,1
2012-11-07,FOODS,2485,1
2012-11-07,HOBBIES,248,1
2012-11-07,HOUSEHOLD,493,1
2012-11-08,FOODS,2396,1
2012-11-08,HOBBIES,279,1
2012-11-08,HOUSEHOLD,481,1
2012-11-09,FOODS,3011,1
2012-11-09,HOBBIES,317,1
2012-11-09,HOUSEHOLD,566,1
2012-11-10,FOODS,3722,1
2012-11-10,HOBBIES,464,1
2012-11-10,HOUSEHOLD,889,1
2012-11-11,FOODS,3549,0
2012-11-11,HOBBIES,355,0
2012-11-11,HOUSEHOLD,877,0
2012-11-12,FOODS,2646,0
2012-11-12,HOBBIES,249,0
2012-11-12,HOUSEHOLD,610,0
2012-11-13,FOODS,2167,0
2012-11-13,HOBBIES,239,0
2012-11-13,HOUSEHOLD,480,0
2012-11-14,FOODS,1870,0
2012-11-14,HOBBIES,176,0
2012-11-14,HOUSEHOLD,449,0
2012-11-15,FOODS,2032,0
2012-11-15,HOBBIES,201,0
2012-11-15,HOUSEHOLD,545,0
2012-11-16,FOODS,2662,0
2012-11-16,HOBBIES,310,0
2012-11-16,HOUSEHOLD,594,0
2012-11-17,FOODS,3476,0
2012-11-17,HOBBIES,498,0
2012-11-17,HOUSEHOLD,843,0
2012-11-18,FOODS,3228,0
2012-11-18,HOBBIES,376,0
2012-11-18,HOUSEHOLD,837,0
2012-11-19,FOODS,2523,0
2012-11-19,HOBBIES,316,0
2012-11-19,HOUSEHOLD,546,0
2012-11-20,FOODS,2720,0
2012-11-20,HOBBIES,295,0
2012-11-20,HOUSEHOLD,570,0
2012-11-21,FOODS,3057,0
2012-11-21,HOBBIES,243,0
2012-11-21,HOUSEHOLD,543,0
2012-11-22,FOODS,1673,0
2012-11-22,HOBBIES,97,0
2012-11-22,HOUSEHOLD,284,0
2012-11-23,FOODS,1725,0
2012-11-23,HOBBIES,204,0
2012-11-23,HOUSEHOLD,440,0
2012-11-24,FOODS,2171,0
2012-11-24,HOBBIES,259,0
2012-11-24,HOUSEHOLD,534,0
2012-11-25,FOODS,2579,0
2012-11-25,HOBBIES,317,0
2012-11-25,HOUSEHOLD,743,0
2012-11-26,FOODS,2136,0
2012-11-26,HOBBIES,315,0
2012-11-26,HOUSEHOLD,480,0
2012-11-27,FOODS,1938,0
2012-11-27,HOBBIES,232,0
2012-11-27,HOUSEHOLD,487,0
2012-11-28,FOODS,1815,0
2012-11-28,HOBBIES,248,0
2012-11-28,HOUSEHOLD,393,0
2012-11-29,FOODS,1658,0
2012-11-29,HOBBIES,181,0
2012-11-29,HOUSEHOLD,438,0
2012-11-30,FOODS,2242,0
2012-11-30,HOBBIES,228,0
2012-11-30,HOUSEHOLD,609,0
2012-12-01,FOODS,3720,1
2012-12-01,HOBBIES,433,1
2012-12-01,HOUSEHOLD,932,1
2012-12-02,FOODS,3097,1
2012-12-02,HOBBIES,308,1
2012-12-02,HOUSEHOLD,692,1
2012-12-03,FOODS,2847,1
2012-12-03,HOBBIES,333,1
2012-12-03,HOUSEHOLD,624,1
2012-12-04,FOODS,2189,1
2012-12-04,HOBBIES,282,1
2012-12-04,HOUSEHOLD,512,1
2012-12-05,FOODS,2188,1
2012-12-05,HOBBIES,204,1
2012-12-05,HOUSEHOLD,442,1
2012-12-06,FOODS,2372,1
2012-12-06,HOBBIES,281,1
2012-12-06,HOUSEHOLD,488,1
2012-12-07,FOODS,2879,1
2012-12-07,HOBBIES,281,1
2012-12-07,HOUSEHOLD,602,1
2012-12-08,FOODS,3678,1
2012-12-08,HOBBIES,412,1
2012-12-08,HOUSEHOLD,759,1
2012-12-09,FOODS,3622,1
2012-12-09,HOBBIES,303,1
2012-12-09,HOUSEHOLD,777,1
2012-12-10,FOODS,2869,1
2012-12-10,HOBBIES,277,1
2012-12-10,HOUSEHOLD,536,1
2012-12-11,FOODS,2275,0
2012-12-11,HOBBIES,237,0
2012-12-11,HOUSEHOLD,492,0
2012-12-12,FOODS,2169,0
2012-12-12,HOBBIES,282,0
2012-12-12,HOUSEHOLD,405,0
2012-12-13,FOODS,2100,0
2012-12-13,HOBBIES,252,0
2012-12-13,HOUSEHOLD,504,0
2012-12-14,FOODS,2614,0
2012-12-14,HOBBIES,262,0
2012-12-14,HOUSEHOLD,591,0
2012-12-15,FOODS,3305,0
2012-12-15,HOBBIES,408,0
2012-12-15,HOUSEHOLD,762,0
2012-12-16,FOODS,3269,0
2012-12-16,HOBBIES,379,0
2012-12-16,HOUSEHOLD,894,0
2012-12-17,FOODS,2378,0
2012-12-17,HOBBIES,260,0
2012-12-17,HOUSEHOLD,550,0
2012-12-18,FOODS,2397,0
2012-12-18,HOBBIES,332,0
2012-12-18,HOUSEHOLD,548,0
2012-12-19,FOODS,2212,0
2012-12-19,HOBBIES,255,0
2012-12-19,HOUSEHOLD,501,0
2012-12-20,FOODS,2529,0
2012-12-20,HOBBIES,243,0
2012-12-20,HOUSEHOLD,494,0
2012-12-21,FOODS,2824,0
2012-12-21,HOBBIES,376,0
2012-12-21,HOUSEHOLD,548,0
2012-12-22,FOODS,3524,0
2012-12-22,HOBBIES,382,0
2012-12-22,HOUSEHOLD,622,0
2012-12-23,FOODS,3309,0
2012-12-23,HOBBIES,271,0
2012-12-23,HOUSEHOLD,591,0
2012-12-24,FOODS,2731,0
2012-12-24,HOBBIES,198,0
2012-12-24,HOUSEHOLD,441,0
2012-12-25,FOODS,0,0
2012-12-25,HOBBIES,0,0
2012-12-25,HOUSEHOLD,0,0
2012-12-26,FOODS,2045,0
2012-12-26,HOBBIES,247,0
2012-12-26,HOUSEHOLD,570,0
2012-12-27,FOODS,2079,0
2012-12-27,HOBBIES,232,0
2012-12-27,HOUSEHOLD,662,0
2012-12-28,FOODS,2415,0
2012-12-28,HOBBIES,283,0
2012-12-28,HOUSEHOLD,680,0
2012-12-29,FOODS,2781,0
2012-12-29,HOBBIES,329,0
2012-12-29,HOUSEHOLD,868,0
2012-12-30,FOODS,3111,0
2012-12-30,HOBBIES,358,0
2012-12-30,HOUSEHOLD,895,0
2012-12-31,FOODS,2974,0
2012-12-31,HOBBIES,266,0
2012-12-31,HOUSEHOLD,549,0
2013-01-01,FOODS,1888,1
2013-01-01,HOBBIES,146,1
2013-01-01,HOUSEHOLD,518,1
2013-01-02,FOODS,2508,1
2013-01-02,HOBBIES,272,1
2013-01-02,HOUSEHOLD,752,1
2013-01-03,FOODS,2813,1
2013-01-03,HOBBIES,288,1
2013-01-03,HOUSEHOLD,856,1
2013-01-04,FOODS,2962,1
2013-01-04,HOBBIES,319,1
2013-01-04,HOUSEHOLD,853,1
2013-01-05,FOODS,3320,1
2013-01-05,HOBBIES,364,1
2013-01-05,HOUSEHOLD,989,1
2013-01-06,FOODS,3557,1
2013-01-06,HOBBIES,315,1
2013-01-06,HOUSEHOLD,983,1
2013-01-07,FOODS,2847,1
2013-01-07,HOBBIES,197,1
2013-01-07,HOUSEHOLD,694,1
2013-01-08,FOODS,2449,1
2013-01-08,HOBBIES,240,1
2013-01-08,HOUSEHOLD,590,1
2013-01-09,FOODS,2118,1
2013-01-09,HOBBIES,251,1
2013-01-09,HOUSEHOLD,411,1
2013-01-10,FOODS,2543,1
2013-01-10,HOBBIES,318,1
2013-01-10,HOUSEHOLD,447,1
2013-01-11,FOODS,2837,0
2013-01-11,HOBBIES,373,0
2013-01-11,HOUSEHOLD,597,0
2013-01-12,FOODS,3694,0
2013-01-12,HOBBIES,349,0
2013-01-12,HOUSEHOLD,738,0
2013-01-13,FOODS,3351,0
2013-01-13,HOBBIES,329,0
2013-01-13,HOUSEHOLD,785,0
2013-01-14,FOODS,2295,0
2013-01-14,HOBBIES,228,0
2013-01-14,HOUSEHOLD,525,0
2013-01-15,FOODS,2194,0
2013-01-15,HOBBIES,249,0
2013-01-15,HOUSEHOLD,448,0
2013-01-16,FOODS,1992,0
2013-01-16,HOBBIES,260,0
2013-01-16,HOUSEHOLD,479,0
2013-01-17,FOODS,2150,0
2013-01-17,HOBBIES,242,0
2013-01-17,HOUSEHOLD,499,0
2013-01-18,FOODS,2619,0
2013-01-18,HOBBIES,314,0
2013-01-18,HOUSEHOLD,765,0
2013-01-19,FOODS,3533,0
2013-01-19,HOBBIES,330,0
2013-01-19,HOUSEHOLD,938,0
2013-01-20,FOODS,2966,0
2013-01-20,HOBBIES,357,0
2013-01-20,HOUSEHOLD,761,0
2013-01-21,FOODS,2537,0
2013-01-21,HOBBIES,347,0
2013-01-21,HOUSEHOLD,682,0
2013-01-22,FOODS,1922,0
2013-01-22,HOBBIES,320,0
2013-01-22,HOUSEHOLD,522,0
2013-01-23,FOODS,1807,0
2013-01-23,HOBBIES,340,0
2013-01-23,HOUSEHOLD,505,0
2013-01-24,FOODS,1857,0
2013-01-24,HOBBIES,450,0
2013-01-24,HOUSEHOLD,471,0
2013-01-25,FOODS,2264,0
2013-01-25,HOBBIES,379,0
2013-01-25,HOUSEHOLD,635,0
2013-01-26,FOODS,3307,0
2013-01-26,HOBBIES,576,0
2013-01-26,HOUSEHOLD,859,0
2013-01-27,FOODS,3102,0
2013-01-27,HOBBIES,457,0
2013-01-27,HOUSEHOLD,885,0
2013-01-28,FOODS,2088,0
2013-01-28,HOBBIES,445,0
2013-01-28,HOUSEHOLD,521,0
2013-01-29,FOODS,2012,0
2013-01-29,HOBBIES,418,0
2013-01-29,HOUSEHOLD,439,0
2013-01-30,FOODS,1717,0
2013-01-30,HOBBIES,282,0
2013-01-30,HOUSEHOLD,390,0
2013-01-31,FOODS,2116,0
2013-01-31,HOBBIES,370,0
2013-01-31,HOUSEHOLD,498,0
2013-02-01,FOODS,3039,1
2013-02-01,HOBBIES,815,1
2013-02-01,HOUSEHOLD,672,1
2013-02-02,FOODS,4472,1
2013-02-02,HOBBIES,823,1
2013-02-02,HOUSEHOLD,937,1
2013-02-03,FOODS,3046,1
2013-02-03,HOBBIES,288,1
2013-02-03,HOUSEHOLD,684,1
2013-02-04,FOODS,2214,1
2013-02-04,HOBBIES,297,1
2013-02-04,HOUSEHOLD,581,1
2013-02-05,FOODS,2252,1
2013-02-05,HOBBIES,227,1
2013-02-05,HOUSEHOLD,487,1
2013-02-06,FOODS,2283,1
2013-02-06,HOBBIES,339,1
2013-02-06,HOUSEHOLD,475,1
2013-02-07,FOODS,2442,1
2013-02-07,HOBBIES,281,1
2013-02-07,HOUSEHOLD,571,1
2013-02-08,FOODS,2849,1
2013-02-08,HOBBIES,307,1
2013-02-08,HOUSEHOLD,723,1
2013-02-09,FOODS,3843,1
2013-02-09,HOBBIES,456,1
2013-02-09,HOUSEHOLD,1047,1
2013-02-10,FOODS,3969,1
2013-02-10,HOBBIES,523,1
2013-02-10,HOUSEHOLD,1007,1
2013-02-11,FOODS,2885,0
2013-02-11,HOBBIES,485,0
2013-02-11,HOUSEHOLD,684,0
2013-02-12,FOODS,2165,0
2013-02-12,HOBBIES,484,0
2013-02-12,HOUSEHOLD,593,0
2013-02-13,FOODS,2541,0
2013-02-13,HOBBIES,448,0
2013-02-13,HOUSEHOLD,525,0
2013-02-14,FOODS,2045,0
2013-02-14,HOBBIES,336,0
2013-02-14,HOUSEHOLD,439,0
2013-02-15,FOODS,2765,0
2013-02-15,HOBBIES,614,0
2013-02-15,HOUSEHOLD,742,0
2013-02-16,FOODS,3350,0
2013-02-16,HOBBIES,636,0
2013-02-16,HOUSEHOLD,945,0
2013-02-17,FOODS,3282,0
2013-02-17,HOBBIES,494,0
2013-02-17,HOUSEHOLD,1108,0
2013-02-18,FOODS,2591,0
2013-02-18,HOBBIES,441,0
2013-02-18,HOUSEHOLD,915,0
2013-02-19,FOODS,1989,0
2013-02-19,HOBBIES,369,0
2013-02-19,HOUSEHOLD,509,0
2013-02-20,FOODS,2286,0
2013-02-20,HOBBIES,446,0
2013-02-20,HOUSEHOLD,500,0
2013-02-21,FOODS,2309,0
2013-02-21,HOBBIES,444,0
2013-02-21,HOUSEHOLD,655,0
2013-02-22,FOODS,2790,0
2013-02-22,HOBBIES,540,0
2013-02-22,HOUSEHOLD,768,0
2013-02-23,FOODS,3208,0
2013-02-23,HOBBIES,618,0
2013-02-23,HOUSEHOLD,1009,0
2013-02-24,FOODS,3229,0
2013-02-24,HOBBIES,521,0
2013-02-24,HOUSEHOLD,961,0
2013-02-25,FOODS,2261,0
2013-02-25,HOBBIES,531,0
2013-02-25,HOUSEHOLD,624,0
2013-02-26,FOODS,2026,0
2013-02-26,HOBBIES,336,0
2013-02-26,HOUSEHOLD,488,0
2013-02-27,FOODS,2036,0
2013-02-27,HOBBIES,412,0
2013-02-27,HOUSEHOLD,505,0
2013-02-28,FOODS,2105,0
2013-02-28,HOBBIES,416,0
2013-02-28,HOUSEHOLD,603,0
2013-03-01,FOODS,2699,1
2013-03-01,HOBBIES,573,1
2013-03-01,HOUSEHOLD,819,1
2013-03-02,FOODS,3680,1
2013-03-02,HOBBIES,695,1
2013-03-02,HOUSEHOLD,1093,1
2013-03-03,FOODS,4006,1
2013-03-03,HOBBIES,451,1
2013-03-03,HOUSEHOLD,1063,1
2013-03-04,FOODS,2656,1
2013-03-04,HOBBIES,377,1
2013-03-04,HOUSEHOLD,645,1
2013-03-05,FOODS,2328,1
2013-03-05,HOBBIES,282,1
2013-03-05,HOUSEHOLD,572,1
2013-03-06,FOODS,2456,1
2013-03-06,HOBBIES,224,1
2013-03-06,HOUSEHOLD,508,1
2013-03-07,FOODS,2324,1
2013-03-07,HOBBIES,206,1
2013-03-07,HOUSEHOLD,540,1
2013-03-08,FOODS,2978,1
2013-03-08,HOBBIES,305,1
2013-03-08,HOUSEHOLD,660,1
2013-03-09,FOODS,3621,1
2013-03-09,HOBBIES,466,1
2013-03-09,HOUSEHOLD,911,1
2013-03-10,FOODS,3479,1
2013-03-10,HOBBIES,513,1
2013-03-10,HOUSEHOLD,911,1
2013-03-11,FOODS,2529,0
2013-03-11,HOBBIES,413,0
2013-03-11,HOUSEHOLD,696,0
2013-03-12,FOODS,2149,0
2013-03-12,HOBBIES,326,0
2013-03-12,HOUSEHOLD,610,0
2013-03-13,FOODS,1985,0
2013-03-13,HOBBIES,385,0
2013-03-13,HOUSEHOLD,538,0
2013-03-14,FOODS,2163,0
2013-03-14,HOBBIES,434,0
2013-03-14,HOUSEHOLD,617,0
2013-03-15,FOODS,2758,0
2013-03-15,HOBBIES,509,0
2013-03-15,HOUSEHOLD,691,0
2013-03-16,FOODS,3378,0
2013-03-16,HOBBIES,569,0
2013-03-16,HOUSEHOLD,1027,0
2013-03-17,FOODS,3282,0
2013-03-17,HOBBIES,556,0
2013-03-17,HOUSEHOLD,1051,0
2013-03-18,FOODS,2025,0
2013-03-18,HOBBIES,322,0
2013-03-18,HOUSEHOLD,686,0
2013-03-19,FOODS,1984,0
2013-03-19,HOBBIES,469,0
2013-03-19,HOUSEHOLD,497,0
2013-03-20,FOODS,2234,0
2013-03-20,HOBBIES,389,0
2013-03-20,HOUSEHOLD,592,0
2013-03-21,FOODS,2146,0
2013-03-21,HOBBIES,424,0
2013-03-21,HOUSEHOLD,618,0
2013-03-22,FOODS,2789,0
2013-03-22,HOBBIES,477,0
2013-03-22,HOUSEHOLD,801,0
2013-03-23,FOODS,3228,0
2013-03-23,HOBBIES,576,0
2013-03-23,HOUSEHOLD,920,0
2013-03-24,FOODS,3280,0
2013-03-24,HOBBIES,395,0
2013-03-24,HOUSEHOLD,1118,0
2013-03-25,FOODS,2346,0
2013-03-25,HOBBIES,316,0
2013-03-25,HOUSEHOLD,704,0
2013-03-26,FOODS,2192,0
2013-03-26,HOBBIES,221,0
2013-03-26,HOUSEHOLD,697,0
2013-03-27,FOODS,2083,0
2013-03-27,HOBBIES,266,0
2013-03-27,HOUSEHOLD,624,0
2013-03-28,FOODS,2661,0
2013-03-28,HOBBIES,291,0
2013-03-28,HOUSEHOLD,693,0
2013-03-29,FOODS,3274,0
2013-03-29,HOBBIES,375,0
2013-03-29,HOUSEHOLD,819,0
2013-03-30,FOODS,4414,0
2013-03-30,HOBBIES,465,0
2013-03-30,HOUSEHOLD,1099,0
2013-03-31,FOODS,3191,0
2013-03-31,HOBBIES,343,0
2013-03-31,HOUSEHOLD,745,0
2013-04-01,FOODS,2301,1
2013-04-01,HOBBIES,500,1
2013-04-01,HOUSEHOLD,744,1
2013-04-02,FOODS,2495,1
2013-04-02,HOBBIES,501,1
2013-04-02,HOUSEHOLD,679,1
2013-04-03,FOODS,2596,1
2013-04-03,HOBBIES,545,1
2013-04-03,HOUSEHOLD,783,1
2013-04-04,FOODS,2602,1
2013-04-04,HOBBIES,612,1
2013-04-04,HOUSEHOLD,724,1
2013-04-05,FOODS,2992,1
2013-04-05,HOBBIES,580,1
2013-04-05,HOUSEHOLD,816,1
2013-04-06,FOODS,3672,1
2013-04-06,HOBBIES,658,1
2013-04-06,HOUSEHOLD,1055,1
2013-04-07,FOODS,3852,1
2013-04-07,HOBBIES,569,1
2013-04-07,HOUSEHOLD,1262,1
2013-04-08,FOODS,2620,1
2013-04-08,HOBBIES,409,1
2013-04-08,HOUSEHOLD,872,1
2013-04-09,FOODS,2550,1
2013-04-09,HOBBIES,475,1
2013-04-09,HOUSEHOLD,784,1
2013-04-10,FOODS,2611,1
2013-04-10,HOBBIES,401,1
2013-04-10,HOUSEHOLD,641,1
2013-04-11,FOODS,2513,0
2013-04-11,HOBBIES,382,0
2013-04-11,HOUSEHOLD,746,0
2013-04-12,FOODS,2576,0
2013-04-12,HOBBIES,525,0
2013-04-12,HOUSEHOLD,724,0
2013-04-13,FOODS,3255,0
2013-04-13,HOBBIES,502,0
2013-04-13,HOUSEHOLD,980,0
2013-04-14,FOODS,3214,0
2013-04-14,HOBBIES,685,0
2013-04-14,HOUSEHOLD,1173,0
2013-04-15,FOODS,2310,0
2013-04-15,HOBBIES,346,0
2013-04-15,HOUSEHOLD,772,0
2013-04-16,FOODS,1946,0
2013-04-16,HOBBIES,474,0
2013-04-16,HOUSEHOLD,596,0
2013-04-17,FOODS,2128,0
2013-04-17,HOBBIES,371,0
2013-04-17,HOUSEHOLD,580,0
2013-04-18,FOODS,2013,0
2013-04-18,HOBBIES,438,0
2013-04-18,HOUSEHOLD,600,0
2013-04-19,FOODS,2680,0
2013-04-19,HOBBIES,460,0
2013-04-19,HOUSEHOLD,747,0
2013-04-20,FOODS,3333,0
2013-04-20,HOBBIES,608,0
2013-04-20,HOUSEHOLD,982,0
2013-04-21,FOODS,3406,0
2013-04-21,HOBBIES,552,0
2013-04-21,HOUSEHOLD,1073,0
2013-04-22,FOODS,2417,0
2013-04-22,HOBBIES,488,0
2013-04-22,HOUSEHOLD,720,0
2013-04-23,FOODS,1956,0
2013-04-23,HOBBIES,512,0
2013-04-23,HOUSEHOLD,569,0
2013-04-24,FOODS,2115,0
2013-04-24,HOBBIES,348,0
2013-04-24,HOUSEHOLD,610,0
2013-04-25,FOODS,2126,0
2013-04-25,HOBBIES,442,0
2013-04-25,HOUSEHOLD,626,0
2013-04-26,FOODS,2506,0
2013-04-26,HOBBIES,559,0
2013-04-26,HOUSEHOLD,778,0
2013-04-27,FOODS,3073,0
2013-04-27,HOBBIES,666,0
2013-04-27,HOUSEHOLD,926,0
2013-04-28,FOODS,3319,0
2013-04-28,HOBBIES,367,0
2013-04-28,HOUSEHOLD,1037,0
2013-04-29,FOODS,2472,0
2013-04-29,HOBBIES,223,0
2013-04-29,HOUSEHOLD,643,0
2013-04-30,FOODS,2284,0
2013-04-30,HOBBIES,341,0
2013-04-30,HOUSEHOLD,651,0
2013-05-01,FOODS,2351,1
2013-05-01,HOBBIES,361,1
2013-05-01,HOUSEHOLD,744,1
2013-05-02,FOODS,2618,1
2013-05-02,HOBBIES,288,1
2013-05-02,HOUSEHOLD,698,1
2013-05-03,FOODS,3287,1
2013-05-03,HOBBIES,298,1
2013-05-03,HOUSEHOLD,870,1
2013-05-04,FOODS,3831,1
2013-05-04,HOBBIES,368,1
2013-05-04,HOUSEHOLD,1026,1
2013-05-05,FOODS,3792,1
2013-05-05,HOBBIES,474,1
2013-05-05,HOUSEHOLD,1238,1
2013-05-06,FOODS,3075,1
2013-05-06,HOBBIES,351,1
2013-05-06,HOUSEHOLD,831,1
2013-05-07,FOODS,2636,1
2013-05-07,HOBBIES,341,1
2013-05-07,HOUSEHOLD,668,1
2013-05-08,FOODS,2426,1
2013-05-08,HOBBIES,405,1
2013-05-08,HOUSEHOLD,711,1
2013-05-09,FOODS,2629,1
2013-05-09,HOBBIES,373,1
2013-05-09,HOUSEHOLD,631,1
2013-05-10,FOODS,3017,1
2013-05-10,HOBBIES,503,1
2013-05-10,HOUSEHOLD,772,1
2013-05-11,FOODS,4200,0
2013-05-11,HOBBIES,731,0
2013-05-11,HOUSEHOLD,1110,0
2013-05-12,FOODS,3265,0
2013-05-12,HOBBIES,357,0
2013-05-12,HOUSEHOLD,864,0
2013-05-13,FOODS,2591,0
2013-05-13,HOBBIES,366,0
2013-05-13,HOUSEHOLD,834,0
2013-05-14,FOODS,2359,0
2013-05-14,HOBBIES,428,0
2013-05-14,HOUSEHOLD,777,0
2013-05-15,FOODS,2360,0
2013-05-15,HOBBIES,415,0
2013-05-15,HOUSEHOLD,717,0
2013-05-16,FOODS,2549,0
2013-05-16,HOBBIES,401,0
2013-05-16,HOUSEHOLD,751,0
2013-05-17,FOODS,2835,0
2013-05-17,HOBBIES,482,0
2013-05-17,HOUSEHOLD,809,0
2013-05-18,FOODS,3162,0
2013-05-18,HOBBIES,565,0
2013-05-18,HOUSEHOLD,1019,0
2013-05-19,FOODS,3774,0
2013-05-19,HOBBIES,531,0
2013-05-19,HOUSEHOLD,1165,0
2013-05-20,FOODS,2657,0
2013-05-20,HOBBIES,575,0
2013-05-20,HOUSEHOLD,831,0
2013-05-21,FOODS,2451,0
2013-05-21,HOBBIES,462,0
2013-05-21,HOUSEHOLD,713,0
2013-05-22,FOODS,2269,0
2013-05-22,HOBBIES,524,0
2013-05-22,HOUSEHOLD,680,0
2013-05-23,FOODS,2466,0
2013-05-23,HOBBIES,431,0
2013-05-23,HOUSEHOLD,683,0
2013-05-24,FOODS,3010,0
2013-05-24,HOBBIES,534,0
2013-05-24,HOUSEHOLD,846,0
2013-05-25,FOODS,3182,0
2013-05-25,HOBBIES,610,0
2013-05-25,HOUSEHOLD,974,0
2013-05-26,FOODS,2976,0
2013-05-26,HOBBIES,537,0
2013-05-26,HOUSEHOLD,903,0
2013-05-27,FOODS,2985,0
2013-05-27,HOBBIES,481,0
2013-05-27,HOUSEHOLD,924,0
2013-05-28,FOODS,2300,0
2013-05-28,HOBBIES,507,0
2013-05-28,HOUSEHOLD,768,0
2013-05-29,FOODS,2110,0
2013-05-29,HOBBIES,344,0
2013-05-29,HOUSEHOLD,650,0
2013-05-30,FOODS,2321,0
2013-05-30,HOBBIES,438,0
2013-05-30,HOUSEHOLD,680,0
2013-05-31,FOODS,3095,0
2013-05-31,HOBBIES,470,0
2013-05-31,HOUSEHOLD,828,0
2013-06-01,FOODS,3856,1
2013-06-01,HOBBIES,657,1
2013-06-01,HOUSEHOLD,1141,1
2013-06-02,FOODS,3982,1
2013-06-02,HOBBIES,705,1
2013-06-02,HOUSEHOLD,1300,1
2013-06-03,FOODS,2966,1
2013-06-03,HOBBIES,656,1
2013-06-03,HOUSEHOLD,980,1
2013-06-04,FOODS,2694,1
2013-06-04,HOBBIES,388,1
2013-06-04,HOUSEHOLD,775,1
2013-06-05,FOODS,2842,1
2013-06-05,HOBBIES,623,1
2013-06-05,HOUSEHOLD,709,1
2013-06-06,FOODS,2120,1
2013-06-06,HOBBIES,396,1
2013-06-06,HOUSEHOLD,532,1
2013-06-07,FOODS,3358,1
2013-06-07,HOBBIES,587,1
2013-06-07,HOUSEHOLD,838,1
2013-06-08,FOODS,4011,1
2013-06-08,HOBBIES,581,1
2013-06-08,HOUSEHOLD,1122,1
2013-06-09,FOODS,4186,1
2013-06-09,HOBBIES,670,1
2013-06-09,HOUSEHOLD,1235,1
2013-06-10,FOODS,3336,1
2013-06-10,HOBBIES,516,1
2013-06-10,HOUSEHOLD,820,1
2013-06-11,FOODS,2612,0
2013-06-11,HOBBIES,463,0
2013-06-11,HOUSEHOLD,784,0
2013-06-12,FOODS,2649,0
2013-06-12,HOBBIES,489,0
2013-06-12,HOUSEHOLD,627,0
2013-06-13,FOODS,2738,0
2013-06-13,HOBBIES,470,0
2013-06-13,HOUSEHOLD,702,0
2013-06-14,FOODS,3523,0
2013-06-14,HOBBIES,458,0
2013-06-14,HOUSEHOLD,801,0
2013-06-15,FOODS,3936,0
2013-06-15,HOBBIES,603,0
2013-06-15,HOUSEHOLD,987,0
2013-06-16,FOODS,3373,0
2013-06-16,HOBBIES,461,0
2013-06-16,HOUSEHOLD,884,0
2013-06-17,FOODS,2624,0
2013-06-17,HOBBIES,504,0
2013-06-17,HOUSEHOLD,688,0
2013-06-18,FOODS,2530,0
2013-06-18,HOBBIES,495,0
2013-06-18,HOUSEHOLD,747,0
2013-06-19,FOODS,2246,0
2013-06-19,HOBBIES,379,0
2013-06-19,HOUSEHOLD,725,0
2013-06-20,FOODS,2567,0
2013-06-20,HOBBIES,434,0
2013-06-20,HOUSEHOLD,769,0
2013-06-21,FOODS,3308,0
2013-06-21,HOBBIES,629,0
2013-06-21,HOUSEHOLD,933,0
2013-06-22,FOODS,3766,0
2013-06-22,HOBBIES,495,0
2013-06-22,HOUSEHOLD,952,0
2013-06-23,FOODS,3790,0
2013-06-23,HOBBIES,571,0
2013-06-23,HOUSEHOLD,1144,0
2013-06-24,FOODS,2659,0
2013-06-24,HOBBIES,499,0
2013-06-24,HOUSEHOLD,827,0
2013-06-25,FOODS,2298,0
2013-06-25,HOBBIES,558,0
2013-06-25,HOUSEHOLD,785,0
2013-06-26,FOODS,2637,0
2013-06-26,HOBBIES,408,0
2013-06-26,HOUSEHOLD,674,0
2013-06-27,FOODS,2610,0
2013-06-27,HOBBIES,367,0
2013-06-27,HOUSEHOLD,658,0
2013-06-28,FOODS,3651,0
2013-06-28,HOBBIES,432,0
2013-06-28,HOUSEHOLD,812,0
2013-06-29,FOODS,4075,0
2013-06-29,HOBBIES,399,0
2013-06-29,HOUSEHOLD,1011,0
2013-06-30,FOODS,4077,0
2013-06-30,HOBBIES,575,0
2013-06-30,HOUSEHOLD,1130,0
2013-07-01,FOODS,3672,1
2013-07-01,HOBBIES,516,1
2013-07-01,HOUSEHOLD,864,1
2013-07-02,FOODS,3559,1
2013-07-02,HOBBIES,366,1
2013-07-02,HOUSEHOLD,820,1
2013-07-03,FOODS,3874,1
2013-07-03,HOBBIES,565,1
2013-07-03,HOUSEHOLD,856,1
2013-07-04,FOODS,3504,1
2013-07-04,HOBBIES,455,1
2013-07-04,HOUSEHOLD,648,1
2013-07-05,FOODS,3799,1
2013-07-05,HOBBIES,476,1
2013-07-05,HOUSEHOLD,829,1
2013-07-06,FOODS,3445,1
2013-07-06,HOBBIES,484,1
2013-07-06,HOUSEHOLD,924,1
2013-07-07,FOODS,4336,1
2013-07-07,HOBBIES,554,1
2013-07-07,HOUSEHOLD,1175,1
2013-07-08,FOODS,3254,1
2013-07-08,HOBBIES,386,1
2013-07-08,HOUSEHOLD,790,1
2013-07-09,FOODS,3081,1
2013-07-09,HOBBIES,350,1
2013-07-09,HOUSEHOLD,745,1
2013-07-10,FOODS,3125,1
2013-07-10,HOBBIES,330,1
2013-07-10,HOUSEHOLD,728,1
2013-07-11,FOODS,2888,0
2013-07-11,HOBBIES,395,0
2013-07-11,HOUSEHOLD,693,0
2013-07-12,FOODS,3376,0
2013-07-12,HOBBIES,543,0
2013-07-12,HOUSEHOLD,991,0
2013-07-13,FOODS,3725,0
2013-07-13,HOBBIES,510,0
2013-07-13,HOUSEHOLD,1040,0
2013-07-14,FOODS,4179,0
2013-07-14,HOBBIES,694,0
2013-07-14,HOUSEHOLD,1164,0
2013-07-15,FOODS,2888,0
2013-07-15,HOBBIES,409,0
2013-07-15,HOUSEHOLD,819,0
2013-07-16,FOODS,2719,0
2013-07-16,HOBBIES,438,0
2013-07-16,HOUSEHOLD,694,0
2013-07-17,FOODS,2728,0
2013-07-17,HOBBIES,364,0
2013-07-17,HOUSEHOLD,672,0
2013-07-18,FOODS,2828,0
2013-07-18,HOBBIES,329,0
2013-07-18,HOUSEHOLD,735,0
2013-07-19,FOODS,3203,0
2013-07-19,HOBBIES,531,0
2013-07-19,HOUSEHOLD,940,0
2013-07-20,FOODS,3799,0
2013-07-20,HOBBIES,636,0
2013-07-20,HOUSEHOLD,1103,0
2013-07-21,FOODS,3908,0
2013-07-21,HOBBIES,754,0
2013-07-21,HOUSEHOLD,1251,0
2013-07-22,FOODS,2777,0
2013-07-22,HOBBIES,349,0
2013-07-22,HOUSEHOLD,812,0
2013-07-23,FOODS,2714,0
2013-07-23,HOBBIES,444,0
2013-07-23,HOUSEHOLD,727,0
2013-07-24,FOODS,2661,0
2013-07-24,HOBBIES,335,0
2013-07-24,HOUSEHOLD,697,0
2013-07-25,FOODS,2598,0
2013-07-25,HOBBIES,405,0
2013-07-25,HOUSEHOLD,745,0
2013-07-26,FOODS,2925,0
2013-07-26,HOBBIES,458,0
2013-07-26,HOUSEHOLD,865,0
2013-07-27,FOODS,3239,0
2013-07-27,HOBBIES,488,0
2013-07-27,HOUSEHOLD,981,0
2013-07-28,FOODS,3786,0
2013-07-28,HOBBIES,453,0
2013-07-28,HOUSEHOLD,1052,0
2013-07-29,FOODS,2743,0
2013-07-29,HOBBIES,531,0
2013-07-29,HOUSEHOLD,734,0
2013-07-30,FOODS,2660,0
2013-07-30,HOBBIES,361,0
2013-07-30,HOUSEHOLD,681,0
2013-07-31,FOODS,2504,0
2013-07-31,HOBBIES,433,0
2013-07-31,HOUSEHOLD,674,0
2013-08-01,FOODS,3135,1
2013-08-01,HOBBIES,501,1
2013-08-01,HOUSEHOLD,746,1
2013-08-02,FOODS,3769,1
2013-08-02,HOBBIES,662,1
2013-08-02,HOUSEHOLD,883,1
2013-08-03,FOODS,4222,1
2013-08-03,HOBBIES,554,1
2013-08-03,HOUSEHOLD,1112,1
2013-08-04,FOODS,3836,1
2013-08-04,HOBBIES,545,1
2013-08-04,HOUSEHOLD,1160,1
2013-08-05,FOODS,3378,1
2013-08-05,HOBBIES,493,1
2013-08-05,HOUSEHOLD,855,1
2013-08-06,FOODS,2980,1
2013-08-06,HOBBIES,466,1
2013-08-06,HOUSEHOLD,707,1
2013-08-07,FOODS,3263,1
2013-08-07,HOBBIES,470,1
2013-08-07,HOUSEHOLD,627,1
2013-08-08,FOODS,3124,1
2013-08-08,HOBBIES,404,1
2013-08-08,HOUSEHOLD,721,1
2013-08-09,FOODS,3514,1
2013-08-09,HOBBIES,455,1
2013-08-09,HOUSEHOLD,820,1
2013-08-10,FOODS,4744,1
2013-08-10,HOBBIES,493,1
2013-08-10,HOUSEHOLD,1071,1
2013-08-11,FOODS,4688,0
2013-08-11,HOBBIES,541,0
2013-08-11,HOUSEHOLD,1047,0
2013-08-12,FOODS,3392,0
2013-08-12,HOBBIES,462,0
2013-08-12,HOUSEHOLD,707,0
2013-08-13,FOODS,2785,0
2013-08-13,HOBBIES,355,0
2013-08-13,HOUSEHOLD,635,0
2013-08-14,FOODS,2721,0
2013-08-14,HOBBIES,427,0
2013-08-14,HOUSEHOLD,614,0
2013-08-15,FOODS,3115,0
2013-08-15,HOBBIES,360,0
2013-08-15,HOUSEHOLD,643,0
2013-08-16,FOODS,3552,0
2013-08-16,HOBBIES,491,0
2013-08-16,HOUSEHOLD,778,0
2013-08-17,FOODS,4105,0
2013-08-17,HOBBIES,508,0
2013-08-17,HOUSEHOLD,990,0
2013-08-18,FOODS,4212,0
2013-08-18,HOBBIES,507,0
2013-08-18,HOUSEHOLD,972,0
2013-08-19,FOODS,3063,0
2013-08-19,HOBBIES,438,0
2013-08-19,HOUSEHOLD,714,0
2013-08-20,FOODS,2554,0
2013-08-20,HOBBIES,290,0
2013-08-20,HOUSEHOLD,695,0
2013-08-21,FOODS,3010,0
2013-08-21,HOBBIES,492,0
2013-08-21,HOUSEHOLD,757,0
2013-08-22,FOODS,2652,0
2013-08-22,HOBBIES,464,0
2013-08-22,HOUSEHOLD,724,0
2013-08-23,FOODS,3058,0
2013-08-23,HOBBIES,465,0
2013-08-23,HOUSEHOLD,793,0
2013-08-24,FOODS,4016,0
2013-08-24,HOBBIES,454,0
2013-08-24,HOUSEHOLD,1126,0
2013-08-25,FOODS,5016,0
2013-08-25,HOBBIES,651,0
2013-08-25,HOUSEHOLD,1281,0
2013-08-26,FOODS,2784,0
2013-08-26,HOBBIES,365,0
2013-08-26,HOUSEHOLD,734,0
2013-08-27,FOODS,2497,0
2013-08-27,HOBBIES,428,0
2013-08-27,HOUSEHOLD,605,0
2013-08-28,FOODS,2437,0
2013-08-28,HOBBIES,383,0
2013-08-28,HOUSEHOLD,670,0
2013-08-29,FOODS,2547,0
2013-08-29,HOBBIES,396,0
2013-08-29,HOUSEHOLD,657,0
2013-08-30,FOODS,3701,0
2013-08-30,HOBBIES,547,0
2013-08-30,HOUSEHOLD,950,0
2013-08-31,FOODS,4767,0
2013-08-31,HOBBIES,682,0
2013-08-31,HOUSEHOLD,1095,0
2013-09-01,FOODS,4585,1
2013-09-01,HOBBIES,359,1
2013-09-01,HOUSEHOLD,1109,1
2013-09-02,FOODS,4427,1
2013-09-02,HOBBIES,294,1
2013-09-02,HOUSEHOLD,1117,1
2013-09-03,FOODS,3216,1
2013-09-03,HOBBIES,271,1
2013-09-03,HOUSEHOLD,837,1
2013-09-04,FOODS,2923,1
2013-09-04,HOBBIES,225,1
2013-09-04,HOUSEHOLD,657,1
2013-09-05,FOODS,2958,1
2013-09-05,HOBBIES,224,1
2013-09-05,HOUSEHOLD,644,1
2013-09-06,FOODS,3559,1
2013-09-06,HOBBIES,284,1
2013-09-06,HOUSEHOLD,775,1
2013-09-07,FOODS,4486,1
2013-09-07,HOBBIES,372,1
2013-09-07,HOUSEHOLD,898,1
2013-09-08,FOODS,5015,1
2013-09-08,HOBBIES,513,1
2013-09-08,HOUSEHOLD,1175,1
2013-09-09,FOODS,3458,1
2013-09-09,HOBBIES,447,1
2013-09-09,HOUSEHOLD,748,1
2013-09-10,FOODS,3013,1
2013-09-10,HOBBIES,487,1
2013-09-10,HOUSEHOLD,669,1
2013-09-11,FOODS,2710,0
2013-09-11,HOBBIES,350,0
2013-09-11,HOUSEHOLD,635,0
2013-09-12,FOODS,2656,0
2013-09-12,HOBBIES,465,0
2013-09-12,HOUSEHOLD,649,0
2013-09-13,FOODS,3295,0
2013-09-13,HOBBIES,525,0
2013-09-13,HOUSEHOLD,748,0
2013-09-14,FOODS,4044,0
2013-09-14,HOBBIES,567,0
2013-09-14,HOUSEHOLD,1016,0
2013-09-15,FOODS,4040,0
2013-09-15,HOBBIES,588,0
2013-09-15,HOUSEHOLD,1184,0
2013-09-16,FOODS,2974,0
2013-09-16,HOBBIES,438,0
2013-09-16,HOUSEHOLD,752,0
2013-09-17,FOODS,2776,0
2013-09-17,HOBBIES,470,0
2013-09-17,HOUSEHOLD,619,0
2013-09-18,FOODS,2565,0
2013-09-18,HOBBIES,349,0
2013-09-18,HOUSEHOLD,633,0
2013-09-19,FOODS,2555,0
2013-09-19,HOBBIES,439,0
2013-09-19,HOUSEHOLD,627,0
2013-09-20,FOODS,3253,0
2013-09-20,HOBBIES,473,0
2013-09-20,HOUSEHOLD,905,0
2013-09-21,FOODS,4172,0
2013-09-21,HOBBIES,563,0
2013-09-21,HOUSEHOLD,1140,0
2013-09-22,FOODS,4532,0
2013-09-22,HOBBIES,514,0
2013-09-22,HOUSEHOLD,1168,0
2013-09-23,FOODS,2861,0
2013-09-23,HOBBIES,458,0
2013-09-23,HOUSEHOLD,630,0
2013-09-24,FOODS,2662,0
2013-09-24,HOBBIES,420,0
2013-09-24,HOUSEHOLD,683,0
2013-09-25,FOODS,2178,0
2013-09-25,HOBBIES,444,0
2013-09-25,HOUSEHOLD,613,0
2013-09-26,FOODS,2449,0
2013-09-26,HOBBIES,444,0
2013-09-26,HOUSEHOLD,580,0
2013-09-27,FOODS,2865,0
2013-09-27,HOBBIES,566,0
2013-09-27,HOUSEHOLD,668,0
2013-09-28,FOODS,4007,0
2013-09-28,HOBBIES,544,0
2013-09-28,HOUSEHOLD,1114,0
2013-09-29,FOODS,4518,0
2013-09-29,HOBBIES,553,0
2013-09-29,HOUSEHOLD,1123,0
2013-09-30,FOODS,2952,0
2013-09-30,HOBBIES,539,0
2013-09-30,HOUSEHOLD,726,0
2013-10-01,FOODS,3020,1
2013-10-01,HOBBIES,627,1
2013-10-01,HOUSEHOLD,807,1
2013-10-02,FOODS,2370,1
2013-10-02,HOBBIES,424,1
2013-10-02,HOUSEHOLD,722,1
2013-10-03,FOODS,2693,1
2013-10-03,HOBBIES,654,1
2013-10-03,HOUSEHOLD,715,1
2013-10-04,FOODS,3288,1
2013-10-04,HOBBIES,611,1
2013-10-04,HOUSEHOLD,836,1
2013-10-05,FOODS,4061,1
2013-10-05,HOBBIES,631,1
2013-10-05,HOUSEHOLD,1045,1
2013-10-06,FOODS,4256,1
2013-10-06,HOBBIES,437,1
2013-10-06,HOUSEHOLD,1184,1
2013-10-07,FOODS,3317,1
2013-10-07,HOBBIES,416,1
2013-10-07,HOUSEHOLD,849,1
2013-10-08,FOODS,3072,1
2013-10-08,HOBBIES,400,1
2013-10-08,HOUSEHOLD,638,1
2013-10-09,FOODS,2859,1
2013-10-09,HOBBIES,528,1
2013-10-09,HOUSEHOLD,607,1
2013-10-10,FOODS,3002,1
2013-10-10,HOBBIES,526,1
2013-10-10,HOUSEHOLD,614,1
2013-10-11,FOODS,3184,0
2013-10-11,HOBBIES,491,0
2013-10-11,HOUSEHOLD,721,0
2013-10-12,FOODS,3665,0
2013-10-12,HOBBIES,609,0
2013-10-12,HOUSEHOLD,1056,0
2013-10-13,FOODS,4053,0
2013-10-13,HOBBIES,585,0
2013-10-13,HOUSEHOLD,1129,0
2013-10-14,FOODS,2899,0
2013-10-14,HOBBIES,535,0
2013-10-14,HOUSEHOLD,739,0
2013-10-15,FOODS,2311,0
2013-10-15,HOBBIES,376,0
2013-10-15,HOUSEHOLD,589,0
2013-10-16,FOODS,2357,0
2013-10-16,HOBBIES,421,0
2013-10-16,HOUSEHOLD,605,0
2013-10-17,FOODS,2425,0
2013-10-17,HOBBIES,378,0
2013-10-17,HOUSEHOLD,603,0
2013-10-18,FOODS,2899,0
2013-10-18,HOBBIES,585,0
2013-10-18,HOUSEHOLD,797,0
2013-10-19,FOODS,3676,0
2013-10-19,HOBBIES,514,0
2013-10-19,HOUSEHOLD,957,0
2013-10-20,FOODS,4015,0
2013-10-20,HOBBIES,744,0
2013-10-20,HOUSEHOLD,1155,0
2013-10-21,FOODS,2620,0
2013-10-21,HOBBIES,315,0
2013-10-21,HOUSEHOLD,807,0
2013-10-22,FOODS,2359,0
2013-10-22,HOBBIES,388,0
2013-10-22,HOUSEHOLD,602,0
2013-10-23,FOODS,2274,0
2013-10-23,HOBBIES,510,0
2013-10-23,HOUSEHOLD,579,0
2013-10-24,FOODS,2126,0
2013-10-24,HOBBIES,342,0
2013-10-24,HOUSEHOLD,604,0
2013-10-25,FOODS,2827,0
2013-10-25,HOBBIES,461,0
2013-10-25,HOUSEHOLD,667,0
2013-10-26,FOODS,3716,0
2013-10-26,HOBBIES,658,0
2013-10-26,HOUSEHOLD,979,0
2013-10-27,FOODS,3855,0
2013-10-27,HOBBIES,579,0
2013-10-27,HOUSEHOLD,1037,0
2013-10-28,FOODS,2730,0
2013-10-28,HOBBIES,459,0
2013-10-28,HOUSEHOLD,754,0
2013-10-29,FOODS,2386,0
2013-10-29,HOBBIES,420,0
2013-10-29,HOUSEHOLD,603,0
2013-10-30,FOODS,2493,0
2013-10-30,HOBBIES,599,0
2013-10-30,HOUSEHOLD,656,0
2013-10-31,FOODS,2134,0
2013-10-31,HOBBIES,368,0
2013-10-31,HOUSEHOLD,480,0
2013-11-01,FOODS,3120,1
2013-11-01,HOBBIES,501,1
2013-11-01,HOUSEHOLD,853,1
2013-11-02,FOODS,3665,1
2013-11-02,HOBBIES,619,1
2013-11-02,HOUSEHOLD,1141,1
2013-11-03,FOODS,4408,1
2013-11-03,HOBBIES,601,1
2013-11-03,HOUSEHOLD,1171,1
2013-11-04,FOODS,2863,1
2013-11-04,HOBBIES,433,1
2013-11-04,HOUSEHOLD,765,1
2013-11-05,FOODS,2665,1
2013-11-05,HOBBIES,559,1
2013-11-05,HOUSEHOLD,611,1
2013-11-06,FOODS,2543,1
2013-11-06,HOBBIES,405,1
2013-11-06,HOUSEHOLD,608,1
2013-11-07,FOODS,2497,1
2013-11-07,HOBBIES,414,1
2013-11-07,HOUSEHOLD,589,1
2013-11-08,FOODS,2955,1
2013-11-08,HOBBIES,479,1
2013-11-08,HOUSEHOLD,692,1
2013-11-09,FOODS,3648,1
2013-11-09,HOBBIES,699,1
2013-11-09,HOUSEHOLD,941,1
2013-11-10,FOODS,4145,1
2013-11-10,HOBBIES,592,1
2013-11-10,HOUSEHOLD,1075,1
2013-11-11,FOODS,3067,0
2013-11-11,HOBBIES,510,0
2013-11-11,HOUSEHOLD,793,0
2013-11-12,FOODS,2215,0
2013-11-12,HOBBIES,437,0
2013-11-12,HOUSEHOLD,579,0
2013-11-13,FOODS,2124,0
2013-11-13,HOBBIES,401,0
2013-11-13,HOUSEHOLD,563,0
2013-11-14,FOODS,2309,0
2013-11-14,HOBBIES,374,0
2013-11-14,HOUSEHOLD,554,0
2013-11-15,FOODS,2589,0
2013-11-15,HOBBIES,703,0
2013-11-15,HOUSEHOLD,655,0
2013-11-16,FOODS,3701,0
2013-11-16,HOBBIES,690,0
2013-11-16,HOUSEHOLD,1111,0
2013-11-17,FOODS,3781,0
2013-11-17,HOBBIES,554,0
2013-11-17,HOUSEHOLD,1095,0
2013-11-18,FOODS,2550,0
2013-11-18,HOBBIES,532,0
2013-11-18,HOUSEHOLD,659,0
2013-11-19,FOODS,2242,0
2013-11-19,HOBBIES,432,0
2013-11-19,HOUSEHOLD,551,0
2013-11-20,FOODS,2130,0
2013-11-20,HOBBIES,387,0
2013-11-20,HOUSEHOLD,583,0
2013-11-21,FOODS,2260,0
2013-11-21,HOBBIES,381,0
2013-11-21,HOUSEHOLD,539,0
2013-11-22,FOODS,2597,0
2013-11-22,HOBBIES,582,0
2013-11-22,HOUSEHOLD,742,0
2013-11-23,FOODS,3645,0
2013-11-23,HOBBIES,691,0
2013-11-23,HOUSEHOLD,998,0
2013-11-24,FOODS,3680,0
2013-11-24,HOBBIES,568,0
2013-11-24,HOUSEHOLD,1040,0
2013-11-25,FOODS,2800,0
2013-11-25,HOBBIES,488,0
2013-11-25,HOUSEHOLD,746,0
2013-11-26,FOODS,2931,0
2013-11-26,HOBBIES,536,0
2013-11-26,HOUSEHOLD,650,0
2013-11-27,FOODS,3309,0
2013-11-27,HOBBIES,453,0
2013-11-27,HOUSEHOLD,725,0
2013-11-28,FOODS,1838,0
2013-11-28,HOBBIES,187,0
2013-11-28,HOUSEHOLD,334,0
2013-11-29,FOODS,1839,0
2013-11-29,HOBBIES,293,0
2013-11-29,HOUSEHOLD,503,0
2013-11-30,FOODS,2281,0
2013-11-30,HOBBIES,407,0
2013-11-30,HOUSEHOLD,764,0
2013-12-01,FOODS,3208,1
2013-12-01,HOBBIES,722,1
2013-12-01,HOUSEHOLD,956,1
2013-12-02,FOODS,3185,1
2013-12-02,HOBBIES,800,1
2013-12-02,HOUSEHOLD,730,1
2013-12-03,FOODS,2884,1
2013-12-03,HOBBIES,611,1
2013-12-03,HOUSEHOLD,719,1
2013-12-04,FOODS,2738,1
2013-12-04,HOBBIES,521,1
2013-12-04,HOUSEHOLD,582,1
2013-12-05,FOODS,2637,1
2013-12-05,HOBBIES,514,1
2013-12-05,HOUSEHOLD,680,1
2013-12-06,FOODS,3118,1
2013-12-06,HOBBIES,496,1
2013-12-06,HOUSEHOLD,796,1
2013-12-07,FOODS,4281,1
2013-12-07,HOBBIES,717,1
2013-12-07,HOUSEHOLD,884,1
2013-12-08,FOODS,3962,1
2013-12-08,HOBBIES,619,1
2013-12-08,HOUSEHOLD,881,1
2013-12-09,FOODS,2913,1
2013-12-09,HOBBIES,489,1
2013-12-09,HOUSEHOLD,680,1
2013-12-10,FOODS,3160,1
2013-12-10,HOBBIES,500,1
2013-12-10,HOUSEHOLD,636,1
2013-12-11,FOODS,2443,0
2013-12-11,HOBBIES,401,0
2013-12-11,HOUSEHOLD,522,0
2013-12-12,FOODS,2389,0
2013-12-12,HOBBIES,542,0
2013-12-12,HOUSEHOLD,520,0
2013-12-13,FOODS,2738,0
2013-12-13,HOBBIES,574,0
2013-12-13,HOUSEHOLD,677,0
2013-12-14,FOODS,3660,0
2013-12-14,HOBBIES,712,0
2013-12-14,HOUSEHOLD,927,0
2013-12-15,FOODS,3651,0
2013-12-15,HOBBIES,573,0
2013-12-15,HOUSEHOLD,948,0
2013-12-16,FOODS,2848,0
2013-12-16,HOBBIES,546,0
2013-12-16,HOUSEHOLD,670,0
2013-12-17,FOODS,2403,0
2013-12-17,HOBBIES,497,0
2013-12-17,HOUSEHOLD,579,0
2013-12-18,FOODS,2517,0
2013-12-18,HOBBIES,409,0
2013-12-18,HOUSEHOLD,527,0
2013-12-19,FOODS,2626,0
2013-12-19,HOBBIES,522,0
2013-12-19,HOUSEHOLD,574,0
2013-12-20,FOODS,2674,0
2013-12-20,HOBBIES,592,0
2013-12-20,HOUSEHOLD,637,0
2013-12-21,FOODS,3715,0
2013-12-21,HOBBIES,676,0
2013-12-21,HOUSEHOLD,970,0
2013-12-22,FOODS,3729,0
2013-12-22,HOBBIES,661,0
2013-12-22,HOUSEHOLD,966,0
2013-12-23,FOODS,3537,0
2013-12-23,HOBBIES,568,0
2013-12-23,HOUSEHOLD,694,0
2013-12-24,FOODS,2620,0
2013-12-24,HOBBIES,390,0
2013-12-24,HOUSEHOLD,448,0
2013-12-25,FOODS,0,0
2013-12-25,HOBBIES,0,0
2013-12-25,HOUSEHOLD,0,0
2013-12-26,FOODS,2485,0
2013-12-26,HOBBIES,428,0
2013-12-26,HOUSEHOLD,657,0
2013-12-27,FOODS,2767,0
2013-12-27,HOBBIES,545,0
2013-12-27,HOUSEHOLD,777,0
2013-12-28,FOODS,3209,0
2013-12-28,HOBBIES,461,0
2013-12-28,HOUSEHOLD,905,0
2013-12-29,FOODS,3092,0
2013-12-29,HOBBIES,396,0
2013-12-29,HOUSEHOLD,793,0
2013-12-30,FOODS,3085,0
2013-12-30,HOBBIES,489,0
2013-12-30,HOUSEHOLD,720,0
2013-12-31,FOODS,3271,0
2013-12-31,HOBBIES,357,0
2013-12-31,HOUSEHOLD,547,0
2014-01-01,FOODS,2140,1
2014-01-01,HOBBIES,310,1
2014-01-01,HOUSEHOLD,463,1
2014-01-02,FOODS,2947,1
2014-01-02,HOBBIES,717,1
2014-01-02,HOUSEHOLD,746,1
2014-01-03,FOODS,3343,1
2014-01-03,HOBBIES,581,1
2014-01-03,HOUSEHOLD,779,1
2014-01-04,FOODS,3701,1
2014-01-04,HOBBIES,542,1
2014-01-04,HOUSEHOLD,844,1
2014-01-05,FOODS,4029,1
2014-01-05,HOBBIES,620,1
2014-01-05,HOUSEHOLD,823,1
2014-01-06,FOODS,3124,1
2014-01-06,HOBBIES,522,1
2014-01-06,HOUSEHOLD,694,1
2014-01-07,FOODS,2928,1
2014-01-07,HOBBIES,513,1
2014-01-07,HOUSEHOLD,602,1
2014-01-08,FOODS,2668,1
2014-01-08,HOBBIES,456,1
2014-01-08,HOUSEHOLD,483,1
2014-01-09,FOODS,2363,1
2014-01-09,HOBBIES,458,1
2014-01-09,HOUSEHOLD,574,1
2014-01-10,FOODS,2949,1
2014-01-10,HOBBIES,479,1
2014-01-10,HOUSEHOLD,706,1
2014-01-11,FOODS,4024,0
2014-01-11,HOBBIES,621,0
2014-01-11,HOUSEHOLD,937,0
2014-01-12,FOODS,3852,0
2014-01-12,HOBBIES,364,0
2014-01-12,HOUSEHOLD,846,0
2014-01-13,FOODS,2701,0
2014-01-13,HOBBIES,384,0
2014-01-13,HOUSEHOLD,635,0
2014-01-14,FOODS,2226,0
2014-01-14,HOBBIES,425,0
2014-01-14,HOUSEHOLD,507,0
2014-01-15,FOODS,2242,0
2014-01-15,HOBBIES,440,0
2014-01-15,HOUSEHOLD,559,0
2014-01-16,FOODS,2308,0
2014-01-16,HOBBIES,384,0
2014-01-16,HOUSEHOLD,501,0
2014-01-17,FOODS,2980,0
2014-01-17,HOBBIES,476,0
2014-01-17,HOUSEHOLD,681,0
2014-01-18,FOODS,3867,0
2014-01-18,HOBBIES,569,0
2014-01-18,HOUSEHOLD,1045,0
2014-01-19,FOODS,3596,0
2014-01-19,HOBBIES,390,0
2014-01-19,HOUSEHOLD,886,0
2014-01-20,FOODS,2787,0
2014-01-20,HOBBIES,503,0
2014-01-20,HOUSEHOLD,729,0
2014-01-21,FOODS,2005,0
2014-01-21,HOBBIES,500,0
2014-01-21,HOUSEHOLD,584,0
2014-01-22,FOODS,2105,0
2014-01-22,HOBBIES,428,0
2014-01-22,HOUSEHOLD,576,0
2014-01-23,FOODS,2033,0
2014-01-23,HOBBIES,324,0
2014-01-23,HOUSEHOLD,515,0
2014-01-24,FOODS,2786,0
2014-01-24,HOBBIES,432,0
2014-01-24,HOUSEHOLD,682,0
2014-01-25,FOODS,3345,0
2014-01-25,HOBBIES,517,0
2014-01-25,HOUSEHOLD,888,0
2014-01-26,FOODS,3848,0
2014-01-26,HOBBIES,533,0
2014-01-26,HOUSEHOLD,976,0
2014-01-27,FOODS,2382,0
2014-01-27,HOBBIES,490,0
2014-01-27,HOUSEHOLD,642,0
2014-01-28,FOODS,2009,0
2014-01-28,HOBBIES,335,0
2014-01-28,HOUSEHOLD,529,0
2014-01-29,FOODS,1871,0
2014-01-29,HOBBIES,285,0
2014-01-29,HOUSEHOLD,465,0
2014-01-30,FOODS,1866,0
2014-01-30,HOBBIES,439,0
2014-01-30,HOUSEHOLD,541,0
2014-01-31,FOODS,2963,0
2014-01-31,HOBBIES,620,0
2014-01-31,HOUSEHOLD,776,0
2014-02-01,FOODS,4542,1
2014-02-01,HOBBIES,705,1
2014-02-01,HOUSEHOLD,1264,1
2014-02-02,FOODS,3817,1
2014-02-02,HOBBIES,422,1
2014-02-02,HOUSEHOLD,851,1
2014-02-03,FOODS,2856,1
2014-02-03,HOBBIES,502,1
2014-02-03,HOUSEHOLD,803,1
2014-02-04,FOODS,2408,1
2014-02-04,HOBBIES,423,1
2014-02-04,HOUSEHOLD,630,1
2014-02-05,FOODS,2413,1
2014-02-05,HOBBIES,455,1
2014-02-05,HOUSEHOLD,602,1
2014-02-06,FOODS,2591,1
2014-02-06,HOBBIES,400,1
2014-02-06,HOUSEHOLD,575,1
2014-02-07,FOODS,2988,1
2014-02-07,HOBBIES,495,1
2014-02-07,HOUSEHOLD,752,1
2014-02-08,FOODS,4083,1
2014-02-08,HOBBIES,587,1
2014-02-08,HOUSEHOLD,1082,1
2014-02-09,FOODS,4166,1
2014-02-09,HOBBIES,387,1
2014-02-09,HOUSEHOLD,1194,1
2014-02-10,FOODS,3005,1
2014-02-10,HOBBIES,553,1
2014-02-10,HOUSEHOLD,758,1
2014-02-11,FOODS,2497,0
2014-02-11,HOBBIES,379,0
2014-02-11,HOUSEHOLD,634,0
2014-02-12,FOODS,2406,0
2014-02-12,HOBBIES,400,0
2014-02-12,HOUSEHOLD,659,0
2014-02-13,FOODS,2798,0
2014-02-13,HOBBIES,455,0
2014-02-13,HOUSEHOLD,638,0
2014-02-14,FOODS,2604,0
2014-02-14,HOBBIES,431,0
2014-02-14,HOUSEHOLD,624,0
2014-02-15,FOODS,3313,0
2014-02-15,HOBBIES,574,0
2014-02-15,HOUSEHOLD,1013,0
2014-02-16,FOODS,3376,0
2014-02-16,HOBBIES,528,0
2014-02-16,HOUSEHOLD,1026,0
2014-02-17,FOODS,2749,0
2014-02-17,HOBBIES,444,0
2014-02-17,HOUSEHOLD,750,0
2014-02-18,FOODS,2072,0
2014-02-18,HOBBIES,385,0
2014-02-18,HOUSEHOLD,531,0
2014-02-19,FOODS,2037,0
2014-02-19,HOBBIES,353,0
2014-02-19,HOUSEHOLD,577,0
2014-02-20,FOODS,2064,0
2014-02-20,HOBBIES,397,0
2014-02-20,HOUSEHOLD,542,0
2014-02-21,FOODS,2615,0
2014-02-21,HOBBIES,562,0
2014-02-21,HOUSEHOLD,636,0
2014-02-22,FOODS,3334,0
2014-02-22,HOBBIES,472,0
2014-02-22,HOUSEHOLD,984,0
2014-02-23,FOODS,3515,0
2014-02-23,HOBBIES,442,0
2014-02-23,HOUSEHOLD,1098,0
2014-02-24,FOODS,2513,0
2014-02-24,HOBBIES,401,0
2014-02-24,HOUSEHOLD,660,0
2014-02-25,FOODS,2020,0
2014-02-25,HOBBIES,474,0
2014-02-25,HOUSEHOLD,674,0
2014-02-26,FOODS,1892,0
2014-02-26,HOBBIES,501,0
2014-02-26,HOUSEHOLD,625,0
2014-02-27,FOODS,2104,0
2014-02-27,HOBBIES,412,0
2014-02-27,HOUSEHOLD,648,0
2014-02-28,FOODS,2388,0
2014-02-28,HOBBIES,412,0
2014-02-28,HOUSEHOLD,695,0
2014-03-01,FOODS,3831,1
2014-03-01,HOBBIES,709,1
2014-03-01,HOUSEHOLD,1184,1
2014-03-02,FOODS,3892,1
2014-03-02,HOBBIES,468,1
2014-03-02,HOUSEHOLD,1156,1
2014-03-03,FOODS,2592,1
2014-03-03,HOBBIES,480,1
2014-03-03,HOUSEHOLD,771,1
2014-03-04,FOODS,2300,1
2014-03-04,HOBBIES,360,1
2014-03-04,HOUSEHOLD,653,1
2014-03-05,FOODS,2107,1
2014-03-05,HOBBIES,280,1
2014-03-05,HOUSEHOLD,562,1
2014-03-06,FOODS,2176,1
2014-03-06,HOBBIES,492,1
2014-03-06,HOUSEHOLD,595,1
2014-03-07,FOODS,2910,1
2014-03-07,HOBBIES,443,1
2014-03-07,HOUSEHOLD,739,1
2014-03-08,FOODS,3497,1
2014-03-08,HOBBIES,592,1
2014-03-08,HOUSEHOLD,981,1
2014-03-09,FOODS,4174,1
2014-03-09,HOBBIES,554,1
2014-03-09,HOUSEHOLD,1185,1
2014-03-10,FOODS,3204,1
2014-03-10,HOBBIES,459,1
2014-03-10,HOUSEHOLD,709,1
2014-03-11,FOODS,2398,0
2014-03-11,HOBBIES,352,0
2014-03-11,HOUSEHOLD,590,0
2014-03-12,FOODS,2433,0
2014-03-12,HOBBIES,365,0
2014-03-12,HOUSEHOLD,558,0
2014-03-13,FOODS,2392,0
2014-03-13,HOBBIES,299,0
2014-03-13,HOUSEHOLD,608,0
2014-03-14,FOODS,2732,0
2014-03-14,HOBBIES,625,0
2014-03-14,HOUSEHOLD,702,0
2014-03-15,FOODS,3869,0
2014-03-15,HOBBIES,565,0
2014-03-15,HOUSEHOLD,993,0
2014-03-16,FOODS,3882,0
2014-03-16,HOBBIES,477,0
2014-03-16,HOUSEHOLD,991,0
2014-03-17,FOODS,2452,0
2014-03-17,HOBBIES,445,0
2014-03-17,HOUSEHOLD,657,0
2014-03-18,FOODS,2183,0
2014-03-18,HOBBIES,366,0
2014-03-18,HOUSEHOLD,638,0
2014-03-19,FOODS,2247,0
2014-03-19,HOBBIES,376,0
2014-03-19,HOUSEHOLD,657,0
2014-03-20,FOODS,2387,0
2014-03-20,HOBBIES,384,0
2014-03-20,HOUSEHOLD,576,0
2014-03-21,FOODS,2795,0
2014-03-21,HOBBIES,441,0
2014-03-21,HOUSEHOLD,733,0
2014-03-22,FOODS,3453,0
2014-03-22,HOBBIES,605,0
2014-03-22,HOUSEHOLD,1015,0
2014-03-23,FOODS,4029,0
2014-03-23,HOBBIES,516,0
2014-03-23,HOUSEHOLD,1134,0
2014-03-24,FOODS,2851,0
2014-03-24,HOBBIES,393,0
2014-03-24,HOUSEHOLD,709,0
2014-03-25,FOODS,2377,0
2014-03-25,HOBBIES,351,0
2014-03-25,HOUSEHOLD,588,0
2014-03-26,FOODS,2088,0
2014-03-26,HOBBIES,362,0
2014-03-26,HOUSEHOLD,631,0
2014-03-27,FOODS,2267,0
2014-03-27,HOBBIES,471,0
2014-03-27,HOUSEHOLD,629,0
2014-03-28,FOODS,2813,0
2014-03-28,HOBBIES,433,0
2014-03-28,HOUSEHOLD,680,0
2014-03-29,FOODS,3381,0
2014-03-29,HOBBIES,570,0
2014-03-29,HOUSEHOLD,1003,0
2014-03-30,FOODS,4085,0
2014-03-30,HOBBIES,499,0
2014-03-30,HOUSEHOLD,1183,0
2014-03-31,FOODS,2483,0
2014-03-31,HOBBIES,364,0
2014-03-31,HOUSEHOLD,761,0
2014-04-01,FOODS,2636,1
2014-04-01,HOBBIES,449,1
2014-04-01,HOUSEHOLD,688,1
2014-04-02,FOODS,2826,1
2014-04-02,HOBBIES,452,1
2014-04-02,HOUSEHOLD,774,1
2014-04-03,FOODS,2859,1
2014-04-03,HOBBIES,461,1
2014-04-03,HOUSEHOLD,709,1
2014-04-04,FOODS,3085,1
2014-04-04,HOBBIES,483,1
2014-04-04,HOUSEHOLD,739,1
2014-04-05,FOODS,3958,1
2014-04-05,HOBBIES,692,1
2014-04-05,HOUSEHOLD,1155,1
2014-04-06,FOODS,4639,1
2014-04-06,HOBBIES,637,1
2014-04-06,HOUSEHOLD,1061,1
2014-04-07,FOODS,3304,1
2014-04-07,HOBBIES,414,1
2014-04-07,HOUSEHOLD,776,1
2014-04-08,FOODS,3020,1
2014-04-08,HOBBIES,370,1
2014-04-08,HOUSEHOLD,655,1
2014-04-09,FOODS,2843,1
2014-04-09,HOBBIES,454,1
2014-04-09,HOUSEHOLD,669,1
2014-04-10,FOODS,2875,1
2014-04-10,HOBBIES,450,1
2014-04-10,HOUSEHOLD,690,1
2014-04-11,FOODS,2996,0
2014-04-11,HOBBIES,625,0
2014-04-11,HOUSEHOLD,729,0
2014-04-12,FOODS,3664,0
2014-04-12,HOBBIES,493,0
2014-04-12,HOUSEHOLD,1014,0
2014-04-13,FOODS,3978,0
2014-04-13,HOBBIES,532,0
2014-04-13,HOUSEHOLD,1080,0
2014-04-14,FOODS,2828,0
2014-04-14,HOBBIES,357,0
2014-04-14,HOUSEHOLD,716,0
2014-04-15,FOODS,2525,0
2014-04-15,HOBBIES,296,0
2014-04-15,HOUSEHOLD,669,0
2014-04-16,FOODS,2996,0
2014-04-16,HOBBIES,379,0
2014-04-16,HOUSEHOLD,826,0
2014-04-17,FOODS,2857,0
2014-04-17,HOBBIES,409,0
2014-04-17,HOUSEHOLD,782,0
2014-04-18,FOODS,3738,0
2014-04-18,HOBBIES,513,0
2014-04-18,HOUSEHOLD,823,0
2014-04-19,FOODS,4762,0
2014-04-19,HOBBIES,477,0
2014-04-19,HOUSEHOLD,1018,0
2014-04-20,FOODS,3532,0
2014-04-20,HOBBIES,457,0
2014-04-20,HOUSEHOLD,825,0
2014-04-21,FOODS,2657,0
2014-04-21,HOBBIES,390,0
2014-04-21,HOUSEHOLD,782,0
2014-04-22,FOODS,2630,0
2014-04-22,HOBBIES,478,0
2014-04-22,HOUSEHOLD,677,0
2014-04-23,FOODS,2159,0
2014-04-23,HOBBIES,490,0
2014-04-23,HOUSEHOLD,695,0
2014-04-24,FOODS,2356,0
2014-04-24,HOBBIES,452,0
2014-04-24,HOUSEHOLD,692,0
2014-04-25,FOODS,3042,0
2014-04-25,HOBBIES,412,0
2014-04-25,HOUSEHOLD,732,0
2014-04-26,FOODS,3741,0
2014-04-26,HOBBIES,599,0
2014-04-26,HOUSEHOLD,1104,0
2014-04-27,FOODS,3941,0
2014-04-27,HOBBIES,459,0
2014-04-27,HOUSEHOLD,1170,0
2014-04-28,FOODS,2754,0
2014-04-28,HOBBIES,406,0
2014-04-28,HOUSEHOLD,757,0
2014-04-29,FOODS,2223,0
2014-04-29,HOBBIES,338,0
2014-04-29,HOUSEHOLD,699,0
2014-04-30,FOODS,2414,0
2014-04-30,HOBBIES,455,0
2014-04-30,HOUSEHOLD,636,0
2014-05-01,FOODS,2950,1
2014-05-01,HOBBIES,366,1
2014-05-01,HOUSEHOLD,745,1
2014-05-02,FOODS,3379,1
2014-05-02,HOBBIES,535,1
2014-05-02,HOUSEHOLD,810,1
2014-05-03,FOODS,4157,1
2014-05-03,HOBBIES,590,1
2014-05-03,HOUSEHOLD,1125,1
2014-05-04,FOODS,4613,1
2014-05-04,HOBBIES,519,1
2014-05-04,HOUSEHOLD,1193,1
2014-05-05,FOODS,3100,1
2014-05-05,HOBBIES,425,1
2014-05-05,HOUSEHOLD,858,1
2014-05-06,FOODS,2612,1
2014-05-06,HOBBIES,456,1
2014-05-06,HOUSEHOLD,750,1
2014-05-07,FOODS,2662,1
2014-05-07,HOBBIES,541,1
2014-05-07,HOUSEHOLD,615,1
2014-05-08,FOODS,2542,1
2014-05-08,HOBBIES,500,1
2014-05-08,HOUSEHOLD,634,1
2014-05-09,FOODS,3128,1
2014-05-09,HOBBIES,470,1
2014-05-09,HOUSEHOLD,788,1
2014-05-10,FOODS,3699,1
2014-05-10,HOBBIES,542,1
2014-05-10,HOUSEHOLD,859,1
2014-05-11,FOODS,2971,0
2014-05-11,HOBBIES,441,0
2014-05-11,HOUSEHOLD,772,0
2014-05-12,FOODS,3144,0
2014-05-12,HOBBIES,317,0
2014-05-12,HOUSEHOLD,795,0
2014-05-13,FOODS,2958,0
2014-05-13,HOBBIES,377,0
2014-05-13,HOUSEHOLD,661,0
2014-05-14,FOODS,2626,0
2014-05-14,HOBBIES,309,0
2014-05-14,HOUSEHOLD,619,0
2014-05-15,FOODS,2443,0
2014-05-15,HOBBIES,409,0
2014-05-15,HOUSEHOLD,599,0
2014-05-16,FOODS,3076,0
2014-05-16,HOBBIES,562,0
2014-05-16,HOUSEHOLD,816,0
2014-05-17,FOODS,3403,0
2014-05-17,HOBBIES,589,0
2014-05-17,HOUSEHOLD,1049,0
2014-05-18,FOODS,4049,0
2014-05-18,HOBBIES,528,0
2014-05-18,HOUSEHOLD,1126,0
2014-05-19,FOODS,2827,0
2014-05-19,HOBBIES,470,0
2014-05-19,HOUSEHOLD,757,0
2014-05-20,FOODS,2256,0
2014-05-20,HOBBIES,370,0
2014-05-20,HOUSEHOLD,563,0
2014-05-21,FOODS,2211,0
2014-05-21,HOBBIES,345,0
2014-05-21,HOUSEHOLD,623,0
2014-05-22,FOODS,2400,0
2014-05-22,HOBBIES,433,0
2014-05-22,HOUSEHOLD,601,0
2014-05-23,FOODS,2630,0
2014-05-23,HOBBIES,548,0
2014-05-23,HOUSEHOLD,740,0
2014-05-24,FOODS,3158,0
2014-05-24,HOBBIES,551,0
2014-05-24,HOUSEHOLD,949,0
2014-05-25,FOODS,3226,0
2014-05-25,HOBBIES,414,0
2014-05-25,HOUSEHOLD,880,0
2014-05-26,FOODS,3141,0
2014-05-26,HOBBIES,379,0
2014-05-26,HOUSEHOLD,885,0
2014-05-27,FOODS,2402,0
2014-05-27,HOBBIES,490,0
2014-05-27,HOUSEHOLD,728,0
2014-05-28,FOODS,2089,0
2014-05-28,HOBBIES,508,0
2014-05-28,HOUSEHOLD,707,0
2014-05-29,FOODS,2230,0
2014-05-29,HOBBIES,335,0
2014-05-29,HOUSEHOLD,631,0
2014-05-30,FOODS,2659,0
2014-05-30,HOBBIES,503,0
2014-05-30,HOUSEHOLD,856,0
2014-05-31,FOODS,3407,0
2014-05-31,HOBBIES,673,0
2014-05-31,HOUSEHOLD,1080,0
2014-06-01,FOODS,4216,1
2014-06-01,HOBBIES,625,1
2014-06-01,HOUSEHOLD,1199,1
2014-06-02,FOODS,3002,1
2014-06-02,HOBBIES,517,1
2014-06-02,HOUSEHOLD,869,1
2014-06-03,FOODS,2637,1
2014-06-03,HOBBIES,499,1
2014-06-03,HOUSEHOLD,745,1
2014-06-04,FOODS,2605,1
2014-06-04,HOBBIES,462,1
2014-06-04,HOUSEHOLD,668,1
2014-06-05,FOODS,2597,1
2014-06-05,HOBBIES,455,1
2014-06-05,HOUSEHOLD,744,1
2014-06-06,FOODS,2956,1
2014-06-06,HOBBIES,472,1
2014-06-06,HOUSEHOLD,799,1
2014-06-07,FOODS,3882,1
2014-06-07,HOBBIES,497,1
2014-06-07,HOUSEHOLD,1037,1
2014-06-08,FOODS,4339,1
2014-06-08,HOBBIES,504,1
2014-06-08,HOUSEHOLD,1134,1
2014-06-09,FOODS,3415,1
2014-06-09,HOBBIES,359,1
2014-06-09,HOUSEHOLD,857,1
2014-06-10,FOODS,2821,1
2014-06-10,HOBBIES,307,1
2014-06-10,HOUSEHOLD,766,1
2014-06-11,FOODS,2765,0
2014-06-11,HOBBIES,393,0
2014-06-11,HOUSEHOLD,691,0
2014-06-12,FOODS,2639,0
2014-06-12,HOBBIES,400,0
2014-06-12,HOUSEHOLD,706,0
2014-06-13,FOODS,3250,0
2014-06-13,HOBBIES,536,0
2014-06-13,HOUSEHOLD,835,0
2014-06-14,FOODS,3956,0
2014-06-14,HOBBIES,631,0
2014-06-14,HOUSEHOLD,1002,0
2014-06-15,FOODS,3439,0
2014-06-15,HOBBIES,507,0
2014-06-15,HOUSEHOLD,984,0
2014-06-16,FOODS,2860,0
2014-06-16,HOBBIES,496,0
2014-06-16,HOUSEHOLD,821,0
2014-06-17,FOODS,2398,0
2014-06-17,HOBBIES,405,0
2014-06-17,HOUSEHOLD,814,0
2014-06-18,FOODS,2733,0
2014-06-18,HOBBIES,514,0
2014-06-18,HOUSEHOLD,751,0
2014-06-19,FOODS,2535,0
2014-06-19,HOBBIES,413,0
2014-06-19,HOUSEHOLD,752,0
2014-06-20,FOODS,3397,0
2014-06-20,HOBBIES,521,0
2014-06-20,HOUSEHOLD,902,0
2014-06-21,FOODS,3509,0
2014-06-21,HOBBIES,575,0
2014-06-21,HOUSEHOLD,1087,0
2014-06-22,FOODS,3729,0
2014-06-22,HOBBIES,470,0
2014-06-22,HOUSEHOLD,1251,0
2014-06-23,FOODS,2809,0
2014-06-23,HOBBIES,480,0
2014-06-23,HOUSEHOLD,807,0
2014-06-24,FOODS,2495,0
2014-06-24,HOBBIES,474,0
2014-06-24,HOUSEHOLD,674,0
2014-06-25,FOODS,2410,0
2014-06-25,HOBBIES,423,0
2014-06-25,HOUSEHOLD,740,0
2014-06-26,FOODS,2302,0
2014-06-26,HOBBIES,442,0
2014-06-26,HOUSEHOLD,734,0
2014-06-27,FOODS,2783,0
2014-06-27,HOBBIES,541,0
2014-06-27,HOUSEHOLD,811,0
2014-06-28,FOODS,3445,0
2014-06-28,HOBBIES,614,0
2014-06-28,HOUSEHOLD,1056,0
2014-06-29,FOODS,3751,0
2014-06-29,HOBBIES,503,0
2014-06-29,HOUSEHOLD,997,0
2014-06-30,FOODS,2831,0
2014-06-30,HOBBIES,564,0
2014-06-30,HOUSEHOLD,900,0
2014-07-01,FOODS,2942,1
2014-07-01,HOBBIES,558,1
2014-07-01,HOUSEHOLD,968,1
2014-07-02,FOODS,2999,1
2014-07-02,HOBBIES,491,1
2014-07-02,HOUSEHOLD,771,1
2014-07-03,FOODS,3948,1
2014-07-03,HOBBIES,683,1
2014-07-03,HOUSEHOLD,951,1
2014-07-04,FOODS,3404,1
2014-07-04,HOBBIES,344,1
2014-07-04,HOUSEHOLD,707,1
2014-07-05,FOODS,3559,1
2014-07-05,HOBBIES,525,1
2014-07-05,HOUSEHOLD,958,1
2014-07-06,FOODS,4140,1
2014-07-06,HOBBIES,515,1
2014-07-06,HOUSEHOLD,1214,1
2014-07-07,FOODS,3391,1
2014-07-07,HOBBIES,451,1
2014-07-07,HOUSEHOLD,855,1
2014-07-08,FOODS,3147,1
2014-07-08,HOBBIES,458,1
2014-07-08,HOUSEHOLD,855,1
2014-07-09,FOODS,2857,1
2014-07-09,HOBBIES,330,1
2014-07-09,HOUSEHOLD,760,1
2014-07-10,FOODS,3041,1
2014-07-10,HOBBIES,354,1
2014-07-10,HOUSEHOLD,848,1
2014-07-11,FOODS,3276,0
2014-07-11,HOBBIES,511,0
2014-07-11,HOUSEHOLD,908,0
2014-07-12,FOODS,3853,0
2014-07-12,HOBBIES,550,0
2014-07-12,HOUSEHOLD,1062,0
2014-07-13,FOODS,3913,0
2014-07-13,HOBBIES,533,0
2014-07-13,HOUSEHOLD,1169,0
2014-07-14,FOODS,2857,0
2014-07-14,HOBBIES,456,0
2014-07-14,HOUSEHOLD,851,0
2014-07-15,FOODS,2738,0
2014-07-15,HOBBIES,439,0
2014-07-15,HOUSEHOLD,771,0
2014-07-16,FOODS,2625,0
2014-07-16,HOBBIES,529,0
2014-07-16,HOUSEHOLD,765,0
2014-07-17,FOODS,2673,0
2014-07-17,HOBBIES,410,0
2014-07-17,HOUSEHOLD,696,0
2014-07-18,FOODS,3165,0
2014-07-18,HOBBIES,526,0
2014-07-18,HOUSEHOLD,942,0
2014-07-19,FOODS,3626,0
2014-07-19,HOBBIES,511,0
2014-07-19,HOUSEHOLD,1087,0
2014-07-20,FOODS,4196,0
2014-07-20,HOBBIES,568,0
2014-07-20,HOUSEHOLD,1198,0
2014-07-21,FOODS,2677,0
2014-07-21,HOBBIES,453,0
2014-07-21,HOUSEHOLD,878,0
2014-07-22,FOODS,2484,0
2014-07-22,HOBBIES,412,0
2014-07-22,HOUSEHOLD,700,0
2014-07-23,FOODS,2692,0
2014-07-23,HOBBIES,455,0
2014-07-23,HOUSEHOLD,752,0
2014-07-24,FOODS,2751,0
2014-07-24,HOBBIES,458,0
2014-07-24,HOUSEHOLD,681,0
2014-07-25,FOODS,3042,0
2014-07-25,HOBBIES,402,0
2014-07-25,HOUSEHOLD,771,0
2014-07-26,FOODS,3234,0
2014-07-26,HOBBIES,406,0
2014-07-26,HOUSEHOLD,969,0
2014-07-27,FOODS,3776,0
2014-07-27,HOBBIES,521,0
2014-07-27,HOUSEHOLD,1124,0
2014-07-28,FOODS,3047,0
2014-07-28,HOBBIES,543,0
2014-07-28,HOUSEHOLD,989,0
2014-07-29,FOODS,2579,0
2014-07-29,HOBBIES,471,0
2014-07-29,HOUSEHOLD,760,0
2014-07-30,FOODS,2798,0
2014-07-30,HOBBIES,373,0
2014-07-30,HOUSEHOLD,699,0
2014-07-31,FOODS,2703,0
2014-07-31,HOBBIES,497,0
2014-07-31,HOUSEHOLD,785,0
2014-08-01,FOODS,3579,1
2014-08-01,HOBBIES,627,1
2014-08-01,HOUSEHOLD,1023,1
2014-08-02,FOODS,4136,1
2014-08-02,HOBBIES,624,1
2014-08-02,HOUSEHOLD,1077,1
2014-08-03,FOODS,4403,1
2014-08-03,HOBBIES,688,1
2014-08-03,HOUSEHOLD,1270,1
2014-08-04,FOODS,3533,1
2014-08-04,HOBBIES,558,1
2014-08-04,HOUSEHOLD,947,1
2014-08-05,FOODS,3135,1
2014-08-05,HOBBIES,367,1
2014-08-05,HOUSEHOLD,787,1
2014-08-06,FOODS,2879,1
2014-08-06,HOBBIES,466,1
2014-08-06,HOUSEHOLD,764,1
2014-08-07,FOODS,2823,1
2014-08-07,HOBBIES,535,1
2014-08-07,HOUSEHOLD,824,1
2014-08-08,FOODS,3316,1
2014-08-08,HOBBIES,504,1
2014-08-08,HOUSEHOLD,822,1
2014-08-09,FOODS,4064,1
2014-08-09,HOBBIES,535,1
2014-08-09,HOUSEHOLD,1168,1
2014-08-10,FOODS,4454,1
2014-08-10,HOBBIES,570,1
2014-08-10,HOUSEHOLD,1251,1
2014-08-11,FOODS,2936,0
2014-08-11,HOBBIES,381,0
2014-08-11,HOUSEHOLD,829,0
2014-08-12,FOODS,2675,0
2014-08-12,HOBBIES,464,0
2014-08-12,HOUSEHOLD,856,0
2014-08-13,FOODS,2800,0
2014-08-13,HOBBIES,412,0
2014-08-13,HOUSEHOLD,754,0
2014-08-14,FOODS,2776,0
2014-08-14,HOBBIES,361,0
2014-08-14,HOUSEHOLD,718,0
2014-08-15,FOODS,2987,0
2014-08-15,HOBBIES,601,0
2014-08-15,HOUSEHOLD,854,0
2014-08-16,FOODS,4024,0
2014-08-16,HOBBIES,567,0
2014-08-16,HOUSEHOLD,1114,0
2014-08-17,FOODS,4449,0
2014-08-17,HOBBIES,548,0
2014-08-17,HOUSEHOLD,1334,0
2014-08-18,FOODS,3251,0
2014-08-18,HOBBIES,538,0
2014-08-18,HOUSEHOLD,895,0
2014-08-19,FOODS,2530,0
2014-08-19,HOBBIES,446,0
2014-08-19,HOUSEHOLD,823,0
2014-08-20,FOODS,2493,0
2014-08-20,HOBBIES,411,0
2014-08-20,HOUSEHOLD,741,0
2014-08-21,FOODS,2492,0
2014-08-21,HOBBIES,392,0
2014-08-21,HOUSEHOLD,735,0
2014-08-22,FOODS,2949,0
2014-08-22,HOBBIES,389,0
2014-08-22,HOUSEHOLD,849,0
2014-08-23,FOODS,3901,0
2014-08-23,HOBBIES,480,0
2014-08-23,HOUSEHOLD,1188,0
2014-08-24,FOODS,4733,0
2014-08-24,HOBBIES,559,0
2014-08-24,HOUSEHOLD,1338,0
2014-08-25,FOODS,2637,0
2014-08-25,HOBBIES,461,0
2014-08-25,HOUSEHOLD,902,0
2014-08-26,FOODS,2494,0
2014-08-26,HOBBIES,472,0
2014-08-26,HOUSEHOLD,778,0
2014-08-27,FOODS,2133,0
2014-08-27,HOBBIES,375,0
2014-08-27,HOUSEHOLD,610,0
2014-08-28,FOODS,2437,0
2014-08-28,HOBBIES,424,0
2014-08-28,HOUSEHOLD,636,0
2014-08-29,FOODS,3154,0
2014-08-29,HOBBIES,383,0
2014-08-29,HOUSEHOLD,895,0
2014-08-30,FOODS,3750,0
2014-08-30,HOBBIES,629,0
2014-08-30,HOUSEHOLD,1211,0
2014-08-31,FOODS,3673,0
2014-08-31,HOBBIES,509,0
2014-08-31,HOUSEHOLD,1097,0
2014-09-01,FOODS,3742,1
2014-09-01,HOBBIES,425,1
2014-09-01,HOUSEHOLD,1177,1
2014-09-02,FOODS,2669,1
2014-09-02,HOBBIES,509,1
2014-09-02,HOUSEHOLD,821,1
2014-09-03,FOODS,2839,1
2014-09-03,HOBBIES,539,1
2014-09-03,HOUSEHOLD,849,1
2014-09-04,FOODS,2542,1
2014-09-04,HOBBIES,425,1
2014-09-04,HOUSEHOLD,728,1
2014-09-05,FOODS,3057,1
2014-09-05,HOBBIES,537,1
2014-09-05,HOUSEHOLD,810,1
2014-09-06,FOODS,4235,1
2014-09-06,HOBBIES,515,1
2014-09-06,HOUSEHOLD,1078,1
2014-09-07,FOODS,4498,1
2014-09-07,HOBBIES,480,1
2014-09-07,HOUSEHOLD,1264,1
2014-09-08,FOODS,2848,1
2014-09-08,HOBBIES,356,1
2014-09-08,HOUSEHOLD,769,1
2014-09-09,FOODS,2801,1
2014-09-09,HOBBIES,486,1
2014-09-09,HOUSEHOLD,723,1
2014-09-10,FOODS,2696,1
2014-09-10,HOBBIES,448,1
2014-09-10,HOUSEHOLD,671,1
2014-09-11,FOODS,2819,0
2014-09-11,HOBBIES,361,0
2014-09-11,HOUSEHOLD,690,0
2014-09-12,FOODS,2980,0
2014-09-12,HOBBIES,520,0
2014-09-12,HOUSEHOLD,746,0
2014-09-13,FOODS,3777,0
2014-09-13,HOBBIES,609,0
2014-09-13,HOUSEHOLD,1078,0
2014-09-14,FOODS,3982,0
2014-09-14,HOBBIES,559,0
2014-09-14,HOUSEHOLD,1149,0
2014-09-15,FOODS,2810,0
2014-09-15,HOBBIES,427,0
2014-09-15,HOUSEHOLD,822,0
2014-09-16,FOODS,2391,0
2014-09-16,HOBBIES,320,0
2014-09-16,HOUSEHOLD,651,0
2014-09-17,FOODS,2311,0
2014-09-17,HOBBIES,486,0
2014-09-17,HOUSEHOLD,748,0
2014-09-18,FOODS,2157,0
2014-09-18,HOBBIES,389,0
2014-09-18,HOUSEHOLD,681,0
2014-09-19,FOODS,2881,0
2014-09-19,HOBBIES,501,0
2014-09-19,HOUSEHOLD,859,0
2014-09-20,FOODS,3699,0
2014-09-20,HOBBIES,550,0
2014-09-20,HOUSEHOLD,1263,0
2014-09-21,FOODS,4159,0
2014-09-21,HOBBIES,495,0
2014-09-21,HOUSEHOLD,1234,0
2014-09-22,FOODS,2729,0
2014-09-22,HOBBIES,324,0
2014-09-22,HOUSEHOLD,796,0
2014-09-23,FOODS,2436,0
2014-09-23,HOBBIES,382,0
2014-09-23,HOUSEHOLD,664,0
2014-09-24,FOODS,2412,0
2014-09-24,HOBBIES,317,0
2014-09-24,HOUSEHOLD,689,0
2014-09-25,FOODS,2319,0
2014-09-25,HOBBIES,477,0
2014-09-25,HOUSEHOLD,673,0
2014-09-26,FOODS,2895,0
2014-09-26,HOBBIES,360,0
2014-09-26,HOUSEHOLD,757,0
2014-09-27,FOODS,3769,0
2014-09-27,HOBBIES,562,0
2014-09-27,HOUSEHOLD,1034,0
2014-09-28,FOODS,4090,0
2014-09-28,HOBBIES,548,0
2014-09-28,HOUSEHOLD,1180,0
2014-09-29,FOODS,2837,0
2014-09-29,HOBBIES,422,0
2014-09-29,HOUSEHOLD,814,0
2014-09-30,FOODS,2541,0
2014-09-30,HOBBIES,479,0
2014-09-30,HOUSEHOLD,777,0
2014-10-01,FOODS,2629,1
2014-10-01,HOBBIES,406,1
2014-10-01,HOUSEHOLD,710,1
2014-10-02,FOODS,2773,1
2014-10-02,HOBBIES,473,1
2014-10-02,HOUSEHOLD,1017,1
2014-10-03,FOODS,3516,1
2014-10-03,HOBBIES,467,1
2014-10-03,HOUSEHOLD,937,1
2014-10-04,FOODS,4379,1
2014-10-04,HOBBIES,659,1
2014-10-04,HOUSEHOLD,1139,1
2014-10-05,FOODS,4443,1
2014-10-05,HOBBIES,492,1
2014-10-05,HOUSEHOLD,1362,1
2014-10-06,FOODS,3419,1
2014-10-06,HOBBIES,508,1
2014-10-06,HOUSEHOLD,829,1
2014-10-07,FOODS,2841,1
2014-10-07,HOBBIES,382,1
2014-10-07,HOUSEHOLD,868,1
2014-10-08,FOODS,2932,1
2014-10-08,HOBBIES,438,1
2014-10-08,HOUSEHOLD,710,1
2014-10-09,FOODS,3057,1
2014-10-09,HOBBIES,424,1
2014-10-09,HOUSEHOLD,696,1
2014-10-10,FOODS,3163,1
2014-10-10,HOBBIES,521,1
2014-10-10,HOUSEHOLD,845,1
2014-10-11,FOODS,3883,0
2014-10-11,HOBBIES,527,0
2014-10-11,HOUSEHOLD,1119,0
2014-10-12,FOODS,4194,0
2014-10-12,HOBBIES,474,0
2014-10-12,HOUSEHOLD,1150,0
2014-10-13,FOODS,2992,0
2014-10-13,HOBBIES,464,0
2014-10-13,HOUSEHOLD,849,0
2014-10-14,FOODS,2342,0
2014-10-14,HOBBIES,435,0
2014-10-14,HOUSEHOLD,600,0
2014-10-15,FOODS,2269,0
2014-10-15,HOBBIES,486,0
2014-10-15,HOUSEHOLD,744,0
2014-10-16,FOODS,2314,0
2014-10-16,HOBBIES,316,0
2014-10-16,HOUSEHOLD,719,0
2014-10-17,FOODS,2962,0
2014-10-17,HOBBIES,610,0
2014-10-17,HOUSEHOLD,824,0
2014-10-18,FOODS,4135,0
2014-10-18,HOBBIES,738,0
2014-10-18,HOUSEHOLD,1215,0
2014-10-19,FOODS,4342,0
2014-10-19,HOBBIES,518,0
2014-10-19,HOUSEHOLD,1233,0
2014-10-20,FOODS,2948,0
2014-10-20,HOBBIES,501,0
2014-10-20,HOUSEHOLD,842,0
2014-10-21,FOODS,2269,0
2014-10-21,HOBBIES,513,0
2014-10-21,HOUSEHOLD,684,0
2014-10-22,FOODS,2317,0
2014-10-22,HOBBIES,469,0
2014-10-22,HOUSEHOLD,610,0
2014-10-23,FOODS,2313,0
2014-10-23,HOBBIES,387,0
2014-10-23,HOUSEHOLD,734,0
2014-10-24,FOODS,2800,0
2014-10-24,HOBBIES,502,0
2014-10-24,HOUSEHOLD,839,0
2014-10-25,FOODS,3920,0
2014-10-25,HOBBIES,645,0
2014-10-25,HOUSEHOLD,1169,0
2014-10-26,FOODS,3639,0
2014-10-26,HOBBIES,525,0
2014-10-26,HOUSEHOLD,1144,0
2014-10-27,FOODS,2846,0
2014-10-27,HOBBIES,525,0
2014-10-27,HOUSEHOLD,818,0
2014-10-28,FOODS,2249,0
2014-10-28,HOBBIES,592,0
2014-10-28,HOUSEHOLD,613,0
2014-10-29,FOODS,2313,0
2014-10-29,HOBBIES,481,0
2014-10-29,HOUSEHOLD,527,0
2014-10-30,FOODS,2564,0
2014-10-30,HOBBIES,457,0
2014-10-30,HOUSEHOLD,651,0
2014-10-31,FOODS,2735,0
2014-10-31,HOBBIES,416,0
2014-10-31,HOUSEHOLD,666,0
2014-11-01,FOODS,4289,1
2014-11-01,HOBBIES,953,1
2014-11-01,HOUSEHOLD,1300,1
2014-11-02,FOODS,4546,1
2014-11-02,HOBBIES,571,1
2014-11-02,HOUSEHOLD,1360,1
2014-11-03,FOODS,3425,1
2014-11-03,HOBBIES,539,1
2014-11-03,HOUSEHOLD,975,1
2014-11-04,FOODS,2859,1
2014-11-04,HOBBIES,439,1
2014-11-04,HOUSEHOLD,698,1
2014-11-05,FOODS,2348,1
2014-11-05,HOBBIES,377,1
2014-11-05,HOUSEHOLD,727,1
2014-11-06,FOODS,2706,1
2014-11-06,HOBBIES,543,1
2014-11-06,HOUSEHOLD,694,1
2014-11-07,FOODS,2997,1
2014-11-07,HOBBIES,549,1
2014-11-07,HOUSEHOLD,815,1
2014-11-08,FOODS,3886,1
2014-11-08,HOBBIES,541,1
2014-11-08,HOUSEHOLD,1114,1
2014-11-09,FOODS,4398,1
2014-11-09,HOBBIES,569,1
2014-11-09,HOUSEHOLD,1123,1
2014-11-10,FOODS,3290,1
2014-11-10,HOBBIES,438,1
2014-11-10,HOUSEHOLD,795,1
2014-11-11,FOODS,2709,0
2014-11-11,HOBBIES,490,0
2014-11-11,HOUSEHOLD,685,0
2014-11-12,FOODS,2340,0
2014-11-12,HOBBIES,419,0
2014-11-12,HOUSEHOLD,604,0
2014-11-13,FOODS,2290,0
2014-11-13,HOBBIES,420,0
2014-11-13,HOUSEHOLD,609,0
2014-11-14,FOODS,2793,0
2014-11-14,HOBBIES,520,0
2014-11-14,HOUSEHOLD,735,0
2014-11-15,FOODS,3624,0
2014-11-15,HOBBIES,626,0
2014-11-15,HOUSEHOLD,1028,0
2014-11-16,FOODS,4048,0
2014-11-16,HOBBIES,638,0
2014-11-16,HOUSEHOLD,1171,0
2014-11-17,FOODS,2770,0
2014-11-17,HOBBIES,469,0
2014-11-17,HOUSEHOLD,689,0
2014-11-18,FOODS,2290,0
2014-11-18,HOBBIES,419,0
2014-11-18,HOUSEHOLD,638,0
2014-11-19,FOODS,2161,0
2014-11-19,HOBBIES,446,0
2014-11-19,HOUSEHOLD,591,0
2014-11-20,FOODS,2269,0
2014-11-20,HOBBIES,346,0
2014-11-20,HOUSEHOLD,715,0
2014-11-21,FOODS,2793,0
2014-11-21,HOBBIES,608,0
2014-11-21,HOUSEHOLD,742,0
2014-11-22,FOODS,3822,0
2014-11-22,HOBBIES,659,0
2014-11-22,HOUSEHOLD,1173,0
2014-11-23,FOODS,3632,0
2014-11-23,HOBBIES,520,0
2014-11-23,HOUSEHOLD,1147,0
2014-11-24,FOODS,3185,0
2014-11-24,HOBBIES,472,0
2014-11-24,HOUSEHOLD,854,0
2014-11-25,FOODS,3024,0
2014-11-25,HOBBIES,468,0
2014-11-25,HOUSEHOLD,783,0
2014-11-26,FOODS,3165,0
2014-11-26,HOBBIES,462,0
2014-11-26,HOUSEHOLD,807,0
2014-11-27,FOODS,1972,0
2014-11-27,HOBBIES,145,0
2014-11-27,HOUSEHOLD,372,0
2014-11-28,FOODS,2295,0
2014-11-28,HOBBIES,361,0
2014-11-28,HOUSEHOLD,637,0
2014-11-29,FOODS,2983,0
2014-11-29,HOBBIES,606,0
2014-11-29,HOUSEHOLD,915,0
2014-11-30,FOODS,3229,0
2014-11-30,HOBBIES,563,0
2014-11-30,HOUSEHOLD,1020,0
2014-12-01,FOODS,2867,1
2014-12-01,HOBBIES,640,1
2014-12-01,HOUSEHOLD,846,1
2014-12-02,FOODS,2311,1
2014-12-02,HOBBIES,424,1
2014-12-02,HOUSEHOLD,624,1
2014-12-03,FOODS,2337,1
2014-12-03,HOBBIES,421,1
2014-12-03,HOUSEHOLD,686,1
2014-12-04,FOODS,2774,1
2014-12-04,HOBBIES,479,1
2014-12-04,HOUSEHOLD,824,1
2014-12-05,FOODS,2730,1
2014-12-05,HOBBIES,543,1
2014-12-05,HOUSEHOLD,936,1
2014-12-06,FOODS,3741,1
2014-12-06,HOBBIES,707,1
2014-12-06,HOUSEHOLD,1108,1
2014-12-07,FOODS,3751,1
2014-12-07,HOBBIES,547,1
2014-12-07,HOUSEHOLD,1106,1
2014-12-08,FOODS,3102,1
2014-12-08,HOBBIES,436,1
2014-12-08,HOUSEHOLD,755,1
2014-12-09,FOODS,2687,1
2014-12-09,HOBBIES,557,1
2014-12-09,HOUSEHOLD,694,1
2014-12-10,FOODS,3222,1
2014-12-10,HOBBIES,649,1
2014-12-10,HOUSEHOLD,698,1
2014-12-11,FOODS,1665,0
2014-12-11,HOBBIES,236,0
2014-12-11,HOUSEHOLD,397,0
2014-12-12,FOODS,2472,0
2014-12-12,HOBBIES,453,0
2014-12-12,HOUSEHOLD,709,0
2014-12-13,FOODS,3310,0
2014-12-13,HOBBIES,666,0
2014-12-13,HOUSEHOLD,1063,0
2014-12-14,FOODS,3860,0
2014-12-14,HOBBIES,596,0
2014-12-14,HOUSEHOLD,1194,0
2014-12-15,FOODS,2613,0
2014-12-15,HOBBIES,412,0
2014-12-15,HOUSEHOLD,607,0
2014-12-16,FOODS,2549,0
2014-12-16,HOBBIES,588,0
2014-12-16,HOUSEHOLD,743,0
2014-12-17,FOODS,2523,0
2014-12-17,HOBBIES,434,0
2014-12-17,HOUSEHOLD,654,0
2014-12-18,FOODS,2671,0
2014-12-18,HOBBIES,502,0
2014-12-18,HOUSEHOLD,663,0
2014-12-19,FOODS,2668,0
2014-12-19,HOBBIES,476,0
2014-12-19,HOUSEHOLD,688,0
2014-12-20,FOODS,3560,0
2014-12-20,HOBBIES,736,0
2014-12-20,HOUSEHOLD,1006,0
2014-12-21,FOODS,3858,0
2014-12-21,HOBBIES,557,0
2014-12-21,HOUSEHOLD,1049,0
2014-12-22,FOODS,3460,0
2014-12-22,HOBBIES,473,0
2014-12-22,HOUSEHOLD,872,0
2014-12-23,FOODS,3179,0
2014-12-23,HOBBIES,586,0
2014-12-23,HOUSEHOLD,766,0
2014-12-24,FOODS,2610,0
2014-12-24,HOBBIES,277,0
2014-12-24,HOUSEHOLD,600,0
2014-12-25,FOODS,0,0
2014-12-25,HOBBIES,0,0
2014-12-25,HOUSEHOLD,0,0
2014-12-26,FOODS,2365,0
2014-12-26,HOBBIES,491,0
2014-12-26,HOUSEHOLD,737,0
2014-12-27,FOODS,2744,0
2014-12-27,HOBBIES,527,0
2014-12-27,HOUSEHOLD,955,0
2014-12-28,FOODS,2958,0
2014-12-28,HOBBIES,434,0
2014-12-28,HOUSEHOLD,1015,0
2014-12-29,FOODS,2560,0
2014-12-29,HOBBIES,502,0
2014-12-29,HOUSEHOLD,763,0
2014-12-30,FOODS,2427,0
2014-12-30,HOBBIES,434,0
2014-12-30,HOUSEHOLD,750,0
2014-12-31,FOODS,2895,0
2014-12-31,HOBBIES,509,0
2014-12-31,HOUSEHOLD,722,0
2015-01-01,FOODS,2179,1
2015-01-01,HOBBIES,326,1
2015-01-01,HOUSEHOLD,645,1
2015-01-02,FOODS,3172,1
2015-01-02,HOBBIES,552,1
2015-01-02,HOUSEHOLD,939,1
2015-01-03,FOODS,3651,1
2015-01-03,HOBBIES,530,1
2015-01-03,HOUSEHOLD,1171,1
2015-01-04,FOODS,4168,1
2015-01-04,HOBBIES,590,1
2015-01-04,HOUSEHOLD,908,1
2015-01-05,FOODS,3140,1
2015-01-05,HOBBIES,565,1
2015-01-05,HOUSEHOLD,780,1
2015-01-06,FOODS,2597,1
2015-01-06,HOBBIES,447,1
2015-01-06,HOUSEHOLD,572,1
2015-01-07,FOODS,2503,1
2015-01-07,HOBBIES,331,1
2015-01-07,HOUSEHOLD,560,1
2015-01-08,FOODS,2510,1
2015-01-08,HOBBIES,364,1
2015-01-08,HOUSEHOLD,643,1
2015-01-09,FOODS,2899,1
2015-01-09,HOBBIES,427,1
2015-01-09,HOUSEHOLD,709,1
2015-01-10,FOODS,3999,1
2015-01-10,HOBBIES,676,1
2015-01-10,HOUSEHOLD,1030,1
2015-01-11,FOODS,4148,0
2015-01-11,HOBBIES,530,0
2015-01-11,HOUSEHOLD,1126,0
2015-01-12,FOODS,2785,0
2015-01-12,HOBBIES,505,0
2015-01-12,HOUSEHOLD,793,0
2015-01-13,FOODS,2240,0
2015-01-13,HOBBIES,418,0
2015-01-13,HOUSEHOLD,626,0
2015-01-14,FOODS,2187,0
2015-01-14,HOBBIES,432,0
2015-01-14,HOUSEHOLD,606,0
2015-01-15,FOODS,2360,0
2015-01-15,HOBBIES,447,0
2015-01-15,HOUSEHOLD,652,0
2015-01-16,FOODS,2745,0
2015-01-16,HOBBIES,518,0
2015-01-16,HOUSEHOLD,760,0
2015-01-17,FOODS,3480,0
2015-01-17,HOBBIES,631,0
2015-01-17,HOUSEHOLD,1055,0
2015-01-18,FOODS,3658,0
2015-01-18,HOBBIES,472,0
2015-01-18,HOUSEHOLD,1065,0
2015-01-19,FOODS,2945,0
2015-01-19,HOBBIES,570,0
2015-01-19,HOUSEHOLD,941,0
2015-01-20,FOODS,2302,0
2015-01-20,HOBBIES,346,0
2015-01-20,HOUSEHOLD,652,0
2015-01-21,FOODS,2228,0
2015-01-21,HOBBIES,387,0
2015-01-21,HOUSEHOLD,666,0
2015-01-22,FOODS,2046,0
2015-01-22,HOBBIES,285,0
2015-01-22,HOUSEHOLD,570,0
2015-01-23,FOODS,2678,0
2015-01-23,HOBBIES,505,0
2015-01-23,HOUSEHOLD,859,0
2015-01-24,FOODS,3708,0
2015-01-24,HOBBIES,680,0
2015-01-24,HOUSEHOLD,1149,0
2015-01-25,FOODS,3727,0
2015-01-25,HOBBIES,558,0
2015-01-25,HOUSEHOLD,1292,0
2015-01-26,FOODS,2344,0
2015-01-26,HOBBIES,381,0
2015-01-26,HOUSEHOLD,656,0
2015-01-27,FOODS,1992,0
2015-01-27,HOBBIES,429,0
2015-01-27,HOUSEHOLD,571,0
2015-01-28,FOODS,2082,0
2015-01-28,HOBBIES,419,0
2015-01-28,HOUSEHOLD,576,0
2015-01-29,FOODS,2131,0
2015-01-29,HOBBIES,446,0
2015-01-29,HOUSEHOLD,642,0
2015-01-30,FOODS,2713,0
2015-01-30,HOBBIES,565,0
2015-01-30,HOUSEHOLD,881,0
2015-01-31,FOODS,4140,0
2015-01-31,HOBBIES,623,0
2015-01-31,HOUSEHOLD,1308,0
2015-02-01,FOODS,3711,1
2015-02-01,HOBBIES,619,1
2015-02-01,HOUSEHOLD,1132,1
2015-02-02,FOODS,2640,1
2015-02-02,HOBBIES,443,1
2015-02-02,HOUSEHOLD,803,1
2015-02-03,FOODS,2718,1
2015-02-03,HOBBIES,495,1
2015-02-03,HOUSEHOLD,838,1
2015-02-04,FOODS,2588,1
2015-02-04,HOBBIES,384,1
2015-02-04,HOUSEHOLD,701,1
2015-02-05,FOODS,2632,1
2015-02-05,HOBBIES,453,1
2015-02-05,HOUSEHOLD,804,1
2015-02-06,FOODS,2797,1
2015-02-06,HOBBIES,439,1
2015-02-06,HOUSEHOLD,782,1
2015-02-07,FOODS,4219,1
2015-02-07,HOBBIES,777,1
2015-02-07,HOUSEHOLD,1318,1
2015-02-08,FOODS,4086,1
2015-02-08,HOBBIES,507,1
2015-02-08,HOUSEHOLD,1266,1
2015-02-09,FOODS,3451,1
2015-02-09,HOBBIES,534,1
2015-02-09,HOUSEHOLD,992,1
2015-02-10,FOODS,2809,1
2015-02-10,HOBBIES,566,1
2015-02-10,HOUSEHOLD,759,1
2015-02-11,FOODS,2745,0
2015-02-11,HOBBIES,508,0
2015-02-11,HOUSEHOLD,787,0
2015-02-12,FOODS,2608,0
2015-02-12,HOBBIES,438,0
2015-02-12,HOUSEHOLD,783,0
2015-02-13,FOODS,2924,0
2015-02-13,HOBBIES,467,0
2015-02-13,HOUSEHOLD,792,0
2015-02-14,FOODS,3253,0
2015-02-14,HOBBIES,600,0
2015-02-14,HOUSEHOLD,936,0
2015-02-15,FOODS,3218,0
2015-02-15,HOBBIES,520,0
2015-02-15,HOUSEHOLD,1086,0
2015-02-16,FOODS,2752,0
2015-02-16,HOBBIES,507,0
2015-02-16,HOUSEHOLD,1022,0
2015-02-17,FOODS,2202,0
2015-02-17,HOBBIES,400,0
2015-02-17,HOUSEHOLD,810,0
2015-02-18,FOODS,1961,0
2015-02-18,HOBBIES,433,0
2015-02-18,HOUSEHOLD,644,0
2015-02-19,FOODS,2072,0
2015-02-19,HOBBIES,467,0
2015-02-19,HOUSEHOLD,641,0
2015-02-20,FOODS,2773,0
2015-02-20,HOBBIES,500,0
2015-02-20,HOUSEHOLD,865,0
2015-02-21,FOODS,3112,0
2015-02-21,HOBBIES,567,0
2015-02-21,HOUSEHOLD,1088,0
2015-02-22,FOODS,3559,0
2015-02-22,HOBBIES,591,0
2015-02-22,HOUSEHOLD,1276,0
2015-02-23,FOODS,2396,0
2015-02-23,HOBBIES,348,0
2015-02-23,HOUSEHOLD,804,0
2015-02-24,FOODS,1923,0
2015-02-24,HOBBIES,378,0
2015-02-24,HOUSEHOLD,671,0
2015-02-25,FOODS,1903,0
2015-02-25,HOBBIES,553,0
2015-02-25,HOUSEHOLD,650,0
2015-02-26,FOODS,1842,0
2015-02-26,HOBBIES,482,0
2015-02-26,HOUSEHOLD,688,0
2015-02-27,FOODS,2519,0
2015-02-27,HOBBIES,701,0
2015-02-27,HOUSEHOLD,894,0
2015-02-28,FOODS,3517,0
2015-02-28,HOBBIES,803,0
2015-02-28,HOUSEHOLD,1283,0
2015-03-01,FOODS,3771,1
2015-03-01,HOBBIES,741,1
2015-03-01,HOUSEHOLD,1262,1
2015-03-02,FOODS,2688,1
2015-03-02,HOBBIES,441,1
2015-03-02,HOUSEHOLD,884,1
2015-03-03,FOODS,2443,1
2015-03-03,HOBBIES,506,1
2015-03-03,HOUSEHOLD,878,1
2015-03-04,FOODS,2365,1
2015-03-04,HOBBIES,476,1
2015-03-04,HOUSEHOLD,743,1
2015-03-05,FOODS,2377,1
2015-03-05,HOBBIES,553,1
2015-03-05,HOUSEHOLD,730,1
2015-03-06,FOODS,2897,1
2015-03-06,HOBBIES,581,1
2015-03-06,HOUSEHOLD,853,1
2015-03-07,FOODS,3536,1
2015-03-07,HOBBIES,627,1
2015-03-07,HOUSEHOLD,1071,1
2015-03-08,FOODS,3940,1
2015-03-08,HOBBIES,608,1
2015-03-08,HOUSEHOLD,1423,1
2015-03-09,FOODS,2721,1
2015-03-09,HOBBIES,436,1
2015-03-09,HOUSEHOLD,889,1
2015-03-10,FOODS,2408,1
2015-03-10,HOBBIES,470,1
2015-03-10,HOUSEHOLD,832,1
2015-03-11,FOODS,2374,0
2015-03-11,HOBBIES,410,0
2015-03-11,HOUSEHOLD,690,0
2015-03-12,FOODS,2319,0
2015-03-12,HOBBIES,507,0
2015-03-12,HOUSEHOLD,693,0
2015-03-13,FOODS,2881,0
2015-03-13,HOBBIES,412,0
2015-03-13,HOUSEHOLD,891,0
2015-03-14,FOODS,3270,0
2015-03-14,HOBBIES,572,0
2015-03-14,HOUSEHOLD,1173,0
2015-03-15,FOODS,3894,0
2015-03-15,HOBBIES,563,0
2015-03-15,HOUSEHOLD,1348,0
2015-03-16,FOODS,2504,0
2015-03-16,HOBBIES,668,0
2015-03-16,HOUSEHOLD,892,0
2015-03-17,FOODS,2220,0
2015-03-17,HOBBIES,489,0
2015-03-17,HOUSEHOLD,722,0
2015-03-18,FOODS,2216,0
2015-03-18,HOBBIES,480,0
2015-03-18,HOUSEHOLD,746,0
2015-03-19,FOODS,2072,0
2015-03-19,HOBBIES,435,0
2015-03-19,HOUSEHOLD,687,0
2015-03-20,FOODS,2733,0
2015-03-20,HOBBIES,506,0
2015-03-20,HOUSEHOLD,881,0
2015-03-21,FOODS,3625,0
2015-03-21,HOBBIES,660,0
2015-03-21,HOUSEHOLD,1243,0
2015-03-22,FOODS,3709,0
2015-03-22,HOBBIES,492,0
2015-03-22,HOUSEHOLD,1369,0
2015-03-23,FOODS,2452,0
2015-03-23,HOBBIES,462,0
2015-03-23,HOUSEHOLD,904,0
2015-03-24,FOODS,2133,0
2015-03-24,HOBBIES,540,0
2015-03-24,HOUSEHOLD,728,0
2015-03-25,FOODS,2082,0
2015-03-25,HOBBIES,409,0
2015-03-25,HOUSEHOLD,702,0
2015-03-26,FOODS,2210,0
2015-03-26,HOBBIES,414,0
2015-03-26,HOUSEHOLD,763,0
2015-03-27,FOODS,2684,0
2015-03-27,HOBBIES,529,0
2015-03-27,HOUSEHOLD,828,0
2015-03-28,FOODS,3340,0
2015-03-28,HOBBIES,528,0
2015-03-28,HOUSEHOLD,999,0
2015-03-29,FOODS,3909,0
2015-03-29,HOBBIES,475,0
2015-03-29,HOUSEHOLD,1069,0
2015-03-30,FOODS,2755,0
2015-03-30,HOBBIES,579,0
2015-03-30,HOUSEHOLD,922,0
2015-03-31,FOODS,2654,0
2015-03-31,HOBBIES,384,0
2015-03-31,HOUSEHOLD,839,0
2015-04-01,FOODS,2903,1
2015-04-01,HOBBIES,632,1
2015-04-01,HOUSEHOLD,911,1
2015-04-02,FOODS,2980,1
2015-04-02,HOBBIES,518,1
2015-04-02,HOUSEHOLD,897,1
2015-04-03,FOODS,4005,1
2015-04-03,HOBBIES,556,1
2015-04-03,HOUSEHOLD,1071,1
2015-04-04,FOODS,4688,1
2015-04-04,HOBBIES,668,1
2015-04-04,HOUSEHOLD,1280,1
2015-04-05,FOODS,3291,1
2015-04-05,HOBBIES,502,1
2015-04-05,HOUSEHOLD,1081,1
2015-04-06,FOODS,2663,1
2015-04-06,HOBBIES,503,1
2015-04-06,HOUSEHOLD,935,1
2015-04-07,FOODS,2538,1
2015-04-07,HOBBIES,592,1
2015-04-07,HOUSEHOLD,680,1
2015-04-08,FOODS,2610,1
2015-04-08,HOBBIES,439,1
2015-04-08,HOUSEHOLD,760,1
2015-04-09,FOODS,2538,1
2015-04-09,HOBBIES,448,1
2015-04-09,HOUSEHOLD,740,1
2015-04-10,FOODS,3175,1
2015-04-10,HOBBIES,492,1
2015-04-10,HOUSEHOLD,917,1
2015-04-11,FOODS,3627,0
2015-04-11,HOBBIES,684,0
2015-04-11,HOUSEHOLD,1184,0
2015-04-12,FOODS,4125,0
2015-04-12,HOBBIES,629,0
2015-04-12,HOUSEHOLD,1339,0
2015-04-13,FOODS,2829,0
2015-04-13,HOBBIES,432,0
2015-04-13,HOUSEHOLD,910,0
2015-04-14,FOODS,2354,0
2015-04-14,HOBBIES,563,0
2015-04-14,HOUSEHOLD,785,0
2015-04-15,FOODS,2370,0
2015-04-15,HOBBIES,491,0
2015-04-15,HOUSEHOLD,807,0
2015-04-16,FOODS,2464,0
2015-04-16,HOBBIES,535,0
2015-04-16,HOUSEHOLD,733,0
2015-04-17,FOODS,2951,0
2015-04-17,HOBBIES,412,0
2015-04-17,HOUSEHOLD,873,0
2015-04-18,FOODS,3651,0
2015-04-18,HOBBIES,743,0
2015-04-18,HOUSEHOLD,1257,0
2015-04-19,FOODS,3868,0
2015-04-19,HOBBIES,598,0
2015-04-19,HOUSEHOLD,1383,0
2015-04-20,FOODS,2656,0
2015-04-20,HOBBIES,459,0
2015-04-20,HOUSEHOLD,1016,0
2015-04-21,FOODS,2254,0
2015-04-21,HOBBIES,504,0
2015-04-21,HOUSEHOLD,785,0
2015-04-22,FOODS,2169,0
2015-04-22,HOBBIES,480,0
2015-04-22,HOUSEHOLD,795,0
2015-04-23,FOODS,2510,0
2015-04-23,HOBBIES,515,0
2015-04-23,HOUSEHOLD,772,0
2015-04-24,FOODS,2792,0
2015-04-24,HOBBIES,625,0
2015-04-24,HOUSEHOLD,895,0
2015-04-25,FOODS,4005,0
2015-04-25,HOBBIES,632,0
2015-04-25,HOUSEHOLD,1382,0
2015-04-26,FOODS,3952,0
2015-04-26,HOBBIES,589,0
2015-04-26,HOUSEHOLD,1274,0
2015-04-27,FOODS,2712,0
2015-04-27,HOBBIES,459,0
2015-04-27,HOUSEHOLD,824,0
2015-04-28,FOODS,2344,0
2015-04-28,HOBBIES,394,0
2015-04-28,HOUSEHOLD,788,0
2015-04-29,FOODS,2400,0
2015-04-29,HOBBIES,456,0
2015-04-29,HOUSEHOLD,704,0
2015-04-30,FOODS,2320,0
2015-04-30,HOBBIES,427,0
2015-04-30,HOUSEHOLD,719,0
2015-05-01,FOODS,3579,1
2015-05-01,HOBBIES,546,1
2015-05-01,HOUSEHOLD,996,1
2015-05-02,FOODS,4042,1
2015-05-02,HOBBIES,614,1
2015-05-02,HOUSEHOLD,1145,1
2015-05-03,FOODS,4426,1
2015-05-03,HOBBIES,613,1
2015-05-03,HOUSEHOLD,1485,1
2015-05-04,FOODS,3184,1
2015-05-04,HOBBIES,601,1
2015-05-04,HOUSEHOLD,1009,1
2015-05-05,FOODS,2891,1
2015-05-05,HOBBIES,495,1
2015-05-05,HOUSEHOLD,782,1
2015-05-06,FOODS,2613,1
2015-05-06,HOBBIES,551,1
2015-05-06,HOUSEHOLD,861,1
2015-05-07,FOODS,2874,1
2015-05-07,HOBBIES,506,1
2015-05-07,HOUSEHOLD,802,1
2015-05-08,FOODS,3242,1
2015-05-08,HOBBIES,543,1
2015-05-08,HOUSEHOLD,912,1
2015-05-09,FOODS,4146,1
2015-05-09,HOBBIES,588,1
2015-05-09,HOUSEHOLD,1106,1
2015-05-10,FOODS,3482,1
2015-05-10,HOBBIES,532,1
2015-05-10,HOUSEHOLD,1000,1
2015-05-11,FOODS,3123,0
2015-05-11,HOBBIES,631,0
2015-05-11,HOUSEHOLD,848,0
2015-05-12,FOODS,2419,0
2015-05-12,HOBBIES,548,0
2015-05-12,HOUSEHOLD,843,0
2015-05-13,FOODS,2594,0
2015-05-13,HOBBIES,536,0
2015-05-13,HOUSEHOLD,828,0
2015-05-14,FOODS,2395,0
2015-05-14,HOBBIES,385,0
2015-05-14,HOUSEHOLD,707,0
2015-05-15,FOODS,2890,0
2015-05-15,HOBBIES,588,0
2015-05-15,HOUSEHOLD,897,0
2015-05-16,FOODS,3628,0
2015-05-16,HOBBIES,673,0
2015-05-16,HOUSEHOLD,1288,0
2015-05-17,FOODS,3722,0
2015-05-17,HOBBIES,582,0
2015-05-17,HOUSEHOLD,1264,0
2015-05-18,FOODS,2746,0
2015-05-18,HOBBIES,481,0
2015-05-18,HOUSEHOLD,958,0
2015-05-19,FOODS,2346,0
2015-05-19,HOBBIES,519,0
2015-05-19,HOUSEHOLD,711,0
2015-05-20,FOODS,2230,0
2015-05-20,HOBBIES,568,0
2015-05-20,HOUSEHOLD,782,0
2015-05-21,FOODS,2396,0
2015-05-21,HOBBIES,464,0
2015-05-21,HOUSEHOLD,775,0
2015-05-22,FOODS,3110,0
2015-05-22,HOBBIES,564,0
2015-05-22,HOUSEHOLD,904,0
2015-05-23,FOODS,3493,0
2015-05-23,HOBBIES,686,0
2015-05-23,HOUSEHOLD,1236,0
2015-05-24,FOODS,3498,0
2015-05-24,HOBBIES,678,0
2015-05-24,HOUSEHOLD,1236,0
2015-05-25,FOODS,3306,0
2015-05-25,HOBBIES,461,0
2015-05-25,HOUSEHOLD,1092,0
2015-05-26,FOODS,2356,0
2015-05-26,HOBBIES,467,0
2015-05-26,HOUSEHOLD,786,0
2015-05-27,FOODS,2370,0
2015-05-27,HOBBIES,564,0
2015-05-27,HOUSEHOLD,788,0
2015-05-28,FOODS,2209,0
2015-05-28,HOBBIES,453,0
2015-05-28,HOUSEHOLD,719,0
2015-05-29,FOODS,2475,0
2015-05-29,HOBBIES,457,0
2015-05-29,HOUSEHOLD,871,0
2015-05-30,FOODS,3542,0
2015-05-30,HOBBIES,610,0
2015-05-30,HOUSEHOLD,1190,0
2015-05-31,FOODS,3824,0
2015-05-31,HOBBIES,717,0
2015-05-31,HOUSEHOLD,1439,0
2015-06-01,FOODS,3125,1
2015-06-01,HOBBIES,528,1
2015-06-01,HOUSEHOLD,1049,1
2015-06-02,FOODS,2803,1
2015-06-02,HOBBIES,585,1
2015-06-02,HOUSEHOLD,894,1
2015-06-03,FOODS,2657,1
2015-06-03,HOBBIES,428,1
2015-06-03,HOUSEHOLD,922,1
2015-06-04,FOODS,2570,1
2015-06-04,HOBBIES,414,1
2015-06-04,HOUSEHOLD,834,1
2015-06-05,FOODS,3221,1
2015-06-05,HOBBIES,505,1
2015-06-05,HOUSEHOLD,920,1
2015-06-06,FOODS,3748,1
2015-06-06,HOBBIES,665,1
2015-06-06,HOUSEHOLD,1297,1
2015-06-07,FOODS,3932,1
2015-06-07,HOBBIES,577,1
2015-06-07,HOUSEHOLD,1317,1
2015-06-08,FOODS,3149,1
2015-06-08,HOBBIES,408,1
2015-06-08,HOUSEHOLD,918,1
2015-06-09,FOODS,2924,1
2015-06-09,HOBBIES,380,1
2015-06-09,HOUSEHOLD,841,1
2015-06-10,FOODS,2883,1
2015-06-10,HOBBIES,521,1
2015-06-10,HOUSEHOLD,806,1
2015-06-11,FOODS,2619,0
2015-06-11,HOBBIES,407,0
2015-06-11,HOUSEHOLD,818,0
2015-06-12,FOODS,3148,0
2015-06-12,HOBBIES,496,0
2015-06-12,HOUSEHOLD,961,0
2015-06-13,FOODS,3725,0
2015-06-13,HOBBIES,585,0
2015-06-13,HOUSEHOLD,1185,0
2015-06-14,FOODS,3952,0
2015-06-14,HOBBIES,532,0
2015-06-14,HOUSEHOLD,1360,0
2015-06-15,FOODS,3048,0
2015-06-15,HOBBIES,473,0
2015-06-15,HOUSEHOLD,933,0
2015-06-16,FOODS,2490,0
2015-06-16,HOBBIES,409,0
2015-06-16,HOUSEHOLD,893,0
2015-06-17,FOODS,2566,0
2015-06-17,HOBBIES,516,0
2015-06-17,HOUSEHOLD,820,0
2015-06-18,FOODS,2592,0
2015-06-18,HOBBIES,468,0
2015-06-18,HOUSEHOLD,958,0
2015-06-19,FOODS,3170,0
2015-06-19,HOBBIES,543,0
2015-06-19,HOUSEHOLD,1067,0
2015-06-20,FOODS,3652,0
2015-06-20,HOBBIES,613,0
2015-06-20,HOUSEHOLD,1241,0
2015-06-21,FOODS,3342,0
2015-06-21,HOBBIES,499,0
2015-06-21,HOUSEHOLD,1040,0
2015-06-22,FOODS,2863,0
2015-06-22,HOBBIES,490,0
2015-06-22,HOUSEHOLD,910,0
2015-06-23,FOODS,2893,0
2015-06-23,HOBBIES,480,0
2015-06-23,HOUSEHOLD,886,0
2015-06-24,FOODS,2456,0
2015-06-24,HOBBIES,511,0
2015-06-24,HOUSEHOLD,884,0
2015-06-25,FOODS,2653,0
2015-06-25,HOBBIES,471,0
2015-06-25,HOUSEHOLD,738,0
2015-06-26,FOODS,2776,0
2015-06-26,HOBBIES,552,0
2015-06-26,HOUSEHOLD,1025,0
2015-06-27,FOODS,3487,0
2015-06-27,HOBBIES,603,0
2015-06-27,HOUSEHOLD,1238,0
2015-06-28,FOODS,3661,0
2015-06-28,HOBBIES,684,0
2015-06-28,HOUSEHOLD,1431,0
2015-06-29,FOODS,2426,0
2015-06-29,HOBBIES,558,0
2015-06-29,HOUSEHOLD,935,0
2015-06-30,FOODS,2615,0
2015-06-30,HOBBIES,481,0
2015-06-30,HOUSEHOLD,922,0
2015-07-01,FOODS,2920,1
2015-07-01,HOBBIES,692,1
2015-07-01,HOUSEHOLD,938,1
2015-07-02,FOODS,3265,1
2015-07-02,HOBBIES,596,1
2015-07-02,HOUSEHOLD,1028,1
2015-07-03,FOODS,4224,1
2015-07-03,HOBBIES,818,1
2015-07-03,HOUSEHOLD,1327,1
2015-07-04,FOODS,3071,1
2015-07-04,HOBBIES,476,1
2015-07-04,HOUSEHOLD,887,1
2015-07-05,FOODS,3395,1
2015-07-05,HOBBIES,514,1
2015-07-05,HOUSEHOLD,1233,1
2015-07-06,FOODS,3290,1
2015-07-06,HOBBIES,548,1
2015-07-06,HOUSEHOLD,1077,1
2015-07-07,FOODS,2991,1
2015-07-07,HOBBIES,535,1
2015-07-07,HOUSEHOLD,884,1
2015-07-08,FOODS,2649,1
2015-07-08,HOBBIES,533,1
2015-07-08,HOUSEHOLD,848,1
2015-07-09,FOODS,2804,1
2015-07-09,HOBBIES,526,1
2015-07-09,HOUSEHOLD,890,1
2015-07-10,FOODS,3394,1
2015-07-10,HOBBIES,657,1
2015-07-10,HOUSEHOLD,1081,1
2015-07-11,FOODS,3736,0
2015-07-11,HOBBIES,653,0
2015-07-11,HOUSEHOLD,1242,0
2015-07-12,FOODS,3772,0
2015-07-12,HOBBIES,688,0
2015-07-12,HOUSEHOLD,1459,0
2015-07-13,FOODS,2827,0
2015-07-13,HOBBIES,538,0
2015-07-13,HOUSEHOLD,1059,0
2015-07-14,FOODS,2515,0
2015-07-14,HOBBIES,417,0
2015-07-14,HOUSEHOLD,873,0
2015-07-15,FOODS,2534,0
2015-07-15,HOBBIES,523,0
2015-07-15,HOUSEHOLD,914,0
2015-07-16,FOODS,2672,0
2015-07-16,HOBBIES,525,0
2015-07-16,HOUSEHOLD,900,0
2015-07-17,FOODS,2996,0
2015-07-17,HOBBIES,565,0
2015-07-17,HOUSEHOLD,1037,0
2015-07-18,FOODS,3190,0
2015-07-18,HOBBIES,703,0
2015-07-18,HOUSEHOLD,1240,0
2015-07-19,FOODS,3453,0
2015-07-19,HOBBIES,740,0
2015-07-19,HOUSEHOLD,1462,0
2015-07-20,FOODS,2877,0
2015-07-20,HOBBIES,492,0
2015-07-20,HOUSEHOLD,1020,0
2015-07-21,FOODS,2528,0
2015-07-21,HOBBIES,425,0
2015-07-21,HOUSEHOLD,843,0
2015-07-22,FOODS,2607,0
2015-07-22,HOBBIES,634,0
2015-07-22,HOUSEHOLD,865,0
2015-07-23,FOODS,2364,0
2015-07-23,HOBBIES,503,0
2015-07-23,HOUSEHOLD,976,0
2015-07-24,FOODS,2838,0
2015-07-24,HOBBIES,552,0
2015-07-24,HOUSEHOLD,1001,0
2015-07-25,FOODS,2986,0
2015-07-25,HOBBIES,552,0
2015-07-25,HOUSEHOLD,1073,0
2015-07-26,FOODS,3413,0
2015-07-26,HOBBIES,526,0
2015-07-26,HOUSEHOLD,1315,0
2015-07-27,FOODS,3020,0
2015-07-27,HOBBIES,579,0
2015-07-27,HOUSEHOLD,1140,0
2015-07-28,FOODS,2515,0
2015-07-28,HOBBIES,493,0
2015-07-28,HOUSEHOLD,943,0
2015-07-29,FOODS,2356,0
2015-07-29,HOBBIES,412,0
2015-07-29,HOUSEHOLD,864,0
2015-07-30,FOODS,2716,0
2015-07-30,HOBBIES,475,0
2015-07-30,HOUSEHOLD,881,0
2015-07-31,FOODS,3242,0
2015-07-31,HOBBIES,601,0
2015-07-31,HOUSEHOLD,1022,0
2015-08-01,FOODS,3804,1
2015-08-01,HOBBIES,749,1
2015-08-01,HOUSEHOLD,1324,1
2015-08-02,FOODS,4348,1
2015-08-02,HOBBIES,755,1
2015-08-02,HOUSEHOLD,1665,1
2015-08-03,FOODS,3463,1
2015-08-03,HOBBIES,682,1
2015-08-03,HOUSEHOLD,1181,1
2015-08-04,FOODS,2938,1
2015-08-04,HOBBIES,490,1
2015-08-04,HOUSEHOLD,990,1
2015-08-05,FOODS,2822,1
2015-08-05,HOBBIES,487,1
2015-08-05,HOUSEHOLD,893,1
2015-08-06,FOODS,2919,1
2015-08-06,HOBBIES,515,1
2015-08-06,HOUSEHOLD,898,1
2015-08-07,FOODS,3140,1
2015-08-07,HOBBIES,622,1
2015-08-07,HOUSEHOLD,1020,1
2015-08-08,FOODS,3926,1
2015-08-08,HOBBIES,659,1
2015-08-08,HOUSEHOLD,1435,1
2015-08-09,FOODS,4115,1
2015-08-09,HOBBIES,738,1
2015-08-09,HOUSEHOLD,1399,1
2015-08-10,FOODS,3128,1
2015-08-10,HOBBIES,499,1
2015-08-10,HOUSEHOLD,1093,1
2015-08-11,FOODS,2629,0
2015-08-11,HOBBIES,590,0
2015-08-11,HOUSEHOLD,928,0
2015-08-12,FOODS,2660,0
2015-08-12,HOBBIES,528,0
2015-08-12,HOUSEHOLD,886,0
2015-08-13,FOODS,2384,0
2015-08-13,HOBBIES,481,0
2015-08-13,HOUSEHOLD,806,0
2015-08-14,FOODS,2899,0
2015-08-14,HOBBIES,510,0
2015-08-14,HOUSEHOLD,1010,0
2015-08-15,FOODS,3443,0
2015-08-15,HOBBIES,747,0
2015-08-15,HOUSEHOLD,1218,0
2015-08-16,FOODS,3980,0
2015-08-16,HOBBIES,666,0
2015-08-16,HOUSEHOLD,1508,0
2015-08-17,FOODS,3166,0
2015-08-17,HOBBIES,533,0
2015-08-17,HOUSEHOLD,1061,0
2015-08-18,FOODS,2404,0
2015-08-18,HOBBIES,459,0
2015-08-18,HOUSEHOLD,933,0
2015-08-19,FOODS,2378,0
2015-08-19,HOBBIES,660,0
2015-08-19,HOUSEHOLD,830,0
2015-08-20,FOODS,2393,0
2015-08-20,HOBBIES,494,0
2015-08-20,HOUSEHOLD,989,0
2015-08-21,FOODS,2666,0
2015-08-21,HOBBIES,565,0
2015-08-21,HOUSEHOLD,967,0
2015-08-22,FOODS,3268,0
2015-08-22,HOBBIES,577,0
2015-08-22,HOUSEHOLD,1277,0
2015-08-23,FOODS,4063,0
2015-08-23,HOBBIES,609,0
2015-08-23,HOUSEHOLD,1550,0
2015-08-24,FOODS,2547,0
2015-08-24,HOBBIES,448,0
2015-08-24,HOUSEHOLD,893,0
2015-08-25,FOODS,1985,0
2015-08-25,HOBBIES,502,0
2015-08-25,HOUSEHOLD,877,0
2015-08-26,FOODS,2152,0
2015-08-26,HOBBIES,577,0
2015-08-26,HOUSEHOLD,829,0
2015-08-27,FOODS,2216,0
2015-08-27,HOBBIES,597,0
2015-08-27,HOUSEHOLD,731,0
2015-08-28,FOODS,2660,0
2015-08-28,HOBBIES,467,0
2015-08-28,HOUSEHOLD,874,0
2015-08-29,FOODS,3484,0
2015-08-29,HOBBIES,606,0
2015-08-29,HOUSEHOLD,1278,0
2015-08-30,FOODS,3762,0
2015-08-30,HOBBIES,555,0
2015-08-30,HOUSEHOLD,1552,0
2015-08-31,FOODS,2610,0
2015-08-31,HOBBIES,566,0
2015-08-31,HOUSEHOLD,988,0
2015-09-01,FOODS,2547,1
2015-09-01,HOBBIES,413,1
2015-09-01,HOUSEHOLD,1023,1
2015-09-02,FOODS,2402,1
2015-09-02,HOBBIES,485,1
2015-09-02,HOUSEHOLD,898,1
2015-09-03,FOODS,2731,1
2015-09-03,HOBBIES,681,1
2015-09-03,HOUSEHOLD,915,1
2015-09-04,FOODS,3213,1
2015-09-04,HOBBIES,480,1
2015-09-04,HOUSEHOLD,1035,1
2015-09-05,FOODS,3875,1
2015-09-05,HOBBIES,628,1
2015-09-05,HOUSEHOLD,1254,1
2015-09-06,FOODS,3554,1
2015-09-06,HOBBIES,660,1
2015-09-06,HOUSEHOLD,1262,1
2015-09-07,FOODS,3709,1
2015-09-07,HOBBIES,649,1
2015-09-07,HOUSEHOLD,1278,1
2015-09-08,FOODS,2676,1
2015-09-08,HOBBIES,532,1
2015-09-08,HOUSEHOLD,898,1
2015-09-09,FOODS,2638,1
2015-09-09,HOBBIES,493,1
2015-09-09,HOUSEHOLD,682,1
2015-09-10,FOODS,2557,1
2015-09-10,HOBBIES,459,1
2015-09-10,HOUSEHOLD,829,1
2015-09-11,FOODS,2863,0
2015-09-11,HOBBIES,526,0
2015-09-11,HOUSEHOLD,991,0
2015-09-12,FOODS,3632,0
2015-09-12,HOBBIES,581,0
2015-09-12,HOUSEHOLD,1254,0
2015-09-13,FOODS,4001,0
2015-09-13,HOBBIES,617,0
2015-09-13,HOUSEHOLD,1434,0
2015-09-14,FOODS,2714,0
2015-09-14,HOBBIES,475,0
2015-09-14,HOUSEHOLD,944,0
2015-09-15,FOODS,2541,0
2015-09-15,HOBBIES,474,0
2015-09-15,HOUSEHOLD,913,0
2015-09-16,FOODS,2197,0
2015-09-16,HOBBIES,407,0
2015-09-16,HOUSEHOLD,801,0
2015-09-17,FOODS,2370,0
2015-09-17,HOBBIES,629,0
2015-09-17,HOUSEHOLD,774,0
2015-09-18,FOODS,2933,0
2015-09-18,HOBBIES,721,0
2015-09-18,HOUSEHOLD,1021,0
2015-09-19,FOODS,3706,0
2015-09-19,HOBBIES,626,0
2015-09-19,HOUSEHOLD,1295,0
2015-09-20,FOODS,4100,0
2015-09-20,HOBBIES,598,0
2015-09-20,HOUSEHOLD,1425,0
2015-09-21,FOODS,2853,0
2015-09-21,HOBBIES,453,0
2015-09-21,HOUSEHOLD,1119,0
2015-09-22,FOODS,2540,0
2015-09-22,HOBBIES,477,0
2015-09-22,HOUSEHOLD,895,0
2015-09-23,FOODS,2343,0
2015-09-23,HOBBIES,495,0
2015-09-23,HOUSEHOLD,818,0
2015-09-24,FOODS,2270,0
2015-09-24,HOBBIES,386,0
2015-09-24,HOUSEHOLD,774,0
2015-09-25,FOODS,2842,0
2015-09-25,HOBBIES,614,0
2015-09-25,HOUSEHOLD,1059,0
2015-09-26,FOODS,3628,0
2015-09-26,HOBBIES,594,0
2015-09-26,HOUSEHOLD,1199,0
2015-09-27,FOODS,3885,0
2015-09-27,HOBBIES,591,0
2015-09-27,HOUSEHOLD,1362,0
2015-09-28,FOODS,2623,0
2015-09-28,HOBBIES,483,0
2015-09-28,HOUSEHOLD,947,0
2015-09-29,FOODS,2086,0
2015-09-29,HOBBIES,395,0
2015-09-29,HOUSEHOLD,812,0
2015-09-30,FOODS,2193,0
2015-09-30,HOBBIES,430,0
2015-09-30,HOUSEHOLD,754,0
2015-10-01,FOODS,2497,1
2015-10-01,HOBBIES,565,1
2015-10-01,HOUSEHOLD,879,1
2015-10-02,FOODS,3350,1
2015-10-02,HOBBIES,692,1
2015-10-02,HOUSEHOLD,1103,1
2015-10-03,FOODS,4204,1
2015-10-03,HOBBIES,725,1
2015-10-03,HOUSEHOLD,1504,1
2015-10-04,FOODS,4609,1
2015-10-04,HOBBIES,693,1
2015-10-04,HOUSEHOLD,1366,1
2015-10-05,FOODS,3339,1
2015-10-05,HOBBIES,437,1
2015-10-05,HOUSEHOLD,1071,1
2015-10-06,FOODS,2814,1
2015-10-06,HOBBIES,481,1
2015-10-06,HOUSEHOLD,843,1
2015-10-07,FOODS,2563,1
2015-10-07,HOBBIES,528,1
2015-10-07,HOUSEHOLD,865,1
2015-10-08,FOODS,2640,1
2015-10-08,HOBBIES,501,1
2015-10-08,HOUSEHOLD,851,1
2015-10-09,FOODS,3257,1
2015-10-09,HOBBIES,557,1
2015-10-09,HOUSEHOLD,934,1
2015-10-10,FOODS,4062,1
2015-10-10,HOBBIES,521,1
2015-10-10,HOUSEHOLD,1340,1
2015-10-11,FOODS,4090,0
2015-10-11,HOBBIES,524,0
2015-10-11,HOUSEHOLD,1411,0
2015-10-12,FOODS,3183,0
2015-10-12,HOBBIES,564,0
2015-10-12,HOUSEHOLD,1133,0
2015-10-13,FOODS,2603,0
2015-10-13,HOBBIES,482,0
2015-10-13,HOUSEHOLD,892,0
2015-10-14,FOODS,2330,0
2015-10-14,HOBBIES,474,0
2015-10-14,HOUSEHOLD,861,0
2015-10-15,FOODS,2361,0
2015-10-15,HOBBIES,475,0
2015-10-15,HOUSEHOLD,775,0
2015-10-16,FOODS,2615,0
2015-10-16,HOBBIES,567,0
2015-10-16,HOUSEHOLD,940,0
2015-10-17,FOODS,3642,0
2015-10-17,HOBBIES,681,0
2015-10-17,HOUSEHOLD,1259,0
2015-10-18,FOODS,4084,0
2015-10-18,HOBBIES,630,0
2015-10-18,HOUSEHOLD,1500,0
2015-10-19,FOODS,2575,0
2015-10-19,HOBBIES,553,0
2015-10-19,HOUSEHOLD,966,0
2015-10-20,FOODS,2334,0
2015-10-20,HOBBIES,492,0
2015-10-20,HOUSEHOLD,891,0
2015-10-21,FOODS,2271,0
2015-10-21,HOBBIES,619,0
2015-10-21,HOUSEHOLD,827,0
2015-10-22,FOODS,2020,0
2015-10-22,HOBBIES,442,0
2015-10-22,HOUSEHOLD,749,0
2015-10-23,FOODS,2622,0
2015-10-23,HOBBIES,569,0
2015-10-23,HOUSEHOLD,885,0
2015-10-24,FOODS,3268,0
2015-10-24,HOBBIES,616,0
2015-10-24,HOUSEHOLD,1280,0
2015-10-25,FOODS,3952,0
2015-10-25,HOBBIES,724,0
2015-10-25,HOUSEHOLD,1337,0
2015-10-26,FOODS,2518,0
2015-10-26,HOBBIES,505,0
2015-10-26,HOUSEHOLD,930,0
2015-10-27,FOODS,2384,0
2015-10-27,HOBBIES,502,0
2015-10-27,HOUSEHOLD,772,0
2015-10-28,FOODS,2102,0
2015-10-28,HOBBIES,461,0
2015-10-28,HOUSEHOLD,837,0
2015-10-29,FOODS,2123,0
2015-10-29,HOBBIES,450,0
2015-10-29,HOUSEHOLD,807,0
2015-10-30,FOODS,2893,0
2015-10-30,HOBBIES,605,0
2015-10-30,HOUSEHOLD,1025,0
2015-10-31,FOODS,3185,0
2015-10-31,HOBBIES,737,0
2015-10-31,HOUSEHOLD,1292,0
2015-11-01,FOODS,3307,1
2015-11-01,HOBBIES,634,1
2015-11-01,HOUSEHOLD,1319,1
2015-11-02,FOODS,2574,1
2015-11-02,HOBBIES,595,1
2015-11-02,HOUSEHOLD,1004,1
2015-11-03,FOODS,2597,1
2015-11-03,HOBBIES,475,1
2015-11-03,HOUSEHOLD,1031,1
2015-11-04,FOODS,2272,1
2015-11-04,HOBBIES,573,1
2015-11-04,HOUSEHOLD,777,1
2015-11-05,FOODS,2185,1
2015-11-05,HOBBIES,544,1
2015-11-05,HOUSEHOLD,812,1
2015-11-06,FOODS,2696,1
2015-11-06,HOBBIES,648,1
2015-11-06,HOUSEHOLD,940,1
2015-11-07,FOODS,3424,1
2015-11-07,HOBBIES,665,1
2015-11-07,HOUSEHOLD,1325,1
2015-11-08,FOODS,3720,1
2015-11-08,HOBBIES,594,1
2015-11-08,HOUSEHOLD,1285,1
2015-11-09,FOODS,2537,1
2015-11-09,HOBBIES,463,1
2015-11-09,HOUSEHOLD,828,1
2015-11-10,FOODS,2517,1
2015-11-10,HOBBIES,522,1
2015-11-10,HOUSEHOLD,889,1
2015-11-11,FOODS,2393,0
2015-11-11,HOBBIES,471,0
2015-11-11,HOUSEHOLD,838,0
2015-11-12,FOODS,1862,0
2015-11-12,HOBBIES,458,0
2015-11-12,HOUSEHOLD,664,0
2015-11-13,FOODS,2258,0
2015-11-13,HOBBIES,583,0
2015-11-13,HOUSEHOLD,811,0
2015-11-14,FOODS,3207,0
2015-11-14,HOBBIES,582,0
2015-11-14,HOUSEHOLD,1165,0
2015-11-15,FOODS,3676,0
2015-11-15,HOBBIES,708,0
2015-11-15,HOUSEHOLD,1433,0
2015-11-16,FOODS,2269,0
2015-11-16,HOBBIES,465,0
2015-11-16,HOUSEHOLD,858,0
2015-11-17,FOODS,2070,0
2015-11-17,HOBBIES,571,0
2015-11-17,HOUSEHOLD,862,0
2015-11-18,FOODS,2144,0
2015-11-18,HOBBIES,544,0
2015-11-18,HOUSEHOLD,775,0
2015-11-19,FOODS,1951,0
2015-11-19,HOBBIES,622,0
2015-11-19,HOUSEHOLD,786,0
2015-11-20,FOODS,2516,0
2015-11-20,HOBBIES,614,0
2015-11-20,HOUSEHOLD,907,0
2015-11-21,FOODS,3206,0
2015-11-21,HOBBIES,666,0
2015-11-21,HOUSEHOLD,1243,0
2015-11-22,FOODS,3501,0
2015-11-22,HOBBIES,677,0
2015-11-22,HOUSEHOLD,1436,0
2015-11-23,FOODS,2896,0
2015-11-23,HOBBIES,633,0
2015-11-23,HOUSEHOLD,1078,0
2015-11-24,FOODS,2642,0
2015-11-24,HOBBIES,473,0
2015-11-24,HOUSEHOLD,827,0
2015-11-25,FOODS,3101,0
2015-11-25,HOBBIES,474,0
2015-11-25,HOUSEHOLD,863,0
2015-11-26,FOODS,1580,0
2015-11-26,HOBBIES,160,0
2015-11-26,HOUSEHOLD,420,0
2015-11-27,FOODS,1642,0
2015-11-27,HOBBIES,402,0
2015-11-27,HOUSEHOLD,652,0
2015-11-28,FOODS,2205,0
2015-11-28,HOBBIES,629,0
2015-11-28,HOUSEHOLD,978,0
2015-11-29,FOODS,2847,0
2015-11-29,HOBBIES,565,0
2015-11-29,HOUSEHOLD,1173,0
2015-11-30,FOODS,2245,0
2015-11-30,HOBBIES,671,0
2015-11-30,HOUSEHOLD,890,0
2015-12-01,FOODS,2297,1
2015-12-01,HOBBIES,704,1
2015-12-01,HOUSEHOLD,878,1
2015-12-02,FOODS,2323,1
2015-12-02,HOBBIES,509,1
2015-12-02,HOUSEHOLD,841,1
2015-12-03,FOODS,2185,1
2015-12-03,HOBBIES,593,1
2015-12-03,HOUSEHOLD,913,1
2015-12-04,FOODS,2489,1
2015-12-04,HOBBIES,538,1
2015-12-04,HOUSEHOLD,1057,1
2015-12-05,FOODS,3251,1
2015-12-05,HOBBIES,730,1
2015-12-05,HOUSEHOLD,1305,1
2015-12-06,FOODS,3437,1
2015-12-06,HOBBIES,702,1
2015-12-06,HOUSEHOLD,1213,1
2015-12-07,FOODS,2640,1
2015-12-07,HOBBIES,490,1
2015-12-07,HOUSEHOLD,890,1
2015-12-08,FOODS,2260,1
2015-12-08,HOBBIES,538,1
2015-12-08,HOUSEHOLD,762,1
2015-12-09,FOODS,2143,1
2015-12-09,HOBBIES,538,1
2015-12-09,HOUSEHOLD,736,1
2015-12-10,FOODS,2030,1
2015-12-10,HOBBIES,593,1
2015-12-10,HOUSEHOLD,724,1
2015-12-11,FOODS,2251,0
2015-12-11,HOBBIES,637,0
2015-12-11,HOUSEHOLD,845,0
2015-12-12,FOODS,3112,0
2015-12-12,HOBBIES,733,0
2015-12-12,HOUSEHOLD,1285,0
2015-12-13,FOODS,3193,0
2015-12-13,HOBBIES,649,0
2015-12-13,HOUSEHOLD,1238,0
2015-12-14,FOODS,2476,0
2015-12-14,HOBBIES,542,0
2015-12-14,HOUSEHOLD,971,0
2015-12-15,FOODS,2224,0
2015-12-15,HOBBIES,551,0
2015-12-15,HOUSEHOLD,792,0
2015-12-16,FOODS,2331,0
2015-12-16,HOBBIES,507,0
2015-12-16,HOUSEHOLD,707,0
2015-12-17,FOODS,2454,0
2015-12-17,HOBBIES,498,0
2015-12-17,HOUSEHOLD,839,0
2015-12-18,FOODS,2401,0
2015-12-18,HOBBIES,559,0
2015-12-18,HOUSEHOLD,883,0
2015-12-19,FOODS,3236,0
2015-12-19,HOBBIES,815,0
2015-12-19,HOUSEHOLD,1266,0
2015-12-20,FOODS,3157,0
2015-12-20,HOBBIES,657,0
2015-12-20,HOUSEHOLD,1255,0
2015-12-21,FOODS,2730,0
2015-12-21,HOBBIES,738,0
2015-12-21,HOUSEHOLD,983,0
2015-12-22,FOODS,2845,0
2015-12-22,HOBBIES,586,0
2015-12-22,HOUSEHOLD,793,0
2015-12-23,FOODS,2958,0
2015-12-23,HOBBIES,508,0
2015-12-23,HOUSEHOLD,834,0
2015-12-24,FOODS,2662,0
2015-12-24,HOBBIES,505,0
2015-12-24,HOUSEHOLD,636,0
2015-12-25,FOODS,0,0
2015-12-25,HOBBIES,0,0
2015-12-25,HOUSEHOLD,0,0
2015-12-26,FOODS,2522,0
2015-12-26,HOBBIES,519,0
2015-12-26,HOUSEHOLD,1096,0
2015-12-27,FOODS,2416,0
2015-12-27,HOBBIES,533,0
2015-12-27,HOUSEHOLD,1061,0
2015-12-28,FOODS,2297,0
2015-12-28,HOBBIES,542,0
2015-12-28,HOUSEHOLD,1028,0
2015-12-29,FOODS,2294,0
2015-12-29,HOBBIES,592,0
2015-12-29,HOUSEHOLD,998,0
2015-12-30,FOODS,2259,0
2015-12-30,HOBBIES,499,0
2015-12-30,HOUSEHOLD,855,0
2015-12-31,FOODS,2686,0
2015-12-31,HOBBIES,476,0
2015-12-31,HOUSEHOLD,832,0
2016-01-01,FOODS,2161,1
2016-01-01,HOBBIES,490,1
2016-01-01,HOUSEHOLD,767,1
2016-01-02,FOODS,2970,1
2016-01-02,HOBBIES,855,1
2016-01-02,HOUSEHOLD,1260,1
2016-01-03,FOODS,3261,1
2016-01-03,HOBBIES,515,1
2016-01-03,HOUSEHOLD,1210,1
2016-01-04,FOODS,2779,1
2016-01-04,HOBBIES,462,1
2016-01-04,HOUSEHOLD,996,1
2016-01-05,FOODS,2342,1
2016-01-05,HOBBIES,404,1
2016-01-05,HOUSEHOLD,735,1
2016-01-06,FOODS,2197,1
2016-01-06,HOBBIES,396,1
2016-01-06,HOUSEHOLD,632,1
2016-01-07,FOODS,2395,1
2016-01-07,HOBBIES,541,1
2016-01-07,HOUSEHOLD,931,1
2016-01-08,FOODS,2863,1
2016-01-08,HOBBIES,593,1
2016-01-08,HOUSEHOLD,948,1
2016-01-09,FOODS,4006,1
2016-01-09,HOBBIES,705,1
2016-01-09,HOUSEHOLD,1366,1
2016-01-10,FOODS,3897,1
2016-01-10,HOBBIES,489,1
2016-01-10,HOUSEHOLD,1274,1
2016-01-11,FOODS,2683,0
2016-01-11,HOBBIES,500,0
2016-01-11,HOUSEHOLD,818,0
2016-01-12,FOODS,2180,0
2016-01-12,HOBBIES,465,0
2016-01-12,HOUSEHOLD,732,0
2016-01-13,FOODS,2127,0
2016-01-13,HOBBIES,389,0
2016-01-13,HOUSEHOLD,736,0
2016-01-14,FOODS,2149,0
2016-01-14,HOBBIES,491,0
2016-01-14,HOUSEHOLD,765,0
2016-01-15,FOODS,2613,0
2016-01-15,HOBBIES,533,0
2016-01-15,HOUSEHOLD,880,0
2016-01-16,FOODS,3771,0
2016-01-16,HOBBIES,670,0
2016-01-16,HOUSEHOLD,1304,0
2016-01-17,FOODS,3534,0
2016-01-17,HOBBIES,583,0
2016-01-17,HOUSEHOLD,1305,0
2016-01-18,FOODS,2905,0
2016-01-18,HOBBIES,609,0
2016-01-18,HOUSEHOLD,970,0
2016-01-19,FOODS,2038,0
2016-01-19,HOBBIES,360,0
2016-01-19,HOUSEHOLD,628,0
2016-01-20,FOODS,2169,0
2016-01-20,HOBBIES,502,0
2016-01-20,HOUSEHOLD,873,0
2016-01-21,FOODS,2186,0
2016-01-21,HOBBIES,572,0
2016-01-21,HOUSEHOLD,744,0
2016-01-22,FOODS,2320,0
2016-01-22,HOBBIES,469,0
2016-01-22,HOUSEHOLD,823,0
2016-01-23,FOODS,3728,0
2016-01-23,HOBBIES,712,0
2016-01-23,HOUSEHOLD,1483,0
2016-01-24,FOODS,3440,0
2016-01-24,HOBBIES,475,0
2016-01-24,HOUSEHOLD,1332,0
2016-01-25,FOODS,2289,0
2016-01-25,HOBBIES,510,0
2016-01-25,HOUSEHOLD,942,0
2016-01-26,FOODS,2049,0
2016-01-26,HOBBIES,447,0
2016-01-26,HOUSEHOLD,750,0
2016-01-27,FOODS,1970,0
2016-01-27,HOBBIES,401,0
2016-01-27,HOUSEHOLD,660,0
2016-01-28,FOODS,2017,0
2016-01-28,HOBBIES,460,0
2016-01-28,HOUSEHOLD,696,0
2016-01-29,FOODS,2537,0
2016-01-29,HOBBIES,469,0
2016-01-29,HOUSEHOLD,865,0
2016-01-30,FOODS,3481,0
2016-01-30,HOBBIES,645,0
2016-01-30,HOUSEHOLD,1372,0
2016-01-31,FOODS,3910,0
2016-01-31,HOBBIES,674,0
2016-01-31,HOUSEHOLD,1448,0
2016-02-01,FOODS,2606,1
2016-02-01,HOBBIES,527,1
2016-02-01,HOUSEHOLD,942,1
2016-02-02,FOODS,2467,1
2016-02-02,HOBBIES,429,1
2016-02-02,HOUSEHOLD,869,1
2016-02-03,FOODS,2537,1
2016-02-03,HOBBIES,638,1
2016-02-03,HOUSEHOLD,808,1
2016-02-04,FOODS,2616,1
2016-02-04,HOBBIES,491,1
2016-02-04,HOUSEHOLD,821,1
2016-02-05,FOODS,2877,1
2016-02-05,HOBBIES,503,1
2016-02-05,HOUSEHOLD,947,1
2016-02-06,FOODS,4300,1
2016-02-06,HOBBIES,715,1
2016-02-06,HOUSEHOLD,1397,1
2016-02-07,FOODS,3464,1
2016-02-07,HOBBIES,481,1
2016-02-07,HOUSEHOLD,1041,1
2016-02-08,FOODS,2592,1
2016-02-08,HOBBIES,392,1
2016-02-08,HOUSEHOLD,949,1
2016-02-09,FOODS,2639,1
2016-02-09,HOBBIES,460,1
2016-02-09,HOUSEHOLD,837,1
2016-02-10,FOODS,2674,1
2016-02-10,HOBBIES,538,1
2016-02-10,HOUSEHOLD,783,1
2016-02-11,FOODS,2644,0
2016-02-11,HOBBIES,525,0
2016-02-11,HOUSEHOLD,838,0
2016-02-12,FOODS,2871,0
2016-02-12,HOBBIES,416,0
2016-02-12,HOUSEHOLD,824,0
2016-02-13,FOODS,3599,0
2016-02-13,HOBBIES,598,0
2016-02-13,HOUSEHOLD,1286,0
2016-02-14,FOODS,3169,0
2016-02-14,HOBBIES,558,0
2016-02-14,HOUSEHOLD,1107,0
2016-02-15,FOODS,3009,0
2016-02-15,HOBBIES,476,0
2016-02-15,HOUSEHOLD,1103,0
2016-02-16,FOODS,2379,0
2016-02-16,HOBBIES,495,0
2016-02-16,HOUSEHOLD,776,0
2016-02-17,FOODS,2371,0
2016-02-17,HOBBIES,557,0
2016-02-17,HOUSEHOLD,849,0
2016-02-18,FOODS,2476,0
2016-02-18,HOBBIES,514,0
2016-02-18,HOUSEHOLD,878,0
2016-02-19,FOODS,2795,0
2016-02-19,HOBBIES,565,0
2016-02-19,HOUSEHOLD,1053,0
2016-02-20,FOODS,3469,0
2016-02-20,HOBBIES,587,0
2016-02-20,HOUSEHOLD,1227,0
2016-02-21,FOODS,3598,0
2016-02-21,HOBBIES,656,0
2016-02-21,HOUSEHOLD,1353,0
2016-02-22,FOODS,2466,0
2016-02-22,HOBBIES,539,0
2016-02-22,HOUSEHOLD,900,0
2016-02-23,FOODS,2406,0
2016-02-23,HOBBIES,414,0
2016-02-23,HOUSEHOLD,793,0
2016-02-24,FOODS,2076,0
2016-02-24,HOBBIES,473,0
2016-02-24,HOUSEHOLD,820,0
2016-02-25,FOODS,2176,0
2016-02-25,HOBBIES,451,0
2016-02-25,HOUSEHOLD,769,0
2016-02-26,FOODS,2713,0
2016-02-26,HOBBIES,525,0
2016-02-26,HOUSEHOLD,849,0
2016-02-27,FOODS,3459,0
2016-02-27,HOBBIES,600,0
2016-02-27,HOUSEHOLD,1270,0
2016-02-28,FOODS,3979,0
2016-02-28,HOBBIES,740,0
2016-02-28,HOUSEHOLD,1479,0
2016-02-29,FOODS,2465,0
2016-02-29,HOBBIES,414,0
2016-02-29,HOUSEHOLD,918,0
2016-03-01,FOODS,2404,1
2016-03-01,HOBBIES,568,1
2016-03-01,HOUSEHOLD,858,1
2016-03-02,FOODS,2435,1
2016-03-02,HOBBIES,489,1
2016-03-02,HOUSEHOLD,830,1
2016-03-03,FOODS,2465,1
2016-03-03,HOBBIES,436,1
2016-03-03,HOUSEHOLD,868,1
2016-03-04,FOODS,2835,1
2016-03-04,HOBBIES,441,1
2016-03-04,HOUSEHOLD,887,1
2016-03-05,FOODS,3661,1
2016-03-05,HOBBIES,596,1
2016-03-05,HOUSEHOLD,1373,1
2016-03-06,FOODS,4435,1
2016-03-06,HOBBIES,826,1
2016-03-06,HOUSEHOLD,1568,1
2016-03-07,FOODS,2977,1
2016-03-07,HOBBIES,470,1
2016-03-07,HOUSEHOLD,946,1
2016-03-08,FOODS,2688,1
2016-03-08,HOBBIES,455,1
2016-03-08,HOUSEHOLD,787,1
2016-03-09,FOODS,2493,1
2016-03-09,HOBBIES,464,1
2016-03-09,HOUSEHOLD,715,1
2016-03-10,FOODS,2511,1
2016-03-10,HOBBIES,565,1
2016-03-10,HOUSEHOLD,801,1
2016-03-11,FOODS,2835,0
2016-03-11,HOBBIES,364,0
2016-03-11,HOUSEHOLD,850,0
2016-03-12,FOODS,3773,0
2016-03-12,HOBBIES,743,0
2016-03-12,HOUSEHOLD,1417,0
2016-03-13,FOODS,3596,0
2016-03-13,HOBBIES,597,0
2016-03-13,HOUSEHOLD,1253,0
2016-03-14,FOODS,2775,0
2016-03-14,HOBBIES,461,0
2016-03-14,HOUSEHOLD,954,0
2016-03-15,FOODS,2203,0
2016-03-15,HOBBIES,431,0
2016-03-15,HOUSEHOLD,823,0
2016-03-16,FOODS,2362,0
2016-03-16,HOBBIES,472,0
2016-03-16,HOUSEHOLD,753,0
2016-03-17,FOODS,2211,0
2016-03-17,HOBBIES,335,0
2016-03-17,HOUSEHOLD,783,0
2016-03-18,FOODS,2749,0
2016-03-18,HOBBIES,585,0
2016-03-18,HOUSEHOLD,951,0
2016-03-19,FOODS,3725,0
2016-03-19,HOBBIES,612,0
2016-03-19,HOUSEHOLD,1322,0
2016-03-20,FOODS,4240,0
2016-03-20,HOBBIES,493,0
2016-03-20,HOUSEHOLD,1464,0
2016-03-21,FOODS,2766,0
2016-03-21,HOBBIES,532,0
2016-03-21,HOUSEHOLD,944,0
2016-03-22,FOODS,2598,0
2016-03-22,HOBBIES,440,0
2016-03-22,HOUSEHOLD,738,0
2016-03-23,FOODS,2554,0
2016-03-23,HOBBIES,454,0
2016-03-23,HOUSEHOLD,762,0
2016-03-24,FOODS,2681,0
2016-03-24,HOBBIES,474,0
2016-03-24,HOUSEHOLD,815,0
2016-03-25,FOODS,3421,0
2016-03-25,HOBBIES,446,0
2016-03-25,HOUSEHOLD,1037,0
2016-03-26,FOODS,4251,0
2016-03-26,HOBBIES,610,0
2016-03-26,HOUSEHOLD,1278,0
2016-03-27,FOODS,3366,0
2016-03-27,HOBBIES,369,0
2016-03-27,HOUSEHOLD,934,0
2016-03-28,FOODS,2480,0
2016-03-28,HOBBIES,535,0
2016-03-28,HOUSEHOLD,890,0
2016-03-29,FOODS,2481,0
2016-03-29,HOBBIES,498,0
2016-03-29,HOUSEHOLD,809,0
2016-03-30,FOODS,2135,0
2016-03-30,HOBBIES,465,0
2016-03-30,HOUSEHOLD,739,0
2016-03-31,FOODS,2651,0
2016-03-31,HOBBIES,536,0
2016-03-31,HOUSEHOLD,889,0
2016-04-01,FOODS,3132,1
2016-04-01,HOBBIES,743,1
2016-04-01,HOUSEHOLD,1108,1
2016-04-02,FOODS,3890,1
2016-04-02,HOBBIES,603,1
2016-04-02,HOUSEHOLD,1384,1
2016-04-03,FOODS,4226,1
2016-04-03,HOBBIES,790,1
2016-04-03,HOUSEHOLD,1480,1
2016-04-04,FOODS,3273,1
2016-04-04,HOBBIES,463,1
2016-04-04,HOUSEHOLD,1076,1
2016-04-05,FOODS,2711,1
2016-04-05,HOBBIES,545,1
2016-04-05,HOUSEHOLD,807,1
2016-04-06,FOODS,2698,1
2016-04-06,HOBBIES,427,1
2016-04-06,HOUSEHOLD,839,1
2016-04-07,FOODS,2450,1
2016-04-07,HOBBIES,394,1
2016-04-07,HOUSEHOLD,811,1
2016-04-08,FOODS,3141,1
2016-04-08,HOBBIES,582,1
2016-04-08,HOUSEHOLD,996,1
2016-04-09,FOODS,4073,1
2016-04-09,HOBBIES,571,1
2016-04-09,HOUSEHOLD,1468,1
2016-04-10,FOODS,4061,1
2016-04-10,HOBBIES,547,1
2016-04-10,HOUSEHOLD,1361,1
2016-04-11,FOODS,2876,0
2016-04-11,HOBBIES,620,0
2016-04-11,HOUSEHOLD,988,0
2016-04-12,FOODS,2372,0
2016-04-12,HOBBIES,391,0
2016-04-12,HOUSEHOLD,816,0
2016-04-13,FOODS,2341,0
2016-04-13,HOBBIES,415,0
2016-04-13,HOUSEHOLD,722,0
2016-04-14,FOODS,2421,0
2016-04-14,HOBBIES,429,0
2016-04-14,HOUSEHOLD,787,0
2016-04-15,FOODS,2706,0
2016-04-15,HOBBIES,401,0
2016-04-15,HOUSEHOLD,875,0
2016-04-16,FOODS,3481,0
2016-04-16,HOBBIES,722,0
2016-04-16,HOUSEHOLD,1234,0
2016-04-17,FOODS,4004,0
2016-04-17,HOBBIES,655,0
2016-04-17,HOUSEHOLD,1295,0
2016-04-18,FOODS,2886,0
2016-04-18,HOBBIES,542,0
2016-04-18,HOUSEHOLD,917,0
2016-04-19,FOODS,2488,0
2016-04-19,HOBBIES,495,0
2016-04-19,HOUSEHOLD,810,0
2016-04-20,FOODS,2490,0
2016-04-20,HOBBIES,363,0
2016-04-20,HOUSEHOLD,869,0
2016-04-21,FOODS,2533,0
2016-04-21,HOBBIES,410,0
2016-04-21,HOUSEHOLD,766,0
2016-04-22,FOODS,2960,0
2016-04-22,HOBBIES,527,0
2016-04-22,HOUSEHOLD,900,0
2016-04-23,FOODS,3655,0
2016-04-23,HOBBIES,670,0
2016-04-23,HOUSEHOLD,1252,0
2016-04-24,FOODS,4053,0
2016-04-24,HOBBIES,714,0
2016-04-24,HOUSEHOLD,1346,0
