date,dept_id,cat_id,sales,snap_CA
2011-01-29,FOODS_1,FOODS,297,0
2011-01-29,FOODS_2,FOODS,674,0
2011-01-29,FOODS_3,FOODS,2268,0
2011-01-29,HOBBIES_1,HOBBIES,528,0
2011-01-29,HOBBIES_2,HOBBIES,28,0
2011-01-29,HOUSEHOLD_1,HOUSEHOLD,361,0
2011-01-29,HOUSEHOLD_2,HOUSEHOLD,181,0
2011-01-30,FOODS_1,FOODS,284,0
2011-01-30,FOODS_2,FOODS,655,0
2011-01-30,FOODS_3,FOODS,2198,0
2011-01-30,HOBBIES_1,HOBBIES,489,0
2011-01-30,HOBBIES_2,HOBBIES,9,0
2011-01-30,HOUSEHOLD_1,HOUSEHOLD,350,0
2011-01-30,HOUSEHOLD_2,HOUSEHOLD,170,0
2011-01-31,FOODS_1,FOODS,214,0
2011-01-31,FOODS_2,FOODS,396,0
2011-01-31,FOODS_3,FOODS,1398,0
2011-01-31,HOBBIES_1,HOBBIES,409,0
2011-01-31,HOBBIES_2,HOBBIES,6,0
2011-01-31,HOUSEHOLD_1,HOUSEHOLD,279,0
2011-01-31,HOUSEHOLD_2,HOUSEHOLD,114,0
2011-02-01,FOODS_1,FOODS,175,1
2011-02-01,FOODS_2,FOODS,476,1
2011-02-01,FOODS_3,FOODS,1607,1
2011-02-01,HOBBIES_1,HOBBIES,383,1
2011-02-01,HOBBIES_2,HOBBIES,9,1
2011-02-01,HOUSEHOLD_1,HOUSEHOLD,278,1
2011-02-01,HOUSEHOLD_2,HOUSEHOLD,123,1
2011-02-02,FOODS_1,FOODS,182,1
2011-02-02,FOODS_2,FOODS,354,1
2011-02-02,FOODS_3,FOODS,1496,1
2011-02-02,HOBBIES_1,HOBBIES,263,1
2011-02-02,HOBBIES_2,HOBBIES,5,1
2011-02-02,HOUSEHOLD_1,HOUSEHOLD,195,1
2011-02-02,HOUSEHOLD_2,HOUSEHOLD,135,1
2011-02-03,FOODS_1,FOODS,191,1
2011-02-03,FOODS_2,FOODS,486,1
2011-02-03,FOODS_3,FOODS,1730,1
2011-02-03,HOBBIES_1,HOBBIES,453,1
2011-02-03,HOBBIES_2,HOBBIES,14,1
2011-02-03,HOUSEHOLD_1,HOUSEHOLD,256,1
2011-02-03,HOUSEHOLD_2,HOUSEHOLD,146,1
2011-02-04,FOODS_1,FOODS,224,1
2011-02-04,FOODS_2,FOODS,554,1
2011-02-04,FOODS_3,FOODS,1915,1
2011-02-04,HOBBIES_1,HOBBIES,339,1
2011-02-04,HOBBIES_2,HOBBIES,7,1
2011-02-04,HOUSEHOLD_1,HOUSEHOLD,268,1
2011-02-04,HOUSEHOLD_2,HOUSEHOLD,143,1
2011-02-05,FOODS_1,FOODS,263,1
2011-02-05,FOODS_2,FOODS,747,1
2011-02-05,FOODS_3,FOODS,2952,1
2011-02-05,HOBBIES_1,HOBBIES,750,1
2011-02-05,HOBBIES_2,HOBBIES,19,1
2011-02-05,HOUSEHOLD_1,HOUSEHOLD,517,1
2011-02-05,HOUSEHOLD_2,HOUSEHOLD,189,1
2011-02-06,FOODS_1,FOODS,245,1
2011-02-06,FOODS_2,FOODS,581,1
2011-02-06,FOODS_3,FOODS,2592,1
2011-02-06,HOBBIES_1,HOBBIES,425,1
2011-02-06,HOBBIES_2,HOBBIES,7,1
2011-02-06,HOUSEHOLD_1,HOUSEHOLD,343,1
2011-02-06,HOUSEHOLD_2,HOUSEHOLD,147,1
2011-02-07,FOODS_1,FOODS,176,1
2011-02-07,FOODS_2,FOODS,559,1
2011-02-07,FOODS_3,FOODS,1711,1
2011-02-07,HOBBIES_1,HOBBIES,375,1
2011-02-07,HOBBIES_2,HOBBIES,9,1
2011-02-07,HOUSEHOLD_1,HOUSEHOLD,225,1
2011-02-07,HOUSEHOLD_2,HOUSEHOLD,102,1
2011-02-08,FOODS_1,FOODS,217,1
2011-02-08,FOODS_2,FOODS,475,1
2011-02-08,FOODS_3,FOODS,1446,1
2011-02-08,HOBBIES_1,HOBBIES,485,1
2011-02-08,HOBBIES_2,HOBBIES,11,1
2011-02-08,HOUSEHOLD_1,HOUSEHOLD,240,1
2011-02-08,HOUSEHOLD_2,HOUSEHOLD,121,1
2011-02-09,FOODS_1,FOODS,156,1
2011-02-09,FOODS_2,FOODS,396,1
2011-02-09,FOODS_3,FOODS,1449,1
2011-02-09,HOBBIES_1,HOBBIES,387,1
2011-02-09,HOBBIES_2,HOBBIES,12,1
2011-02-09,HOUSEHOLD_1,HOUSEHOLD,195,1
2011-02-09,HOUSEHOLD_2,HOUSEHOLD,115,1
2011-02-10,FOODS_1,FOODS,242,1
2011-02-10,FOODS_2,FOODS,469,1
2011-02-10,FOODS_3,FOODS,1426,1
2011-02-10,HOBBIES_1,HOBBIES,444,1
2011-02-10,HOBBIES_2,HOBBIES,10,1
2011-02-10,HOUSEHOLD_1,HOUSEHOLD,216,1
2011-02-10,HOUSEHOLD_2,HOUSEHOLD,121,1
2011-02-11,FOODS_1,FOODS,327,0
2011-02-11,FOODS_2,FOODS,449,0
2011-02-11,FOODS_3,FOODS,1441,0
2011-02-11,HOBBIES_1,HOBBIES,443,0
2011-02-11,HOBBIES_2,HOBBIES,10,0
2011-02-11,HOUSEHOLD_1,HOUSEHOLD,266,0
2011-02-11,HOUSEHOLD_2,HOUSEHOLD,142,0
2011-02-12,FOODS_1,FOODS,409,0
2011-02-12,FOODS_2,FOODS,606,0
2011-02-12,FOODS_3,FOODS,2052,0
2011-02-12,HOBBIES_1,HOBBIES,674,0
2011-02-12,HOBBIES_2,HOBBIES,18,0
2011-02-12,HOUSEHOLD_1,HOUSEHOLD,375,0
2011-02-12,HOUSEHOLD_2,HOUSEHOLD,182,0
2011-02-13,FOODS_1,FOODS,446,0
2011-02-13,FOODS_2,FOODS,633,0
2011-02-13,FOODS_3,FOODS,2234,0
2011-02-13,HOBBIES_1,HOBBIES,446,0
2011-02-13,HOBBIES_2,HOBBIES,12,0
2011-02-13,HOUSEHOLD_1,HOUSEHOLD,411,0
2011-02-13,HOUSEHOLD_2,HOUSEHOLD,172,0
2011-02-14,FOODS_1,FOODS,269,0
2011-02-14,FOODS_2,FOODS,369,0
2011-02-14,FOODS_3,FOODS,1365,0
2011-02-14,HOBBIES_1,HOBBIES,376,0
2011-02-14,HOBBIES_2,HOBBIES,3,0
2011-02-14,HOUSEHOLD_1,HOUSEHOLD,255,0
2011-02-14,HOUSEHOLD_2,HOUSEHOLD,120,0
2011-02-15,FOODS_1,FOODS,169,0
2011-02-15,FOODS_2,FOODS,379,0
2011-02-15,FOODS_3,FOODS,1231,0
2011-02-15,HOBBIES_1,HOBBIES,322,0
2011-02-15,HOBBIES_2,HOBBIES,12,0
2011-02-15,HOUSEHOLD_1,HOUSEHOLD,228,0
2011-02-15,HOUSEHOLD_2,HOUSEHOLD,89,0
2011-02-16,FOODS_1,FOODS,164,0
2011-02-16,FOODS_2,FOODS,344,0
2011-02-16,FOODS_3,FOODS,1162,0
2011-02-16,HOBBIES_1,HOBBIES,266,0
2011-02-16,HOBBIES_2,HOBBIES,4,0
2011-02-16,HOUSEHOLD_1,HOUSEHOLD,229,0
2011-02-16,HOUSEHOLD_2,HOUSEHOLD,103,0
2011-02-17,FOODS_1,FOODS,167,0
2011-02-17,FOODS_2,FOODS,285,0
2011-02-17,FOODS_3,FOODS,981,0
2011-02-17,HOBBIES_1,HOBBIES,262,0
2011-02-17,HOBBIES_2,HOBBIES,18,0
2011-02-17,HOUSEHOLD_1,HOUSEHOLD,201,0
2011-02-17,HOUSEHOLD_2,HOUSEHOLD,95,0
2011-02-18,FOODS_1,FOODS,226,0
2011-02-18,FOODS_2,FOODS,512,0
2011-02-18,FOODS_3,FOODS,1512,0
2011-02-18,HOBBIES_1,HOBBIES,288,0
2011-02-18,HOBBIES_2,HOBBIES,23,0
2011-02-18,HOUSEHOLD_1,HOUSEHOLD,311,0
2011-02-18,HOUSEHOLD_2,HOUSEHOLD,143,0
2011-02-19,FOODS_1,FOODS,301,0
2011-02-19,FOODS_2,FOODS,587,0
2011-02-19,FOODS_3,FOODS,2260,0
2011-02-19,HOBBIES_1,HOBBIES,780,0
2011-02-19,HOBBIES_2,HOBBIES,13,0
2011-02-19,HOUSEHOLD_1,HOUSEHOLD,427,0
2011-02-19,HOUSEHOLD_2,HOUSEHOLD,185,0
2011-02-20,FOODS_1,FOODS,303,0
2011-02-20,FOODS_2,FOODS,562,0
2011-02-20,FOODS_3,FOODS,1999,0
2011-02-20,HOBBIES_1,HOBBIES,472,0
2011-02-20,HOBBIES_2,HOBBIES,29,0
2011-02-20,HOUSEHOLD_1,HOUSEHOLD,412,0
2011-02-20,HOUSEHOLD_2,HOUSEHOLD,189,0
2011-02-21,FOODS_1,FOODS,228,0
2011-02-21,FOODS_2,FOODS,440,0
2011-02-21,FOODS_3,FOODS,1437,0
2011-02-21,HOBBIES_1,HOBBIES,606,0
2011-02-21,HOBBIES_2,HOBBIES,20,0
2011-02-21,HOUSEHOLD_1,HOUSEHOLD,391,0
2011-02-21,HOUSEHOLD_2,HOUSEHOLD,142,0
2011-02-22,FOODS_1,FOODS,160,0
2011-02-22,FOODS_2,FOODS,289,0
2011-02-22,FOODS_3,FOODS,1172,0
2011-02-22,HOBBIES_1,HOBBIES,444,0
2011-02-22,HOBBIES_2,HOBBIES,11,0
2011-02-22,HOUSEHOLD_1,HOUSEHOLD,263,0
2011-02-22,HOUSEHOLD_2,HOUSEHOLD,102,0
2011-02-23,FOODS_1,FOODS,156,0
2011-02-23,FOODS_2,FOODS,310,0
2011-02-23,FOODS_3,FOODS,1142,0
2011-02-23,HOBBIES_1,HOBBIES,398,0
2011-02-23,HOBBIES_2,HOBBIES,20,0
2011-02-23,HOUSEHOLD_1,HOUSEHOLD,233,0
2011-02-23,HOUSEHOLD_2,HOUSEHOLD,118,0
2011-02-24,FOODS_1,FOODS,193,0
2011-02-24,FOODS_2,FOODS,317,0
2011-02-24,FOODS_3,FOODS,1129,0
2011-02-24,HOBBIES_1,HOBBIES,419,0
2011-02-24,HOBBIES_2,HOBBIES,7,0
2011-02-24,HOUSEHOLD_1,HOUSEHOLD,244,0
2011-02-24,HOUSEHOLD_2,HOUSEHOLD,105,0
2011-02-25,FOODS_1,FOODS,238,0
2011-02-25,FOODS_2,FOODS,346,0
2011-02-25,FOODS_3,FOODS,1291,0
2011-02-25,HOBBIES_1,HOBBIES,392,0
2011-02-25,HOBBIES_2,HOBBIES,11,0
2011-02-25,HOUSEHOLD_1,HOUSEHOLD,257,0
2011-02-25,HOUSEHOLD_2,HOUSEHOLD,166,0
2011-02-26,FOODS_1,FOODS,327,0
2011-02-26,FOODS_2,FOODS,509,0
2011-02-26,FOODS_3,FOODS,1738,0
2011-02-26,HOBBIES_1,HOBBIES,598,0
2011-02-26,HOBBIES_2,HOBBIES,15,0
2011-02-26,HOUSEHOLD_1,HOUSEHOLD,358,0
2011-02-26,HOUSEHOLD_2,HOUSEHOLD,174,0
2011-02-27,FOODS_1,FOODS,264,0
2011-02-27,FOODS_2,FOODS,518,0
2011-02-27,FOODS_3,FOODS,1951,0
2011-02-27,HOBBIES_1,HOBBIES,196,0
2011-02-27,HOBBIES_2,HOBBIES,19,0
2011-02-27,HOUSEHOLD_1,HOUSEHOLD,389,0
2011-02-27,HOUSEHOLD_2,HOUSEHOLD,211,0
2011-02-28,FOODS_1,FOODS,177,0
2011-02-28,FOODS_2,FOODS,410,0
2011-02-28,FOODS_3,FOODS,1145,0
2011-02-28,HOBBIES_1,HOBBIES,169,0
2011-02-28,HOBBIES_2,HOBBIES,9,0
2011-02-28,HOUSEHOLD_1,HOUSEHOLD,230,0
2011-02-28,HOUSEHOLD_2,HOUSEHOLD,106,0
2011-03-01,FOODS_1,FOODS,276,1
2011-03-01,FOODS_2,FOODS,401,1
2011-03-01,FOODS_3,FOODS,1219,1
2011-03-01,HOBBIES_1,HOBBIES,217,1
2011-03-01,HOBBIES_2,HOBBIES,13,1
2011-03-01,HOUSEHOLD_1,HOUSEHOLD,282,1
2011-03-01,HOUSEHOLD_2,HOUSEHOLD,141,1
2011-03-02,FOODS_1,FOODS,203,1
2011-03-02,FOODS_2,FOODS,363,1
2011-03-02,FOODS_3,FOODS,1399,1
2011-03-02,HOBBIES_1,HOBBIES,187,1
2011-03-02,HOBBIES_2,HOBBIES,10,1
2011-03-02,HOUSEHOLD_1,HOUSEHOLD,265,1
2011-03-02,HOUSEHOLD_2,HOUSEHOLD,132,1
2011-03-03,FOODS_1,FOODS,216,1
2011-03-03,FOODS_2,FOODS,325,1
2011-03-03,FOODS_3,FOODS,1443,1
2011-03-03,HOBBIES_1,HOBBIES,163,1
2011-03-03,HOBBIES_2,HOBBIES,5,1
2011-03-03,HOUSEHOLD_1,HOUSEHOLD,263,1
2011-03-03,HOUSEHOLD_2,HOUSEHOLD,153,1
2011-03-04,FOODS_1,FOODS,230,1
2011-03-04,FOODS_2,FOODS,544,1
2011-03-04,FOODS_3,FOODS,1595,1
2011-03-04,HOBBIES_1,HOBBIES,175,1
2011-03-04,HOBBIES_2,HOBBIES,18,1
2011-03-04,HOUSEHOLD_1,HOUSEHOLD,257,1
2011-03-04,HOUSEHOLD_2,HOUSEHOLD,159,1
2011-03-05,FOODS_1,FOODS,355,1
2011-03-05,FOODS_2,FOODS,568,1
2011-03-05,FOODS_3,FOODS,2300,1
2011-03-05,HOBBIES_1,HOBBIES,279,1
2011-03-05,HOBBIES_2,HOBBIES,21,1
2011-03-05,HOUSEHOLD_1,HOUSEHOLD,377,1
2011-03-05,HOUSEHOLD_2,HOUSEHOLD,196,1
2011-03-06,FOODS_1,FOODS,283,1
2011-03-06,FOODS_2,FOODS,708,1
2011-03-06,FOODS_3,FOODS,2473,1
2011-03-06,HOBBIES_1,HOBBIES,724,1
2011-03-06,HOBBIES_2,HOBBIES,37,1
2011-03-06,HOUSEHOLD_1,HOUSEHOLD,426,1
2011-03-06,HOUSEHOLD_2,HOUSEHOLD,181,1
2011-03-07,FOODS_1,FOODS,184,1
2011-03-07,FOODS_2,FOODS,530,1
2011-03-07,FOODS_3,FOODS,1548,1
2011-03-07,HOBBIES_1,HOBBIES,452,1
2011-03-07,HOBBIES_2,HOBBIES,18,1
2011-03-07,HOUSEHOLD_1,HOUSEHOLD,279,1
2011-03-07,HOUSEHOLD_2,HOUSEHOLD,127,1
2011-03-08,FOODS_1,FOODS,232,1
2011-03-08,FOODS_2,FOODS,478,1
2011-03-08,FOODS_3,FOODS,1455,1
2011-03-08,HOBBIES_1,HOBBIES,455,1
2011-03-08,HOBBIES_2,HOBBIES,10,1
2011-03-08,HOUSEHOLD_1,HOUSEHOLD,268,1
2011-03-08,HOUSEHOLD_2,HOUSEHOLD,99,1
2011-03-09,FOODS_1,FOODS,204,1
2011-03-09,FOODS_2,FOODS,454,1
2011-03-09,FOODS_3,FOODS,1442,1
2011-03-09,HOBBIES_1,HOBBIES,346,1
2011-03-09,HOBBIES_2,HOBBIES,11,1
2011-03-09,HOUSEHOLD_1,HOUSEHOLD,219,1
2011-03-09,HOUSEHOLD_2,HOUSEHOLD,96,1
2011-03-10,FOODS_1,FOODS,187,1
2011-03-10,FOODS_2,FOODS,442,1
2011-03-10,FOODS_3,FOODS,1374,1
2011-03-10,HOBBIES_1,HOBBIES,315,1
2011-03-10,HOBBIES_2,HOBBIES,14,1
2011-03-10,HOUSEHOLD_1,HOUSEHOLD,204,1
2011-03-10,HOUSEHOLD_2,HOUSEHOLD,114,1
2011-03-11,FOODS_1,FOODS,252,0
2011-03-11,FOODS_2,FOODS,487,0
2011-03-11,FOODS_3,FOODS,1741,0
2011-03-11,HOBBIES_1,HOBBIES,324,0
2011-03-11,HOBBIES_2,HOBBIES,11,0
2011-03-11,HOUSEHOLD_1,HOUSEHOLD,288,0
2011-03-11,HOUSEHOLD_2,HOUSEHOLD,146,0
2011-03-12,FOODS_1,FOODS,354,0
2011-03-12,FOODS_2,FOODS,540,0
2011-03-12,FOODS_3,FOODS,2001,0
2011-03-12,HOBBIES_1,HOBBIES,626,0
2011-03-12,HOBBIES_2,HOBBIES,29,0
2011-03-12,HOUSEHOLD_1,HOUSEHOLD,321,0
2011-03-12,HOUSEHOLD_2,HOUSEHOLD,243,0
2011-03-13,FOODS_1,FOODS,304,0
2011-03-13,FOODS_2,FOODS,607,0
2011-03-13,FOODS_3,FOODS,2170,0
2011-03-13,HOBBIES_1,HOBBIES,391,0
2011-03-13,HOBBIES_2,HOBBIES,20,0
2011-03-13,HOUSEHOLD_1,HOUSEHOLD,445,0
2011-03-13,HOUSEHOLD_2,HOUSEHOLD,157,0
2011-03-14,FOODS_1,FOODS,239,0
2011-03-14,FOODS_2,FOODS,418,0
2011-03-14,FOODS_3,FOODS,1422,0
2011-03-14,HOBBIES_1,HOBBIES,348,0
2011-03-14,HOBBIES_2,HOBBIES,8,0
2011-03-14,HOUSEHOLD_1,HOUSEHOLD,297,0
2011-03-14,HOUSEHOLD_2,HOUSEHOLD,148,0
2011-03-15,FOODS_1,FOODS,186,0
2011-03-15,FOODS_2,FOODS,325,0
2011-03-15,FOODS_3,FOODS,1145,0
2011-03-15,HOBBIES_1,HOBBIES,322,0
2011-03-15,HOBBIES_2,HOBBIES,22,0
2011-03-15,HOUSEHOLD_1,HOUSEHOLD,263,0
2011-03-15,HOUSEHOLD_2,HOUSEHOLD,121,0
2011-03-16,FOODS_1,FOODS,218,0
2011-03-16,FOODS_2,FOODS,339,0
2011-03-16,FOODS_3,FOODS,1248,0
2011-03-16,HOBBIES_1,HOBBIES,359,0
2011-03-16,HOBBIES_2,HOBBIES,15,0
2011-03-16,HOUSEHOLD_1,HOUSEHOLD,233,0
2011-03-16,HOUSEHOLD_2,HOUSEHOLD,110,0
2011-03-17,FOODS_1,FOODS,188,0
2011-03-17,FOODS_2,FOODS,313,0
2011-03-17,FOODS_3,FOODS,1156,0
2011-03-17,HOBBIES_1,HOBBIES,359,0
2011-03-17,HOBBIES_2,HOBBIES,32,0
2011-03-17,HOUSEHOLD_1,HOUSEHOLD,267,0
2011-03-17,HOUSEHOLD_2,HOUSEHOLD,120,0
2011-03-18,FOODS_1,FOODS,266,0
2011-03-18,FOODS_2,FOODS,384,0
2011-03-18,FOODS_3,FOODS,1355,0
2011-03-18,HOBBIES_1,HOBBIES,283,0
2011-03-18,HOBBIES_2,HOBBIES,20,0
2011-03-18,HOUSEHOLD_1,HOUSEHOLD,312,0
2011-03-18,HOUSEHOLD_2,HOUSEHOLD,124,0
2011-03-19,FOODS_1,FOODS,306,0
2011-03-19,FOODS_2,FOODS,561,0
2011-03-19,FOODS_3,FOODS,1959,0
2011-03-19,HOBBIES_1,HOBBIES,644,0
2011-03-19,HOBBIES_2,HOBBIES,25,0
2011-03-19,HOUSEHOLD_1,HOUSEHOLD,422,0
2011-03-19,HOUSEHOLD_2,HOUSEHOLD,225,0
2011-03-20,FOODS_1,FOODS,266,0
2011-03-20,FOODS_2,FOODS,604,0
2011-03-20,FOODS_3,FOODS,1925,0
2011-03-20,HOBBIES_1,HOBBIES,463,0
2011-03-20,HOBBIES_2,HOBBIES,29,0
2011-03-20,HOUSEHOLD_1,HOUSEHOLD,422,0
2011-03-20,HOUSEHOLD_2,HOUSEHOLD,195,0
2011-03-21,FOODS_1,FOODS,239,0
2011-03-21,FOODS_2,FOODS,329,0
2011-03-21,FOODS_3,FOODS,1367,0
2011-03-21,HOBBIES_1,HOBBIES,324,0
2011-03-21,HOBBIES_2,HOBBIES,30,0
2011-03-21,HOUSEHOLD_1,HOUSEHOLD,228,0
2011-03-21,HOUSEHOLD_2,HOUSEHOLD,118,0
2011-03-22,FOODS_1,FOODS,187,0
2011-03-22,FOODS_2,FOODS,324,0
2011-03-22,FOODS_3,FOODS,1084,0
2011-03-22,HOBBIES_1,HOBBIES,489,0
2011-03-22,HOBBIES_2,HOBBIES,29,0
2011-03-22,HOUSEHOLD_1,HOUSEHOLD,227,0
2011-03-22,HOUSEHOLD_2,HOUSEHOLD,118,0
2011-03-23,FOODS_1,FOODS,149,0
2011-03-23,FOODS_2,FOODS,250,0
2011-03-23,FOODS_3,FOODS,1074,0
2011-03-23,HOBBIES_1,HOBBIES,288,0
2011-03-23,HOBBIES_2,HOBBIES,10,0
2011-03-23,HOUSEHOLD_1,HOUSEHOLD,208,0
2011-03-23,HOUSEHOLD_2,HOUSEHOLD,100,0
2011-03-24,FOODS_1,FOODS,161,0
2011-03-24,FOODS_2,FOODS,261,0
2011-03-24,FOODS_3,FOODS,1009,0
2011-03-24,HOBBIES_1,HOBBIES,508,0
2011-03-24,HOBBIES_2,HOBBIES,20,0
2011-03-24,HOUSEHOLD_1,HOUSEHOLD,211,0
2011-03-24,HOUSEHOLD_2,HOUSEHOLD,111,0
2011-03-25,FOODS_1,FOODS,207,0
2011-03-25,FOODS_2,FOODS,290,0
2011-03-25,FOODS_3,FOODS,1372,0
2011-03-25,HOBBIES_1,HOBBIES,424,0
2011-03-25,HOBBIES_2,HOBBIES,16,0
2011-03-25,HOUSEHOLD_1,HOUSEHOLD,291,0
2011-03-25,HOUSEHOLD_2,HOUSEHOLD,140,0
2011-03-26,FOODS_1,FOODS,252,0
2011-03-26,FOODS_2,FOODS,484,0
2011-03-26,FOODS_3,FOODS,1912,0
2011-03-26,HOBBIES_1,HOBBIES,573,0
2011-03-26,HOBBIES_2,HOBBIES,54,0
2011-03-26,HOUSEHOLD_1,HOUSEHOLD,436,0
2011-03-26,HOUSEHOLD_2,HOUSEHOLD,188,0
2011-03-27,FOODS_1,FOODS,218,0
2011-03-27,FOODS_2,FOODS,523,0
2011-03-27,FOODS_3,FOODS,2060,0
2011-03-27,HOBBIES_1,HOBBIES,517,0
2011-03-27,HOBBIES_2,HOBBIES,16,0
2011-03-27,HOUSEHOLD_1,HOUSEHOLD,439,0
2011-03-27,HOUSEHOLD_2,HOUSEHOLD,226,0
2011-03-28,FOODS_1,FOODS,152,0
2011-03-28,FOODS_2,FOODS,344,0
2011-03-28,FOODS_3,FOODS,1407,0
2011-03-28,HOBBIES_1,HOBBIES,518,0
2011-03-28,HOBBIES_2,HOBBIES,15,0
2011-03-28,HOUSEHOLD_1,HOUSEHOLD,252,0
2011-03-28,HOUSEHOLD_2,HOUSEHOLD,92,0
2011-03-29,FOODS_1,FOODS,155,0
2011-03-29,FOODS_2,FOODS,279,0
2011-03-29,FOODS_3,FOODS,1037,0
2011-03-29,HOBBIES_1,HOBBIES,304,0
2011-03-29,HOBBIES_2,HOBBIES,29,0
2011-03-29,HOUSEHOLD_1,HOUSEHOLD,246,0
2011-03-29,HOUSEHOLD_2,HOUSEHOLD,117,0
2011-03-30,FOODS_1,FOODS,141,0
2011-03-30,FOODS_2,FOODS,266,0
2011-03-30,FOODS_3,FOODS,1205,0
2011-03-30,HOBBIES_1,HOBBIES,328,0
2011-03-30,HOBBIES_2,HOBBIES,13,0
2011-03-30,HOUSEHOLD_1,HOUSEHOLD,195,0
2011-03-30,HOUSEHOLD_2,HOUSEHOLD,99,0
2011-03-31,FOODS_1,FOODS,142,0
2011-03-31,FOODS_2,FOODS,309,0
2011-03-31,FOODS_3,FOODS,1398,0
2011-03-31,HOBBIES_1,HOBBIES,361,0
2011-03-31,HOBBIES_2,HOBBIES,16,0
2011-03-31,HOUSEHOLD_1,HOUSEHOLD,233,0
2011-03-31,HOUSEHOLD_2,HOUSEHOLD,117,0
2011-04-01,FOODS_1,FOODS,188,1
2011-04-01,FOODS_2,FOODS,444,1
2011-04-01,FOODS_3,FOODS,1896,1
2011-04-01,HOBBIES_1,HOBBIES,435,1
2011-04-01,HOBBIES_2,HOBBIES,27,1
2011-04-01,HOUSEHOLD_1,HOUSEHOLD,358,1
2011-04-01,HOUSEHOLD_2,HOUSEHOLD,152,1
2011-04-02,FOODS_1,FOODS,206,1
2011-04-02,FOODS_2,FOODS,538,1
2011-04-02,FOODS_3,FOODS,2269,1
2011-04-02,HOBBIES_1,HOBBIES,540,1
2011-04-02,HOBBIES_2,HOBBIES,25,1
2011-04-02,HOUSEHOLD_1,HOUSEHOLD,541,1
2011-04-02,HOUSEHOLD_2,HOUSEHOLD,206,1
2011-04-03,FOODS_1,FOODS,225,1
2011-04-03,FOODS_2,FOODS,569,1
2011-04-03,FOODS_3,FOODS,2342,1
2011-04-03,HOBBIES_1,HOBBIES,585,1
2011-04-03,HOBBIES_2,HOBBIES,19,1
2011-04-03,HOUSEHOLD_1,HOUSEHOLD,463,1
2011-04-03,HOUSEHOLD_2,HOUSEHOLD,193,1
2011-04-04,FOODS_1,FOODS,161,1
2011-04-04,FOODS_2,FOODS,501,1
2011-04-04,FOODS_3,FOODS,1953,1
2011-04-04,HOBBIES_1,HOBBIES,477,1
2011-04-04,HOBBIES_2,HOBBIES,13,1
2011-04-04,HOUSEHOLD_1,HOUSEHOLD,375,1
2011-04-04,HOUSEHOLD_2,HOUSEHOLD,162,1
2011-04-05,FOODS_1,FOODS,117,1
2011-04-05,FOODS_2,FOODS,378,1
2011-04-05,FOODS_3,FOODS,1552,1
2011-04-05,HOBBIES_1,HOBBIES,384,1
2011-04-05,HOBBIES_2,HOBBIES,9,1
2011-04-05,HOUSEHOLD_1,HOUSEHOLD,232,1
2011-04-05,HOUSEHOLD_2,HOUSEHOLD,112,1
2011-04-06,FOODS_1,FOODS,164,1
2011-04-06,FOODS_2,FOODS,361,1
2011-04-06,FOODS_3,FOODS,1372,1
2011-04-06,HOBBIES_1,HOBBIES,332,1
2011-04-06,HOBBIES_2,HOBBIES,22,1
2011-04-06,HOUSEHOLD_1,HOUSEHOLD,231,1
2011-04-06,HOUSEHOLD_2,HOUSEHOLD,120,1
2011-04-07,FOODS_1,FOODS,166,1
2011-04-07,FOODS_2,FOODS,461,1
2011-04-07,FOODS_3,FOODS,1523,1
2011-04-07,HOBBIES_1,HOBBIES,420,1
2011-04-07,HOBBIES_2,HOBBIES,19,1
2011-04-07,HOUSEHOLD_1,HOUSEHOLD,268,1
2011-04-07,HOUSEHOLD_2,HOUSEHOLD,119,1
2011-04-08,FOODS_1,FOODS,183,1
2011-04-08,FOODS_2,FOODS,485,1
2011-04-08,FOODS_3,FOODS,1674,1
2011-04-08,HOBBIES_1,HOBBIES,475,1
2011-04-08,HOBBIES_2,HOBBIES,29,1
2011-04-08,HOUSEHOLD_1,HOUSEHOLD,294,1
2011-04-08,HOUSEHOLD_2,HOUSEHOLD,154,1
2011-04-09,FOODS_1,FOODS,205,1
2011-04-09,FOODS_2,FOODS,577,1
2011-04-09,FOODS_3,FOODS,2043,1
2011-04-09,HOBBIES_1,HOBBIES,580,1
2011-04-09,HOBBIES_2,HOBBIES,23,1
2011-04-09,HOUSEHOLD_1,HOUSEHOLD,464,1
2011-04-09,HOUSEHOLD_2,HOUSEHOLD,191,1
2011-04-10,FOODS_1,FOODS,191,1
2011-04-10,FOODS_2,FOODS,562,1
2011-04-10,FOODS_3,FOODS,2225,1
2011-04-10,HOBBIES_1,HOBBIES,544,1
2011-04-10,HOBBIES_2,HOBBIES,25,1
2011-04-10,HOUSEHOLD_1,HOUSEHOLD,450,1
2011-04-10,HOUSEHOLD_2,HOUSEHOLD,197,1
2011-04-11,FOODS_1,FOODS,144,0
2011-04-11,FOODS_2,FOODS,480,0
2011-04-11,FOODS_3,FOODS,1383,0
2011-04-11,HOBBIES_1,HOBBIES,541,0
2011-04-11,HOBBIES_2,HOBBIES,11,0
2011-04-11,HOUSEHOLD_1,HOUSEHOLD,322,0
2011-04-11,HOUSEHOLD_2,HOUSEHOLD,134,0
2011-04-12,FOODS_1,FOODS,116,0
2011-04-12,FOODS_2,FOODS,345,0
2011-04-12,FOODS_3,FOODS,1192,0
2011-04-12,HOBBIES_1,HOBBIES,416,0
2011-04-12,HOBBIES_2,HOBBIES,36,0
2011-04-12,HOUSEHOLD_1,HOUSEHOLD,293,0
2011-04-12,HOUSEHOLD_2,HOUSEHOLD,114,0
2011-04-13,FOODS_1,FOODS,135,0
2011-04-13,FOODS_2,FOODS,320,0
2011-04-13,FOODS_3,FOODS,1095,0
2011-04-13,HOBBIES_1,HOBBIES,273,0
2011-04-13,HOBBIES_2,HOBBIES,26,0
2011-04-13,HOUSEHOLD_1,HOUSEHOLD,275,0
2011-04-13,HOUSEHOLD_2,HOUSEHOLD,93,0
2011-04-14,FOODS_1,FOODS,132,0
2011-04-14,FOODS_2,FOODS,334,0
2011-04-14,FOODS_3,FOODS,1165,0
2011-04-14,HOBBIES_1,HOBBIES,498,0
2011-04-14,HOBBIES_2,HOBBIES,16,0
2011-04-14,HOUSEHOLD_1,HOUSEHOLD,253,0
2011-04-14,HOUSEHOLD_2,HOUSEHOLD,122,0
2011-04-15,FOODS_1,FOODS,182,0
2011-04-15,FOODS_2,FOODS,410,0
2011-04-15,FOODS_3,FOODS,1549,0
2011-04-15,HOBBIES_1,HOBBIES,261,0
2011-04-15,HOBBIES_2,HOBBIES,16,0
2011-04-15,HOUSEHOLD_1,HOUSEHOLD,290,0
2011-04-15,HOUSEHOLD_2,HOUSEHOLD,159,0
2011-04-16,FOODS_1,FOODS,217,0
2011-04-16,FOODS_2,FOODS,480,0
2011-04-16,FOODS_3,FOODS,1768,0
2011-04-16,HOBBIES_1,HOBBIES,496,0
2011-04-16,HOBBIES_2,HOBBIES,28,0
2011-04-16,HOUSEHOLD_1,HOUSEHOLD,395,0
2011-04-16,HOUSEHOLD_2,HOUSEHOLD,187,0
2011-04-17,FOODS_1,FOODS,246,0
2011-04-17,FOODS_2,FOODS,515,0
2011-04-17,FOODS_3,FOODS,2219,0
2011-04-17,HOBBIES_1,HOBBIES,429,0
2011-04-17,HOBBIES_2,HOBBIES,31,0
2011-04-17,HOUSEHOLD_1,HOUSEHOLD,436,0
2011-04-17,HOUSEHOLD_2,HOUSEHOLD,208,0
2011-04-18,FOODS_1,FOODS,141,0
2011-04-18,FOODS_2,FOODS,417,0
2011-04-18,FOODS_3,FOODS,1275,0
2011-04-18,HOBBIES_1,HOBBIES,407,0
2011-04-18,HOBBIES_2,HOBBIES,10,0
2011-04-18,HOUSEHOLD_1,HOUSEHOLD,367,0
2011-04-18,HOUSEHOLD_2,HOUSEHOLD,143,0
2011-04-19,FOODS_1,FOODS,169,0
2011-04-19,FOODS_2,FOODS,313,0
2011-04-19,FOODS_3,FOODS,1146,0
2011-04-19,HOBBIES_1,HOBBIES,199,0
2011-04-19,HOBBIES_2,HOBBIES,9,0
2011-04-19,HOUSEHOLD_1,HOUSEHOLD,275,0
2011-04-19,HOUSEHOLD_2,HOUSEHOLD,123,0
2011-04-20,FOODS_1,FOODS,157,0
2011-04-20,FOODS_2,FOODS,308,0
2011-04-20,FOODS_3,FOODS,1055,0
2011-04-20,HOBBIES_1,HOBBIES,327,0
2011-04-20,HOBBIES_2,HOBBIES,18,0
2011-04-20,HOUSEHOLD_1,HOUSEHOLD,284,0
2011-04-20,HOUSEHOLD_2,HOUSEHOLD,112,0
2011-04-21,FOODS_1,FOODS,183,0
2011-04-21,FOODS_2,FOODS,381,0
2011-04-21,FOODS_3,FOODS,1195,0
2011-04-21,HOBBIES_1,HOBBIES,312,0
2011-04-21,HOBBIES_2,HOBBIES,11,0
2011-04-21,HOUSEHOLD_1,HOUSEHOLD,270,0
2011-04-21,HOUSEHOLD_2,HOUSEHOLD,135,0
2011-04-22,FOODS_1,FOODS,358,0
2011-04-22,FOODS_2,FOODS,426,0
2011-04-22,FOODS_3,FOODS,1490,0
2011-04-22,HOBBIES_1,HOBBIES,302,0
2011-04-22,HOBBIES_2,HOBBIES,37,0
2011-04-22,HOUSEHOLD_1,HOUSEHOLD,345,0
2011-04-22,HOUSEHOLD_2,HOUSEHOLD,197,0
2011-04-23,FOODS_1,FOODS,452,0
2011-04-23,FOODS_2,FOODS,538,0
2011-04-23,FOODS_3,FOODS,1919,0
2011-04-23,HOBBIES_1,HOBBIES,597,0
2011-04-23,HOBBIES_2,HOBBIES,31,0
2011-04-23,HOUSEHOLD_1,HOUSEHOLD,452,0
2011-04-23,HOUSEHOLD_2,HOUSEHOLD,198,0
2011-04-24,FOODS_1,FOODS,186,0
2011-04-24,FOODS_2,FOODS,379,0
2011-04-24,FOODS_3,FOODS,1486,0
2011-04-24,HOBBIES_1,HOBBIES,333,0
2011-04-24,HOBBIES_2,HOBBIES,33,0
2011-04-24,HOUSEHOLD_1,HOUSEHOLD,394,0
2011-04-24,HOUSEHOLD_2,HOUSEHOLD,135,0
2011-04-25,FOODS_1,FOODS,121,0
2011-04-25,FOODS_2,FOODS,341,0
2011-04-25,FOODS_3,FOODS,1056,0
2011-04-25,HOBBIES_1,HOBBIES,502,0
2011-04-25,HOBBIES_2,HOBBIES,12,0
2011-04-25,HOUSEHOLD_1,HOUSEHOLD,269,0
2011-04-25,HOUSEHOLD_2,HOUSEHOLD,138,0
2011-04-26,FOODS_1,FOODS,130,0
2011-04-26,FOODS_2,FOODS,342,0
2011-04-26,FOODS_3,FOODS,939,0
2011-04-26,HOBBIES_1,HOBBIES,320,0
2011-04-26,HOBBIES_2,HOBBIES,12,0
2011-04-26,HOUSEHOLD_1,HOUSEHOLD,226,0
2011-04-26,HOUSEHOLD_2,HOUSEHOLD,116,0
2011-04-27,FOODS_1,FOODS,114,0
2011-04-27,FOODS_2,FOODS,245,0
2011-04-27,FOODS_3,FOODS,935,0
2011-04-27,HOBBIES_1,HOBBIES,420,0
2011-04-27,HOBBIES_2,HOBBIES,16,0
2011-04-27,HOUSEHOLD_1,HOUSEHOLD,247,0
2011-04-27,HOUSEHOLD_2,HOUSEHOLD,119,0
2011-04-28,FOODS_1,FOODS,125,0
2011-04-28,FOODS_2,FOODS,263,0
2011-04-28,FOODS_3,FOODS,986,0
2011-04-28,HOBBIES_1,HOBBIES,344,0
2011-04-28,HOBBIES_2,HOBBIES,11,0
2011-04-28,HOUSEHOLD_1,HOUSEHOLD,226,0
2011-04-28,HOUSEHOLD_2,HOUSEHOLD,131,0
2011-04-29,FOODS_1,FOODS,188,0
2011-04-29,FOODS_2,FOODS,376,0
2011-04-29,FOODS_3,FOODS,1244,0
2011-04-29,HOBBIES_1,HOBBIES,336,0
2011-04-29,HOBBIES_2,HOBBIES,19,0
2011-04-29,HOUSEHOLD_1,HOUSEHOLD,305,0
2011-04-29,HOUSEHOLD_2,HOUSEHOLD,207,0
2011-04-30,FOODS_1,FOODS,205,0
2011-04-30,FOODS_2,FOODS,500,0
2011-04-30,FOODS_3,FOODS,1573,0
2011-04-30,HOBBIES_1,HOBBIES,570,0
2011-04-30,HOBBIES_2,HOBBIES,31,0
2011-04-30,HOUSEHOLD_1,HOUSEHOLD,435,0
2011-04-30,HOUSEHOLD_2,HOUSEHOLD,246,0
2011-05-01,FOODS_1,FOODS,209,1
2011-05-01,FOODS_2,FOODS,446,1
2011-05-01,FOODS_3,FOODS,1895,1
2011-05-01,HOBBIES_1,HOBBIES,510,1
2011-05-01,HOBBIES_2,HOBBIES,27,1
2011-05-01,HOUSEHOLD_1,HOUSEHOLD,377,1
2011-05-01,HOUSEHOLD_2,HOUSEHOLD,204,1
2011-05-02,FOODS_1,FOODS,167,1
2011-05-02,FOODS_2,FOODS,410,1
2011-05-02,FOODS_3,FOODS,1385,1
2011-05-02,HOBBIES_1,HOBBIES,428,1
2011-05-02,HOBBIES_2,HOBBIES,13,1
2011-05-02,HOUSEHOLD_1,HOUSEHOLD,352,1
2011-05-02,HOUSEHOLD_2,HOUSEHOLD,156,1
2011-05-03,FOODS_1,FOODS,215,1
2011-05-03,FOODS_2,FOODS,411,1
2011-05-03,FOODS_3,FOODS,1418,1
2011-05-03,HOBBIES_1,HOBBIES,342,1
2011-05-03,HOBBIES_2,HOBBIES,14,1
2011-05-03,HOUSEHOLD_1,HOUSEHOLD,290,1
2011-05-03,HOUSEHOLD_2,HOUSEHOLD,149,1
2011-05-04,FOODS_1,FOODS,163,1
2011-05-04,FOODS_2,FOODS,299,1
2011-05-04,FOODS_3,FOODS,1462,1
2011-05-04,HOBBIES_1,HOBBIES,321,1
2011-05-04,HOBBIES_2,HOBBIES,20,1
2011-05-04,HOUSEHOLD_1,HOUSEHOLD,231,1
2011-05-04,HOUSEHOLD_2,HOUSEHOLD,114,1
2011-05-05,FOODS_1,FOODS,185,1
2011-05-05,FOODS_2,FOODS,284,1
2011-05-05,FOODS_3,FOODS,1179,1
2011-05-05,HOBBIES_1,HOBBIES,385,1
2011-05-05,HOBBIES_2,HOBBIES,12,1
2011-05-05,HOUSEHOLD_1,HOUSEHOLD,225,1
2011-05-05,HOUSEHOLD_2,HOUSEHOLD,114,1
2011-05-06,FOODS_1,FOODS,235,1
2011-05-06,FOODS_2,FOODS,489,1
2011-05-06,FOODS_3,FOODS,1598,1
2011-05-06,HOBBIES_1,HOBBIES,349,1
2011-05-06,HOBBIES_2,HOBBIES,28,1
2011-05-06,HOUSEHOLD_1,HOUSEHOLD,266,1
2011-05-06,HOUSEHOLD_2,HOUSEHOLD,160,1
2011-05-07,FOODS_1,FOODS,272,1
2011-05-07,FOODS_2,FOODS,438,1
2011-05-07,FOODS_3,FOODS,1895,1
2011-05-07,HOBBIES_1,HOBBIES,594,1
2011-05-07,HOBBIES_2,HOBBIES,18,1
2011-05-07,HOUSEHOLD_1,HOUSEHOLD,414,1
2011-05-07,HOUSEHOLD_2,HOUSEHOLD,185,1
2011-05-08,FOODS_1,FOODS,211,1
2011-05-08,FOODS_2,FOODS,306,1
2011-05-08,FOODS_3,FOODS,1579,1
2011-05-08,HOBBIES_1,HOBBIES,408,1
2011-05-08,HOBBIES_2,HOBBIES,18,1
2011-05-08,HOUSEHOLD_1,HOUSEHOLD,354,1
2011-05-08,HOUSEHOLD_2,HOUSEHOLD,157,1
2011-05-09,FOODS_1,FOODS,175,1
2011-05-09,FOODS_2,FOODS,595,1
2011-05-09,FOODS_3,FOODS,1429,1
2011-05-09,HOBBIES_1,HOBBIES,383,1
2011-05-09,HOBBIES_2,HOBBIES,17,1
2011-05-09,HOUSEHOLD_1,HOUSEHOLD,320,1
2011-05-09,HOUSEHOLD_2,HOUSEHOLD,150,1
2011-05-10,FOODS_1,FOODS,162,1
2011-05-10,FOODS_2,FOODS,541,1
2011-05-10,FOODS_3,FOODS,1341,1
2011-05-10,HOBBIES_1,HOBBIES,563,1
2011-05-10,HOBBIES_2,HOBBIES,17,1
2011-05-10,HOUSEHOLD_1,HOUSEHOLD,232,1
2011-05-10,HOUSEHOLD_2,HOUSEHOLD,129,1
2011-05-11,FOODS_1,FOODS,135,0
2011-05-11,FOODS_2,FOODS,460,0
2011-05-11,FOODS_3,FOODS,1202,0
2011-05-11,HOBBIES_1,HOBBIES,429,0
2011-05-11,HOBBIES_2,HOBBIES,26,0
2011-05-11,HOUSEHOLD_1,HOUSEHOLD,255,0
2011-05-11,HOUSEHOLD_2,HOUSEHOLD,122,0
2011-05-12,FOODS_1,FOODS,167,0
2011-05-12,FOODS_2,FOODS,379,0
2011-05-12,FOODS_3,FOODS,1084,0
2011-05-12,HOBBIES_1,HOBBIES,259,0
2011-05-12,HOBBIES_2,HOBBIES,28,0
2011-05-12,HOUSEHOLD_1,HOUSEHOLD,225,0
2011-05-12,HOUSEHOLD_2,HOUSEHOLD,135,0
2011-05-13,FOODS_1,FOODS,179,0
2011-05-13,FOODS_2,FOODS,447,0
2011-05-13,FOODS_3,FOODS,1452,0
2011-05-13,HOBBIES_1,HOBBIES,404,0
2011-05-13,HOBBIES_2,HOBBIES,18,0
2011-05-13,HOUSEHOLD_1,HOUSEHOLD,328,0
2011-05-13,HOUSEHOLD_2,HOUSEHOLD,180,0
2011-05-14,FOODS_1,FOODS,274,0
2011-05-14,FOODS_2,FOODS,560,0
2011-05-14,FOODS_3,FOODS,1774,0
2011-05-14,HOBBIES_1,HOBBIES,501,0
2011-05-14,HOBBIES_2,HOBBIES,28,0
2011-05-14,HOUSEHOLD_1,HOUSEHOLD,430,0
2011-05-14,HOUSEHOLD_2,HOUSEHOLD,187,0
2011-05-15,FOODS_1,FOODS,204,0
2011-05-15,FOODS_2,FOODS,651,0
2011-05-15,FOODS_3,FOODS,1849,0
2011-05-15,HOBBIES_1,HOBBIES,436,0
2011-05-15,HOBBIES_2,HOBBIES,16,0
2011-05-15,HOUSEHOLD_1,HOUSEHOLD,470,0
2011-05-15,HOUSEHOLD_2,HOUSEHOLD,196,0
2011-05-16,FOODS_1,FOODS,170,0
2011-05-16,FOODS_2,FOODS,432,0
2011-05-16,FOODS_3,FOODS,1049,0
2011-05-16,HOBBIES_1,HOBBIES,497,0
2011-05-16,HOBBIES_2,HOBBIES,20,0
2011-05-16,HOUSEHOLD_1,HOUSEHOLD,294,0
2011-05-16,HOUSEHOLD_2,HOUSEHOLD,120,0
2011-05-17,FOODS_1,FOODS,158,0
2011-05-17,FOODS_2,FOODS,342,0
2011-05-17,FOODS_3,FOODS,1050,0
2011-05-17,HOBBIES_1,HOBBIES,249,0
2011-05-17,HOBBIES_2,HOBBIES,11,0
2011-05-17,HOUSEHOLD_1,HOUSEHOLD,235,0
2011-05-17,HOUSEHOLD_2,HOUSEHOLD,99,0
2011-05-18,FOODS_1,FOODS,177,0
2011-05-18,FOODS_2,FOODS,340,0
2011-05-18,FOODS_3,FOODS,1018,0
2011-05-18,HOBBIES_1,HOBBIES,309,0
2011-05-18,HOBBIES_2,HOBBIES,8,0
2011-05-18,HOUSEHOLD_1,HOUSEHOLD,214,0
2011-05-18,HOUSEHOLD_2,HOUSEHOLD,108,0
2011-05-19,FOODS_1,FOODS,121,0
2011-05-19,FOODS_2,FOODS,311,0
2011-05-19,FOODS_3,FOODS,1084,0
2011-05-19,HOBBIES_1,HOBBIES,273,0
2011-05-19,HOBBIES_2,HOBBIES,33,0
2011-05-19,HOUSEHOLD_1,HOUSEHOLD,210,0
2011-05-19,HOUSEHOLD_2,HOUSEHOLD,136,0
2011-05-20,FOODS_1,FOODS,204,0
2011-05-20,FOODS_2,FOODS,389,0
2011-05-20,FOODS_3,FOODS,1254,0
2011-05-20,HOBBIES_1,HOBBIES,335,0
2011-05-20,HOBBIES_2,HOBBIES,35,0
2011-05-20,HOUSEHOLD_1,HOUSEHOLD,304,0
2011-05-20,HOUSEHOLD_2,HOUSEHOLD,143,0
2011-05-21,FOODS_1,FOODS,178,0
2011-05-21,FOODS_2,FOODS,531,0
2011-05-21,FOODS_3,FOODS,1623,0
2011-05-21,HOBBIES_1,HOBBIES,537,0
2011-05-21,HOBBIES_2,HOBBIES,34,0
2011-05-21,HOUSEHOLD_1,HOUSEHOLD,393,0
2011-05-21,HOUSEHOLD_2,HOUSEHOLD,167,0
2011-05-22,FOODS_1,FOODS,169,0
2011-05-22,FOODS_2,FOODS,577,0
2011-05-22,FOODS_3,FOODS,1779,0
2011-05-22,HOBBIES_1,HOBBIES,430,0
2011-05-22,HOBBIES_2,HOBBIES,35,0
2011-05-22,HOUSEHOLD_1,HOUSEHOLD,405,0
2011-05-22,HOUSEHOLD_2,HOUSEHOLD,202,0
2011-05-23,FOODS_1,FOODS,112,0
2011-05-23,FOODS_2,FOODS,392,0
2011-05-23,FOODS_3,FOODS,1144,0
2011-05-23,HOBBIES_1,HOBBIES,426,0
2011-05-23,HOBBIES_2,HOBBIES,16,0
2011-05-23,HOUSEHOLD_1,HOUSEHOLD,254,0
2011-05-23,HOUSEHOLD_2,HOUSEHOLD,117,0
2011-05-24,FOODS_1,FOODS,137,0
2011-05-24,FOODS_2,FOODS,353,0
2011-05-24,FOODS_3,FOODS,1066,0
2011-05-24,HOBBIES_1,HOBBIES,261,0
2011-05-24,HOBBIES_2,HOBBIES,23,0
2011-05-24,HOUSEHOLD_1,HOUSEHOLD,214,0
2011-05-24,HOUSEHOLD_2,HOUSEHOLD,106,0
2011-05-25,FOODS_1,FOODS,134,0
2011-05-25,FOODS_2,FOODS,344,0
2011-05-25,FOODS_3,FOODS,1034,0
2011-05-25,HOBBIES_1,HOBBIES,395,0
2011-05-25,HOBBIES_2,HOBBIES,24,0
2011-05-25,HOUSEHOLD_1,HOUSEHOLD,212,0
2011-05-25,HOUSEHOLD_2,HOUSEHOLD,108,0
2011-05-26,FOODS_1,FOODS,121,0
2011-05-26,FOODS_2,FOODS,334,0
2011-05-26,FOODS_3,FOODS,1032,0
2011-05-26,HOBBIES_1,HOBBIES,414,0
2011-05-26,HOBBIES_2,HOBBIES,23,0
2011-05-26,HOUSEHOLD_1,HOUSEHOLD,230,0
2011-05-26,HOUSEHOLD_2,HOUSEHOLD,142,0
2011-05-27,FOODS_1,FOODS,178,0
2011-05-27,FOODS_2,FOODS,365,0
2011-05-27,FOODS_3,FOODS,1243,0
2011-05-27,HOBBIES_1,HOBBIES,383,0
2011-05-27,HOBBIES_2,HOBBIES,29,0
2011-05-27,HOUSEHOLD_1,HOUSEHOLD,275,0
2011-05-27,HOUSEHOLD_2,HOUSEHOLD,169,0
2011-05-28,FOODS_1,FOODS,234,0
2011-05-28,FOODS_2,FOODS,482,0
2011-05-28,FOODS_3,FOODS,1424,0
2011-05-28,HOBBIES_1,HOBBIES,532,0
2011-05-28,HOBBIES_2,HOBBIES,33,0
2011-05-28,HOUSEHOLD_1,HOUSEHOLD,334,0
2011-05-28,HOUSEHOLD_2,HOUSEHOLD,175,0
2011-05-29,FOODS_1,FOODS,217,0
2011-05-29,FOODS_2,FOODS,446,0
2011-05-29,FOODS_3,FOODS,1607,0
2011-05-29,HOBBIES_1,HOBBIES,363,0
2011-05-29,HOBBIES_2,HOBBIES,18,0
2011-05-29,HOUSEHOLD_1,HOUSEHOLD,371,0
2011-05-29,HOUSEHOLD_2,HOUSEHOLD,180,0
2011-05-30,FOODS_1,FOODS,159,0
2011-05-30,FOODS_2,FOODS,524,0
2011-05-30,FOODS_3,FOODS,1330,0
2011-05-30,HOBBIES_1,HOBBIES,314,0
2011-05-30,HOBBIES_2,HOBBIES,25,0
2011-05-30,HOUSEHOLD_1,HOUSEHOLD,352,0
2011-05-30,HOUSEHOLD_2,HOUSEHOLD,180,0
2011-05-31,FOODS_1,FOODS,147,0
2011-05-31,FOODS_2,FOODS,372,0
2011-05-31,FOODS_3,FOODS,986,0
2011-05-31,HOBBIES_1,HOBBIES,231,0
2011-05-31,HOBBIES_2,HOBBIES,29,0
2011-05-31,HOUSEHOLD_1,HOUSEHOLD,250,0
2011-05-31,HOUSEHOLD_2,HOUSEHOLD,141,0
2011-06-01,FOODS_1,FOODS,160,1
2011-06-01,FOODS_2,FOODS,417,1
2011-06-01,FOODS_3,FOODS,1124,1
2011-06-01,HOBBIES_1,HOBBIES,347,1
2011-06-01,HOBBIES_2,HOBBIES,28,1
2011-06-01,HOUSEHOLD_1,HOUSEHOLD,295,1
2011-06-01,HOUSEHOLD_2,HOUSEHOLD,158,1
2011-06-02,FOODS_1,FOODS,167,1
2011-06-02,FOODS_2,FOODS,403,1
2011-06-02,FOODS_3,FOODS,1178,1
2011-06-02,HOBBIES_1,HOBBIES,402,1
2011-06-02,HOBBIES_2,HOBBIES,42,1
2011-06-02,HOUSEHOLD_1,HOUSEHOLD,333,1
2011-06-02,HOUSEHOLD_2,HOUSEHOLD,127,1
2011-06-03,FOODS_1,FOODS,275,1
2011-06-03,FOODS_2,FOODS,621,1
2011-06-03,FOODS_3,FOODS,1369,1
2011-06-03,HOBBIES_1,HOBBIES,394,1
2011-06-03,HOBBIES_2,HOBBIES,23,1
2011-06-03,HOUSEHOLD_1,HOUSEHOLD,354,1
2011-06-03,HOUSEHOLD_2,HOUSEHOLD,164,1
2011-06-04,FOODS_1,FOODS,224,1
2011-06-04,FOODS_2,FOODS,709,1
2011-06-04,FOODS_3,FOODS,1909,1
2011-06-04,HOBBIES_1,HOBBIES,392,1
2011-06-04,HOBBIES_2,HOBBIES,13,1
2011-06-04,HOUSEHOLD_1,HOUSEHOLD,449,1
2011-06-04,HOUSEHOLD_2,HOUSEHOLD,246,1
2011-06-05,FOODS_1,FOODS,235,1
2011-06-05,FOODS_2,FOODS,711,1
2011-06-05,FOODS_3,FOODS,1886,1
2011-06-05,HOBBIES_1,HOBBIES,335,1
2011-06-05,HOBBIES_2,HOBBIES,38,1
2011-06-05,HOUSEHOLD_1,HOUSEHOLD,473,1
2011-06-05,HOUSEHOLD_2,HOUSEHOLD,193,1
2011-06-06,FOODS_1,FOODS,202,1
2011-06-06,FOODS_2,FOODS,553,1
2011-06-06,FOODS_3,FOODS,1432,1
2011-06-06,HOBBIES_1,HOBBIES,377,1
2011-06-06,HOBBIES_2,HOBBIES,8,1
2011-06-06,HOUSEHOLD_1,HOUSEHOLD,338,1
2011-06-06,HOUSEHOLD_2,HOUSEHOLD,146,1
2011-06-07,FOODS_1,FOODS,171,1
2011-06-07,FOODS_2,FOODS,503,1
2011-06-07,FOODS_3,FOODS,1289,1
2011-06-07,HOBBIES_1,HOBBIES,351,1
2011-06-07,HOBBIES_2,HOBBIES,18,1
2011-06-07,HOUSEHOLD_1,HOUSEHOLD,285,1
2011-06-07,HOUSEHOLD_2,HOUSEHOLD,146,1
2011-06-08,FOODS_1,FOODS,159,1
2011-06-08,FOODS_2,FOODS,401,1
2011-06-08,FOODS_3,FOODS,1249,1
2011-06-08,HOBBIES_1,HOBBIES,633,1
2011-06-08,HOBBIES_2,HOBBIES,18,1
2011-06-08,HOUSEHOLD_1,HOUSEHOLD,262,1
2011-06-08,HOUSEHOLD_2,HOUSEHOLD,162,1
2011-06-09,FOODS_1,FOODS,155,1
2011-06-09,FOODS_2,FOODS,444,1
2011-06-09,FOODS_3,FOODS,1440,1
2011-06-09,HOBBIES_1,HOBBIES,342,1
2011-06-09,HOBBIES_2,HOBBIES,26,1
2011-06-09,HOUSEHOLD_1,HOUSEHOLD,255,1
2011-06-09,HOUSEHOLD_2,HOUSEHOLD,125,1
2011-06-10,FOODS_1,FOODS,189,1
2011-06-10,FOODS_2,FOODS,534,1
2011-06-10,FOODS_3,FOODS,1724,1
2011-06-10,HOBBIES_1,HOBBIES,481,1
2011-06-10,HOBBIES_2,HOBBIES,20,1
2011-06-10,HOUSEHOLD_1,HOUSEHOLD,289,1
2011-06-10,HOUSEHOLD_2,HOUSEHOLD,183,1
2011-06-11,FOODS_1,FOODS,220,0
2011-06-11,FOODS_2,FOODS,622,0
2011-06-11,FOODS_3,FOODS,1593,0
2011-06-11,HOBBIES_1,HOBBIES,556,0
2011-06-11,HOBBIES_2,HOBBIES,37,0
2011-06-11,HOUSEHOLD_1,HOUSEHOLD,390,0
2011-06-11,HOUSEHOLD_2,HOUSEHOLD,170,0
2011-06-12,FOODS_1,FOODS,255,0
2011-06-12,FOODS_2,FOODS,623,0
2011-06-12,FOODS_3,FOODS,1708,0
2011-06-12,HOBBIES_1,HOBBIES,369,0
2011-06-12,HOBBIES_2,HOBBIES,15,0
2011-06-12,HOUSEHOLD_1,HOUSEHOLD,448,0
2011-06-12,HOUSEHOLD_2,HOUSEHOLD,151,0
2011-06-13,FOODS_1,FOODS,165,0
2011-06-13,FOODS_2,FOODS,514,0
2011-06-13,FOODS_3,FOODS,1536,0
2011-06-13,HOBBIES_1,HOBBIES,438,0
2011-06-13,HOBBIES_2,HOBBIES,39,0
2011-06-13,HOUSEHOLD_1,HOUSEHOLD,329,0
2011-06-13,HOUSEHOLD_2,HOUSEHOLD,128,0
2011-06-14,FOODS_1,FOODS,178,0
2011-06-14,FOODS_2,FOODS,450,0
2011-06-14,FOODS_3,FOODS,1407,0
2011-06-14,HOBBIES_1,HOBBIES,449,0
2011-06-14,HOBBIES_2,HOBBIES,16,0
2011-06-14,HOUSEHOLD_1,HOUSEHOLD,259,0
2011-06-14,HOUSEHOLD_2,HOUSEHOLD,135,0
2011-06-15,FOODS_1,FOODS,196,0
2011-06-15,FOODS_2,FOODS,378,0
2011-06-15,FOODS_3,FOODS,1399,0
2011-06-15,HOBBIES_1,HOBBIES,279,0
2011-06-15,HOBBIES_2,HOBBIES,14,0
2011-06-15,HOUSEHOLD_1,HOUSEHOLD,277,0
2011-06-15,HOUSEHOLD_2,HOUSEHOLD,136,0
2011-06-16,FOODS_1,FOODS,180,0
2011-06-16,FOODS_2,FOODS,332,0
2011-06-16,FOODS_3,FOODS,1231,0
2011-06-16,HOBBIES_1,HOBBIES,367,0
2011-06-16,HOBBIES_2,HOBBIES,9,0
2011-06-16,HOUSEHOLD_1,HOUSEHOLD,260,0
2011-06-16,HOUSEHOLD_2,HOUSEHOLD,156,0
2011-06-17,FOODS_1,FOODS,275,0
2011-06-17,FOODS_2,FOODS,429,0
2011-06-17,FOODS_3,FOODS,1292,0
2011-06-17,HOBBIES_1,HOBBIES,484,0
2011-06-17,HOBBIES_2,HOBBIES,21,0
2011-06-17,HOUSEHOLD_1,HOUSEHOLD,286,0
2011-06-17,HOUSEHOLD_2,HOUSEHOLD,184,0
2011-06-18,FOODS_1,FOODS,258,0
2011-06-18,FOODS_2,FOODS,566,0
2011-06-18,FOODS_3,FOODS,1715,0
2011-06-18,HOBBIES_1,HOBBIES,717,0
2011-06-18,HOBBIES_2,HOBBIES,14,0
2011-06-18,HOUSEHOLD_1,HOUSEHOLD,405,0
2011-06-18,HOUSEHOLD_2,HOUSEHOLD,221,0
2011-06-19,FOODS_1,FOODS,211,0
2011-06-19,FOODS_2,FOODS,405,0
2011-06-19,FOODS_3,FOODS,1584,0
2011-06-19,HOBBIES_1,HOBBIES,372,0
2011-06-19,HOBBIES_2,HOBBIES,25,0
2011-06-19,HOUSEHOLD_1,HOUSEHOLD,357,0
2011-06-19,HOUSEHOLD_2,HOUSEHOLD,155,0
2011-06-20,FOODS_1,FOODS,172,0
2011-06-20,FOODS_2,FOODS,361,0
2011-06-20,FOODS_3,FOODS,1529,0
2011-06-20,HOBBIES_1,HOBBIES,316,0
2011-06-20,HOBBIES_2,HOBBIES,14,0
2011-06-20,HOUSEHOLD_1,HOUSEHOLD,314,0
2011-06-20,HOUSEHOLD_2,HOUSEHOLD,142,0
2011-06-21,FOODS_1,FOODS,199,0
2011-06-21,FOODS_2,FOODS,394,0
2011-06-21,FOODS_3,FOODS,1551,0
2011-06-21,HOBBIES_1,HOBBIES,351,0
2011-06-21,HOBBIES_2,HOBBIES,15,0
2011-06-21,HOUSEHOLD_1,HOUSEHOLD,278,0
2011-06-21,HOUSEHOLD_2,HOUSEHOLD,148,0
2011-06-22,FOODS_1,FOODS,209,0
2011-06-22,FOODS_2,FOODS,372,0
2011-06-22,FOODS_3,FOODS,1154,0
2011-06-22,HOBBIES_1,HOBBIES,377,0
2011-06-22,HOBBIES_2,HOBBIES,18,0
2011-06-22,HOUSEHOLD_1,HOUSEHOLD,289,0
2011-06-22,HOUSEHOLD_2,HOUSEHOLD,138,0
2011-06-23,FOODS_1,FOODS,208,0
2011-06-23,FOODS_2,FOODS,411,0
2011-06-23,FOODS_3,FOODS,1187,0
2011-06-23,HOBBIES_1,HOBBIES,337,0
2011-06-23,HOBBIES_2,HOBBIES,25,0
2011-06-23,HOUSEHOLD_1,HOUSEHOLD,286,0
2011-06-23,HOUSEHOLD_2,HOUSEHOLD,170,0
2011-06-24,FOODS_1,FOODS,330,0
2011-06-24,FOODS_2,FOODS,407,0
2011-06-24,FOODS_3,FOODS,1355,0
2011-06-24,HOBBIES_1,HOBBIES,438,0
2011-06-24,HOBBIES_2,HOBBIES,22,0
2011-06-24,HOUSEHOLD_1,HOUSEHOLD,363,0
2011-06-24,HOUSEHOLD_2,HOUSEHOLD,156,0
2011-06-25,FOODS_1,FOODS,310,0
2011-06-25,FOODS_2,FOODS,428,0
2011-06-25,FOODS_3,FOODS,1561,0
2011-06-25,HOBBIES_1,HOBBIES,487,0
2011-06-25,HOBBIES_2,HOBBIES,27,0
2011-06-25,HOUSEHOLD_1,HOUSEHOLD,355,0
2011-06-25,HOUSEHOLD_2,HOUSEHOLD,186,0
2011-06-26,FOODS_1,FOODS,235,0
2011-06-26,FOODS_2,FOODS,470,0
2011-06-26,FOODS_3,FOODS,1786,0
2011-06-26,HOBBIES_1,HOBBIES,430,0
2011-06-26,HOBBIES_2,HOBBIES,15,0
2011-06-26,HOUSEHOLD_1,HOUSEHOLD,510,0
2011-06-26,HOUSEHOLD_2,HOUSEHOLD,226,0
2011-06-27,FOODS_1,FOODS,217,0
2011-06-27,FOODS_2,FOODS,440,0
2011-06-27,FOODS_3,FOODS,1270,0
2011-06-27,HOBBIES_1,HOBBIES,528,0
2011-06-27,HOBBIES_2,HOBBIES,5,0
2011-06-27,HOUSEHOLD_1,HOUSEHOLD,337,0
2011-06-27,HOUSEHOLD_2,HOUSEHOLD,115,0
2011-06-28,FOODS_1,FOODS,167,0
2011-06-28,FOODS_2,FOODS,324,0
2011-06-28,FOODS_3,FOODS,982,0
2011-06-28,HOBBIES_1,HOBBIES,310,0
2011-06-28,HOBBIES_2,HOBBIES,25,0
2011-06-28,HOUSEHOLD_1,HOUSEHOLD,267,0
2011-06-28,HOUSEHOLD_2,HOUSEHOLD,125,0
2011-06-29,FOODS_1,FOODS,191,0
2011-06-29,FOODS_2,FOODS,311,0
2011-06-29,FOODS_3,FOODS,995,0
2011-06-29,HOBBIES_1,HOBBIES,258,0
2011-06-29,HOBBIES_2,HOBBIES,40,0
2011-06-29,HOUSEHOLD_1,HOUSEHOLD,266,0
2011-06-29,HOUSEHOLD_2,HOUSEHOLD,105,0
2011-06-30,FOODS_1,FOODS,168,0
2011-06-30,FOODS_2,FOODS,324,0
2011-06-30,FOODS_3,FOODS,1260,0
2011-06-30,HOBBIES_1,HOBBIES,346,0
2011-06-30,HOBBIES_2,HOBBIES,15,0
2011-06-30,HOUSEHOLD_1,HOUSEHOLD,271,0
2011-06-30,HOUSEHOLD_2,HOUSEHOLD,158,0
2011-07-01,FOODS_1,FOODS,243,1
2011-07-01,FOODS_2,FOODS,481,1
2011-07-01,FOODS_3,FOODS,1939,1
2011-07-01,HOBBIES_1,HOBBIES,414,1
2011-07-01,HOBBIES_2,HOBBIES,13,1
2011-07-01,HOUSEHOLD_1,HOUSEHOLD,383,1
2011-07-01,HOUSEHOLD_2,HOUSEHOLD,208,1
2011-07-02,FOODS_1,FOODS,278,1
2011-07-02,FOODS_2,FOODS,585,1
2011-07-02,FOODS_3,FOODS,2245,1
2011-07-02,HOBBIES_1,HOBBIES,534,1
2011-07-02,HOBBIES_2,HOBBIES,21,1
2011-07-02,HOUSEHOLD_1,HOUSEHOLD,369,1
2011-07-02,HOUSEHOLD_2,HOUSEHOLD,244,1
2011-07-03,FOODS_1,FOODS,241,1
2011-07-03,FOODS_2,FOODS,550,1
2011-07-03,FOODS_3,FOODS,2151,1
2011-07-03,HOBBIES_1,HOBBIES,355,1
2011-07-03,HOBBIES_2,HOBBIES,15,1
2011-07-03,HOUSEHOLD_1,HOUSEHOLD,378,1
2011-07-03,HOUSEHOLD_2,HOUSEHOLD,195,1
2011-07-04,FOODS_1,FOODS,154,1
2011-07-04,FOODS_2,FOODS,366,1
2011-07-04,FOODS_3,FOODS,1518,1
2011-07-04,HOBBIES_1,HOBBIES,238,1
2011-07-04,HOBBIES_2,HOBBIES,22,1
2011-07-04,HOUSEHOLD_1,HOUSEHOLD,245,1
2011-07-04,HOUSEHOLD_2,HOUSEHOLD,129,1
2011-07-05,FOODS_1,FOODS,165,1
2011-07-05,FOODS_2,FOODS,557,1
2011-07-05,FOODS_3,FOODS,1642,1
2011-07-05,HOBBIES_1,HOBBIES,340,1
2011-07-05,HOBBIES_2,HOBBIES,15,1
2011-07-05,HOUSEHOLD_1,HOUSEHOLD,325,1
2011-07-05,HOUSEHOLD_2,HOUSEHOLD,133,1
2011-07-06,FOODS_1,FOODS,181,1
2011-07-06,FOODS_2,FOODS,583,1
2011-07-06,FOODS_3,FOODS,1677,1
2011-07-06,HOBBIES_1,HOBBIES,598,1
2011-07-06,HOBBIES_2,HOBBIES,17,1
2011-07-06,HOUSEHOLD_1,HOUSEHOLD,309,1
2011-07-06,HOUSEHOLD_2,HOUSEHOLD,177,1
2011-07-07,FOODS_1,FOODS,189,1
2011-07-07,FOODS_2,FOODS,603,1
2011-07-07,FOODS_3,FOODS,1611,1
2011-07-07,HOBBIES_1,HOBBIES,477,1
2011-07-07,HOBBIES_2,HOBBIES,9,1
2011-07-07,HOUSEHOLD_1,HOUSEHOLD,314,1
2011-07-07,HOUSEHOLD_2,HOUSEHOLD,159,1
2011-07-08,FOODS_1,FOODS,202,1
2011-07-08,FOODS_2,FOODS,598,1
2011-07-08,FOODS_3,FOODS,1585,1
2011-07-08,HOBBIES_1,HOBBIES,319,1
2011-07-08,HOBBIES_2,HOBBIES,20,1
2011-07-08,HOUSEHOLD_1,HOUSEHOLD,368,1
2011-07-08,HOUSEHOLD_2,HOUSEHOLD,160,1
2011-07-09,FOODS_1,FOODS,276,1
2011-07-09,FOODS_2,FOODS,627,1
2011-07-09,FOODS_3,FOODS,1859,1
2011-07-09,HOBBIES_1,HOBBIES,473,1
2011-07-09,HOBBIES_2,HOBBIES,27,1
2011-07-09,HOUSEHOLD_1,HOUSEHOLD,462,1
2011-07-09,HOUSEHOLD_2,HOUSEHOLD,199,1
2011-07-10,FOODS_1,FOODS,294,1
2011-07-10,FOODS_2,FOODS,743,1
2011-07-10,FOODS_3,FOODS,2029,1
2011-07-10,HOBBIES_1,HOBBIES,418,1
2011-07-10,HOBBIES_2,HOBBIES,11,1
2011-07-10,HOUSEHOLD_1,HOUSEHOLD,544,1
2011-07-10,HOUSEHOLD_2,HOUSEHOLD,247,1
2011-07-11,FOODS_1,FOODS,148,0
2011-07-11,FOODS_2,FOODS,570,0
2011-07-11,FOODS_3,FOODS,1308,0
2011-07-11,HOBBIES_1,HOBBIES,269,0
2011-07-11,HOBBIES_2,HOBBIES,13,0
2011-07-11,HOUSEHOLD_1,HOUSEHOLD,345,0
2011-07-11,HOUSEHOLD_2,HOUSEHOLD,132,0
2011-07-12,FOODS_1,FOODS,162,0
2011-07-12,FOODS_2,FOODS,356,0
2011-07-12,FOODS_3,FOODS,1084,0
2011-07-12,HOBBIES_1,HOBBIES,365,0
2011-07-12,HOBBIES_2,HOBBIES,14,0
2011-07-12,HOUSEHOLD_1,HOUSEHOLD,266,0
2011-07-12,HOUSEHOLD_2,HOUSEHOLD,133,0
2011-07-13,FOODS_1,FOODS,180,0
2011-07-13,FOODS_2,FOODS,350,0
2011-07-13,FOODS_3,FOODS,1238,0
2011-07-13,HOBBIES_1,HOBBIES,345,0
2011-07-13,HOBBIES_2,HOBBIES,20,0
2011-07-13,HOUSEHOLD_1,HOUSEHOLD,241,0
2011-07-13,HOUSEHOLD_2,HOUSEHOLD,127,0
2011-07-14,FOODS_1,FOODS,172,0
2011-07-14,FOODS_2,FOODS,347,0
2011-07-14,FOODS_3,FOODS,1120,0
2011-07-14,HOBBIES_1,HOBBIES,374,0
2011-07-14,HOBBIES_2,HOBBIES,17,0
2011-07-14,HOUSEHOLD_1,HOUSEHOLD,294,0
2011-07-14,HOUSEHOLD_2,HOUSEHOLD,143,0
2011-07-15,FOODS_1,FOODS,224,0
2011-07-15,FOODS_2,FOODS,422,0
2011-07-15,FOODS_3,FOODS,1327,0
2011-07-15,HOBBIES_1,HOBBIES,397,0
2011-07-15,HOBBIES_2,HOBBIES,21,0
2011-07-15,HOUSEHOLD_1,HOUSEHOLD,364,0
2011-07-15,HOUSEHOLD_2,HOUSEHOLD,167,0
2011-07-16,FOODS_1,FOODS,297,0
2011-07-16,FOODS_2,FOODS,521,0
2011-07-16,FOODS_3,FOODS,1723,0
2011-07-16,HOBBIES_1,HOBBIES,535,0
2011-07-16,HOBBIES_2,HOBBIES,4,0
2011-07-16,HOUSEHOLD_1,HOUSEHOLD,436,0
2011-07-16,HOUSEHOLD_2,HOUSEHOLD,172,0
2011-07-17,FOODS_1,FOODS,229,0
2011-07-17,FOODS_2,FOODS,578,0
2011-07-17,FOODS_3,FOODS,1638,0
2011-07-17,HOBBIES_1,HOBBIES,427,0
2011-07-17,HOBBIES_2,HOBBIES,17,0
2011-07-17,HOUSEHOLD_1,HOUSEHOLD,481,0
2011-07-17,HOUSEHOLD_2,HOUSEHOLD,217,0
2011-07-18,FOODS_1,FOODS,167,0
2011-07-18,FOODS_2,FOODS,431,0
2011-07-18,FOODS_3,FOODS,1417,0
2011-07-18,HOBBIES_1,HOBBIES,392,0
2011-07-18,HOBBIES_2,HOBBIES,19,0
2011-07-18,HOUSEHOLD_1,HOUSEHOLD,393,0
2011-07-18,HOUSEHOLD_2,HOUSEHOLD,117,0
2011-07-19,FOODS_1,FOODS,171,0
2011-07-19,FOODS_2,FOODS,352,0
2011-07-19,FOODS_3,FOODS,1142,0
2011-07-19,HOBBIES_1,HOBBIES,306,0
2011-07-19,HOBBIES_2,HOBBIES,18,0
2011-07-19,HOUSEHOLD_1,HOUSEHOLD,249,0
2011-07-19,HOUSEHOLD_2,HOUSEHOLD,135,0
2011-07-20,FOODS_1,FOODS,166,0
2011-07-20,FOODS_2,FOODS,305,0
2011-07-20,FOODS_3,FOODS,1256,0
2011-07-20,HOBBIES_1,HOBBIES,329,0
2011-07-20,HOBBIES_2,HOBBIES,8,0
2011-07-20,HOUSEHOLD_1,HOUSEHOLD,324,0
2011-07-20,HOUSEHOLD_2,HOUSEHOLD,123,0
2011-07-21,FOODS_1,FOODS,204,0
2011-07-21,FOODS_2,FOODS,351,0
2011-07-21,FOODS_3,FOODS,1263,0
2011-07-21,HOBBIES_1,HOBBIES,276,0
2011-07-21,HOBBIES_2,HOBBIES,13,0
2011-07-21,HOUSEHOLD_1,HOUSEHOLD,336,0
2011-07-21,HOUSEHOLD_2,HOUSEHOLD,142,0
2011-07-22,FOODS_1,FOODS,285,0
2011-07-22,FOODS_2,FOODS,429,0
2011-07-22,FOODS_3,FOODS,1485,0
2011-07-22,HOBBIES_1,HOBBIES,397,0
2011-07-22,HOBBIES_2,HOBBIES,11,0
2011-07-22,HOUSEHOLD_1,HOUSEHOLD,301,0
2011-07-22,HOUSEHOLD_2,HOUSEHOLD,161,0
2011-07-23,FOODS_1,FOODS,337,0
2011-07-23,FOODS_2,FOODS,498,0
2011-07-23,FOODS_3,FOODS,1691,0
2011-07-23,HOBBIES_1,HOBBIES,702,0
2011-07-23,HOBBIES_2,HOBBIES,4,0
2011-07-23,HOUSEHOLD_1,HOUSEHOLD,457,0
2011-07-23,HOUSEHOLD_2,HOUSEHOLD,162,0
2011-07-24,FOODS_1,FOODS,217,0
2011-07-24,FOODS_2,FOODS,489,0
2011-07-24,FOODS_3,FOODS,1820,0
2011-07-24,HOBBIES_1,HOBBIES,555,0
2011-07-24,HOBBIES_2,HOBBIES,31,0
2011-07-24,HOUSEHOLD_1,HOUSEHOLD,477,0
2011-07-24,HOUSEHOLD_2,HOUSEHOLD,184,0
2011-07-25,FOODS_1,FOODS,183,0
2011-07-25,FOODS_2,FOODS,399,0
2011-07-25,FOODS_3,FOODS,1285,0
2011-07-25,HOBBIES_1,HOBBIES,425,0
2011-07-25,HOBBIES_2,HOBBIES,22,0
2011-07-25,HOUSEHOLD_1,HOUSEHOLD,320,0
2011-07-25,HOUSEHOLD_2,HOUSEHOLD,128,0
2011-07-26,FOODS_1,FOODS,208,0
2011-07-26,FOODS_2,FOODS,318,0
2011-07-26,FOODS_3,FOODS,1115,0
2011-07-26,HOBBIES_1,HOBBIES,261,0
2011-07-26,HOBBIES_2,HOBBIES,19,0
2011-07-26,HOUSEHOLD_1,HOUSEHOLD,277,0
2011-07-26,HOUSEHOLD_2,HOUSEHOLD,124,0
2011-07-27,FOODS_1,FOODS,227,0
2011-07-27,FOODS_2,FOODS,311,0
2011-07-27,FOODS_3,FOODS,1005,0
2011-07-27,HOBBIES_1,HOBBIES,387,0
2011-07-27,HOBBIES_2,HOBBIES,4,0
2011-07-27,HOUSEHOLD_1,HOUSEHOLD,281,0
2011-07-27,HOUSEHOLD_2,HOUSEHOLD,122,0
2011-07-28,FOODS_1,FOODS,194,0
2011-07-28,FOODS_2,FOODS,256,0
2011-07-28,FOODS_3,FOODS,1215,0
2011-07-28,HOBBIES_1,HOBBIES,431,0
2011-07-28,HOBBIES_2,HOBBIES,6,0
2011-07-28,HOUSEHOLD_1,HOUSEHOLD,275,0
2011-07-28,HOUSEHOLD_2,HOUSEHOLD,141,0
2011-07-29,FOODS_1,FOODS,239,0
2011-07-29,FOODS_2,FOODS,383,0
2011-07-29,FOODS_3,FOODS,1534,0
2011-07-29,HOBBIES_1,HOBBIES,266,0
2011-07-29,HOBBIES_2,HOBBIES,22,0
2011-07-29,HOUSEHOLD_1,HOUSEHOLD,306,0
2011-07-29,HOUSEHOLD_2,HOUSEHOLD,165,0
2011-07-30,FOODS_1,FOODS,270,0
2011-07-30,FOODS_2,FOODS,409,0
2011-07-30,FOODS_3,FOODS,1323,0
2011-07-30,HOBBIES_1,HOBBIES,355,0
2011-07-30,HOBBIES_2,HOBBIES,18,0
2011-07-30,HOUSEHOLD_1,HOUSEHOLD,380,0
2011-07-30,HOUSEHOLD_2,HOUSEHOLD,175,0
2011-07-31,FOODS_1,FOODS,223,0
2011-07-31,FOODS_2,FOODS,491,0
2011-07-31,FOODS_3,FOODS,1639,0
2011-07-31,HOBBIES_1,HOBBIES,481,0
2011-07-31,HOBBIES_2,HOBBIES,13,0
2011-07-31,HOUSEHOLD_1,HOUSEHOLD,458,0
2011-07-31,HOUSEHOLD_2,HOUSEHOLD,188,0
2011-08-01,FOODS_1,FOODS,132,1
2011-08-01,FOODS_2,FOODS,480,1
2011-08-01,FOODS_3,FOODS,1351,1
2011-08-01,HOBBIES_1,HOBBIES,355,1
2011-08-01,HOBBIES_2,HOBBIES,8,1
2011-08-01,HOUSEHOLD_1,HOUSEHOLD,381,1
2011-08-01,HOUSEHOLD_2,HOUSEHOLD,153,1
2011-08-02,FOODS_1,FOODS,155,1
2011-08-02,FOODS_2,FOODS,462,1
2011-08-02,FOODS_3,FOODS,1453,1
2011-08-02,HOBBIES_1,HOBBIES,445,1
2011-08-02,HOBBIES_2,HOBBIES,25,1
2011-08-02,HOUSEHOLD_1,HOUSEHOLD,332,1
2011-08-02,HOUSEHOLD_2,HOUSEHOLD,146,1
2011-08-03,FOODS_1,FOODS,169,1
2011-08-03,FOODS_2,FOODS,480,1
2011-08-03,FOODS_3,FOODS,1342,1
2011-08-03,HOBBIES_1,HOBBIES,432,1
2011-08-03,HOBBIES_2,HOBBIES,8,1
2011-08-03,HOUSEHOLD_1,HOUSEHOLD,319,1
2011-08-03,HOUSEHOLD_2,HOUSEHOLD,169,1
2011-08-04,FOODS_1,FOODS,145,1
2011-08-04,FOODS_2,FOODS,518,1
2011-08-04,FOODS_3,FOODS,1499,1
2011-08-04,HOBBIES_1,HOBBIES,362,1
2011-08-04,HOBBIES_2,HOBBIES,23,1
2011-08-04,HOUSEHOLD_1,HOUSEHOLD,310,1
2011-08-04,HOUSEHOLD_2,HOUSEHOLD,146,1
2011-08-05,FOODS_1,FOODS,222,1
2011-08-05,FOODS_2,FOODS,579,1
2011-08-05,FOODS_3,FOODS,1569,1
2011-08-05,HOBBIES_1,HOBBIES,532,1
2011-08-05,HOBBIES_2,HOBBIES,19,1
2011-08-05,HOUSEHOLD_1,HOUSEHOLD,379,1
2011-08-05,HOUSEHOLD_2,HOUSEHOLD,150,1
2011-08-06,FOODS_1,FOODS,141,1
2011-08-06,FOODS_2,FOODS,566,1
2011-08-06,FOODS_3,FOODS,1873,1
2011-08-06,HOBBIES_1,HOBBIES,607,1
2011-08-06,HOBBIES_2,HOBBIES,15,1
2011-08-06,HOUSEHOLD_1,HOUSEHOLD,419,1
2011-08-06,HOUSEHOLD_2,HOUSEHOLD,197,1
2011-08-07,FOODS_1,FOODS,222,1
2011-08-07,FOODS_2,FOODS,663,1
2011-08-07,FOODS_3,FOODS,1915,1
2011-08-07,HOBBIES_1,HOBBIES,447,1
2011-08-07,HOBBIES_2,HOBBIES,17,1
2011-08-07,HOUSEHOLD_1,HOUSEHOLD,480,1
2011-08-07,HOUSEHOLD_2,HOUSEHOLD,186,1
2011-08-08,FOODS_1,FOODS,144,1
2011-08-08,FOODS_2,FOODS,656,1
2011-08-08,FOODS_3,FOODS,1594,1
2011-08-08,HOBBIES_1,HOBBIES,310,1
2011-08-08,HOBBIES_2,HOBBIES,25,1
2011-08-08,HOUSEHOLD_1,HOUSEHOLD,386,1
2011-08-08,HOUSEHOLD_2,HOUSEHOLD,131,1
2011-08-09,FOODS_1,FOODS,162,1
2011-08-09,FOODS_2,FOODS,504,1
2011-08-09,FOODS_3,FOODS,1340,1
2011-08-09,HOBBIES_1,HOBBIES,395,1
2011-08-09,HOBBIES_2,HOBBIES,14,1
2011-08-09,HOUSEHOLD_1,HOUSEHOLD,318,1
2011-08-09,HOUSEHOLD_2,HOUSEHOLD,129,1
2011-08-10,FOODS_1,FOODS,192,1
2011-08-10,FOODS_2,FOODS,527,1
2011-08-10,FOODS_3,FOODS,1275,1
2011-08-10,HOBBIES_1,HOBBIES,280,1
2011-08-10,HOBBIES_2,HOBBIES,11,1
2011-08-10,HOUSEHOLD_1,HOUSEHOLD,274,1
2011-08-10,HOUSEHOLD_2,HOUSEHOLD,140,1
2011-08-11,FOODS_1,FOODS,195,0
2011-08-11,FOODS_2,FOODS,397,0
2011-08-11,FOODS_3,FOODS,1269,0
2011-08-11,HOBBIES_1,HOBBIES,371,0
2011-08-11,HOBBIES_2,HOBBIES,32,0
2011-08-11,HOUSEHOLD_1,HOUSEHOLD,330,0
2011-08-11,HOUSEHOLD_2,HOUSEHOLD,134,0
2011-08-12,FOODS_1,FOODS,241,0
2011-08-12,FOODS_2,FOODS,528,0
2011-08-12,FOODS_3,FOODS,1519,0
2011-08-12,HOBBIES_1,HOBBIES,452,0
2011-08-12,HOBBIES_2,HOBBIES,3,0
2011-08-12,HOUSEHOLD_1,HOUSEHOLD,376,0
2011-08-12,HOUSEHOLD_2,HOUSEHOLD,173,0
2011-08-13,FOODS_1,FOODS,302,0
2011-08-13,FOODS_2,FOODS,612,0
2011-08-13,FOODS_3,FOODS,1828,0
2011-08-13,HOBBIES_1,HOBBIES,550,0
2011-08-13,HOBBIES_2,HOBBIES,32,0
2011-08-13,HOUSEHOLD_1,HOUSEHOLD,527,0
2011-08-13,HOUSEHOLD_2,HOUSEHOLD,226,0
2011-08-14,FOODS_1,FOODS,176,0
2011-08-14,FOODS_2,FOODS,665,0
2011-08-14,FOODS_3,FOODS,2116,0
2011-08-14,HOBBIES_1,HOBBIES,478,0
2011-08-14,HOBBIES_2,HOBBIES,16,0
2011-08-14,HOUSEHOLD_1,HOUSEHOLD,554,0
2011-08-14,HOUSEHOLD_2,HOUSEHOLD,197,0
2011-08-15,FOODS_1,FOODS,117,0
2011-08-15,FOODS_2,FOODS,407,0
2011-08-15,FOODS_3,FOODS,1414,0
2011-08-15,HOBBIES_1,HOBBIES,373,0
2011-08-15,HOBBIES_2,HOBBIES,11,0
2011-08-15,HOUSEHOLD_1,HOUSEHOLD,413,0
2011-08-15,HOUSEHOLD_2,HOUSEHOLD,144,0
2011-08-16,FOODS_1,FOODS,177,0
2011-08-16,FOODS_2,FOODS,393,0
2011-08-16,FOODS_3,FOODS,1314,0
2011-08-16,HOBBIES_1,HOBBIES,318,0
2011-08-16,HOBBIES_2,HOBBIES,17,0
2011-08-16,HOUSEHOLD_1,HOUSEHOLD,373,0
2011-08-16,HOUSEHOLD_2,HOUSEHOLD,126,0
2011-08-17,FOODS_1,FOODS,168,0
2011-08-17,FOODS_2,FOODS,390,0
2011-08-17,FOODS_3,FOODS,1275,0
2011-08-17,HOBBIES_1,HOBBIES,313,0
2011-08-17,HOBBIES_2,HOBBIES,5,0
2011-08-17,HOUSEHOLD_1,HOUSEHOLD,307,0
2011-08-17,HOUSEHOLD_2,HOUSEHOLD,119,0
2011-08-18,FOODS_1,FOODS,172,0
2011-08-18,FOODS_2,FOODS,364,0
2011-08-18,FOODS_3,FOODS,1315,0
2011-08-18,HOBBIES_1,HOBBIES,304,0
2011-08-18,HOBBIES_2,HOBBIES,7,0
2011-08-18,HOUSEHOLD_1,HOUSEHOLD,277,0
2011-08-18,HOUSEHOLD_2,HOUSEHOLD,135,0
2011-08-19,FOODS_1,FOODS,216,0
2011-08-19,FOODS_2,FOODS,457,0
2011-08-19,FOODS_3,FOODS,1406,0
2011-08-19,HOBBIES_1,HOBBIES,458,0
2011-08-19,HOBBIES_2,HOBBIES,11,0
2011-08-19,HOUSEHOLD_1,HOUSEHOLD,360,0
2011-08-19,HOUSEHOLD_2,HOUSEHOLD,172,0
2011-08-20,FOODS_1,FOODS,210,0
2011-08-20,FOODS_2,FOODS,551,0
2011-08-20,FOODS_3,FOODS,1679,0
2011-08-20,HOBBIES_1,HOBBIES,572,0
2011-08-20,HOBBIES_2,HOBBIES,12,0
2011-08-20,HOUSEHOLD_1,HOUSEHOLD,476,0
2011-08-20,HOUSEHOLD_2,HOUSEHOLD,202,0
2011-08-21,FOODS_1,FOODS,225,0
2011-08-21,FOODS_2,FOODS,678,0
2011-08-21,FOODS_3,FOODS,2274,0
2011-08-21,HOBBIES_1,HOBBIES,422,0
2011-08-21,HOBBIES_2,HOBBIES,22,0
2011-08-21,HOUSEHOLD_1,HOUSEHOLD,616,0
2011-08-21,HOUSEHOLD_2,HOUSEHOLD,225,0
2011-08-22,FOODS_1,FOODS,138,0
2011-08-22,FOODS_2,FOODS,420,0
2011-08-22,FOODS_3,FOODS,1309,0
2011-08-22,HOBBIES_1,HOBBIES,369,0
2011-08-22,HOBBIES_2,HOBBIES,9,0
2011-08-22,HOUSEHOLD_1,HOUSEHOLD,357,0
2011-08-22,HOUSEHOLD_2,HOUSEHOLD,120,0
2011-08-23,FOODS_1,FOODS,115,0
2011-08-23,FOODS_2,FOODS,349,0
2011-08-23,FOODS_3,FOODS,1073,0
2011-08-23,HOBBIES_1,HOBBIES,282,0
2011-08-23,HOBBIES_2,HOBBIES,12,0
2011-08-23,HOUSEHOLD_1,HOUSEHOLD,281,0
2011-08-23,HOUSEHOLD_2,HOUSEHOLD,105,0
2011-08-24,FOODS_1,FOODS,191,0
2011-08-24,FOODS_2,FOODS,318,0
2011-08-24,FOODS_3,FOODS,1153,0
2011-08-24,HOBBIES_1,HOBBIES,372,0
2011-08-24,HOBBIES_2,HOBBIES,9,0
2011-08-24,HOUSEHOLD_1,HOUSEHOLD,271,0
2011-08-24,HOUSEHOLD_2,HOUSEHOLD,126,0
2011-08-25,FOODS_1,FOODS,178,0
2011-08-25,FOODS_2,FOODS,331,0
2011-08-25,FOODS_3,FOODS,1191,0
2011-08-25,HOBBIES_1,HOBBIES,372,0
2011-08-25,HOBBIES_2,HOBBIES,10,0
2011-08-25,HOUSEHOLD_1,HOUSEHOLD,297,0
2011-08-25,HOUSEHOLD_2,HOUSEHOLD,104,0
2011-08-26,FOODS_1,FOODS,221,0
2011-08-26,FOODS_2,FOODS,407,0
2011-08-26,FOODS_3,FOODS,1293,0
2011-08-26,HOBBIES_1,HOBBIES,467,0
2011-08-26,HOBBIES_2,HOBBIES,4,0
2011-08-26,HOUSEHOLD_1,HOUSEHOLD,363,0
2011-08-26,HOUSEHOLD_2,HOUSEHOLD,118,0
2011-08-27,FOODS_1,FOODS,277,0
2011-08-27,FOODS_2,FOODS,506,0
2011-08-27,FOODS_3,FOODS,1799,0
2011-08-27,HOBBIES_1,HOBBIES,522,0
2011-08-27,HOBBIES_2,HOBBIES,7,0
2011-08-27,HOUSEHOLD_1,HOUSEHOLD,491,0
2011-08-27,HOUSEHOLD_2,HOUSEHOLD,167,0
2011-08-28,FOODS_1,FOODS,260,0
2011-08-28,FOODS_2,FOODS,410,0
2011-08-28,FOODS_3,FOODS,2000,0
2011-08-28,HOBBIES_1,HOBBIES,328,0
2011-08-28,HOBBIES_2,HOBBIES,14,0
2011-08-28,HOUSEHOLD_1,HOUSEHOLD,502,0
2011-08-28,HOUSEHOLD_2,HOUSEHOLD,187,0
2011-08-29,FOODS_1,FOODS,162,0
2011-08-29,FOODS_2,FOODS,256,0
2011-08-29,FOODS_3,FOODS,1290,0
2011-08-29,HOBBIES_1,HOBBIES,289,0
2011-08-29,HOBBIES_2,HOBBIES,9,0
2011-08-29,HOUSEHOLD_1,HOUSEHOLD,291,0
2011-08-29,HOUSEHOLD_2,HOUSEHOLD,110,0
2011-08-30,FOODS_1,FOODS,182,0
2011-08-30,FOODS_2,FOODS,239,0
2011-08-30,FOODS_3,FOODS,954,0
2011-08-30,HOBBIES_1,HOBBIES,372,0
2011-08-30,HOBBIES_2,HOBBIES,1,0
2011-08-30,HOUSEHOLD_1,HOUSEHOLD,265,0
2011-08-30,HOUSEHOLD_2,HOUSEHOLD,101,0
2011-08-31,FOODS_1,FOODS,178,0
2011-08-31,FOODS_2,FOODS,260,0
2011-08-31,FOODS_3,FOODS,1032,0
2011-08-31,HOBBIES_1,HOBBIES,388,0
2011-08-31,HOBBIES_2,HOBBIES,4,0
2011-08-31,HOUSEHOLD_1,HOUSEHOLD,293,0
2011-08-31,HOUSEHOLD_2,HOUSEHOLD,136,0
2011-09-01,FOODS_1,FOODS,160,1
2011-09-01,FOODS_2,FOODS,270,1
2011-09-01,FOODS_3,FOODS,1416,1
2011-09-01,HOBBIES_1,HOBBIES,343,1
2011-09-01,HOBBIES_2,HOBBIES,25,1
2011-09-01,HOUSEHOLD_1,HOUSEHOLD,323,1
2011-09-01,HOUSEHOLD_2,HOUSEHOLD,131,1
2011-09-02,FOODS_1,FOODS,233,1
2011-09-02,FOODS_2,FOODS,435,1
2011-09-02,FOODS_3,FOODS,1694,1
2011-09-02,HOBBIES_1,HOBBIES,491,1
2011-09-02,HOBBIES_2,HOBBIES,12,1
2011-09-02,HOUSEHOLD_1,HOUSEHOLD,328,1
2011-09-02,HOUSEHOLD_2,HOUSEHOLD,219,1
2011-09-03,FOODS_1,FOODS,268,1
2011-09-03,FOODS_2,FOODS,498,1
2011-09-03,FOODS_3,FOODS,1951,1
2011-09-03,HOBBIES_1,HOBBIES,741,1
2011-09-03,HOBBIES_2,HOBBIES,17,1
2011-09-03,HOUSEHOLD_1,HOUSEHOLD,488,1
2011-09-03,HOUSEHOLD_2,HOUSEHOLD,164,1
2011-09-04,FOODS_1,FOODS,223,1
2011-09-04,FOODS_2,FOODS,488,1
2011-09-04,FOODS_3,FOODS,1857,1
2011-09-04,HOBBIES_1,HOBBIES,360,1
2011-09-04,HOBBIES_2,HOBBIES,12,1
2011-09-04,HOUSEHOLD_1,HOUSEHOLD,425,1
2011-09-04,HOUSEHOLD_2,HOUSEHOLD,177,1
2011-09-05,FOODS_1,FOODS,212,1
2011-09-05,FOODS_2,FOODS,504,1
2011-09-05,FOODS_3,FOODS,1753,1
2011-09-05,HOBBIES_1,HOBBIES,399,1
2011-09-05,HOBBIES_2,HOBBIES,9,1
2011-09-05,HOUSEHOLD_1,HOUSEHOLD,458,1
2011-09-05,HOUSEHOLD_2,HOUSEHOLD,150,1
2011-09-06,FOODS_1,FOODS,149,1
2011-09-06,FOODS_2,FOODS,570,1
2011-09-06,FOODS_3,FOODS,1396,1
2011-09-06,HOBBIES_1,HOBBIES,518,1
2011-09-06,HOBBIES_2,HOBBIES,35,1
2011-09-06,HOUSEHOLD_1,HOUSEHOLD,325,1
2011-09-06,HOUSEHOLD_2,HOUSEHOLD,137,1
2011-09-07,FOODS_1,FOODS,165,1
2011-09-07,FOODS_2,FOODS,438,1
2011-09-07,FOODS_3,FOODS,1297,1
2011-09-07,HOBBIES_1,HOBBIES,366,1
2011-09-07,HOBBIES_2,HOBBIES,15,1
2011-09-07,HOUSEHOLD_1,HOUSEHOLD,280,1
2011-09-07,HOUSEHOLD_2,HOUSEHOLD,113,1
2011-09-08,FOODS_1,FOODS,199,1
2011-09-08,FOODS_2,FOODS,448,1
2011-09-08,FOODS_3,FOODS,1332,1
2011-09-08,HOBBIES_1,HOBBIES,395,1
2011-09-08,HOBBIES_2,HOBBIES,3,1
2011-09-08,HOUSEHOLD_1,HOUSEHOLD,315,1
2011-09-08,HOUSEHOLD_2,HOUSEHOLD,134,1
2011-09-09,FOODS_1,FOODS,188,1
2011-09-09,FOODS_2,FOODS,517,1
2011-09-09,FOODS_3,FOODS,1592,1
2011-09-09,HOBBIES_1,HOBBIES,396,1
2011-09-09,HOBBIES_2,HOBBIES,10,1
2011-09-09,HOUSEHOLD_1,HOUSEHOLD,385,1
2011-09-09,HOUSEHOLD_2,HOUSEHOLD,150,1
2011-09-10,FOODS_1,FOODS,219,1
2011-09-10,FOODS_2,FOODS,599,1
2011-09-10,FOODS_3,FOODS,1900,1
2011-09-10,HOBBIES_1,HOBBIES,485,1
2011-09-10,HOBBIES_2,HOBBIES,7,1
2011-09-10,HOUSEHOLD_1,HOUSEHOLD,484,1
2011-09-10,HOUSEHOLD_2,HOUSEHOLD,179,1
2011-09-11,FOODS_1,FOODS,219,0
2011-09-11,FOODS_2,FOODS,633,0
2011-09-11,FOODS_3,FOODS,2024,0
2011-09-11,HOBBIES_1,HOBBIES,429,0
2011-09-11,HOBBIES_2,HOBBIES,13,0
2011-09-11,HOUSEHOLD_1,HOUSEHOLD,526,0
2011-09-11,HOUSEHOLD_2,HOUSEHOLD,202,0
2011-09-12,FOODS_1,FOODS,145,0
2011-09-12,FOODS_2,FOODS,500,0
2011-09-12,FOODS_3,FOODS,1288,0
2011-09-12,HOBBIES_1,HOBBIES,409,0
2011-09-12,HOBBIES_2,HOBBIES,13,0
2011-09-12,HOUSEHOLD_1,HOUSEHOLD,356,0
2011-09-12,HOUSEHOLD_2,HOUSEHOLD,124,0
2011-09-13,FOODS_1,FOODS,127,0
2011-09-13,FOODS_2,FOODS,399,0
2011-09-13,FOODS_3,FOODS,1049,0
2011-09-13,HOBBIES_1,HOBBIES,315,0
2011-09-13,HOBBIES_2,HOBBIES,19,0
2011-09-13,HOUSEHOLD_1,HOUSEHOLD,365,0
2011-09-13,HOUSEHOLD_2,HOUSEHOLD,109,0
2011-09-14,FOODS_1,FOODS,152,0
2011-09-14,FOODS_2,FOODS,327,0
2011-09-14,FOODS_3,FOODS,1003,0
2011-09-14,HOBBIES_1,HOBBIES,363,0
2011-09-14,HOBBIES_2,HOBBIES,6,0
2011-09-14,HOUSEHOLD_1,HOUSEHOLD,232,0
2011-09-14,HOUSEHOLD_2,HOUSEHOLD,103,0
2011-09-15,FOODS_1,FOODS,185,0
2011-09-15,FOODS_2,FOODS,327,0
2011-09-15,FOODS_3,FOODS,1116,0
2011-09-15,HOBBIES_1,HOBBIES,328,0
2011-09-15,HOBBIES_2,HOBBIES,8,0
2011-09-15,HOUSEHOLD_1,HOUSEHOLD,314,0
2011-09-15,HOUSEHOLD_2,HOUSEHOLD,110,0
2011-09-16,FOODS_1,FOODS,205,0
2011-09-16,FOODS_2,FOODS,418,0
2011-09-16,FOODS_3,FOODS,1352,0
2011-09-16,HOBBIES_1,HOBBIES,322,0
2011-09-16,HOBBIES_2,HOBBIES,7,0
2011-09-16,HOUSEHOLD_1,HOUSEHOLD,355,0
2011-09-16,HOUSEHOLD_2,HOUSEHOLD,154,0
2011-09-17,FOODS_1,FOODS,238,0
2011-09-17,FOODS_2,FOODS,558,0
2011-09-17,FOODS_3,FOODS,1658,0
2011-09-17,HOBBIES_1,HOBBIES,397,0
2011-09-17,HOBBIES_2,HOBBIES,15,0
2011-09-17,HOUSEHOLD_1,HOUSEHOLD,452,0
2011-09-17,HOUSEHOLD_2,HOUSEHOLD,197,0
2011-09-18,FOODS_1,FOODS,238,0
2011-09-18,FOODS_2,FOODS,572,0
2011-09-18,FOODS_3,FOODS,1860,0
2011-09-18,HOBBIES_1,HOBBIES,369,0
2011-09-18,HOBBIES_2,HOBBIES,3,0
2011-09-18,HOUSEHOLD_1,HOUSEHOLD,448,0
2011-09-18,HOUSEHOLD_2,HOUSEHOLD,180,0
2011-09-19,FOODS_1,FOODS,130,0
2011-09-19,FOODS_2,FOODS,360,0
2011-09-19,FOODS_3,FOODS,1299,0
2011-09-19,HOBBIES_1,HOBBIES,336,0
2011-09-19,HOBBIES_2,HOBBIES,4,0
2011-09-19,HOUSEHOLD_1,HOUSEHOLD,356,0
2011-09-19,HOUSEHOLD_2,HOUSEHOLD,121,0
2011-09-20,FOODS_1,FOODS,119,0
2011-09-20,FOODS_2,FOODS,390,0
2011-09-20,FOODS_3,FOODS,1231,0
2011-09-20,HOBBIES_1,HOBBIES,340,0
2011-09-20,HOBBIES_2,HOBBIES,6,0
2011-09-20,HOUSEHOLD_1,HOUSEHOLD,353,0
2011-09-20,HOUSEHOLD_2,HOUSEHOLD,119,0
2011-09-21,FOODS_1,FOODS,148,0
2011-09-21,FOODS_2,FOODS,303,0
2011-09-21,FOODS_3,FOODS,1195,0
2011-09-21,HOBBIES_1,HOBBIES,417,0
2011-09-21,HOBBIES_2,HOBBIES,7,0
2011-09-21,HOUSEHOLD_1,HOUSEHOLD,279,0
2011-09-21,HOUSEHOLD_2,HOUSEHOLD,104,0
2011-09-22,FOODS_1,FOODS,162,0
2011-09-22,FOODS_2,FOODS,301,0
2011-09-22,FOODS_3,FOODS,1143,0
2011-09-22,HOBBIES_1,HOBBIES,373,0
2011-09-22,HOBBIES_2,HOBBIES,13,0
2011-09-22,HOUSEHOLD_1,HOUSEHOLD,258,0
2011-09-22,HOUSEHOLD_2,HOUSEHOLD,116,0
2011-09-23,FOODS_1,FOODS,192,0
2011-09-23,FOODS_2,FOODS,410,0
2011-09-23,FOODS_3,FOODS,1849,0
2011-09-23,HOBBIES_1,HOBBIES,465,0
2011-09-23,HOBBIES_2,HOBBIES,8,0
2011-09-23,HOUSEHOLD_1,HOUSEHOLD,403,0
2011-09-23,HOUSEHOLD_2,HOUSEHOLD,148,0
2011-09-24,FOODS_1,FOODS,221,0
2011-09-24,FOODS_2,FOODS,569,0
2011-09-24,FOODS_3,FOODS,2082,0
2011-09-24,HOBBIES_1,HOBBIES,446,0
2011-09-24,HOBBIES_2,HOBBIES,13,0
2011-09-24,HOUSEHOLD_1,HOUSEHOLD,532,0
2011-09-24,HOUSEHOLD_2,HOUSEHOLD,196,0
2011-09-25,FOODS_1,FOODS,175,0
2011-09-25,FOODS_2,FOODS,541,0
2011-09-25,FOODS_3,FOODS,2156,0
2011-09-25,HOBBIES_1,HOBBIES,468,0
2011-09-25,HOBBIES_2,HOBBIES,17,0
2011-09-25,HOUSEHOLD_1,HOUSEHOLD,561,0
2011-09-25,HOUSEHOLD_2,HOUSEHOLD,168,0
2011-09-26,FOODS_1,FOODS,128,0
2011-09-26,FOODS_2,FOODS,394,0
2011-09-26,FOODS_3,FOODS,1506,0
2011-09-26,HOBBIES_1,HOBBIES,328,0
2011-09-26,HOBBIES_2,HOBBIES,8,0
2011-09-26,HOUSEHOLD_1,HOUSEHOLD,366,0
2011-09-26,HOUSEHOLD_2,HOUSEHOLD,116,0
2011-09-27,FOODS_1,FOODS,155,0
2011-09-27,FOODS_2,FOODS,342,0
2011-09-27,FOODS_3,FOODS,1225,0
2011-09-27,HOBBIES_1,HOBBIES,339,0
2011-09-27,HOBBIES_2,HOBBIES,6,0
2011-09-27,HOUSEHOLD_1,HOUSEHOLD,288,0
2011-09-27,HOUSEHOLD_2,HOUSEHOLD,83,0
2011-09-28,FOODS_1,FOODS,125,0
2011-09-28,FOODS_2,FOODS,288,0
2011-09-28,FOODS_3,FOODS,1283,0
2011-09-28,HOBBIES_1,HOBBIES,472,0
2011-09-28,HOBBIES_2,HOBBIES,14,0
2011-09-28,HOUSEHOLD_1,HOUSEHOLD,288,0
2011-09-28,HOUSEHOLD_2,HOUSEHOLD,111,0
2011-09-29,FOODS_1,FOODS,239,0
2011-09-29,FOODS_2,FOODS,265,0
2011-09-29,FOODS_3,FOODS,1083,0
2011-09-29,HOBBIES_1,HOBBIES,435,0
2011-09-29,HOBBIES_2,HOBBIES,14,0
2011-09-29,HOUSEHOLD_1,HOUSEHOLD,288,0
2011-09-29,HOUSEHOLD_2,HOUSEHOLD,113,0
2011-09-30,FOODS_1,FOODS,271,0
2011-09-30,FOODS_2,FOODS,426,0
2011-09-30,FOODS_3,FOODS,1815,0
2011-09-30,HOBBIES_1,HOBBIES,527,0
2011-09-30,HOBBIES_2,HOBBIES,13,0
2011-09-30,HOUSEHOLD_1,HOUSEHOLD,432,0
2011-09-30,HOUSEHOLD_2,HOUSEHOLD,139,0
2011-10-01,FOODS_1,FOODS,449,1
2011-10-01,FOODS_2,FOODS,620,1
2011-10-01,FOODS_3,FOODS,2381,1
2011-10-01,HOBBIES_1,HOBBIES,742,1
2011-10-01,HOBBIES_2,HOBBIES,29,1
2011-10-01,HOUSEHOLD_1,HOUSEHOLD,612,1
2011-10-01,HOUSEHOLD_2,HOUSEHOLD,204,1
2011-10-02,FOODS_1,FOODS,252,1
2011-10-02,FOODS_2,FOODS,680,1
2011-10-02,FOODS_3,FOODS,2429,1
2011-10-02,HOBBIES_1,HOBBIES,495,1
2011-10-02,HOBBIES_2,HOBBIES,12,1
2011-10-02,HOUSEHOLD_1,HOUSEHOLD,600,1
2011-10-02,HOUSEHOLD_2,HOUSEHOLD,217,1
2011-10-03,FOODS_1,FOODS,232,1
2011-10-03,FOODS_2,FOODS,527,1
2011-10-03,FOODS_3,FOODS,1602,1
2011-10-03,HOBBIES_1,HOBBIES,442,1
2011-10-03,HOBBIES_2,HOBBIES,6,1
2011-10-03,HOUSEHOLD_1,HOUSEHOLD,360,1
2011-10-03,HOUSEHOLD_2,HOUSEHOLD,129,1
2011-10-04,FOODS_1,FOODS,170,1
2011-10-04,FOODS_2,FOODS,498,1
2011-10-04,FOODS_3,FOODS,1546,1
2011-10-04,HOBBIES_1,HOBBIES,455,1
2011-10-04,HOBBIES_2,HOBBIES,19,1
2011-10-04,HOUSEHOLD_1,HOUSEHOLD,379,1
2011-10-04,HOUSEHOLD_2,HOUSEHOLD,133,1
2011-10-05,FOODS_1,FOODS,169,1
2011-10-05,FOODS_2,FOODS,441,1
2011-10-05,FOODS_3,FOODS,1476,1
2011-10-05,HOBBIES_1,HOBBIES,316,1
2011-10-05,HOBBIES_2,HOBBIES,18,1
2011-10-05,HOUSEHOLD_1,HOUSEHOLD,267,1
2011-10-05,HOUSEHOLD_2,HOUSEHOLD,111,1
2011-10-06,FOODS_1,FOODS,198,1
2011-10-06,FOODS_2,FOODS,500,1
2011-10-06,FOODS_3,FOODS,1313,1
2011-10-06,HOBBIES_1,HOBBIES,297,1
2011-10-06,HOBBIES_2,HOBBIES,10,1
2011-10-06,HOUSEHOLD_1,HOUSEHOLD,252,1
2011-10-06,HOUSEHOLD_2,HOUSEHOLD,120,1
2011-10-07,FOODS_1,FOODS,262,1
2011-10-07,FOODS_2,FOODS,558,1
2011-10-07,FOODS_3,FOODS,1811,1
2011-10-07,HOBBIES_1,HOBBIES,391,1
2011-10-07,HOBBIES_2,HOBBIES,34,1
2011-10-07,HOUSEHOLD_1,HOUSEHOLD,348,1
2011-10-07,HOUSEHOLD_2,HOUSEHOLD,137,1
2011-10-08,FOODS_1,FOODS,298,1
2011-10-08,FOODS_2,FOODS,577,1
2011-10-08,FOODS_3,FOODS,2404,1
2011-10-08,HOBBIES_1,HOBBIES,653,1
2011-10-08,HOBBIES_2,HOBBIES,25,1
2011-10-08,HOUSEHOLD_1,HOUSEHOLD,457,1
2011-10-08,HOUSEHOLD_2,HOUSEHOLD,190,1
2011-10-09,FOODS_1,FOODS,211,1
2011-10-09,FOODS_2,FOODS,636,1
2011-10-09,FOODS_3,FOODS,2449,1
2011-10-09,HOBBIES_1,HOBBIES,366,1
2011-10-09,HOBBIES_2,HOBBIES,42,1
2011-10-09,HOUSEHOLD_1,HOUSEHOLD,540,1
2011-10-09,HOUSEHOLD_2,HOUSEHOLD,173,1
2011-10-10,FOODS_1,FOODS,197,1
2011-10-10,FOODS_2,FOODS,628,1
2011-10-10,FOODS_3,FOODS,1901,1
2011-10-10,HOBBIES_1,HOBBIES,347,1
2011-10-10,HOBBIES_2,HOBBIES,17,1
2011-10-10,HOUSEHOLD_1,HOUSEHOLD,359,1
2011-10-10,HOUSEHOLD_2,HOUSEHOLD,123,1
2011-10-11,FOODS_1,FOODS,196,0
2011-10-11,FOODS_2,FOODS,358,0
2011-10-11,FOODS_3,FOODS,1505,0
2011-10-11,HOBBIES_1,HOBBIES,621,0
2011-10-11,HOBBIES_2,HOBBIES,12,0
2011-10-11,HOUSEHOLD_1,HOUSEHOLD,316,0
2011-10-11,HOUSEHOLD_2,HOUSEHOLD,102,0
2011-10-12,FOODS_1,FOODS,159,0
2011-10-12,FOODS_2,FOODS,378,0
2011-10-12,FOODS_3,FOODS,1364,0
2011-10-12,HOBBIES_1,HOBBIES,317,0
2011-10-12,HOBBIES_2,HOBBIES,20,0
2011-10-12,HOUSEHOLD_1,HOUSEHOLD,271,0
2011-10-12,HOUSEHOLD_2,HOUSEHOLD,100,0
2011-10-13,FOODS_1,FOODS,170,0
2011-10-13,FOODS_2,FOODS,380,0
2011-10-13,FOODS_3,FOODS,1429,0
2011-10-13,HOBBIES_1,HOBBIES,451,0
2011-10-13,HOBBIES_2,HOBBIES,31,0
2011-10-13,HOUSEHOLD_1,HOUSEHOLD,282,0
2011-10-13,HOUSEHOLD_2,HOUSEHOLD,116,0
2011-10-14,FOODS_1,FOODS,227,0
2011-10-14,FOODS_2,FOODS,440,0
2011-10-14,FOODS_3,FOODS,1704,0
2011-10-14,HOBBIES_1,HOBBIES,435,0
2011-10-14,HOBBIES_2,HOBBIES,21,0
2011-10-14,HOUSEHOLD_1,HOUSEHOLD,375,0
2011-10-14,HOUSEHOLD_2,HOUSEHOLD,135,0
2011-10-15,FOODS_1,FOODS,258,0
2011-10-15,FOODS_2,FOODS,577,0
2011-10-15,FOODS_3,FOODS,2095,0
2011-10-15,HOBBIES_1,HOBBIES,589,0
2011-10-15,HOBBIES_2,HOBBIES,24,0
2011-10-15,HOUSEHOLD_1,HOUSEHOLD,525,0
2011-10-15,HOUSEHOLD_2,HOUSEHOLD,185,0
2011-10-16,FOODS_1,FOODS,272,0
2011-10-16,FOODS_2,FOODS,584,0
2011-10-16,FOODS_3,FOODS,2107,0
2011-10-16,HOBBIES_1,HOBBIES,514,0
2011-10-16,HOBBIES_2,HOBBIES,18,0
2011-10-16,HOUSEHOLD_1,HOUSEHOLD,571,0
2011-10-16,HOUSEHOLD_2,HOUSEHOLD,184,0
2011-10-17,FOODS_1,FOODS,180,0
2011-10-17,FOODS_2,FOODS,413,0
2011-10-17,FOODS_3,FOODS,1351,0
2011-10-17,HOBBIES_1,HOBBIES,288,0
2011-10-17,HOBBIES_2,HOBBIES,17,0
2011-10-17,HOUSEHOLD_1,HOUSEHOLD,375,0
2011-10-17,HOUSEHOLD_2,HOUSEHOLD,137,0
2011-10-18,FOODS_1,FOODS,183,0
2011-10-18,FOODS_2,FOODS,349,0
2011-10-18,FOODS_3,FOODS,1210,0
2011-10-18,HOBBIES_1,HOBBIES,312,0
2011-10-18,HOBBIES_2,HOBBIES,25,0
2011-10-18,HOUSEHOLD_1,HOUSEHOLD,329,0
2011-10-18,HOUSEHOLD_2,HOUSEHOLD,86,0
2011-10-19,FOODS_1,FOODS,193,0
2011-10-19,FOODS_2,FOODS,315,0
2011-10-19,FOODS_3,FOODS,1264,0
2011-10-19,HOBBIES_1,HOBBIES,371,0
2011-10-19,HOBBIES_2,HOBBIES,18,0
2011-10-19,HOUSEHOLD_1,HOUSEHOLD,274,0
2011-10-19,HOUSEHOLD_2,HOUSEHOLD,105,0
2011-10-20,FOODS_1,FOODS,172,0
2011-10-20,FOODS_2,FOODS,362,0
2011-10-20,FOODS_3,FOODS,1317,0
2011-10-20,HOBBIES_1,HOBBIES,406,0
2011-10-20,HOBBIES_2,HOBBIES,23,0
2011-10-20,HOUSEHOLD_1,HOUSEHOLD,257,0
2011-10-20,HOUSEHOLD_2,HOUSEHOLD,117,0
2011-10-21,FOODS_1,FOODS,211,0
2011-10-21,FOODS_2,FOODS,339,0
2011-10-21,FOODS_3,FOODS,1824,0
2011-10-21,HOBBIES_1,HOBBIES,472,0
2011-10-21,HOBBIES_2,HOBBIES,32,0
2011-10-21,HOUSEHOLD_1,HOUSEHOLD,423,0
2011-10-21,HOUSEHOLD_2,HOUSEHOLD,137,0
2011-10-22,FOODS_1,FOODS,265,0
2011-10-22,FOODS_2,FOODS,507,0
2011-10-22,FOODS_3,FOODS,2239,0
2011-10-22,HOBBIES_1,HOBBIES,536,0
2011-10-22,HOBBIES_2,HOBBIES,21,0
2011-10-22,HOUSEHOLD_1,HOUSEHOLD,511,0
2011-10-22,HOUSEHOLD_2,HOUSEHOLD,164,0
2011-10-23,FOODS_1,FOODS,264,0
2011-10-23,FOODS_2,FOODS,587,0
2011-10-23,FOODS_3,FOODS,2349,0
2011-10-23,HOBBIES_1,HOBBIES,391,0
2011-10-23,HOBBIES_2,HOBBIES,24,0
2011-10-23,HOUSEHOLD_1,HOUSEHOLD,522,0
2011-10-23,HOUSEHOLD_2,HOUSEHOLD,182,0
2011-10-24,FOODS_1,FOODS,130,0
2011-10-24,FOODS_2,FOODS,398,0
2011-10-24,FOODS_3,FOODS,1508,0
2011-10-24,HOBBIES_1,HOBBIES,309,0
2011-10-24,HOBBIES_2,HOBBIES,53,0
2011-10-24,HOUSEHOLD_1,HOUSEHOLD,357,0
2011-10-24,HOUSEHOLD_2,HOUSEHOLD,123,0
2011-10-25,FOODS_1,FOODS,179,0
2011-10-25,FOODS_2,FOODS,335,0
2011-10-25,FOODS_3,FOODS,1376,0
2011-10-25,HOBBIES_1,HOBBIES,224,0
2011-10-25,HOBBIES_2,HOBBIES,13,0
2011-10-25,HOUSEHOLD_1,HOUSEHOLD,291,0
2011-10-25,HOUSEHOLD_2,HOUSEHOLD,99,0
2011-10-26,FOODS_1,FOODS,182,0
2011-10-26,FOODS_2,FOODS,285,0
2011-10-26,FOODS_3,FOODS,1193,0
2011-10-26,HOBBIES_1,HOBBIES,284,0
2011-10-26,HOBBIES_2,HOBBIES,13,0
2011-10-26,HOUSEHOLD_1,HOUSEHOLD,265,0
2011-10-26,HOUSEHOLD_2,HOUSEHOLD,121,0
2011-10-27,FOODS_1,FOODS,181,0
2011-10-27,FOODS_2,FOODS,348,0
2011-10-27,FOODS_3,FOODS,1380,0
2011-10-27,HOBBIES_1,HOBBIES,421,0
2011-10-27,HOBBIES_2,HOBBIES,31,0
2011-10-27,HOUSEHOLD_1,HOUSEHOLD,248,0
2011-10-27,HOUSEHOLD_2,HOUSEHOLD,111,0
2011-10-28,FOODS_1,FOODS,163,0
2011-10-28,FOODS_2,FOODS,405,0
2011-10-28,FOODS_3,FOODS,1616,0
2011-10-28,HOBBIES_1,HOBBIES,463,0
2011-10-28,HOBBIES_2,HOBBIES,12,0
2011-10-28,HOUSEHOLD_1,HOUSEHOLD,375,0
2011-10-28,HOUSEHOLD_2,HOUSEHOLD,128,0
2011-10-29,FOODS_1,FOODS,201,0
2011-10-29,FOODS_2,FOODS,554,0
2011-10-29,FOODS_3,FOODS,2267,0
2011-10-29,HOBBIES_1,HOBBIES,432,0
2011-10-29,HOBBIES_2,HOBBIES,28,0
2011-10-29,HOUSEHOLD_1,HOUSEHOLD,470,0
2011-10-29,HOUSEHOLD_2,HOUSEHOLD,210,0
2011-10-30,FOODS_1,FOODS,226,0
2011-10-30,FOODS_2,FOODS,436,0
2011-10-30,FOODS_3,FOODS,2401,0
2011-10-30,HOBBIES_1,HOBBIES,404,0
2011-10-30,HOBBIES_2,HOBBIES,25,0
2011-10-30,HOUSEHOLD_1,HOUSEHOLD,537,0
2011-10-30,HOUSEHOLD_2,HOUSEHOLD,198,0
2011-10-31,FOODS_1,FOODS,121,0
2011-10-31,FOODS_2,FOODS,250,0
2011-10-31,FOODS_3,FOODS,1251,0
2011-10-31,HOBBIES_1,HOBBIES,396,0
2011-10-31,HOBBIES_2,HOBBIES,7,0
2011-10-31,HOUSEHOLD_1,HOUSEHOLD,314,0
2011-10-31,HOUSEHOLD_2,HOUSEHOLD,96,0
2011-11-01,FOODS_1,FOODS,125,1
2011-11-01,FOODS_2,FOODS,292,1
2011-11-01,FOODS_3,FOODS,1507,1
2011-11-01,HOBBIES_1,HOBBIES,433,1
2011-11-01,HOBBIES_2,HOBBIES,7,1
2011-11-01,HOUSEHOLD_1,HOUSEHOLD,313,1
2011-11-01,HOUSEHOLD_2,HOUSEHOLD,97,1
2011-11-02,FOODS_1,FOODS,118,1
2011-11-02,FOODS_2,FOODS,397,1
2011-11-02,FOODS_3,FOODS,1614,1
2011-11-02,HOBBIES_1,HOBBIES,417,1
2011-11-02,HOBBIES_2,HOBBIES,9,1
2011-11-02,HOUSEHOLD_1,HOUSEHOLD,312,1
2011-11-02,HOUSEHOLD_2,HOUSEHOLD,110,1
2011-11-03,FOODS_1,FOODS,151,1
2011-11-03,FOODS_2,FOODS,394,1
2011-11-03,FOODS_3,FOODS,1665,1
2011-11-03,HOBBIES_1,HOBBIES,346,1
2011-11-03,HOBBIES_2,HOBBIES,9,1
2011-11-03,HOUSEHOLD_1,HOUSEHOLD,332,1
2011-11-03,HOUSEHOLD_2,HOUSEHOLD,117,1
2011-11-04,FOODS_1,FOODS,197,1
2011-11-04,FOODS_2,FOODS,424,1
2011-11-04,FOODS_3,FOODS,2023,1
2011-11-04,HOBBIES_1,HOBBIES,493,1
2011-11-04,HOBBIES_2,HOBBIES,15,1
2011-11-04,HOUSEHOLD_1,HOUSEHOLD,454,1
2011-11-04,HOUSEHOLD_2,HOUSEHOLD,141,1
2011-11-05,FOODS_1,FOODS,226,1
2011-11-05,FOODS_2,FOODS,548,1
2011-11-05,FOODS_3,FOODS,2551,1
2011-11-05,HOBBIES_1,HOBBIES,482,1
2011-11-05,HOBBIES_2,HOBBIES,11,1
2011-11-05,HOUSEHOLD_1,HOUSEHOLD,489,1
2011-11-05,HOUSEHOLD_2,HOUSEHOLD,208,1
2011-11-06,FOODS_1,FOODS,238,1
2011-11-06,FOODS_2,FOODS,772,1
2011-11-06,FOODS_3,FOODS,2631,1
2011-11-06,HOBBIES_1,HOBBIES,478,1
2011-11-06,HOBBIES_2,HOBBIES,10,1
2011-11-06,HOUSEHOLD_1,HOUSEHOLD,497,1
2011-11-06,HOUSEHOLD_2,HOUSEHOLD,226,1
2011-11-07,FOODS_1,FOODS,170,1
2011-11-07,FOODS_2,FOODS,610,1
2011-11-07,FOODS_3,FOODS,1626,1
2011-11-07,HOBBIES_1,HOBBIES,290,1
2011-11-07,HOBBIES_2,HOBBIES,11,1
2011-11-07,HOUSEHOLD_1,HOUSEHOLD,428,1
2011-11-07,HOUSEHOLD_2,HOUSEHOLD,149,1
2011-11-08,FOODS_1,FOODS,137,1
2011-11-08,FOODS_2,FOODS,587,1
2011-11-08,FOODS_3,FOODS,1692,1
2011-11-08,HOBBIES_1,HOBBIES,426,1
2011-11-08,HOBBIES_2,HOBBIES,5,1
2011-11-08,HOUSEHOLD_1,HOUSEHOLD,369,1
2011-11-08,HOUSEHOLD_2,HOUSEHOLD,102,1
2011-11-09,FOODS_1,FOODS,168,1
2011-11-09,FOODS_2,FOODS,448,1
2011-11-09,FOODS_3,FOODS,1524,1
2011-11-09,HOBBIES_1,HOBBIES,279,1
2011-11-09,HOBBIES_2,HOBBIES,5,1
2011-11-09,HOUSEHOLD_1,HOUSEHOLD,233,1
2011-11-09,HOUSEHOLD_2,HOUSEHOLD,123,1
2011-11-10,FOODS_1,FOODS,212,1
2011-11-10,FOODS_2,FOODS,521,1
2011-11-10,FOODS_3,FOODS,1762,1
2011-11-10,HOBBIES_1,HOBBIES,324,1
2011-11-10,HOBBIES_2,HOBBIES,17,1
2011-11-10,HOUSEHOLD_1,HOUSEHOLD,306,1
2011-11-10,HOUSEHOLD_2,HOUSEHOLD,135,1
2011-11-11,FOODS_1,FOODS,204,0
2011-11-11,FOODS_2,FOODS,580,0
2011-11-11,FOODS_3,FOODS,2095,0
2011-11-11,HOBBIES_1,HOBBIES,360,0
2011-11-11,HOBBIES_2,HOBBIES,12,0
2011-11-11,HOUSEHOLD_1,HOUSEHOLD,438,0
2011-11-11,HOUSEHOLD_2,HOUSEHOLD,169,0
2011-11-12,FOODS_1,FOODS,245,0
2011-11-12,FOODS_2,FOODS,557,0
2011-11-12,FOODS_3,FOODS,2240,0
2011-11-12,HOBBIES_1,HOBBIES,622,0
2011-11-12,HOBBIES_2,HOBBIES,20,0
2011-11-12,HOUSEHOLD_1,HOUSEHOLD,426,0
2011-11-12,HOUSEHOLD_2,HOUSEHOLD,182,0
2011-11-13,FOODS_1,FOODS,228,0
2011-11-13,FOODS_2,FOODS,565,0
2011-11-13,FOODS_3,FOODS,2371,0
2011-11-13,HOBBIES_1,HOBBIES,331,0
2011-11-13,HOBBIES_2,HOBBIES,20,0
2011-11-13,HOUSEHOLD_1,HOUSEHOLD,456,0
2011-11-13,HOUSEHOLD_2,HOUSEHOLD,179,0
2011-11-14,FOODS_1,FOODS,176,0
2011-11-14,FOODS_2,FOODS,515,0
2011-11-14,FOODS_3,FOODS,1608,0
2011-11-14,HOBBIES_1,HOBBIES,316,0
2011-11-14,HOBBIES_2,HOBBIES,5,0
2011-11-14,HOUSEHOLD_1,HOUSEHOLD,292,0
2011-11-14,HOUSEHOLD_2,HOUSEHOLD,123,0
2011-11-15,FOODS_1,FOODS,155,0
2011-11-15,FOODS_2,FOODS,358,0
2011-11-15,FOODS_3,FOODS,1419,0
2011-11-15,HOBBIES_1,HOBBIES,345,0
2011-11-15,HOBBIES_2,HOBBIES,10,0
2011-11-15,HOUSEHOLD_1,HOUSEHOLD,311,0
2011-11-15,HOUSEHOLD_2,HOUSEHOLD,109,0
2011-11-16,FOODS_1,FOODS,165,0
2011-11-16,FOODS_2,FOODS,357,0
2011-11-16,FOODS_3,FOODS,1254,0
2011-11-16,HOBBIES_1,HOBBIES,324,0
2011-11-16,HOBBIES_2,HOBBIES,7,0
2011-11-16,HOUSEHOLD_1,HOUSEHOLD,298,0
2011-11-16,HOUSEHOLD_2,HOUSEHOLD,90,0
2011-11-17,FOODS_1,FOODS,178,0
2011-11-17,FOODS_2,FOODS,347,0
2011-11-17,FOODS_3,FOODS,1246,0
2011-11-17,HOBBIES_1,HOBBIES,223,0
2011-11-17,HOBBIES_2,HOBBIES,21,0
2011-11-17,HOUSEHOLD_1,HOUSEHOLD,242,0
2011-11-17,HOUSEHOLD_2,HOUSEHOLD,131,0
2011-11-18,FOODS_1,FOODS,201,0
2011-11-18,FOODS_2,FOODS,373,0
2011-11-18,FOODS_3,FOODS,1640,0
2011-11-18,HOBBIES_1,HOBBIES,363,0
2011-11-18,HOBBIES_2,HOBBIES,3,0
2011-11-18,HOUSEHOLD_1,HOUSEHOLD,292,0
2011-11-18,HOUSEHOLD_2,HOUSEHOLD,140,0
2011-11-19,FOODS_1,FOODS,268,0
2011-11-19,FOODS_2,FOODS,659,0
2011-11-19,FOODS_3,FOODS,2406,0
2011-11-19,HOBBIES_1,HOBBIES,588,0
2011-11-19,HOBBIES_2,HOBBIES,11,0
2011-11-19,HOUSEHOLD_1,HOUSEHOLD,541,0
2011-11-19,HOUSEHOLD_2,HOUSEHOLD,208,0
2011-11-20,FOODS_1,FOODS,238,0
2011-11-20,FOODS_2,FOODS,591,0
2011-11-20,FOODS_3,FOODS,2403,0
2011-11-20,HOBBIES_1,HOBBIES,428,0
2011-11-20,HOBBIES_2,HOBBIES,26,0
2011-11-20,HOUSEHOLD_1,HOUSEHOLD,528,0
2011-11-20,HOUSEHOLD_2,HOUSEHOLD,201,0
2011-11-21,FOODS_1,FOODS,163,0
2011-11-21,FOODS_2,FOODS,479,0
2011-11-21,FOODS_3,FOODS,1691,0
2011-11-21,HOBBIES_1,HOBBIES,340,0
2011-11-21,HOBBIES_2,HOBBIES,11,0
2011-11-21,HOUSEHOLD_1,HOUSEHOLD,397,0
2011-11-21,HOUSEHOLD_2,HOUSEHOLD,128,0
2011-11-22,FOODS_1,FOODS,186,0
2011-11-22,FOODS_2,FOODS,507,0
2011-11-22,FOODS_3,FOODS,2051,0
2011-11-22,HOBBIES_1,HOBBIES,399,0
2011-11-22,HOBBIES_2,HOBBIES,27,0
2011-11-22,HOUSEHOLD_1,HOUSEHOLD,342,0
2011-11-22,HOUSEHOLD_2,HOUSEHOLD,125,0
2011-11-23,FOODS_1,FOODS,200,0
2011-11-23,FOODS_2,FOODS,383,0
2011-11-23,FOODS_3,FOODS,2343,0
2011-11-23,HOBBIES_1,HOBBIES,257,0
2011-11-23,HOBBIES_2,HOBBIES,4,0
2011-11-23,HOUSEHOLD_1,HOUSEHOLD,362,0
2011-11-23,HOUSEHOLD_2,HOUSEHOLD,114,0
2011-11-24,FOODS_1,FOODS,82,0
2011-11-24,FOODS_2,FOODS,143,0
2011-11-24,FOODS_3,FOODS,1406,0
2011-11-24,HOBBIES_1,HOBBIES,71,0
2011-11-24,HOBBIES_2,HOBBIES,19,0
2011-11-24,HOUSEHOLD_1,HOUSEHOLD,140,0
2011-11-24,HOUSEHOLD_2,HOUSEHOLD,80,0
2011-11-25,FOODS_1,FOODS,285,0
2011-11-25,FOODS_2,FOODS,237,0
2011-11-25,FOODS_3,FOODS,1740,0
2011-11-25,HOBBIES_1,HOBBIES,435,0
2011-11-25,HOBBIES_2,HOBBIES,21,0
2011-11-25,HOUSEHOLD_1,HOUSEHOLD,287,0
2011-11-25,HOUSEHOLD_2,HOUSEHOLD,157,0
2011-11-26,FOODS_1,FOODS,237,0
2011-11-26,FOODS_2,FOODS,313,0
2011-11-26,FOODS_3,FOODS,1644,0
2011-11-26,HOBBIES_1,HOBBIES,358,0
2011-11-26,HOBBIES_2,HOBBIES,7,0
2011-11-26,HOUSEHOLD_1,HOUSEHOLD,360,0
2011-11-26,HOUSEHOLD_2,HOUSEHOLD,158,0
2011-11-27,FOODS_1,FOODS,236,0
2011-11-27,FOODS_2,FOODS,459,0
2011-11-27,FOODS_3,FOODS,1799,0
2011-11-27,HOBBIES_1,HOBBIES,304,0
2011-11-27,HOBBIES_2,HOBBIES,16,0
2011-11-27,HOUSEHOLD_1,HOUSEHOLD,393,0
2011-11-27,HOUSEHOLD_2,HOUSEHOLD,134,0
2011-11-28,FOODS_1,FOODS,172,0
2011-11-28,FOODS_2,FOODS,332,0
2011-11-28,FOODS_3,FOODS,1304,0
2011-11-28,HOBBIES_1,HOBBIES,286,0
2011-11-28,HOBBIES_2,HOBBIES,26,0
2011-11-28,HOUSEHOLD_1,HOUSEHOLD,304,0
2011-11-28,HOUSEHOLD_2,HOUSEHOLD,90,0
2011-11-29,FOODS_1,FOODS,179,0
2011-11-29,FOODS_2,FOODS,351,0
2011-11-29,FOODS_3,FOODS,1308,0
2011-11-29,HOBBIES_1,HOBBIES,456,0
2011-11-29,HOBBIES_2,HOBBIES,24,0
2011-11-29,HOUSEHOLD_1,HOUSEHOLD,209,0
2011-11-29,HOUSEHOLD_2,HOUSEHOLD,101,0
2011-11-30,FOODS_1,FOODS,161,0
2011-11-30,FOODS_2,FOODS,343,0
2011-11-30,FOODS_3,FOODS,1279,0
2011-11-30,HOBBIES_1,HOBBIES,262,0
2011-11-30,HOBBIES_2,HOBBIES,14,0
2011-11-30,HOUSEHOLD_1,HOUSEHOLD,243,0
2011-11-30,HOUSEHOLD_2,HOUSEHOLD,110,0
2011-12-01,FOODS_1,FOODS,184,1
2011-12-01,FOODS_2,FOODS,360,1
2011-12-01,FOODS_3,FOODS,1381,1
2011-12-01,HOBBIES_1,HOBBIES,371,1
2011-12-01,HOBBIES_2,HOBBIES,18,1
2011-12-01,HOUSEHOLD_1,HOUSEHOLD,273,1
2011-12-01,HOUSEHOLD_2,HOUSEHOLD,112,1
2011-12-02,FOODS_1,FOODS,215,1
2011-12-02,FOODS_2,FOODS,468,1
2011-12-02,FOODS_3,FOODS,1804,1
2011-12-02,HOBBIES_1,HOBBIES,445,1
2011-12-02,HOBBIES_2,HOBBIES,37,1
2011-12-02,HOUSEHOLD_1,HOUSEHOLD,349,1
2011-12-02,HOUSEHOLD_2,HOUSEHOLD,186,1
2011-12-03,FOODS_1,FOODS,307,1
2011-12-03,FOODS_2,FOODS,616,1
2011-12-03,FOODS_3,FOODS,2441,1
2011-12-03,HOBBIES_1,HOBBIES,687,1
2011-12-03,HOBBIES_2,HOBBIES,91,1
2011-12-03,HOUSEHOLD_1,HOUSEHOLD,457,1
2011-12-03,HOUSEHOLD_2,HOUSEHOLD,233,1
2011-12-04,FOODS_1,FOODS,240,1
2011-12-04,FOODS_2,FOODS,718,1
2011-12-04,FOODS_3,FOODS,2432,1
2011-12-04,HOBBIES_1,HOBBIES,505,1
2011-12-04,HOBBIES_2,HOBBIES,46,1
2011-12-04,HOUSEHOLD_1,HOUSEHOLD,474,1
2011-12-04,HOUSEHOLD_2,HOUSEHOLD,217,1
2011-12-05,FOODS_1,FOODS,179,1
2011-12-05,FOODS_2,FOODS,601,1
2011-12-05,FOODS_3,FOODS,1737,1
2011-12-05,HOBBIES_1,HOBBIES,348,1
2011-12-05,HOBBIES_2,HOBBIES,11,1
2011-12-05,HOUSEHOLD_1,HOUSEHOLD,329,1
2011-12-05,HOUSEHOLD_2,HOUSEHOLD,162,1
2011-12-06,FOODS_1,FOODS,202,1
2011-12-06,FOODS_2,FOODS,537,1
2011-12-06,FOODS_3,FOODS,1517,1
2011-12-06,HOBBIES_1,HOBBIES,293,1
2011-12-06,HOBBIES_2,HOBBIES,17,1
2011-12-06,HOUSEHOLD_1,HOUSEHOLD,274,1
2011-12-06,HOUSEHOLD_2,HOUSEHOLD,120,1
2011-12-07,FOODS_1,FOODS,193,1
2011-12-07,FOODS_2,FOODS,451,1
2011-12-07,FOODS_3,FOODS,1436,1
2011-12-07,HOBBIES_1,HOBBIES,469,1
2011-12-07,HOBBIES_2,HOBBIES,16,1
2011-12-07,HOUSEHOLD_1,HOUSEHOLD,214,1
2011-12-07,HOUSEHOLD_2,HOUSEHOLD,110,1
2011-12-08,FOODS_1,FOODS,191,1
2011-12-08,FOODS_2,FOODS,514,1
2011-12-08,FOODS_3,FOODS,1755,1
2011-12-08,HOBBIES_1,HOBBIES,468,1
2011-12-08,HOBBIES_2,HOBBIES,31,1
2011-12-08,HOUSEHOLD_1,HOUSEHOLD,250,1
2011-12-08,HOUSEHOLD_2,HOUSEHOLD,122,1
2011-12-09,FOODS_1,FOODS,233,1
2011-12-09,FOODS_2,FOODS,535,1
2011-12-09,FOODS_3,FOODS,1760,1
2011-12-09,HOBBIES_1,HOBBIES,355,1
2011-12-09,HOBBIES_2,HOBBIES,95,1
2011-12-09,HOUSEHOLD_1,HOUSEHOLD,311,1
2011-12-09,HOUSEHOLD_2,HOUSEHOLD,146,1
2011-12-10,FOODS_1,FOODS,296,1
2011-12-10,FOODS_2,FOODS,646,1
2011-12-10,FOODS_3,FOODS,2540,1
2011-12-10,HOBBIES_1,HOBBIES,405,1
2011-12-10,HOBBIES_2,HOBBIES,30,1
2011-12-10,HOUSEHOLD_1,HOUSEHOLD,445,1
2011-12-10,HOUSEHOLD_2,HOUSEHOLD,213,1
2011-12-11,FOODS_1,FOODS,281,0
2011-12-11,FOODS_2,FOODS,628,0
2011-12-11,FOODS_3,FOODS,2353,0
2011-12-11,HOBBIES_1,HOBBIES,423,0
2011-12-11,HOBBIES_2,HOBBIES,15,0
2011-12-11,HOUSEHOLD_1,HOUSEHOLD,423,0
2011-12-11,HOUSEHOLD_2,HOUSEHOLD,189,0
2011-12-12,FOODS_1,FOODS,269,0
2011-12-12,FOODS_2,FOODS,519,0
2011-12-12,FOODS_3,FOODS,1680,0
2011-12-12,HOBBIES_1,HOBBIES,413,0
2011-12-12,HOBBIES_2,HOBBIES,16,0
2011-12-12,HOUSEHOLD_1,HOUSEHOLD,239,0
2011-12-12,HOUSEHOLD_2,HOUSEHOLD,131,0
2011-12-13,FOODS_1,FOODS,235,0
2011-12-13,FOODS_2,FOODS,380,0
2011-12-13,FOODS_3,FOODS,1615,0
2011-12-13,HOBBIES_1,HOBBIES,364,0
2011-12-13,HOBBIES_2,HOBBIES,11,0
2011-12-13,HOUSEHOLD_1,HOUSEHOLD,216,0
2011-12-13,HOUSEHOLD_2,HOUSEHOLD,125,0
2011-12-14,FOODS_1,FOODS,234,0
2011-12-14,FOODS_2,FOODS,369,0
2011-12-14,FOODS_3,FOODS,1540,0
2011-12-14,HOBBIES_1,HOBBIES,364,0
2011-12-14,HOBBIES_2,HOBBIES,12,0
2011-12-14,HOUSEHOLD_1,HOUSEHOLD,243,0
2011-12-14,HOUSEHOLD_2,HOUSEHOLD,109,0
2011-12-15,FOODS_1,FOODS,336,0
2011-12-15,FOODS_2,FOODS,466,0
2011-12-15,FOODS_3,FOODS,1629,0
2011-12-15,HOBBIES_1,HOBBIES,214,0
2011-12-15,HOBBIES_2,HOBBIES,38,0
2011-12-15,HOUSEHOLD_1,HOUSEHOLD,286,0
2011-12-15,HOUSEHOLD_2,HOUSEHOLD,140,0
2011-12-16,FOODS_1,FOODS,278,0
2011-12-16,FOODS_2,FOODS,379,0
2011-12-16,FOODS_3,FOODS,1848,0
2011-12-16,HOBBIES_1,HOBBIES,380,0
2011-12-16,HOBBIES_2,HOBBIES,35,0
2011-12-16,HOUSEHOLD_1,HOUSEHOLD,319,0
2011-12-16,HOUSEHOLD_2,HOUSEHOLD,160,0
2011-12-17,FOODS_1,FOODS,275,0
2011-12-17,FOODS_2,FOODS,567,0
2011-12-17,FOODS_3,FOODS,2507,0
2011-12-17,HOBBIES_1,HOBBIES,511,0
2011-12-17,HOBBIES_2,HOBBIES,12,0
2011-12-17,HOUSEHOLD_1,HOUSEHOLD,382,0
2011-12-17,HOUSEHOLD_2,HOUSEHOLD,209,0
2011-12-18,FOODS_1,FOODS,259,0
2011-12-18,FOODS_2,FOODS,537,0
2011-12-18,FOODS_3,FOODS,2422,0
2011-12-18,HOBBIES_1,HOBBIES,367,0
2011-12-18,HOBBIES_2,HOBBIES,17,0
2011-12-18,HOUSEHOLD_1,HOUSEHOLD,450,0
2011-12-18,HOUSEHOLD_2,HOUSEHOLD,201,0
2011-12-19,FOODS_1,FOODS,247,0
2011-12-19,FOODS_2,FOODS,400,0
2011-12-19,FOODS_3,FOODS,1820,0
2011-12-19,HOBBIES_1,HOBBIES,418,0
2011-12-19,HOBBIES_2,HOBBIES,12,0
2011-12-19,HOUSEHOLD_1,HOUSEHOLD,278,0
2011-12-19,HOUSEHOLD_2,HOUSEHOLD,158,0
2011-12-20,FOODS_1,FOODS,268,0
2011-12-20,FOODS_2,FOODS,437,0
2011-12-20,FOODS_3,FOODS,1754,0
2011-12-20,HOBBIES_1,HOBBIES,341,0
2011-12-20,HOBBIES_2,HOBBIES,27,0
2011-12-20,HOUSEHOLD_1,HOUSEHOLD,245,0
2011-12-20,HOUSEHOLD_2,HOUSEHOLD,164,0
2011-12-21,FOODS_1,FOODS,302,0
2011-12-21,FOODS_2,FOODS,413,0
2011-12-21,FOODS_3,FOODS,1852,0
2011-12-21,HOBBIES_1,HOBBIES,338,0
2011-12-21,HOBBIES_2,HOBBIES,18,0
2011-12-21,HOUSEHOLD_1,HOUSEHOLD,272,0
2011-12-21,HOUSEHOLD_2,HOUSEHOLD,172,0
2011-12-22,FOODS_1,FOODS,346,0
2011-12-22,FOODS_2,FOODS,384,0
2011-12-22,FOODS_3,FOODS,2010,0
2011-12-22,HOBBIES_1,HOBBIES,363,0
2011-12-22,HOBBIES_2,HOBBIES,40,0
2011-12-22,HOUSEHOLD_1,HOUSEHOLD,283,0
2011-12-22,HOUSEHOLD_2,HOUSEHOLD,183,0
2011-12-23,FOODS_1,FOODS,491,0
2011-12-23,FOODS_2,FOODS,465,0
2011-12-23,FOODS_3,FOODS,2721,0
2011-12-23,HOBBIES_1,HOBBIES,408,0
2011-12-23,HOBBIES_2,HOBBIES,15,0
2011-12-23,HOUSEHOLD_1,HOUSEHOLD,318,0
2011-12-23,HOUSEHOLD_2,HOUSEHOLD,234,0
2011-12-24,FOODS_1,FOODS,289,0
2011-12-24,FOODS_2,FOODS,294,0
2011-12-24,FOODS_3,FOODS,2175,0
2011-12-24,HOBBIES_1,HOBBIES,326,0
2011-12-24,HOBBIES_2,HOBBIES,8,0
2011-12-24,HOUSEHOLD_1,HOUSEHOLD,214,0
2011-12-24,HOUSEHOLD_2,HOUSEHOLD,148,0
2011-12-25,FOODS_1,FOODS,0,0
2011-12-25,FOODS_2,FOODS,0,0
2011-12-25,FOODS_3,FOODS,0,0
2011-12-25,HOBBIES_1,HOBBIES,0,0
2011-12-25,HOBBIES_2,HOBBIES,0,0
2011-12-25,HOUSEHOLD_1,HOUSEHOLD,0,0
2011-12-25,HOUSEHOLD_2,HOUSEHOLD,0,0
2011-12-26,FOODS_1,FOODS,137,0
2011-12-26,FOODS_2,FOODS,342,0
2011-12-26,FOODS_3,FOODS,1881,0
2011-12-26,HOBBIES_1,HOBBIES,453,0
2011-12-26,HOBBIES_2,HOBBIES,30,0
2011-12-26,HOUSEHOLD_1,HOUSEHOLD,342,0
2011-12-26,HOUSEHOLD_2,HOUSEHOLD,150,0
2011-12-27,FOODS_1,FOODS,197,0
2011-12-27,FOODS_2,FOODS,371,0
2011-12-27,FOODS_3,FOODS,1662,0
2011-12-27,HOBBIES_1,HOBBIES,464,0
2011-12-27,HOBBIES_2,HOBBIES,5,0
2011-12-27,HOUSEHOLD_1,HOUSEHOLD,287,0
2011-12-27,HOUSEHOLD_2,HOUSEHOLD,125,0
2011-12-28,FOODS_1,FOODS,166,0
2011-12-28,FOODS_2,FOODS,362,0
2011-12-28,FOODS_3,FOODS,1700,0
2011-12-28,HOBBIES_1,HOBBIES,408,0
2011-12-28,HOBBIES_2,HOBBIES,2,0
2011-12-28,HOUSEHOLD_1,HOUSEHOLD,315,0
2011-12-28,HOUSEHOLD_2,HOUSEHOLD,144,0
2011-12-29,FOODS_1,FOODS,168,0
2011-12-29,FOODS_2,FOODS,387,0
2011-12-29,FOODS_3,FOODS,1860,0
2011-12-29,HOBBIES_1,HOBBIES,321,0
2011-12-29,HOBBIES_2,HOBBIES,1,0
2011-12-29,HOUSEHOLD_1,HOUSEHOLD,355,0
2011-12-29,HOUSEHOLD_2,HOUSEHOLD,141,0
2011-12-30,FOODS_1,FOODS,207,0
2011-12-30,FOODS_2,FOODS,601,0
2011-12-30,FOODS_3,FOODS,2440,0
2011-12-30,HOBBIES_1,HOBBIES,701,0
2011-12-30,HOBBIES_2,HOBBIES,10,0
2011-12-30,HOUSEHOLD_1,HOUSEHOLD,499,0
2011-12-30,HOUSEHOLD_2,HOUSEHOLD,180,0
2011-12-31,FOODS_1,FOODS,316,0
2011-12-31,FOODS_2,FOODS,508,0
2011-12-31,FOODS_3,FOODS,2500,0
2011-12-31,HOBBIES_1,HOBBIES,378,0
2011-12-31,HOBBIES_2,HOBBIES,6,0
2011-12-31,HOUSEHOLD_1,HOUSEHOLD,412,0
2011-12-31,HOUSEHOLD_2,HOUSEHOLD,116,0
2012-01-01,FOODS_1,FOODS,221,1
2012-01-01,FOODS_2,FOODS,385,1
2012-01-01,FOODS_3,FOODS,1448,1
2012-01-01,HOBBIES_1,HOBBIES,219,1
2012-01-01,HOBBIES_2,HOBBIES,13,1
2012-01-01,HOUSEHOLD_1,HOUSEHOLD,279,1
2012-01-01,HOUSEHOLD_2,HOUSEHOLD,83,1
2012-01-02,FOODS_1,FOODS,260,1
2012-01-02,FOODS_2,FOODS,665,1
2012-01-02,FOODS_3,FOODS,2001,1
2012-01-02,HOBBIES_1,HOBBIES,334,1
2012-01-02,HOBBIES_2,HOBBIES,8,1
2012-01-02,HOUSEHOLD_1,HOUSEHOLD,505,1
2012-01-02,HOUSEHOLD_2,HOUSEHOLD,158,1
2012-01-03,FOODS_1,FOODS,209,1
2012-01-03,FOODS_2,FOODS,584,1
2012-01-03,FOODS_3,FOODS,1711,1
2012-01-03,HOBBIES_1,HOBBIES,485,1
2012-01-03,HOBBIES_2,HOBBIES,3,1
2012-01-03,HOUSEHOLD_1,HOUSEHOLD,369,1
2012-01-03,HOUSEHOLD_2,HOUSEHOLD,135,1
2012-01-04,FOODS_1,FOODS,213,1
2012-01-04,FOODS_2,FOODS,521,1
2012-01-04,FOODS_3,FOODS,1598,1
2012-01-04,HOBBIES_1,HOBBIES,484,1
2012-01-04,HOBBIES_2,HOBBIES,6,1
2012-01-04,HOUSEHOLD_1,HOUSEHOLD,349,1
2012-01-04,HOUSEHOLD_2,HOUSEHOLD,113,1
2012-01-05,FOODS_1,FOODS,163,1
2012-01-05,FOODS_2,FOODS,501,1
2012-01-05,FOODS_3,FOODS,1949,1
2012-01-05,HOBBIES_1,HOBBIES,333,1
2012-01-05,HOBBIES_2,HOBBIES,10,1
2012-01-05,HOUSEHOLD_1,HOUSEHOLD,346,1
2012-01-05,HOUSEHOLD_2,HOUSEHOLD,142,1
2012-01-06,FOODS_1,FOODS,235,1
2012-01-06,FOODS_2,FOODS,538,1
2012-01-06,FOODS_3,FOODS,1919,1
2012-01-06,HOBBIES_1,HOBBIES,601,1
2012-01-06,HOBBIES_2,HOBBIES,11,1
2012-01-06,HOUSEHOLD_1,HOUSEHOLD,395,1
2012-01-06,HOUSEHOLD_2,HOUSEHOLD,155,1
2012-01-07,FOODS_1,FOODS,249,1
2012-01-07,FOODS_2,FOODS,655,1
2012-01-07,FOODS_3,FOODS,2619,1
2012-01-07,HOBBIES_1,HOBBIES,484,1
2012-01-07,HOBBIES_2,HOBBIES,19,1
2012-01-07,HOUSEHOLD_1,HOUSEHOLD,458,1
2012-01-07,HOUSEHOLD_2,HOUSEHOLD,186,1
2012-01-08,FOODS_1,FOODS,242,1
2012-01-08,FOODS_2,FOODS,720,1
2012-01-08,FOODS_3,FOODS,2548,1
2012-01-08,HOBBIES_1,HOBBIES,350,1
2012-01-08,HOBBIES_2,HOBBIES,27,1
2012-01-08,HOUSEHOLD_1,HOUSEHOLD,517,1
2012-01-08,HOUSEHOLD_2,HOUSEHOLD,181,1
2012-01-09,FOODS_1,FOODS,168,1
2012-01-09,FOODS_2,FOODS,675,1
2012-01-09,FOODS_3,FOODS,2032,1
2012-01-09,HOBBIES_1,HOBBIES,312,1
2012-01-09,HOBBIES_2,HOBBIES,20,1
2012-01-09,HOUSEHOLD_1,HOUSEHOLD,317,1
2012-01-09,HOUSEHOLD_2,HOUSEHOLD,113,1
2012-01-10,FOODS_1,FOODS,196,1
2012-01-10,FOODS_2,FOODS,558,1
2012-01-10,FOODS_3,FOODS,1600,1
2012-01-10,HOBBIES_1,HOBBIES,450,1
2012-01-10,HOBBIES_2,HOBBIES,6,1
2012-01-10,HOUSEHOLD_1,HOUSEHOLD,283,1
2012-01-10,HOUSEHOLD_2,HOUSEHOLD,124,1
2012-01-11,FOODS_1,FOODS,218,0
2012-01-11,FOODS_2,FOODS,405,0
2012-01-11,FOODS_3,FOODS,1541,0
2012-01-11,HOBBIES_1,HOBBIES,471,0
2012-01-11,HOBBIES_2,HOBBIES,14,0
2012-01-11,HOUSEHOLD_1,HOUSEHOLD,241,0
2012-01-11,HOUSEHOLD_2,HOUSEHOLD,104,0
2012-01-12,FOODS_1,FOODS,201,0
2012-01-12,FOODS_2,FOODS,310,0
2012-01-12,FOODS_3,FOODS,1390,0
2012-01-12,HOBBIES_1,HOBBIES,381,0
2012-01-12,HOBBIES_2,HOBBIES,11,0
2012-01-12,HOUSEHOLD_1,HOUSEHOLD,259,0
2012-01-12,HOUSEHOLD_2,HOUSEHOLD,103,0
2012-01-13,FOODS_1,FOODS,291,0
2012-01-13,FOODS_2,FOODS,471,0
2012-01-13,FOODS_3,FOODS,1895,0
2012-01-13,HOBBIES_1,HOBBIES,411,0
2012-01-13,HOBBIES_2,HOBBIES,7,0
2012-01-13,HOUSEHOLD_1,HOUSEHOLD,336,0
2012-01-13,HOUSEHOLD_2,HOUSEHOLD,139,0
2012-01-14,FOODS_1,FOODS,299,0
2012-01-14,FOODS_2,FOODS,499,0
2012-01-14,FOODS_3,FOODS,2347,0
2012-01-14,HOBBIES_1,HOBBIES,444,0
2012-01-14,HOBBIES_2,HOBBIES,12,0
2012-01-14,HOUSEHOLD_1,HOUSEHOLD,457,0
2012-01-14,HOUSEHOLD_2,HOUSEHOLD,213,0
2012-01-15,FOODS_1,FOODS,251,0
2012-01-15,FOODS_2,FOODS,556,0
2012-01-15,FOODS_3,FOODS,2263,0
2012-01-15,HOBBIES_1,HOBBIES,394,0
2012-01-15,HOBBIES_2,HOBBIES,21,0
2012-01-15,HOUSEHOLD_1,HOUSEHOLD,449,0
2012-01-15,HOUSEHOLD_2,HOUSEHOLD,177,0
2012-01-16,FOODS_1,FOODS,208,0
2012-01-16,FOODS_2,FOODS,539,0
2012-01-16,FOODS_3,FOODS,2018,0
2012-01-16,HOBBIES_1,HOBBIES,369,0
2012-01-16,HOBBIES_2,HOBBIES,12,0
2012-01-16,HOUSEHOLD_1,HOUSEHOLD,354,0
2012-01-16,HOUSEHOLD_2,HOUSEHOLD,170,0
2012-01-17,FOODS_1,FOODS,170,0
2012-01-17,FOODS_2,FOODS,493,0
2012-01-17,FOODS_3,FOODS,1448,0
2012-01-17,HOBBIES_1,HOBBIES,352,0
2012-01-17,HOBBIES_2,HOBBIES,14,0
2012-01-17,HOUSEHOLD_1,HOUSEHOLD,237,0
2012-01-17,HOUSEHOLD_2,HOUSEHOLD,110,0
2012-01-18,FOODS_1,FOODS,187,0
2012-01-18,FOODS_2,FOODS,396,0
2012-01-18,FOODS_3,FOODS,1434,0
2012-01-18,HOBBIES_1,HOBBIES,289,0
2012-01-18,HOBBIES_2,HOBBIES,31,0
2012-01-18,HOUSEHOLD_1,HOUSEHOLD,291,0
2012-01-18,HOUSEHOLD_2,HOUSEHOLD,101,0
2012-01-19,FOODS_1,FOODS,183,0
2012-01-19,FOODS_2,FOODS,377,0
2012-01-19,FOODS_3,FOODS,1473,0
2012-01-19,HOBBIES_1,HOBBIES,395,0
2012-01-19,HOBBIES_2,HOBBIES,11,0
2012-01-19,HOUSEHOLD_1,HOUSEHOLD,236,0
2012-01-19,HOUSEHOLD_2,HOUSEHOLD,107,0
2012-01-20,FOODS_1,FOODS,203,0
2012-01-20,FOODS_2,FOODS,456,0
2012-01-20,FOODS_3,FOODS,1788,0
2012-01-20,HOBBIES_1,HOBBIES,279,0
2012-01-20,HOBBIES_2,HOBBIES,12,0
2012-01-20,HOUSEHOLD_1,HOUSEHOLD,305,0
2012-01-20,HOUSEHOLD_2,HOUSEHOLD,110,0
2012-01-21,FOODS_1,FOODS,307,0
2012-01-21,FOODS_2,FOODS,747,0
2012-01-21,FOODS_3,FOODS,2712,0
2012-01-21,HOBBIES_1,HOBBIES,562,0
2012-01-21,HOBBIES_2,HOBBIES,12,0
2012-01-21,HOUSEHOLD_1,HOUSEHOLD,545,0
2012-01-21,HOUSEHOLD_2,HOUSEHOLD,222,0
2012-01-22,FOODS_1,FOODS,251,0
2012-01-22,FOODS_2,FOODS,497,0
2012-01-22,FOODS_3,FOODS,2306,0
2012-01-22,HOBBIES_1,HOBBIES,367,0
2012-01-22,HOBBIES_2,HOBBIES,6,0
2012-01-22,HOUSEHOLD_1,HOUSEHOLD,386,0
2012-01-22,HOUSEHOLD_2,HOUSEHOLD,152,0
2012-01-23,FOODS_1,FOODS,152,0
2012-01-23,FOODS_2,FOODS,437,0
2012-01-23,FOODS_3,FOODS,1380,0
2012-01-23,HOBBIES_1,HOBBIES,310,0
2012-01-23,HOBBIES_2,HOBBIES,6,0
2012-01-23,HOUSEHOLD_1,HOUSEHOLD,282,0
2012-01-23,HOUSEHOLD_2,HOUSEHOLD,111,0
2012-01-24,FOODS_1,FOODS,189,0
2012-01-24,FOODS_2,FOODS,356,0
2012-01-24,FOODS_3,FOODS,1402,0
2012-01-24,HOBBIES_1,HOBBIES,276,0
2012-01-24,HOBBIES_2,HOBBIES,9,0
2012-01-24,HOUSEHOLD_1,HOUSEHOLD,245,0
2012-01-24,HOUSEHOLD_2,HOUSEHOLD,94,0
2012-01-25,FOODS_1,FOODS,215,0
2012-01-25,FOODS_2,FOODS,321,0
2012-01-25,FOODS_3,FOODS,1252,0
2012-01-25,HOBBIES_1,HOBBIES,273,0
2012-01-25,HOBBIES_2,HOBBIES,23,0
2012-01-25,HOUSEHOLD_1,HOUSEHOLD,272,0
2012-01-25,HOUSEHOLD_2,HOUSEHOLD,104,0
2012-01-26,FOODS_1,FOODS,233,0
2012-01-26,FOODS_2,FOODS,353,0
2012-01-26,FOODS_3,FOODS,1219,0
2012-01-26,HOBBIES_1,HOBBIES,477,0
2012-01-26,HOBBIES_2,HOBBIES,22,0
2012-01-26,HOUSEHOLD_1,HOUSEHOLD,263,0
2012-01-26,HOUSEHOLD_2,HOUSEHOLD,113,0
2012-01-27,FOODS_1,FOODS,292,0
2012-01-27,FOODS_2,FOODS,396,0
2012-01-27,FOODS_3,FOODS,1818,0
2012-01-27,HOBBIES_1,HOBBIES,446,0
2012-01-27,HOBBIES_2,HOBBIES,10,0
2012-01-27,HOUSEHOLD_1,HOUSEHOLD,345,0
2012-01-27,HOUSEHOLD_2,HOUSEHOLD,137,0
2012-01-28,FOODS_1,FOODS,352,0
2012-01-28,FOODS_2,FOODS,593,0
2012-01-28,FOODS_3,FOODS,2137,0
2012-01-28,HOBBIES_1,HOBBIES,470,0
2012-01-28,HOBBIES_2,HOBBIES,24,0
2012-01-28,HOUSEHOLD_1,HOUSEHOLD,477,0
2012-01-28,HOUSEHOLD_2,HOUSEHOLD,188,0
2012-01-29,FOODS_1,FOODS,261,0
2012-01-29,FOODS_2,FOODS,564,0
2012-01-29,FOODS_3,FOODS,2310,0
2012-01-29,HOBBIES_1,HOBBIES,385,0
2012-01-29,HOBBIES_2,HOBBIES,26,0
2012-01-29,HOUSEHOLD_1,HOUSEHOLD,400,0
2012-01-29,HOUSEHOLD_2,HOUSEHOLD,201,0
2012-01-30,FOODS_1,FOODS,181,0
2012-01-30,FOODS_2,FOODS,431,0
2012-01-30,FOODS_3,FOODS,1555,0
2012-01-30,HOBBIES_1,HOBBIES,250,0
2012-01-30,HOBBIES_2,HOBBIES,13,0
2012-01-30,HOUSEHOLD_1,HOUSEHOLD,299,0
2012-01-30,HOUSEHOLD_2,HOUSEHOLD,160,0
2012-01-31,FOODS_1,FOODS,206,0
2012-01-31,FOODS_2,FOODS,367,0
2012-01-31,FOODS_3,FOODS,1590,0
2012-01-31,HOBBIES_1,HOBBIES,303,0
2012-01-31,HOBBIES_2,HOBBIES,26,0
2012-01-31,HOUSEHOLD_1,HOUSEHOLD,280,0
2012-01-31,HOUSEHOLD_2,HOUSEHOLD,120,0
2012-02-01,FOODS_1,FOODS,217,1
2012-02-01,FOODS_2,FOODS,471,1
2012-02-01,FOODS_3,FOODS,1706,1
2012-02-01,HOBBIES_1,HOBBIES,379,1
2012-02-01,HOBBIES_2,HOBBIES,24,1
2012-02-01,HOUSEHOLD_1,HOUSEHOLD,270,1
2012-02-01,HOUSEHOLD_2,HOUSEHOLD,138,1
2012-02-02,FOODS_1,FOODS,227,1
2012-02-02,FOODS_2,FOODS,496,1
2012-02-02,FOODS_3,FOODS,1779,1
2012-02-02,HOBBIES_1,HOBBIES,415,1
2012-02-02,HOBBIES_2,HOBBIES,21,1
2012-02-02,HOUSEHOLD_1,HOUSEHOLD,321,1
2012-02-02,HOUSEHOLD_2,HOUSEHOLD,150,1
2012-02-03,FOODS_1,FOODS,292,1
2012-02-03,FOODS_2,FOODS,638,1
2012-02-03,FOODS_3,FOODS,2204,1
2012-02-03,HOBBIES_1,HOBBIES,504,1
2012-02-03,HOBBIES_2,HOBBIES,33,1
2012-02-03,HOUSEHOLD_1,HOUSEHOLD,422,1
2012-02-03,HOUSEHOLD_2,HOUSEHOLD,176,1
2012-02-04,FOODS_1,FOODS,341,1
2012-02-04,FOODS_2,FOODS,904,1
2012-02-04,FOODS_3,FOODS,3125,1
2012-02-04,HOBBIES_1,HOBBIES,611,1
2012-02-04,HOBBIES_2,HOBBIES,32,1
2012-02-04,HOUSEHOLD_1,HOUSEHOLD,538,1
2012-02-04,HOUSEHOLD_2,HOUSEHOLD,235,1
2012-02-05,FOODS_1,FOODS,315,1
2012-02-05,FOODS_2,FOODS,714,1
2012-02-05,FOODS_3,FOODS,2714,1
2012-02-05,HOBBIES_1,HOBBIES,468,1
2012-02-05,HOBBIES_2,HOBBIES,14,1
2012-02-05,HOUSEHOLD_1,HOUSEHOLD,390,1
2012-02-05,HOUSEHOLD_2,HOUSEHOLD,168,1
2012-02-06,FOODS_1,FOODS,224,1
2012-02-06,FOODS_2,FOODS,600,1
2012-02-06,FOODS_3,FOODS,1841,1
2012-02-06,HOBBIES_1,HOBBIES,428,1
2012-02-06,HOBBIES_2,HOBBIES,14,1
2012-02-06,HOUSEHOLD_1,HOUSEHOLD,371,1
2012-02-06,HOUSEHOLD_2,HOUSEHOLD,160,1
2012-02-07,FOODS_1,FOODS,200,1
2012-02-07,FOODS_2,FOODS,486,1
2012-02-07,FOODS_3,FOODS,1706,1
2012-02-07,HOBBIES_1,HOBBIES,353,1
2012-02-07,HOBBIES_2,HOBBIES,12,1
2012-02-07,HOUSEHOLD_1,HOUSEHOLD,258,1
2012-02-07,HOUSEHOLD_2,HOUSEHOLD,144,1
2012-02-08,FOODS_1,FOODS,215,1
2012-02-08,FOODS_2,FOODS,456,1
2012-02-08,FOODS_3,FOODS,1691,1
2012-02-08,HOBBIES_1,HOBBIES,267,1
2012-02-08,HOBBIES_2,HOBBIES,20,1
2012-02-08,HOUSEHOLD_1,HOUSEHOLD,261,1
2012-02-08,HOUSEHOLD_2,HOUSEHOLD,131,1
2012-02-09,FOODS_1,FOODS,217,1
2012-02-09,FOODS_2,FOODS,516,1
2012-02-09,FOODS_3,FOODS,1570,1
2012-02-09,HOBBIES_1,HOBBIES,293,1
2012-02-09,HOBBIES_2,HOBBIES,24,1
2012-02-09,HOUSEHOLD_1,HOUSEHOLD,271,1
2012-02-09,HOUSEHOLD_2,HOUSEHOLD,143,1
2012-02-10,FOODS_1,FOODS,304,1
2012-02-10,FOODS_2,FOODS,600,1
2012-02-10,FOODS_3,FOODS,1869,1
2012-02-10,HOBBIES_1,HOBBIES,228,1
2012-02-10,HOBBIES_2,HOBBIES,25,1
2012-02-10,HOUSEHOLD_1,HOUSEHOLD,325,1
2012-02-10,HOUSEHOLD_2,HOUSEHOLD,165,1
2012-02-11,FOODS_1,FOODS,462,0
2012-02-11,FOODS_2,FOODS,801,0
2012-02-11,FOODS_3,FOODS,2819,0
2012-02-11,HOBBIES_1,HOBBIES,551,0
2012-02-11,HOBBIES_2,HOBBIES,42,0
2012-02-11,HOUSEHOLD_1,HOUSEHOLD,551,0
2012-02-11,HOUSEHOLD_2,HOUSEHOLD,237,0
2012-02-12,FOODS_1,FOODS,388,0
2012-02-12,FOODS_2,FOODS,786,0
2012-02-12,FOODS_3,FOODS,2857,0
2012-02-12,HOBBIES_1,HOBBIES,408,0
2012-02-12,HOBBIES_2,HOBBIES,41,0
2012-02-12,HOUSEHOLD_1,HOUSEHOLD,543,0
2012-02-12,HOUSEHOLD_2,HOUSEHOLD,207,0
2012-02-13,FOODS_1,FOODS,478,0
2012-02-13,FOODS_2,FOODS,547,0
2012-02-13,FOODS_3,FOODS,1941,0
2012-02-13,HOBBIES_1,HOBBIES,199,0
2012-02-13,HOBBIES_2,HOBBIES,18,0
2012-02-13,HOUSEHOLD_1,HOUSEHOLD,335,0
2012-02-13,HOUSEHOLD_2,HOUSEHOLD,156,0
2012-02-14,FOODS_1,FOODS,347,0
2012-02-14,FOODS_2,FOODS,282,0
2012-02-14,FOODS_3,FOODS,1368,0
2012-02-14,HOBBIES_1,HOBBIES,298,0
2012-02-14,HOBBIES_2,HOBBIES,13,0
2012-02-14,HOUSEHOLD_1,HOUSEHOLD,184,0
2012-02-14,HOUSEHOLD_2,HOUSEHOLD,111,0
2012-02-15,FOODS_1,FOODS,210,0
2012-02-15,FOODS_2,FOODS,329,0
2012-02-15,FOODS_3,FOODS,1399,0
2012-02-15,HOBBIES_1,HOBBIES,326,0
2012-02-15,HOBBIES_2,HOBBIES,8,0
2012-02-15,HOUSEHOLD_1,HOUSEHOLD,268,0
2012-02-15,HOUSEHOLD_2,HOUSEHOLD,129,0
2012-02-16,FOODS_1,FOODS,198,0
2012-02-16,FOODS_2,FOODS,434,0
2012-02-16,FOODS_3,FOODS,1413,0
2012-02-16,HOBBIES_1,HOBBIES,319,0
2012-02-16,HOBBIES_2,HOBBIES,29,0
2012-02-16,HOUSEHOLD_1,HOUSEHOLD,293,0
2012-02-16,HOUSEHOLD_2,HOUSEHOLD,146,0
2012-02-17,FOODS_1,FOODS,218,0
2012-02-17,FOODS_2,FOODS,497,0
2012-02-17,FOODS_3,FOODS,1705,0
2012-02-17,HOBBIES_1,HOBBIES,328,0
2012-02-17,HOBBIES_2,HOBBIES,7,0
2012-02-17,HOUSEHOLD_1,HOUSEHOLD,361,0
2012-02-17,HOUSEHOLD_2,HOUSEHOLD,195,0
2012-02-18,FOODS_1,FOODS,271,0
2012-02-18,FOODS_2,FOODS,575,0
2012-02-18,FOODS_3,FOODS,2468,0
2012-02-18,HOBBIES_1,HOBBIES,525,0
2012-02-18,HOBBIES_2,HOBBIES,19,0
2012-02-18,HOUSEHOLD_1,HOUSEHOLD,448,0
2012-02-18,HOUSEHOLD_2,HOUSEHOLD,228,0
2012-02-19,FOODS_1,FOODS,271,0
2012-02-19,FOODS_2,FOODS,601,0
2012-02-19,FOODS_3,FOODS,2504,0
2012-02-19,HOBBIES_1,HOBBIES,409,0
2012-02-19,HOBBIES_2,HOBBIES,19,0
2012-02-19,HOUSEHOLD_1,HOUSEHOLD,506,0
2012-02-19,HOUSEHOLD_2,HOUSEHOLD,225,0
2012-02-20,FOODS_1,FOODS,183,0
2012-02-20,FOODS_2,FOODS,514,0
2012-02-20,FOODS_3,FOODS,2073,0
2012-02-20,HOBBIES_1,HOBBIES,333,0
2012-02-20,HOBBIES_2,HOBBIES,10,0
2012-02-20,HOUSEHOLD_1,HOUSEHOLD,429,0
2012-02-20,HOUSEHOLD_2,HOUSEHOLD,179,0
2012-02-21,FOODS_1,FOODS,158,0
2012-02-21,FOODS_2,FOODS,346,0
2012-02-21,FOODS_3,FOODS,1541,0
2012-02-21,HOBBIES_1,HOBBIES,347,0
2012-02-21,HOBBIES_2,HOBBIES,5,0
2012-02-21,HOUSEHOLD_1,HOUSEHOLD,278,0
2012-02-21,HOUSEHOLD_2,HOUSEHOLD,148,0
2012-02-22,FOODS_1,FOODS,172,0
2012-02-22,FOODS_2,FOODS,365,0
2012-02-22,FOODS_3,FOODS,1469,0
2012-02-22,HOBBIES_1,HOBBIES,381,0
2012-02-22,HOBBIES_2,HOBBIES,14,0
2012-02-22,HOUSEHOLD_1,HOUSEHOLD,267,0
2012-02-22,HOUSEHOLD_2,HOUSEHOLD,106,0
2012-02-23,FOODS_1,FOODS,176,0
2012-02-23,FOODS_2,FOODS,319,0
2012-02-23,FOODS_3,FOODS,1540,0
2012-02-23,HOBBIES_1,HOBBIES,299,0
2012-02-23,HOBBIES_2,HOBBIES,27,0
2012-02-23,HOUSEHOLD_1,HOUSEHOLD,313,0
2012-02-23,HOUSEHOLD_2,HOUSEHOLD,124,0
2012-02-24,FOODS_1,FOODS,226,0
2012-02-24,FOODS_2,FOODS,408,0
2012-02-24,FOODS_3,FOODS,1869,0
2012-02-24,HOBBIES_1,HOBBIES,266,0
2012-02-24,HOBBIES_2,HOBBIES,12,0
2012-02-24,HOUSEHOLD_1,HOUSEHOLD,334,0
2012-02-24,HOUSEHOLD_2,HOUSEHOLD,165,0
2012-02-25,FOODS_1,FOODS,375,0
2012-02-25,FOODS_2,FOODS,591,0
2012-02-25,FOODS_3,FOODS,2515,0
2012-02-25,HOBBIES_1,HOBBIES,579,0
2012-02-25,HOBBIES_2,HOBBIES,15,0
2012-02-25,HOUSEHOLD_1,HOUSEHOLD,503,0
2012-02-25,HOUSEHOLD_2,HOUSEHOLD,228,0
2012-02-26,FOODS_1,FOODS,281,0
2012-02-26,FOODS_2,FOODS,587,0
2012-02-26,FOODS_3,FOODS,2547,0
2012-02-26,HOBBIES_1,HOBBIES,349,0
2012-02-26,HOBBIES_2,HOBBIES,23,0
2012-02-26,HOUSEHOLD_1,HOUSEHOLD,420,0
2012-02-26,HOUSEHOLD_2,HOUSEHOLD,223,0
2012-02-27,FOODS_1,FOODS,186,0
2012-02-27,FOODS_2,FOODS,412,0
2012-02-27,FOODS_3,FOODS,1599,0
2012-02-27,HOBBIES_1,HOBBIES,316,0
2012-02-27,HOBBIES_2,HOBBIES,9,0
2012-02-27,HOUSEHOLD_1,HOUSEHOLD,349,0
2012-02-27,HOUSEHOLD_2,HOUSEHOLD,127,0
2012-02-28,FOODS_1,FOODS,207,0
2012-02-28,FOODS_2,FOODS,342,0
2012-02-28,FOODS_3,FOODS,1462,0
2012-02-28,HOBBIES_1,HOBBIES,259,0
2012-02-28,HOBBIES_2,HOBBIES,16,0
2012-02-28,HOUSEHOLD_1,HOUSEHOLD,286,0
2012-02-28,HOUSEHOLD_2,HOUSEHOLD,135,0
2012-02-29,FOODS_1,FOODS,207,0
2012-02-29,FOODS_2,FOODS,391,0
2012-02-29,FOODS_3,FOODS,1427,0
2012-02-29,HOBBIES_1,HOBBIES,468,0
2012-02-29,HOBBIES_2,HOBBIES,17,0
2012-02-29,HOUSEHOLD_1,HOUSEHOLD,280,0
2012-02-29,HOUSEHOLD_2,HOUSEHOLD,125,0
2012-03-01,FOODS_1,FOODS,250,1
2012-03-01,FOODS_2,FOODS,389,1
2012-03-01,FOODS_3,FOODS,1899,1
2012-03-01,HOBBIES_1,HOBBIES,568,1
2012-03-01,HOBBIES_2,HOBBIES,30,1
2012-03-01,HOUSEHOLD_1,HOUSEHOLD,301,1
2012-03-01,HOUSEHOLD_2,HOUSEHOLD,166,1
2012-03-02,FOODS_1,FOODS,334,1
2012-03-02,FOODS_2,FOODS,439,1
2012-03-02,FOODS_3,FOODS,2142,1
2012-03-02,HOBBIES_1,HOBBIES,502,1
2012-03-02,HOBBIES_2,HOBBIES,19,1
2012-03-02,HOUSEHOLD_1,HOUSEHOLD,425,1
2012-03-02,HOUSEHOLD_2,HOUSEHOLD,164,1
2012-03-03,FOODS_1,FOODS,325,1
2012-03-03,FOODS_2,FOODS,503,1
2012-03-03,FOODS_3,FOODS,3015,1
2012-03-03,HOBBIES_1,HOBBIES,513,1
2012-03-03,HOBBIES_2,HOBBIES,31,1
2012-03-03,HOUSEHOLD_1,HOUSEHOLD,481,1
2012-03-03,HOUSEHOLD_2,HOUSEHOLD,255,1
2012-03-04,FOODS_1,FOODS,302,1
2012-03-04,FOODS_2,FOODS,557,1
2012-03-04,FOODS_3,FOODS,3106,1
2012-03-04,HOBBIES_1,HOBBIES,405,1
2012-03-04,HOBBIES_2,HOBBIES,30,1
2012-03-04,HOUSEHOLD_1,HOUSEHOLD,526,1
2012-03-04,HOUSEHOLD_2,HOUSEHOLD,239,1
2012-03-05,FOODS_1,FOODS,203,1
2012-03-05,FOODS_2,FOODS,404,1
2012-03-05,FOODS_3,FOODS,2429,1
2012-03-05,HOBBIES_1,HOBBIES,272,1
2012-03-05,HOBBIES_2,HOBBIES,18,1
2012-03-05,HOUSEHOLD_1,HOUSEHOLD,425,1
2012-03-05,HOUSEHOLD_2,HOUSEHOLD,142,1
2012-03-06,FOODS_1,FOODS,215,1
2012-03-06,FOODS_2,FOODS,525,1
2012-03-06,FOODS_3,FOODS,1821,1
2012-03-06,HOBBIES_1,HOBBIES,386,1
2012-03-06,HOBBIES_2,HOBBIES,19,1
2012-03-06,HOUSEHOLD_1,HOUSEHOLD,294,1
2012-03-06,HOUSEHOLD_2,HOUSEHOLD,138,1
2012-03-07,FOODS_1,FOODS,200,1
2012-03-07,FOODS_2,FOODS,397,1
2012-03-07,FOODS_3,FOODS,2061,1
2012-03-07,HOBBIES_1,HOBBIES,386,1
2012-03-07,HOBBIES_2,HOBBIES,16,1
2012-03-07,HOUSEHOLD_1,HOUSEHOLD,337,1
2012-03-07,HOUSEHOLD_2,HOUSEHOLD,144,1
2012-03-08,FOODS_1,FOODS,195,1
2012-03-08,FOODS_2,FOODS,434,1
2012-03-08,FOODS_3,FOODS,2034,1
2012-03-08,HOBBIES_1,HOBBIES,250,1
2012-03-08,HOBBIES_2,HOBBIES,12,1
2012-03-08,HOUSEHOLD_1,HOUSEHOLD,341,1
2012-03-08,HOUSEHOLD_2,HOUSEHOLD,126,1
2012-03-09,FOODS_1,FOODS,261,1
2012-03-09,FOODS_2,FOODS,447,1
2012-03-09,FOODS_3,FOODS,2152,1
2012-03-09,HOBBIES_1,HOBBIES,344,1
2012-03-09,HOBBIES_2,HOBBIES,18,1
2012-03-09,HOUSEHOLD_1,HOUSEHOLD,385,1
2012-03-09,HOUSEHOLD_2,HOUSEHOLD,179,1
2012-03-10,FOODS_1,FOODS,325,1
2012-03-10,FOODS_2,FOODS,639,1
2012-03-10,FOODS_3,FOODS,3081,1
2012-03-10,HOBBIES_1,HOBBIES,506,1
2012-03-10,HOBBIES_2,HOBBIES,29,1
2012-03-10,HOUSEHOLD_1,HOUSEHOLD,528,1
2012-03-10,HOUSEHOLD_2,HOUSEHOLD,246,1
2012-03-11,FOODS_1,FOODS,279,0
2012-03-11,FOODS_2,FOODS,598,0
2012-03-11,FOODS_3,FOODS,3136,0
2012-03-11,HOBBIES_1,HOBBIES,599,0
2012-03-11,HOBBIES_2,HOBBIES,54,0
2012-03-11,HOUSEHOLD_1,HOUSEHOLD,624,0
2012-03-11,HOUSEHOLD_2,HOUSEHOLD,212,0
2012-03-12,FOODS_1,FOODS,206,0
2012-03-12,FOODS_2,FOODS,510,0
2012-03-12,FOODS_3,FOODS,2013,0
2012-03-12,HOBBIES_1,HOBBIES,357,0
2012-03-12,HOBBIES_2,HOBBIES,33,0
2012-03-12,HOUSEHOLD_1,HOUSEHOLD,394,0
2012-03-12,HOUSEHOLD_2,HOUSEHOLD,130,0
2012-03-13,FOODS_1,FOODS,248,0
2012-03-13,FOODS_2,FOODS,354,0
2012-03-13,FOODS_3,FOODS,1441,0
2012-03-13,HOBBIES_1,HOBBIES,297,0
2012-03-13,HOBBIES_2,HOBBIES,26,0
2012-03-13,HOUSEHOLD_1,HOUSEHOLD,349,0
2012-03-13,HOUSEHOLD_2,HOUSEHOLD,121,0
2012-03-14,FOODS_1,FOODS,180,0
2012-03-14,FOODS_2,FOODS,359,0
2012-03-14,FOODS_3,FOODS,1618,0
2012-03-14,HOBBIES_1,HOBBIES,205,0
2012-03-14,HOBBIES_2,HOBBIES,31,0
2012-03-14,HOUSEHOLD_1,HOUSEHOLD,307,0
2012-03-14,HOUSEHOLD_2,HOUSEHOLD,121,0
2012-03-15,FOODS_1,FOODS,216,0
2012-03-15,FOODS_2,FOODS,370,0
2012-03-15,FOODS_3,FOODS,1737,0
2012-03-15,HOBBIES_1,HOBBIES,355,0
2012-03-15,HOBBIES_2,HOBBIES,27,0
2012-03-15,HOUSEHOLD_1,HOUSEHOLD,319,0
2012-03-15,HOUSEHOLD_2,HOUSEHOLD,137,0
2012-03-16,FOODS_1,FOODS,376,0
2012-03-16,FOODS_2,FOODS,436,0
2012-03-16,FOODS_3,FOODS,1896,0
2012-03-16,HOBBIES_1,HOBBIES,479,0
2012-03-16,HOBBIES_2,HOBBIES,21,0
2012-03-16,HOUSEHOLD_1,HOUSEHOLD,401,0
2012-03-16,HOUSEHOLD_2,HOUSEHOLD,128,0
2012-03-17,FOODS_1,FOODS,436,0
2012-03-17,FOODS_2,FOODS,550,0
2012-03-17,FOODS_3,FOODS,2456,0
2012-03-17,HOBBIES_1,HOBBIES,503,0
2012-03-17,HOBBIES_2,HOBBIES,14,0
2012-03-17,HOUSEHOLD_1,HOUSEHOLD,567,0
2012-03-17,HOUSEHOLD_2,HOUSEHOLD,192,0
2012-03-18,FOODS_1,FOODS,365,0
2012-03-18,FOODS_2,FOODS,573,0
2012-03-18,FOODS_3,FOODS,2719,0
2012-03-18,HOBBIES_1,HOBBIES,442,0
2012-03-18,HOBBIES_2,HOBBIES,23,0
2012-03-18,HOUSEHOLD_1,HOUSEHOLD,631,0
2012-03-18,HOUSEHOLD_2,HOUSEHOLD,213,0
2012-03-19,FOODS_1,FOODS,252,0
2012-03-19,FOODS_2,FOODS,393,0
2012-03-19,FOODS_3,FOODS,2002,0
2012-03-19,HOBBIES_1,HOBBIES,396,0
2012-03-19,HOBBIES_2,HOBBIES,24,0
2012-03-19,HOUSEHOLD_1,HOUSEHOLD,401,0
2012-03-19,HOUSEHOLD_2,HOUSEHOLD,153,0
2012-03-20,FOODS_1,FOODS,203,0
2012-03-20,FOODS_2,FOODS,318,0
2012-03-20,FOODS_3,FOODS,1634,0
2012-03-20,HOBBIES_1,HOBBIES,323,0
2012-03-20,HOBBIES_2,HOBBIES,26,0
2012-03-20,HOUSEHOLD_1,HOUSEHOLD,319,0
2012-03-20,HOUSEHOLD_2,HOUSEHOLD,116,0
2012-03-21,FOODS_1,FOODS,197,0
2012-03-21,FOODS_2,FOODS,275,0
2012-03-21,FOODS_3,FOODS,1579,0
2012-03-21,HOBBIES_1,HOBBIES,261,0
2012-03-21,HOBBIES_2,HOBBIES,19,0
2012-03-21,HOUSEHOLD_1,HOUSEHOLD,297,0
2012-03-21,HOUSEHOLD_2,HOUSEHOLD,136,0
2012-03-22,FOODS_1,FOODS,277,0
2012-03-22,FOODS_2,FOODS,344,0
2012-03-22,FOODS_3,FOODS,1818,0
2012-03-22,HOBBIES_1,HOBBIES,242,0
2012-03-22,HOBBIES_2,HOBBIES,21,0
2012-03-22,HOUSEHOLD_1,HOUSEHOLD,281,0
2012-03-22,HOUSEHOLD_2,HOUSEHOLD,120,0
2012-03-23,FOODS_1,FOODS,321,0
2012-03-23,FOODS_2,FOODS,341,0
2012-03-23,FOODS_3,FOODS,1853,0
2012-03-23,HOBBIES_1,HOBBIES,385,0
2012-03-23,HOBBIES_2,HOBBIES,26,0
2012-03-23,HOUSEHOLD_1,HOUSEHOLD,373,0
2012-03-23,HOUSEHOLD_2,HOUSEHOLD,115,0
2012-03-24,FOODS_1,FOODS,399,0
2012-03-24,FOODS_2,FOODS,483,0
2012-03-24,FOODS_3,FOODS,2927,0
2012-03-24,HOBBIES_1,HOBBIES,634,0
2012-03-24,HOBBIES_2,HOBBIES,23,0
2012-03-24,HOUSEHOLD_1,HOUSEHOLD,576,0
2012-03-24,HOUSEHOLD_2,HOUSEHOLD,169,0
2012-03-25,FOODS_1,FOODS,357,0
2012-03-25,FOODS_2,FOODS,518,0
2012-03-25,FOODS_3,FOODS,3050,0
2012-03-25,HOBBIES_1,HOBBIES,462,0
2012-03-25,HOBBIES_2,HOBBIES,13,0
2012-03-25,HOUSEHOLD_1,HOUSEHOLD,604,0
2012-03-25,HOUSEHOLD_2,HOUSEHOLD,236,0
2012-03-26,FOODS_1,FOODS,229,0
2012-03-26,FOODS_2,FOODS,403,0
2012-03-26,FOODS_3,FOODS,1734,0
2012-03-26,HOBBIES_1,HOBBIES,301,0
2012-03-26,HOBBIES_2,HOBBIES,10,0
2012-03-26,HOUSEHOLD_1,HOUSEHOLD,355,0
2012-03-26,HOUSEHOLD_2,HOUSEHOLD,135,0
2012-03-27,FOODS_1,FOODS,249,0
2012-03-27,FOODS_2,FOODS,310,0
2012-03-27,FOODS_3,FOODS,1502,0
2012-03-27,HOBBIES_1,HOBBIES,373,0
2012-03-27,HOBBIES_2,HOBBIES,26,0
2012-03-27,HOUSEHOLD_1,HOUSEHOLD,315,0
2012-03-27,HOUSEHOLD_2,HOUSEHOLD,114,0
2012-03-28,FOODS_1,FOODS,231,0
2012-03-28,FOODS_2,FOODS,309,0
2012-03-28,FOODS_3,FOODS,1457,0
2012-03-28,HOBBIES_1,HOBBIES,331,0
2012-03-28,HOBBIES_2,HOBBIES,27,0
2012-03-28,HOUSEHOLD_1,HOUSEHOLD,269,0
2012-03-28,HOUSEHOLD_2,HOUSEHOLD,144,0
2012-03-29,FOODS_1,FOODS,201,0
2012-03-29,FOODS_2,FOODS,277,0
2012-03-29,FOODS_3,FOODS,1497,0
2012-03-29,HOBBIES_1,HOBBIES,243,0
2012-03-29,HOBBIES_2,HOBBIES,14,0
2012-03-29,HOUSEHOLD_1,HOUSEHOLD,268,0
2012-03-29,HOUSEHOLD_2,HOUSEHOLD,125,0
2012-03-30,FOODS_1,FOODS,383,0
2012-03-30,FOODS_2,FOODS,411,0
2012-03-30,FOODS_3,FOODS,2310,0
2012-03-30,HOBBIES_1,HOBBIES,560,0
2012-03-30,HOBBIES_2,HOBBIES,26,0
2012-03-30,HOUSEHOLD_1,HOUSEHOLD,396,0
2012-03-30,HOUSEHOLD_2,HOUSEHOLD,169,0
2012-03-31,FOODS_1,FOODS,409,0
2012-03-31,FOODS_2,FOODS,632,0
2012-03-31,FOODS_3,FOODS,2467,0
2012-03-31,HOBBIES_1,HOBBIES,610,0
2012-03-31,HOBBIES_2,HOBBIES,20,0
2012-03-31,HOUSEHOLD_1,HOUSEHOLD,544,0
2012-03-31,HOUSEHOLD_2,HOUSEHOLD,220,0
2012-04-01,FOODS_1,FOODS,415,1
2012-04-01,FOODS_2,FOODS,661,1
2012-04-01,FOODS_3,FOODS,2917,1
2012-04-01,HOBBIES_1,HOBBIES,412,1
2012-04-01,HOBBIES_2,HOBBIES,28,1
2012-04-01,HOUSEHOLD_1,HOUSEHOLD,552,1
2012-04-01,HOUSEHOLD_2,HOUSEHOLD,196,1
2012-04-02,FOODS_1,FOODS,295,1
2012-04-02,FOODS_2,FOODS,518,1
2012-04-02,FOODS_3,FOODS,2073,1
2012-04-02,HOBBIES_1,HOBBIES,438,1
2012-04-02,HOBBIES_2,HOBBIES,8,1
2012-04-02,HOUSEHOLD_1,HOUSEHOLD,362,1
2012-04-02,HOUSEHOLD_2,HOUSEHOLD,131,1
2012-04-03,FOODS_1,FOODS,359,1
2012-04-03,FOODS_2,FOODS,505,1
2012-04-03,FOODS_3,FOODS,2250,1
2012-04-03,HOBBIES_1,HOBBIES,386,1
2012-04-03,HOBBIES_2,HOBBIES,23,1
2012-04-03,HOUSEHOLD_1,HOUSEHOLD,332,1
2012-04-03,HOUSEHOLD_2,HOUSEHOLD,150,1
2012-04-04,FOODS_1,FOODS,425,1
2012-04-04,FOODS_2,FOODS,485,1
2012-04-04,FOODS_3,FOODS,1874,1
2012-04-04,HOBBIES_1,HOBBIES,260,1
2012-04-04,HOBBIES_2,HOBBIES,9,1
2012-04-04,HOUSEHOLD_1,HOUSEHOLD,318,1
2012-04-04,HOUSEHOLD_2,HOUSEHOLD,122,1
2012-04-05,FOODS_1,FOODS,410,1
2012-04-05,FOODS_2,FOODS,572,1
2012-04-05,FOODS_3,FOODS,2051,1
2012-04-05,HOBBIES_1,HOBBIES,368,1
2012-04-05,HOBBIES_2,HOBBIES,24,1
2012-04-05,HOUSEHOLD_1,HOUSEHOLD,365,1
2012-04-05,HOUSEHOLD_2,HOUSEHOLD,183,1
2012-04-06,FOODS_1,FOODS,537,1
2012-04-06,FOODS_2,FOODS,611,1
2012-04-06,FOODS_3,FOODS,2905,1
2012-04-06,HOBBIES_1,HOBBIES,466,1
2012-04-06,HOBBIES_2,HOBBIES,17,1
2012-04-06,HOUSEHOLD_1,HOUSEHOLD,384,1
2012-04-06,HOUSEHOLD_2,HOUSEHOLD,165,1
2012-04-07,FOODS_1,FOODS,670,1
2012-04-07,FOODS_2,FOODS,650,1
2012-04-07,FOODS_3,FOODS,3492,1
2012-04-07,HOBBIES_1,HOBBIES,453,1
2012-04-07,HOBBIES_2,HOBBIES,34,1
2012-04-07,HOUSEHOLD_1,HOUSEHOLD,514,1
2012-04-07,HOUSEHOLD_2,HOUSEHOLD,222,1
2012-04-08,FOODS_1,FOODS,316,1
2012-04-08,FOODS_2,FOODS,474,1
2012-04-08,FOODS_3,FOODS,2379,1
2012-04-08,HOBBIES_1,HOBBIES,259,1
2012-04-08,HOBBIES_2,HOBBIES,14,1
2012-04-08,HOUSEHOLD_1,HOUSEHOLD,362,1
2012-04-08,HOUSEHOLD_2,HOUSEHOLD,158,1
2012-04-09,FOODS_1,FOODS,266,1
2012-04-09,FOODS_2,FOODS,570,1
2012-04-09,FOODS_3,FOODS,2171,1
2012-04-09,HOBBIES_1,HOBBIES,431,1
2012-04-09,HOBBIES_2,HOBBIES,14,1
2012-04-09,HOUSEHOLD_1,HOUSEHOLD,365,1
2012-04-09,HOUSEHOLD_2,HOUSEHOLD,167,1
2012-04-10,FOODS_1,FOODS,254,1
2012-04-10,FOODS_2,FOODS,559,1
2012-04-10,FOODS_3,FOODS,2090,1
2012-04-10,HOBBIES_1,HOBBIES,472,1
2012-04-10,HOBBIES_2,HOBBIES,11,1
2012-04-10,HOUSEHOLD_1,HOUSEHOLD,315,1
2012-04-10,HOUSEHOLD_2,HOUSEHOLD,158,1
2012-04-11,FOODS_1,FOODS,204,0
2012-04-11,FOODS_2,FOODS,481,0
2012-04-11,FOODS_3,FOODS,1765,0
2012-04-11,HOBBIES_1,HOBBIES,355,0
2012-04-11,HOBBIES_2,HOBBIES,9,0
2012-04-11,HOUSEHOLD_1,HOUSEHOLD,338,0
2012-04-11,HOUSEHOLD_2,HOUSEHOLD,158,0
2012-04-12,FOODS_1,FOODS,225,0
2012-04-12,FOODS_2,FOODS,386,0
2012-04-12,FOODS_3,FOODS,1766,0
2012-04-12,HOBBIES_1,HOBBIES,430,0
2012-04-12,HOBBIES_2,HOBBIES,24,0
2012-04-12,HOUSEHOLD_1,HOUSEHOLD,333,0
2012-04-12,HOUSEHOLD_2,HOUSEHOLD,129,0
2012-04-13,FOODS_1,FOODS,254,0
2012-04-13,FOODS_2,FOODS,448,0
2012-04-13,FOODS_3,FOODS,2179,0
2012-04-13,HOBBIES_1,HOBBIES,754,0
2012-04-13,HOBBIES_2,HOBBIES,19,0
2012-04-13,HOUSEHOLD_1,HOUSEHOLD,338,0
2012-04-13,HOUSEHOLD_2,HOUSEHOLD,144,0
2012-04-14,FOODS_1,FOODS,319,0
2012-04-14,FOODS_2,FOODS,514,0
2012-04-14,FOODS_3,FOODS,3035,0
2012-04-14,HOBBIES_1,HOBBIES,472,0
2012-04-14,HOBBIES_2,HOBBIES,19,0
2012-04-14,HOUSEHOLD_1,HOUSEHOLD,522,0
2012-04-14,HOUSEHOLD_2,HOUSEHOLD,233,0
2012-04-15,FOODS_1,FOODS,231,0
2012-04-15,FOODS_2,FOODS,522,0
2012-04-15,FOODS_3,FOODS,3019,0
2012-04-15,HOBBIES_1,HOBBIES,429,0
2012-04-15,HOBBIES_2,HOBBIES,41,0
2012-04-15,HOUSEHOLD_1,HOUSEHOLD,501,0
2012-04-15,HOUSEHOLD_2,HOUSEHOLD,207,0
2012-04-16,FOODS_1,FOODS,218,0
2012-04-16,FOODS_2,FOODS,384,0
2012-04-16,FOODS_3,FOODS,1749,0
2012-04-16,HOBBIES_1,HOBBIES,447,0
2012-04-16,HOBBIES_2,HOBBIES,37,0
2012-04-16,HOUSEHOLD_1,HOUSEHOLD,320,0
2012-04-16,HOUSEHOLD_2,HOUSEHOLD,124,0
2012-04-17,FOODS_1,FOODS,191,0
2012-04-17,FOODS_2,FOODS,335,0
2012-04-17,FOODS_3,FOODS,1622,0
2012-04-17,HOBBIES_1,HOBBIES,235,0
2012-04-17,HOBBIES_2,HOBBIES,21,0
2012-04-17,HOUSEHOLD_1,HOUSEHOLD,259,0
2012-04-17,HOUSEHOLD_2,HOUSEHOLD,121,0
2012-04-18,FOODS_1,FOODS,263,0
2012-04-18,FOODS_2,FOODS,340,0
2012-04-18,FOODS_3,FOODS,1409,0
2012-04-18,HOBBIES_1,HOBBIES,287,0
2012-04-18,HOBBIES_2,HOBBIES,17,0
2012-04-18,HOUSEHOLD_1,HOUSEHOLD,321,0
2012-04-18,HOUSEHOLD_2,HOUSEHOLD,127,0
2012-04-19,FOODS_1,FOODS,187,0
2012-04-19,FOODS_2,FOODS,317,0
2012-04-19,FOODS_3,FOODS,1876,0
2012-04-19,HOBBIES_1,HOBBIES,493,0
2012-04-19,HOBBIES_2,HOBBIES,33,0
2012-04-19,HOUSEHOLD_1,HOUSEHOLD,298,0
2012-04-19,HOUSEHOLD_2,HOUSEHOLD,126,0
2012-04-20,FOODS_1,FOODS,206,0
2012-04-20,FOODS_2,FOODS,336,0
2012-04-20,FOODS_3,FOODS,2587,0
2012-04-20,HOBBIES_1,HOBBIES,473,0
2012-04-20,HOBBIES_2,HOBBIES,10,0
2012-04-20,HOUSEHOLD_1,HOUSEHOLD,361,0
2012-04-20,HOUSEHOLD_2,HOUSEHOLD,151,0
2012-04-21,FOODS_1,FOODS,300,0
2012-04-21,FOODS_2,FOODS,467,0
2012-04-21,FOODS_3,FOODS,3102,0
2012-04-21,HOBBIES_1,HOBBIES,520,0
2012-04-21,HOBBIES_2,HOBBIES,9,0
2012-04-21,HOUSEHOLD_1,HOUSEHOLD,418,0
2012-04-21,HOUSEHOLD_2,HOUSEHOLD,211,0
2012-04-22,FOODS_1,FOODS,243,0
2012-04-22,FOODS_2,FOODS,605,0
2012-04-22,FOODS_3,FOODS,2997,0
2012-04-22,HOBBIES_1,HOBBIES,562,0
2012-04-22,HOBBIES_2,HOBBIES,25,0
2012-04-22,HOUSEHOLD_1,HOUSEHOLD,550,0
2012-04-22,HOUSEHOLD_2,HOUSEHOLD,197,0
2012-04-23,FOODS_1,FOODS,165,0
2012-04-23,FOODS_2,FOODS,388,0
2012-04-23,FOODS_3,FOODS,1701,0
2012-04-23,HOBBIES_1,HOBBIES,252,0
2012-04-23,HOBBIES_2,HOBBIES,13,0
2012-04-23,HOUSEHOLD_1,HOUSEHOLD,296,0
2012-04-23,HOUSEHOLD_2,HOUSEHOLD,153,0
2012-04-24,FOODS_1,FOODS,206,0
2012-04-24,FOODS_2,FOODS,337,0
2012-04-24,FOODS_3,FOODS,1722,0
2012-04-24,HOBBIES_1,HOBBIES,275,0
2012-04-24,HOBBIES_2,HOBBIES,7,0
2012-04-24,HOUSEHOLD_1,HOUSEHOLD,327,0
2012-04-24,HOUSEHOLD_2,HOUSEHOLD,158,0
2012-04-25,FOODS_1,FOODS,224,0
2012-04-25,FOODS_2,FOODS,341,0
2012-04-25,FOODS_3,FOODS,1602,0
2012-04-25,HOBBIES_1,HOBBIES,285,0
2012-04-25,HOBBIES_2,HOBBIES,8,0
2012-04-25,HOUSEHOLD_1,HOUSEHOLD,278,0
2012-04-25,HOUSEHOLD_2,HOUSEHOLD,113,0
2012-04-26,FOODS_1,FOODS,213,0
2012-04-26,FOODS_2,FOODS,344,0
2012-04-26,FOODS_3,FOODS,1671,0
2012-04-26,HOBBIES_1,HOBBIES,304,0
2012-04-26,HOBBIES_2,HOBBIES,9,0
2012-04-26,HOUSEHOLD_1,HOUSEHOLD,356,0
2012-04-26,HOUSEHOLD_2,HOUSEHOLD,106,0
2012-04-27,FOODS_1,FOODS,278,0
2012-04-27,FOODS_2,FOODS,369,0
2012-04-27,FOODS_3,FOODS,2151,0
2012-04-27,HOBBIES_1,HOBBIES,488,0
2012-04-27,HOBBIES_2,HOBBIES,12,0
2012-04-27,HOUSEHOLD_1,HOUSEHOLD,373,0
2012-04-27,HOUSEHOLD_2,HOUSEHOLD,149,0
2012-04-28,FOODS_1,FOODS,284,0
2012-04-28,FOODS_2,FOODS,441,0
2012-04-28,FOODS_3,FOODS,2826,0
2012-04-28,HOBBIES_1,HOBBIES,557,0
2012-04-28,HOBBIES_2,HOBBIES,15,0
2012-04-28,HOUSEHOLD_1,HOUSEHOLD,454,0
2012-04-28,HOUSEHOLD_2,HOUSEHOLD,177,0
2012-04-29,FOODS_1,FOODS,282,0
2012-04-29,FOODS_2,FOODS,474,0
2012-04-29,FOODS_3,FOODS,2965,0
2012-04-29,HOBBIES_1,HOBBIES,418,0
2012-04-29,HOBBIES_2,HOBBIES,18,0
2012-04-29,HOUSEHOLD_1,HOUSEHOLD,471,0
2012-04-29,HOUSEHOLD_2,HOUSEHOLD,228,0
2012-04-30,FOODS_1,FOODS,218,0
2012-04-30,FOODS_2,FOODS,349,0
2012-04-30,FOODS_3,FOODS,1980,0
2012-04-30,HOBBIES_1,HOBBIES,293,0
2012-04-30,HOBBIES_2,HOBBIES,6,0
2012-04-30,HOUSEHOLD_1,HOUSEHOLD,358,0
2012-04-30,HOUSEHOLD_2,HOUSEHOLD,149,0
2012-05-01,FOODS_1,FOODS,232,1
2012-05-01,FOODS_2,FOODS,507,1
2012-05-01,FOODS_3,FOODS,1975,1
2012-05-01,HOBBIES_1,HOBBIES,376,1
2012-05-01,HOBBIES_2,HOBBIES,27,1
2012-05-01,HOUSEHOLD_1,HOUSEHOLD,354,1
2012-05-01,HOUSEHOLD_2,HOUSEHOLD,134,1
2012-05-02,FOODS_1,FOODS,240,1
2012-05-02,FOODS_2,FOODS,384,1
2012-05-02,FOODS_3,FOODS,1964,1
2012-05-02,HOBBIES_1,HOBBIES,470,1
2012-05-02,HOBBIES_2,HOBBIES,34,1
2012-05-02,HOUSEHOLD_1,HOUSEHOLD,276,1
2012-05-02,HOUSEHOLD_2,HOUSEHOLD,146,1
2012-05-03,FOODS_1,FOODS,218,1
2012-05-03,FOODS_2,FOODS,464,1
2012-05-03,FOODS_3,FOODS,2182,1
2012-05-03,HOBBIES_1,HOBBIES,608,1
2012-05-03,HOBBIES_2,HOBBIES,16,1
2012-05-03,HOUSEHOLD_1,HOUSEHOLD,310,1
2012-05-03,HOUSEHOLD_2,HOUSEHOLD,183,1
2012-05-04,FOODS_1,FOODS,285,1
2012-05-04,FOODS_2,FOODS,424,1
2012-05-04,FOODS_3,FOODS,2444,1
2012-05-04,HOBBIES_1,HOBBIES,408,1
2012-05-04,HOBBIES_2,HOBBIES,23,1
2012-05-04,HOUSEHOLD_1,HOUSEHOLD,415,1
2012-05-04,HOUSEHOLD_2,HOUSEHOLD,169,1
2012-05-05,FOODS_1,FOODS,273,1
2012-05-05,FOODS_2,FOODS,496,1
2012-05-05,FOODS_3,FOODS,2630,1
2012-05-05,HOBBIES_1,HOBBIES,481,1
2012-05-05,HOBBIES_2,HOBBIES,24,1
2012-05-05,HOUSEHOLD_1,HOUSEHOLD,394,1
2012-05-05,HOUSEHOLD_2,HOUSEHOLD,159,1
2012-05-06,FOODS_1,FOODS,323,1
2012-05-06,FOODS_2,FOODS,620,1
2012-05-06,FOODS_3,FOODS,3371,1
2012-05-06,HOBBIES_1,HOBBIES,587,1
2012-05-06,HOBBIES_2,HOBBIES,31,1
2012-05-06,HOUSEHOLD_1,HOUSEHOLD,549,1
2012-05-06,HOUSEHOLD_2,HOUSEHOLD,214,1
2012-05-07,FOODS_1,FOODS,209,1
2012-05-07,FOODS_2,FOODS,581,1
2012-05-07,FOODS_3,FOODS,2788,1
2012-05-07,HOBBIES_1,HOBBIES,210,1
2012-05-07,HOBBIES_2,HOBBIES,36,1
2012-05-07,HOUSEHOLD_1,HOUSEHOLD,351,1
2012-05-07,HOUSEHOLD_2,HOUSEHOLD,151,1
2012-05-08,FOODS_1,FOODS,192,1
2012-05-08,FOODS_2,FOODS,484,1
2012-05-08,FOODS_3,FOODS,2165,1
2012-05-08,HOBBIES_1,HOBBIES,260,1
2012-05-08,HOBBIES_2,HOBBIES,52,1
2012-05-08,HOUSEHOLD_1,HOUSEHOLD,299,1
2012-05-08,HOUSEHOLD_2,HOUSEHOLD,125,1
2012-05-09,FOODS_1,FOODS,206,1
2012-05-09,FOODS_2,FOODS,406,1
2012-05-09,FOODS_3,FOODS,2334,1
2012-05-09,HOBBIES_1,HOBBIES,145,1
2012-05-09,HOBBIES_2,HOBBIES,13,1
2012-05-09,HOUSEHOLD_1,HOUSEHOLD,269,1
2012-05-09,HOUSEHOLD_2,HOUSEHOLD,128,1
2012-05-10,FOODS_1,FOODS,255,1
2012-05-10,FOODS_2,FOODS,449,1
2012-05-10,FOODS_3,FOODS,2243,1
2012-05-10,HOBBIES_1,HOBBIES,312,1
2012-05-10,HOBBIES_2,HOBBIES,33,1
2012-05-10,HOUSEHOLD_1,HOUSEHOLD,316,1
2012-05-10,HOUSEHOLD_2,HOUSEHOLD,127,1
2012-05-11,FOODS_1,FOODS,296,0
2012-05-11,FOODS_2,FOODS,452,0
2012-05-11,FOODS_3,FOODS,2767,0
2012-05-11,HOBBIES_1,HOBBIES,256,0
2012-05-11,HOBBIES_2,HOBBIES,32,0
2012-05-11,HOUSEHOLD_1,HOUSEHOLD,322,0
2012-05-11,HOUSEHOLD_2,HOUSEHOLD,168,0
2012-05-12,FOODS_1,FOODS,420,0
2012-05-12,FOODS_2,FOODS,425,0
2012-05-12,FOODS_3,FOODS,3674,0
2012-05-12,HOBBIES_1,HOBBIES,270,0
2012-05-12,HOBBIES_2,HOBBIES,42,0
2012-05-12,HOUSEHOLD_1,HOUSEHOLD,492,0
2012-05-12,HOUSEHOLD_2,HOUSEHOLD,223,0
2012-05-13,FOODS_1,FOODS,368,0
2012-05-13,FOODS_2,FOODS,403,0
2012-05-13,FOODS_3,FOODS,2664,0
2012-05-13,HOBBIES_1,HOBBIES,302,0
2012-05-13,HOBBIES_2,HOBBIES,44,0
2012-05-13,HOUSEHOLD_1,HOUSEHOLD,439,0
2012-05-13,HOUSEHOLD_2,HOUSEHOLD,170,0
2012-05-14,FOODS_1,FOODS,241,0
2012-05-14,FOODS_2,FOODS,446,0
2012-05-14,FOODS_3,FOODS,2052,0
2012-05-14,HOBBIES_1,HOBBIES,200,0
2012-05-14,HOBBIES_2,HOBBIES,12,0
2012-05-14,HOUSEHOLD_1,HOUSEHOLD,333,0
2012-05-14,HOUSEHOLD_2,HOUSEHOLD,113,0
2012-05-15,FOODS_1,FOODS,222,0
2012-05-15,FOODS_2,FOODS,377,0
2012-05-15,FOODS_3,FOODS,2111,0
2012-05-15,HOBBIES_1,HOBBIES,202,0
2012-05-15,HOBBIES_2,HOBBIES,26,0
2012-05-15,HOUSEHOLD_1,HOUSEHOLD,340,0
2012-05-15,HOUSEHOLD_2,HOUSEHOLD,151,0
2012-05-16,FOODS_1,FOODS,215,0
2012-05-16,FOODS_2,FOODS,317,0
2012-05-16,FOODS_3,FOODS,2267,0
2012-05-16,HOBBIES_1,HOBBIES,333,0
2012-05-16,HOBBIES_2,HOBBIES,21,0
2012-05-16,HOUSEHOLD_1,HOUSEHOLD,303,0
2012-05-16,HOUSEHOLD_2,HOUSEHOLD,114,0
2012-05-17,FOODS_1,FOODS,252,0
2012-05-17,FOODS_2,FOODS,343,0
2012-05-17,FOODS_3,FOODS,2035,0
2012-05-17,HOBBIES_1,HOBBIES,238,0
2012-05-17,HOBBIES_2,HOBBIES,16,0
2012-05-17,HOUSEHOLD_1,HOUSEHOLD,319,0
2012-05-17,HOUSEHOLD_2,HOUSEHOLD,136,0
2012-05-18,FOODS_1,FOODS,314,0
2012-05-18,FOODS_2,FOODS,359,0
2012-05-18,FOODS_3,FOODS,2588,0
2012-05-18,HOBBIES_1,HOBBIES,334,0
2012-05-18,HOBBIES_2,HOBBIES,18,0
2012-05-18,HOUSEHOLD_1,HOUSEHOLD,346,0
2012-05-18,HOUSEHOLD_2,HOUSEHOLD,148,0
2012-05-19,FOODS_1,FOODS,346,0
2012-05-19,FOODS_2,FOODS,489,0
2012-05-19,FOODS_3,FOODS,3106,0
2012-05-19,HOBBIES_1,HOBBIES,293,0
2012-05-19,HOBBIES_2,HOBBIES,27,0
2012-05-19,HOUSEHOLD_1,HOUSEHOLD,462,0
2012-05-19,HOUSEHOLD_2,HOUSEHOLD,181,0
2012-05-20,FOODS_1,FOODS,293,0
2012-05-20,FOODS_2,FOODS,560,0
2012-05-20,FOODS_3,FOODS,3514,0
2012-05-20,HOBBIES_1,HOBBIES,308,0
2012-05-20,HOBBIES_2,HOBBIES,33,0
2012-05-20,HOUSEHOLD_1,HOUSEHOLD,564,0
2012-05-20,HOUSEHOLD_2,HOUSEHOLD,205,0
2012-05-21,FOODS_1,FOODS,211,0
2012-05-21,FOODS_2,FOODS,396,0
2012-05-21,FOODS_3,FOODS,2118,0
2012-05-21,HOBBIES_1,HOBBIES,261,0
2012-05-21,HOBBIES_2,HOBBIES,20,0
2012-05-21,HOUSEHOLD_1,HOUSEHOLD,440,0
2012-05-21,HOUSEHOLD_2,HOUSEHOLD,137,0
2012-05-22,FOODS_1,FOODS,186,0
2012-05-22,FOODS_2,FOODS,308,0
2012-05-22,FOODS_3,FOODS,1650,0
2012-05-22,HOBBIES_1,HOBBIES,148,0
2012-05-22,HOBBIES_2,HOBBIES,26,0
2012-05-22,HOUSEHOLD_1,HOUSEHOLD,290,0
2012-05-22,HOUSEHOLD_2,HOUSEHOLD,105,0
2012-05-23,FOODS_1,FOODS,268,0
2012-05-23,FOODS_2,FOODS,272,0
2012-05-23,FOODS_3,FOODS,1665,0
2012-05-23,HOBBIES_1,HOBBIES,201,0
2012-05-23,HOBBIES_2,HOBBIES,14,0
2012-05-23,HOUSEHOLD_1,HOUSEHOLD,303,0
2012-05-23,HOUSEHOLD_2,HOUSEHOLD,129,0
2012-05-24,FOODS_1,FOODS,235,0
2012-05-24,FOODS_2,FOODS,320,0
2012-05-24,FOODS_3,FOODS,2005,0
2012-05-24,HOBBIES_1,HOBBIES,235,0
2012-05-24,HOBBIES_2,HOBBIES,12,0
2012-05-24,HOUSEHOLD_1,HOUSEHOLD,331,0
2012-05-24,HOUSEHOLD_2,HOUSEHOLD,134,0
2012-05-25,FOODS_1,FOODS,314,0
2012-05-25,FOODS_2,FOODS,379,0
2012-05-25,FOODS_3,FOODS,2555,0
2012-05-25,HOBBIES_1,HOBBIES,331,0
2012-05-25,HOBBIES_2,HOBBIES,21,0
2012-05-25,HOUSEHOLD_1,HOUSEHOLD,375,0
2012-05-25,HOUSEHOLD_2,HOUSEHOLD,145,0
2012-05-26,FOODS_1,FOODS,443,0
2012-05-26,FOODS_2,FOODS,441,0
2012-05-26,FOODS_3,FOODS,2761,0
2012-05-26,HOBBIES_1,HOBBIES,363,0
2012-05-26,HOBBIES_2,HOBBIES,19,0
2012-05-26,HOUSEHOLD_1,HOUSEHOLD,486,0
2012-05-26,HOUSEHOLD_2,HOUSEHOLD,187,0
2012-05-27,FOODS_1,FOODS,373,0
2012-05-27,FOODS_2,FOODS,440,0
2012-05-27,FOODS_3,FOODS,2624,0
2012-05-27,HOBBIES_1,HOBBIES,391,0
2012-05-27,HOBBIES_2,HOBBIES,22,0
2012-05-27,HOUSEHOLD_1,HOUSEHOLD,524,0
2012-05-27,HOUSEHOLD_2,HOUSEHOLD,198,0
2012-05-28,FOODS_1,FOODS,324,0
2012-05-28,FOODS_2,FOODS,395,0
2012-05-28,FOODS_3,FOODS,2256,0
2012-05-28,HOBBIES_1,HOBBIES,481,0
2012-05-28,HOBBIES_2,HOBBIES,19,0
2012-05-28,HOUSEHOLD_1,HOUSEHOLD,423,0
2012-05-28,HOUSEHOLD_2,HOUSEHOLD,172,0
2012-05-29,FOODS_1,FOODS,269,0
2012-05-29,FOODS_2,FOODS,282,0
2012-05-29,FOODS_3,FOODS,1761,0
2012-05-29,HOBBIES_1,HOBBIES,518,0
2012-05-29,HOBBIES_2,HOBBIES,11,0
2012-05-29,HOUSEHOLD_1,HOUSEHOLD,315,0
2012-05-29,HOUSEHOLD_2,HOUSEHOLD,121,0
2012-05-30,FOODS_1,FOODS,254,0
2012-05-30,FOODS_2,FOODS,294,0
2012-05-30,FOODS_3,FOODS,1574,0
2012-05-30,HOBBIES_1,HOBBIES,428,0
2012-05-30,HOBBIES_2,HOBBIES,12,0
2012-05-30,HOUSEHOLD_1,HOUSEHOLD,252,0
2012-05-30,HOUSEHOLD_2,HOUSEHOLD,163,0
2012-05-31,FOODS_1,FOODS,309,0
2012-05-31,FOODS_2,FOODS,298,0
2012-05-31,FOODS_3,FOODS,1938,0
2012-05-31,HOBBIES_1,HOBBIES,478,0
2012-05-31,HOBBIES_2,HOBBIES,11,0
2012-05-31,HOUSEHOLD_1,HOUSEHOLD,341,0
2012-05-31,HOUSEHOLD_2,HOUSEHOLD,171,0
2012-06-01,FOODS_1,FOODS,330,1
2012-06-01,FOODS_2,FOODS,443,1
2012-06-01,FOODS_3,FOODS,2650,1
2012-06-01,HOBBIES_1,HOBBIES,477,1
2012-06-01,HOBBIES_2,HOBBIES,19,1
2012-06-01,HOUSEHOLD_1,HOUSEHOLD,465,1
2012-06-01,HOUSEHOLD_2,HOUSEHOLD,191,1
2012-06-02,FOODS_1,FOODS,394,1
2012-06-02,FOODS_2,FOODS,604,1
2012-06-02,FOODS_3,FOODS,3245,1
2012-06-02,HOBBIES_1,HOBBIES,478,1
2012-06-02,HOBBIES_2,HOBBIES,20,1
2012-06-02,HOUSEHOLD_1,HOUSEHOLD,621,1
2012-06-02,HOUSEHOLD_2,HOUSEHOLD,290,1
2012-06-03,FOODS_1,FOODS,272,1
2012-06-03,FOODS_2,FOODS,526,1
2012-06-03,FOODS_3,FOODS,3145,1
2012-06-03,HOBBIES_1,HOBBIES,479,1
2012-06-03,HOBBIES_2,HOBBIES,24,1
2012-06-03,HOUSEHOLD_1,HOUSEHOLD,651,1
2012-06-03,HOUSEHOLD_2,HOUSEHOLD,239,1
2012-06-04,FOODS_1,FOODS,205,1
2012-06-04,FOODS_2,FOODS,582,1
2012-06-04,FOODS_3,FOODS,2155,1
2012-06-04,HOBBIES_1,HOBBIES,456,1
2012-06-04,HOBBIES_2,HOBBIES,7,1
2012-06-04,HOUSEHOLD_1,HOUSEHOLD,417,1
2012-06-04,HOUSEHOLD_2,HOUSEHOLD,171,1
2012-06-05,FOODS_1,FOODS,215,1
2012-06-05,FOODS_2,FOODS,550,1
2012-06-05,FOODS_3,FOODS,2123,1
2012-06-05,HOBBIES_1,HOBBIES,314,1
2012-06-05,HOBBIES_2,HOBBIES,12,1
2012-06-05,HOUSEHOLD_1,HOUSEHOLD,394,1
2012-06-05,HOUSEHOLD_2,HOUSEHOLD,164,1
2012-06-06,FOODS_1,FOODS,199,1
2012-06-06,FOODS_2,FOODS,481,1
2012-06-06,FOODS_3,FOODS,1939,1
2012-06-06,HOBBIES_1,HOBBIES,448,1
2012-06-06,HOBBIES_2,HOBBIES,7,1
2012-06-06,HOUSEHOLD_1,HOUSEHOLD,351,1
2012-06-06,HOUSEHOLD_2,HOUSEHOLD,133,1
2012-06-07,FOODS_1,FOODS,234,1
2012-06-07,FOODS_2,FOODS,537,1
2012-06-07,FOODS_3,FOODS,2102,1
2012-06-07,HOBBIES_1,HOBBIES,341,1
2012-06-07,HOBBIES_2,HOBBIES,16,1
2012-06-07,HOUSEHOLD_1,HOUSEHOLD,350,1
2012-06-07,HOUSEHOLD_2,HOUSEHOLD,144,1
2012-06-08,FOODS_1,FOODS,223,1
2012-06-08,FOODS_2,FOODS,568,1
2012-06-08,FOODS_3,FOODS,2664,1
2012-06-08,HOBBIES_1,HOBBIES,483,1
2012-06-08,HOBBIES_2,HOBBIES,20,1
2012-06-08,HOUSEHOLD_1,HOUSEHOLD,303,1
2012-06-08,HOUSEHOLD_2,HOUSEHOLD,187,1
2012-06-09,FOODS_1,FOODS,350,1
2012-06-09,FOODS_2,FOODS,580,1
2012-06-09,FOODS_3,FOODS,2790,1
2012-06-09,HOBBIES_1,HOBBIES,516,1
2012-06-09,HOBBIES_2,HOBBIES,25,1
2012-06-09,HOUSEHOLD_1,HOUSEHOLD,467,1
2012-06-09,HOUSEHOLD_2,HOUSEHOLD,218,1
2012-06-10,FOODS_1,FOODS,291,1
2012-06-10,FOODS_2,FOODS,580,1
2012-06-10,FOODS_3,FOODS,3239,1
2012-06-10,HOBBIES_1,HOBBIES,518,1
2012-06-10,HOBBIES_2,HOBBIES,22,1
2012-06-10,HOUSEHOLD_1,HOUSEHOLD,620,1
2012-06-10,HOUSEHOLD_2,HOUSEHOLD,214,1
2012-06-11,FOODS_1,FOODS,228,0
2012-06-11,FOODS_2,FOODS,480,0
2012-06-11,FOODS_3,FOODS,2492,0
2012-06-11,HOBBIES_1,HOBBIES,455,0
2012-06-11,HOBBIES_2,HOBBIES,15,0
2012-06-11,HOUSEHOLD_1,HOUSEHOLD,518,0
2012-06-11,HOUSEHOLD_2,HOUSEHOLD,122,0
2012-06-12,FOODS_1,FOODS,252,0
2012-06-12,FOODS_2,FOODS,397,0
2012-06-12,FOODS_3,FOODS,2258,0
2012-06-12,HOBBIES_1,HOBBIES,329,0
2012-06-12,HOBBIES_2,HOBBIES,11,0
2012-06-12,HOUSEHOLD_1,HOUSEHOLD,416,0
2012-06-12,HOUSEHOLD_2,HOUSEHOLD,182,0
2012-06-13,FOODS_1,FOODS,261,0
2012-06-13,FOODS_2,FOODS,376,0
2012-06-13,FOODS_3,FOODS,2135,0
2012-06-13,HOBBIES_1,HOBBIES,437,0
2012-06-13,HOBBIES_2,HOBBIES,7,0
2012-06-13,HOUSEHOLD_1,HOUSEHOLD,382,0
2012-06-13,HOUSEHOLD_2,HOUSEHOLD,136,0
2012-06-14,FOODS_1,FOODS,291,0
2012-06-14,FOODS_2,FOODS,352,0
2012-06-14,FOODS_3,FOODS,2163,0
2012-06-14,HOBBIES_1,HOBBIES,325,0
2012-06-14,HOBBIES_2,HOBBIES,24,0
2012-06-14,HOUSEHOLD_1,HOUSEHOLD,503,0
2012-06-14,HOUSEHOLD_2,HOUSEHOLD,180,0
2012-06-15,FOODS_1,FOODS,320,0
2012-06-15,FOODS_2,FOODS,417,0
2012-06-15,FOODS_3,FOODS,2748,0
2012-06-15,HOBBIES_1,HOBBIES,363,0
2012-06-15,HOBBIES_2,HOBBIES,16,0
2012-06-15,HOUSEHOLD_1,HOUSEHOLD,604,0
2012-06-15,HOUSEHOLD_2,HOUSEHOLD,215,0
2012-06-16,FOODS_1,FOODS,361,0
2012-06-16,FOODS_2,FOODS,425,0
2012-06-16,FOODS_3,FOODS,3399,0
2012-06-16,HOBBIES_1,HOBBIES,557,0
2012-06-16,HOBBIES_2,HOBBIES,17,0
2012-06-16,HOUSEHOLD_1,HOUSEHOLD,617,0
2012-06-16,HOUSEHOLD_2,HOUSEHOLD,211,0
2012-06-17,FOODS_1,FOODS,313,0
2012-06-17,FOODS_2,FOODS,383,0
2012-06-17,FOODS_3,FOODS,2822,0
2012-06-17,HOBBIES_1,HOBBIES,345,0
2012-06-17,HOBBIES_2,HOBBIES,16,0
2012-06-17,HOUSEHOLD_1,HOUSEHOLD,535,0
2012-06-17,HOUSEHOLD_2,HOUSEHOLD,204,0
2012-06-18,FOODS_1,FOODS,223,0
2012-06-18,FOODS_2,FOODS,392,0
2012-06-18,FOODS_3,FOODS,2104,0
2012-06-18,HOBBIES_1,HOBBIES,358,0
2012-06-18,HOBBIES_2,HOBBIES,25,0
2012-06-18,HOUSEHOLD_1,HOUSEHOLD,472,0
2012-06-18,HOUSEHOLD_2,HOUSEHOLD,166,0
2012-06-19,FOODS_1,FOODS,235,0
2012-06-19,FOODS_2,FOODS,418,0
2012-06-19,FOODS_3,FOODS,1957,0
2012-06-19,HOBBIES_1,HOBBIES,254,0
2012-06-19,HOBBIES_2,HOBBIES,11,0
2012-06-19,HOUSEHOLD_1,HOUSEHOLD,460,0
2012-06-19,HOUSEHOLD_2,HOUSEHOLD,151,0
2012-06-20,FOODS_1,FOODS,232,0
2012-06-20,FOODS_2,FOODS,287,0
2012-06-20,FOODS_3,FOODS,1920,0
2012-06-20,HOBBIES_1,HOBBIES,350,0
2012-06-20,HOBBIES_2,HOBBIES,15,0
2012-06-20,HOUSEHOLD_1,HOUSEHOLD,468,0
2012-06-20,HOUSEHOLD_2,HOUSEHOLD,155,0
2012-06-21,FOODS_1,FOODS,215,0
2012-06-21,FOODS_2,FOODS,423,0
2012-06-21,FOODS_3,FOODS,1860,0
2012-06-21,HOBBIES_1,HOBBIES,458,0
2012-06-21,HOBBIES_2,HOBBIES,15,0
2012-06-21,HOUSEHOLD_1,HOUSEHOLD,442,0
2012-06-21,HOUSEHOLD_2,HOUSEHOLD,167,0
2012-06-22,FOODS_1,FOODS,264,0
2012-06-22,FOODS_2,FOODS,411,0
2012-06-22,FOODS_3,FOODS,2819,0
2012-06-22,HOBBIES_1,HOBBIES,570,0
2012-06-22,HOBBIES_2,HOBBIES,21,0
2012-06-22,HOUSEHOLD_1,HOUSEHOLD,480,0
2012-06-22,HOUSEHOLD_2,HOUSEHOLD,195,0
2012-06-23,FOODS_1,FOODS,436,0
2012-06-23,FOODS_2,FOODS,426,0
2012-06-23,FOODS_3,FOODS,2574,0
2012-06-23,HOBBIES_1,HOBBIES,541,0
2012-06-23,HOBBIES_2,HOBBIES,19,0
2012-06-23,HOUSEHOLD_1,HOUSEHOLD,660,0
2012-06-23,HOUSEHOLD_2,HOUSEHOLD,235,0
2012-06-24,FOODS_1,FOODS,401,0
2012-06-24,FOODS_2,FOODS,526,0
2012-06-24,FOODS_3,FOODS,3035,0
2012-06-24,HOBBIES_1,HOBBIES,359,0
2012-06-24,HOBBIES_2,HOBBIES,20,0
2012-06-24,HOUSEHOLD_1,HOUSEHOLD,656,0
2012-06-24,HOUSEHOLD_2,HOUSEHOLD,229,0
2012-06-25,FOODS_1,FOODS,291,0
2012-06-25,FOODS_2,FOODS,425,0
2012-06-25,FOODS_3,FOODS,1954,0
2012-06-25,HOBBIES_1,HOBBIES,325,0
2012-06-25,HOBBIES_2,HOBBIES,7,0
2012-06-25,HOUSEHOLD_1,HOUSEHOLD,483,0
2012-06-25,HOUSEHOLD_2,HOUSEHOLD,169,0
2012-06-26,FOODS_1,FOODS,223,0
2012-06-26,FOODS_2,FOODS,339,0
2012-06-26,FOODS_3,FOODS,1749,0
2012-06-26,HOBBIES_1,HOBBIES,302,0
2012-06-26,HOBBIES_2,HOBBIES,5,0
2012-06-26,HOUSEHOLD_1,HOUSEHOLD,403,0
2012-06-26,HOUSEHOLD_2,HOUSEHOLD,160,0
2012-06-27,FOODS_1,FOODS,224,0
2012-06-27,FOODS_2,FOODS,252,0
2012-06-27,FOODS_3,FOODS,1719,0
2012-06-27,HOBBIES_1,HOBBIES,399,0
2012-06-27,HOBBIES_2,HOBBIES,17,0
2012-06-27,HOUSEHOLD_1,HOUSEHOLD,481,0
2012-06-27,HOUSEHOLD_2,HOUSEHOLD,161,0
2012-06-28,FOODS_1,FOODS,225,0
2012-06-28,FOODS_2,FOODS,307,0
2012-06-28,FOODS_3,FOODS,2128,0
2012-06-28,HOBBIES_1,HOBBIES,351,0
2012-06-28,HOBBIES_2,HOBBIES,8,0
2012-06-28,HOUSEHOLD_1,HOUSEHOLD,417,0
2012-06-28,HOUSEHOLD_2,HOUSEHOLD,119,0
2012-06-29,FOODS_1,FOODS,308,0
2012-06-29,FOODS_2,FOODS,425,0
2012-06-29,FOODS_3,FOODS,2357,0
2012-06-29,HOBBIES_1,HOBBIES,427,0
2012-06-29,HOBBIES_2,HOBBIES,19,0
2012-06-29,HOUSEHOLD_1,HOUSEHOLD,544,0
2012-06-29,HOUSEHOLD_2,HOUSEHOLD,200,0
2012-06-30,FOODS_1,FOODS,357,0
2012-06-30,FOODS_2,FOODS,544,0
2012-06-30,FOODS_3,FOODS,2882,0
2012-06-30,HOBBIES_1,HOBBIES,610,0
2012-06-30,HOBBIES_2,HOBBIES,18,0
2012-06-30,HOUSEHOLD_1,HOUSEHOLD,691,0
2012-06-30,HOUSEHOLD_2,HOUSEHOLD,254,0
2012-07-01,FOODS_1,FOODS,373,1
2012-07-01,FOODS_2,FOODS,604,1
2012-07-01,FOODS_3,FOODS,3148,1
2012-07-01,HOBBIES_1,HOBBIES,382,1
2012-07-01,HOBBIES_2,HOBBIES,20,1
2012-07-01,HOUSEHOLD_1,HOUSEHOLD,791,1
2012-07-01,HOUSEHOLD_2,HOUSEHOLD,230,1
2012-07-02,FOODS_1,FOODS,293,1
2012-07-02,FOODS_2,FOODS,468,1
2012-07-02,FOODS_3,FOODS,2332,1
2012-07-02,HOBBIES_1,HOBBIES,338,1
2012-07-02,HOBBIES_2,HOBBIES,15,1
2012-07-02,HOUSEHOLD_1,HOUSEHOLD,499,1
2012-07-02,HOUSEHOLD_2,HOUSEHOLD,210,1
2012-07-03,FOODS_1,FOODS,331,1
2012-07-03,FOODS_2,FOODS,494,1
2012-07-03,FOODS_3,FOODS,2576,1
2012-07-03,HOBBIES_1,HOBBIES,413,1
2012-07-03,HOBBIES_2,HOBBIES,15,1
2012-07-03,HOUSEHOLD_1,HOUSEHOLD,583,1
2012-07-03,HOUSEHOLD_2,HOUSEHOLD,197,1
2012-07-04,FOODS_1,FOODS,252,1
2012-07-04,FOODS_2,FOODS,309,1
2012-07-04,FOODS_3,FOODS,2183,1
2012-07-04,HOBBIES_1,HOBBIES,181,1
2012-07-04,HOBBIES_2,HOBBIES,18,1
2012-07-04,HOUSEHOLD_1,HOUSEHOLD,426,1
2012-07-04,HOUSEHOLD_2,HOUSEHOLD,128,1
2012-07-05,FOODS_1,FOODS,260,1
2012-07-05,FOODS_2,FOODS,389,1
2012-07-05,FOODS_3,FOODS,1890,1
2012-07-05,HOBBIES_1,HOBBIES,234,1
2012-07-05,HOBBIES_2,HOBBIES,12,1
2012-07-05,HOUSEHOLD_1,HOUSEHOLD,497,1
2012-07-05,HOUSEHOLD_2,HOUSEHOLD,173,1
2012-07-06,FOODS_1,FOODS,281,1
2012-07-06,FOODS_2,FOODS,500,1
2012-07-06,FOODS_3,FOODS,2499,1
2012-07-06,HOBBIES_1,HOBBIES,350,1
2012-07-06,HOBBIES_2,HOBBIES,13,1
2012-07-06,HOUSEHOLD_1,HOUSEHOLD,595,1
2012-07-06,HOUSEHOLD_2,HOUSEHOLD,188,1
2012-07-07,FOODS_1,FOODS,346,1
2012-07-07,FOODS_2,FOODS,542,1
2012-07-07,FOODS_3,FOODS,2716,1
2012-07-07,HOBBIES_1,HOBBIES,361,1
2012-07-07,HOBBIES_2,HOBBIES,15,1
2012-07-07,HOUSEHOLD_1,HOUSEHOLD,567,1
2012-07-07,HOUSEHOLD_2,HOUSEHOLD,237,1
2012-07-08,FOODS_1,FOODS,330,1
2012-07-08,FOODS_2,FOODS,639,1
2012-07-08,FOODS_3,FOODS,3101,1
2012-07-08,HOBBIES_1,HOBBIES,441,1
2012-07-08,HOBBIES_2,HOBBIES,22,1
2012-07-08,HOUSEHOLD_1,HOUSEHOLD,731,1
2012-07-08,HOUSEHOLD_2,HOUSEHOLD,217,1
2012-07-09,FOODS_1,FOODS,255,1
2012-07-09,FOODS_2,FOODS,621,1
2012-07-09,FOODS_3,FOODS,2435,1
2012-07-09,HOBBIES_1,HOBBIES,271,1
2012-07-09,HOBBIES_2,HOBBIES,9,1
2012-07-09,HOUSEHOLD_1,HOUSEHOLD,517,1
2012-07-09,HOUSEHOLD_2,HOUSEHOLD,172,1
2012-07-10,FOODS_1,FOODS,241,1
2012-07-10,FOODS_2,FOODS,499,1
2012-07-10,FOODS_3,FOODS,2162,1
2012-07-10,HOBBIES_1,HOBBIES,443,1
2012-07-10,HOBBIES_2,HOBBIES,9,1
2012-07-10,HOUSEHOLD_1,HOUSEHOLD,448,1
2012-07-10,HOUSEHOLD_2,HOUSEHOLD,145,1
2012-07-11,FOODS_1,FOODS,221,0
2012-07-11,FOODS_2,FOODS,406,0
2012-07-11,FOODS_3,FOODS,1972,0
2012-07-11,HOBBIES_1,HOBBIES,430,0
2012-07-11,HOBBIES_2,HOBBIES,26,0
2012-07-11,HOUSEHOLD_1,HOUSEHOLD,475,0
2012-07-11,HOUSEHOLD_2,HOUSEHOLD,148,0
2012-07-12,FOODS_1,FOODS,252,0
2012-07-12,FOODS_2,FOODS,456,0
2012-07-12,FOODS_3,FOODS,2002,0
2012-07-12,HOBBIES_1,HOBBIES,452,0
2012-07-12,HOBBIES_2,HOBBIES,17,0
2012-07-12,HOUSEHOLD_1,HOUSEHOLD,446,0
2012-07-12,HOUSEHOLD_2,HOUSEHOLD,153,0
2012-07-13,FOODS_1,FOODS,368,0
2012-07-13,FOODS_2,FOODS,515,0
2012-07-13,FOODS_3,FOODS,2250,0
2012-07-13,HOBBIES_1,HOBBIES,401,0
2012-07-13,HOBBIES_2,HOBBIES,17,0
2012-07-13,HOUSEHOLD_1,HOUSEHOLD,571,0
2012-07-13,HOUSEHOLD_2,HOUSEHOLD,200,0
2012-07-14,FOODS_1,FOODS,405,0
2012-07-14,FOODS_2,FOODS,591,0
2012-07-14,FOODS_3,FOODS,2547,0
2012-07-14,HOBBIES_1,HOBBIES,448,0
2012-07-14,HOBBIES_2,HOBBIES,25,0
2012-07-14,HOUSEHOLD_1,HOUSEHOLD,661,0
2012-07-14,HOUSEHOLD_2,HOUSEHOLD,235,0
2012-07-15,FOODS_1,FOODS,353,0
2012-07-15,FOODS_2,FOODS,570,0
2012-07-15,FOODS_3,FOODS,2728,0
2012-07-15,HOBBIES_1,HOBBIES,398,0
2012-07-15,HOBBIES_2,HOBBIES,9,0
2012-07-15,HOUSEHOLD_1,HOUSEHOLD,692,0
2012-07-15,HOUSEHOLD_2,HOUSEHOLD,204,0
2012-07-16,FOODS_1,FOODS,295,0
2012-07-16,FOODS_2,FOODS,481,0
2012-07-16,FOODS_3,FOODS,1763,0
2012-07-16,HOBBIES_1,HOBBIES,341,0
2012-07-16,HOBBIES_2,HOBBIES,24,0
2012-07-16,HOUSEHOLD_1,HOUSEHOLD,537,0
2012-07-16,HOUSEHOLD_2,HOUSEHOLD,142,0
2012-07-17,FOODS_1,FOODS,323,0
2012-07-17,FOODS_2,FOODS,389,0
2012-07-17,FOODS_3,FOODS,1787,0
2012-07-17,HOBBIES_1,HOBBIES,417,0
2012-07-17,HOBBIES_2,HOBBIES,16,0
2012-07-17,HOUSEHOLD_1,HOUSEHOLD,436,0
2012-07-17,HOUSEHOLD_2,HOUSEHOLD,125,0
2012-07-18,FOODS_1,FOODS,304,0
2012-07-18,FOODS_2,FOODS,340,0
2012-07-18,FOODS_3,FOODS,1824,0
2012-07-18,HOBBIES_1,HOBBIES,280,0
2012-07-18,HOBBIES_2,HOBBIES,12,0
2012-07-18,HOUSEHOLD_1,HOUSEHOLD,375,0
2012-07-18,HOUSEHOLD_2,HOUSEHOLD,150,0
2012-07-19,FOODS_1,FOODS,293,0
2012-07-19,FOODS_2,FOODS,368,0
2012-07-19,FOODS_3,FOODS,1850,0
2012-07-19,HOBBIES_1,HOBBIES,407,0
2012-07-19,HOBBIES_2,HOBBIES,13,0
2012-07-19,HOUSEHOLD_1,HOUSEHOLD,406,0
2012-07-19,HOUSEHOLD_2,HOUSEHOLD,154,0
2012-07-20,FOODS_1,FOODS,363,0
2012-07-20,FOODS_2,FOODS,426,0
2012-07-20,FOODS_3,FOODS,2548,0
2012-07-20,HOBBIES_1,HOBBIES,485,0
2012-07-20,HOBBIES_2,HOBBIES,8,0
2012-07-20,HOUSEHOLD_1,HOUSEHOLD,488,0
2012-07-20,HOUSEHOLD_2,HOUSEHOLD,170,0
2012-07-21,FOODS_1,FOODS,448,0
2012-07-21,FOODS_2,FOODS,443,0
2012-07-21,FOODS_3,FOODS,2822,0
2012-07-21,HOBBIES_1,HOBBIES,453,0
2012-07-21,HOBBIES_2,HOBBIES,19,0
2012-07-21,HOUSEHOLD_1,HOUSEHOLD,595,0
2012-07-21,HOUSEHOLD_2,HOUSEHOLD,231,0
2012-07-22,FOODS_1,FOODS,345,0
2012-07-22,FOODS_2,FOODS,593,0
2012-07-22,FOODS_3,FOODS,2815,0
2012-07-22,HOBBIES_1,HOBBIES,530,0
2012-07-22,HOBBIES_2,HOBBIES,39,0
2012-07-22,HOUSEHOLD_1,HOUSEHOLD,741,0
2012-07-22,HOUSEHOLD_2,HOUSEHOLD,238,0
2012-07-23,FOODS_1,FOODS,321,0
2012-07-23,FOODS_2,FOODS,442,0
2012-07-23,FOODS_3,FOODS,1759,0
2012-07-23,HOBBIES_1,HOBBIES,377,0
2012-07-23,HOBBIES_2,HOBBIES,16,0
2012-07-23,HOUSEHOLD_1,HOUSEHOLD,468,0
2012-07-23,HOUSEHOLD_2,HOUSEHOLD,177,0
2012-07-24,FOODS_1,FOODS,348,0
2012-07-24,FOODS_2,FOODS,388,0
2012-07-24,FOODS_3,FOODS,1675,0
2012-07-24,HOBBIES_1,HOBBIES,215,0
2012-07-24,HOBBIES_2,HOBBIES,24,0
2012-07-24,HOUSEHOLD_1,HOUSEHOLD,476,0
2012-07-24,HOUSEHOLD_2,HOUSEHOLD,129,0
2012-07-25,FOODS_1,FOODS,284,0
2012-07-25,FOODS_2,FOODS,313,0
2012-07-25,FOODS_3,FOODS,1732,0
2012-07-25,HOBBIES_1,HOBBIES,218,0
2012-07-25,HOBBIES_2,HOBBIES,25,0
2012-07-25,HOUSEHOLD_1,HOUSEHOLD,464,0
2012-07-25,HOUSEHOLD_2,HOUSEHOLD,146,0
2012-07-26,FOODS_1,FOODS,301,0
2012-07-26,FOODS_2,FOODS,349,0
2012-07-26,FOODS_3,FOODS,2030,0
2012-07-26,HOBBIES_1,HOBBIES,295,0
2012-07-26,HOBBIES_2,HOBBIES,11,0
2012-07-26,HOUSEHOLD_1,HOUSEHOLD,418,0
2012-07-26,HOUSEHOLD_2,HOUSEHOLD,171,0
2012-07-27,FOODS_1,FOODS,313,0
2012-07-27,FOODS_2,FOODS,350,0
2012-07-27,FOODS_3,FOODS,2160,0
2012-07-27,HOBBIES_1,HOBBIES,282,0
2012-07-27,HOBBIES_2,HOBBIES,9,0
2012-07-27,HOUSEHOLD_1,HOUSEHOLD,456,0
2012-07-27,HOUSEHOLD_2,HOUSEHOLD,180,0
2012-07-28,FOODS_1,FOODS,326,0
2012-07-28,FOODS_2,FOODS,458,0
2012-07-28,FOODS_3,FOODS,2065,0
2012-07-28,HOBBIES_1,HOBBIES,383,0
2012-07-28,HOBBIES_2,HOBBIES,18,0
2012-07-28,HOUSEHOLD_1,HOUSEHOLD,513,0
2012-07-28,HOUSEHOLD_2,HOUSEHOLD,208,0
2012-07-29,FOODS_1,FOODS,300,0
2012-07-29,FOODS_2,FOODS,410,0
2012-07-29,FOODS_3,FOODS,2438,0
2012-07-29,HOBBIES_1,HOBBIES,230,0
2012-07-29,HOBBIES_2,HOBBIES,19,0
2012-07-29,HOUSEHOLD_1,HOUSEHOLD,589,0
2012-07-29,HOUSEHOLD_2,HOUSEHOLD,175,0
2012-07-30,FOODS_1,FOODS,264,0
2012-07-30,FOODS_2,FOODS,341,0
2012-07-30,FOODS_3,FOODS,1845,0
2012-07-30,HOBBIES_1,HOBBIES,382,0
2012-07-30,HOBBIES_2,HOBBIES,23,0
2012-07-30,HOUSEHOLD_1,HOUSEHOLD,431,0
2012-07-30,HOUSEHOLD_2,HOUSEHOLD,120,0
2012-07-31,FOODS_1,FOODS,352,0
2012-07-31,FOODS_2,FOODS,370,0
2012-07-31,FOODS_3,FOODS,1730,0
2012-07-31,HOBBIES_1,HOBBIES,309,0
2012-07-31,HOBBIES_2,HOBBIES,14,0
2012-07-31,HOUSEHOLD_1,HOUSEHOLD,451,0
2012-07-31,HOUSEHOLD_2,HOUSEHOLD,175,0
2012-08-01,FOODS_1,FOODS,404,1
2012-08-01,FOODS_2,FOODS,400,1
2012-08-01,FOODS_3,FOODS,1958,1
2012-08-01,HOBBIES_1,HOBBIES,381,1
2012-08-01,HOBBIES_2,HOBBIES,16,1
2012-08-01,HOUSEHOLD_1,HOUSEHOLD,486,1
2012-08-01,HOUSEHOLD_2,HOUSEHOLD,174,1
2012-08-02,FOODS_1,FOODS,385,1
2012-08-02,FOODS_2,FOODS,502,1
2012-08-02,FOODS_3,FOODS,2269,1
2012-08-02,HOBBIES_1,HOBBIES,428,1
2012-08-02,HOBBIES_2,HOBBIES,22,1
2012-08-02,HOUSEHOLD_1,HOUSEHOLD,529,1
2012-08-02,HOUSEHOLD_2,HOUSEHOLD,172,1
2012-08-03,FOODS_1,FOODS,345,1
2012-08-03,FOODS_2,FOODS,521,1
2012-08-03,FOODS_3,FOODS,2461,1
2012-08-03,HOBBIES_1,HOBBIES,382,1
2012-08-03,HOBBIES_2,HOBBIES,10,1
2012-08-03,HOUSEHOLD_1,HOUSEHOLD,556,1
2012-08-03,HOUSEHOLD_2,HOUSEHOLD,195,1
2012-08-04,FOODS_1,FOODS,489,1
2012-08-04,FOODS_2,FOODS,625,1
2012-08-04,FOODS_3,FOODS,2756,1
2012-08-04,HOBBIES_1,HOBBIES,408,1
2012-08-04,HOBBIES_2,HOBBIES,13,1
2012-08-04,HOUSEHOLD_1,HOUSEHOLD,655,1
2012-08-04,HOUSEHOLD_2,HOUSEHOLD,197,1
2012-08-05,FOODS_1,FOODS,454,1
2012-08-05,FOODS_2,FOODS,687,1
2012-08-05,FOODS_3,FOODS,3112,1
2012-08-05,HOBBIES_1,HOBBIES,278,1
2012-08-05,HOBBIES_2,HOBBIES,10,1
2012-08-05,HOUSEHOLD_1,HOUSEHOLD,771,1
2012-08-05,HOUSEHOLD_2,HOUSEHOLD,226,1
2012-08-06,FOODS_1,FOODS,276,1
2012-08-06,FOODS_2,FOODS,618,1
2012-08-06,FOODS_3,FOODS,2546,1
2012-08-06,HOBBIES_1,HOBBIES,223,1
2012-08-06,HOBBIES_2,HOBBIES,11,1
2012-08-06,HOUSEHOLD_1,HOUSEHOLD,540,1
2012-08-06,HOUSEHOLD_2,HOUSEHOLD,164,1
2012-08-07,FOODS_1,FOODS,243,1
2012-08-07,FOODS_2,FOODS,485,1
2012-08-07,FOODS_3,FOODS,2176,1
2012-08-07,HOBBIES_1,HOBBIES,324,1
2012-08-07,HOBBIES_2,HOBBIES,12,1
2012-08-07,HOUSEHOLD_1,HOUSEHOLD,457,1
2012-08-07,HOUSEHOLD_2,HOUSEHOLD,158,1
2012-08-08,FOODS_1,FOODS,307,1
2012-08-08,FOODS_2,FOODS,476,1
2012-08-08,FOODS_3,FOODS,2254,1
2012-08-08,HOBBIES_1,HOBBIES,248,1
2012-08-08,HOBBIES_2,HOBBIES,23,1
2012-08-08,HOUSEHOLD_1,HOUSEHOLD,474,1
2012-08-08,HOUSEHOLD_2,HOUSEHOLD,142,1
2012-08-09,FOODS_1,FOODS,306,1
2012-08-09,FOODS_2,FOODS,439,1
2012-08-09,FOODS_3,FOODS,2241,1
2012-08-09,HOBBIES_1,HOBBIES,239,1
2012-08-09,HOBBIES_2,HOBBIES,20,1
2012-08-09,HOUSEHOLD_1,HOUSEHOLD,419,1
2012-08-09,HOUSEHOLD_2,HOUSEHOLD,146,1
2012-08-10,FOODS_1,FOODS,348,1
2012-08-10,FOODS_2,FOODS,456,1
2012-08-10,FOODS_3,FOODS,2792,1
2012-08-10,HOBBIES_1,HOBBIES,245,1
2012-08-10,HOBBIES_2,HOBBIES,16,1
2012-08-10,HOUSEHOLD_1,HOUSEHOLD,509,1
2012-08-10,HOUSEHOLD_2,HOUSEHOLD,195,1
2012-08-11,FOODS_1,FOODS,439,0
2012-08-11,FOODS_2,FOODS,505,0
2012-08-11,FOODS_3,FOODS,3321,0
2012-08-11,HOBBIES_1,HOBBIES,411,0
2012-08-11,HOBBIES_2,HOBBIES,21,0
2012-08-11,HOUSEHOLD_1,HOUSEHOLD,594,0
2012-08-11,HOUSEHOLD_2,HOUSEHOLD,238,0
2012-08-12,FOODS_1,FOODS,363,0
2012-08-12,FOODS_2,FOODS,462,0
2012-08-12,FOODS_3,FOODS,3133,0
2012-08-12,HOBBIES_1,HOBBIES,408,0
2012-08-12,HOBBIES_2,HOBBIES,21,0
2012-08-12,HOUSEHOLD_1,HOUSEHOLD,668,0
2012-08-12,HOUSEHOLD_2,HOUSEHOLD,229,0
2012-08-13,FOODS_1,FOODS,273,0
2012-08-13,FOODS_2,FOODS,377,0
2012-08-13,FOODS_3,FOODS,2355,0
2012-08-13,HOBBIES_1,HOBBIES,255,0
2012-08-13,HOBBIES_2,HOBBIES,8,0
2012-08-13,HOUSEHOLD_1,HOUSEHOLD,442,0
2012-08-13,HOUSEHOLD_2,HOUSEHOLD,154,0
2012-08-14,FOODS_1,FOODS,384,0
2012-08-14,FOODS_2,FOODS,357,0
2012-08-14,FOODS_3,FOODS,2124,0
2012-08-14,HOBBIES_1,HOBBIES,248,0
2012-08-14,HOBBIES_2,HOBBIES,8,0
2012-08-14,HOUSEHOLD_1,HOUSEHOLD,472,0
2012-08-14,HOUSEHOLD_2,HOUSEHOLD,169,0
2012-08-15,FOODS_1,FOODS,297,0
2012-08-15,FOODS_2,FOODS,354,0
2012-08-15,FOODS_3,FOODS,1973,0
2012-08-15,HOBBIES_1,HOBBIES,271,0
2012-08-15,HOBBIES_2,HOBBIES,10,0
2012-08-15,HOUSEHOLD_1,HOUSEHOLD,431,0
2012-08-15,HOUSEHOLD_2,HOUSEHOLD,135,0
2012-08-16,FOODS_1,FOODS,253,0
2012-08-16,FOODS_2,FOODS,432,0
2012-08-16,FOODS_3,FOODS,2283,0
2012-08-16,HOBBIES_1,HOBBIES,309,0
2012-08-16,HOBBIES_2,HOBBIES,15,0
2012-08-16,HOUSEHOLD_1,HOUSEHOLD,471,0
2012-08-16,HOUSEHOLD_2,HOUSEHOLD,139,0
2012-08-17,FOODS_1,FOODS,296,0
2012-08-17,FOODS_2,FOODS,440,0
2012-08-17,FOODS_3,FOODS,2616,0
2012-08-17,HOBBIES_1,HOBBIES,319,0
2012-08-17,HOBBIES_2,HOBBIES,24,0
2012-08-17,HOUSEHOLD_1,HOUSEHOLD,494,0
2012-08-17,HOUSEHOLD_2,HOUSEHOLD,177,0
2012-08-18,FOODS_1,FOODS,452,0
2012-08-18,FOODS_2,FOODS,581,0
2012-08-18,FOODS_3,FOODS,3474,0
2012-08-18,HOBBIES_1,HOBBIES,462,0
2012-08-18,HOBBIES_2,HOBBIES,11,0
2012-08-18,HOUSEHOLD_1,HOUSEHOLD,698,0
2012-08-18,HOUSEHOLD_2,HOUSEHOLD,220,0
2012-08-19,FOODS_1,FOODS,358,0
2012-08-19,FOODS_2,FOODS,623,0
2012-08-19,FOODS_3,FOODS,3489,0
2012-08-19,HOBBIES_1,HOBBIES,380,0
2012-08-19,HOBBIES_2,HOBBIES,24,0
2012-08-19,HOUSEHOLD_1,HOUSEHOLD,831,0
2012-08-19,HOUSEHOLD_2,HOUSEHOLD,229,0
2012-08-20,FOODS_1,FOODS,286,0
2012-08-20,FOODS_2,FOODS,387,0
2012-08-20,FOODS_3,FOODS,2180,0
2012-08-20,HOBBIES_1,HOBBIES,305,0
2012-08-20,HOBBIES_2,HOBBIES,11,0
2012-08-20,HOUSEHOLD_1,HOUSEHOLD,546,0
2012-08-20,HOUSEHOLD_2,HOUSEHOLD,181,0
2012-08-21,FOODS_1,FOODS,268,0
2012-08-21,FOODS_2,FOODS,410,0
2012-08-21,FOODS_3,FOODS,1985,0
2012-08-21,HOBBIES_1,HOBBIES,227,0
2012-08-21,HOBBIES_2,HOBBIES,12,0
2012-08-21,HOUSEHOLD_1,HOUSEHOLD,518,0
2012-08-21,HOUSEHOLD_2,HOUSEHOLD,144,0
2012-08-22,FOODS_1,FOODS,271,0
2012-08-22,FOODS_2,FOODS,383,0
2012-08-22,FOODS_3,FOODS,1749,0
2012-08-22,HOBBIES_1,HOBBIES,257,0
2012-08-22,HOBBIES_2,HOBBIES,17,0
2012-08-22,HOUSEHOLD_1,HOUSEHOLD,443,0
2012-08-22,HOUSEHOLD_2,HOUSEHOLD,135,0
2012-08-23,FOODS_1,FOODS,262,0
2012-08-23,FOODS_2,FOODS,277,0
2012-08-23,FOODS_3,FOODS,1818,0
2012-08-23,HOBBIES_1,HOBBIES,266,0
2012-08-23,HOBBIES_2,HOBBIES,18,0
2012-08-23,HOUSEHOLD_1,HOUSEHOLD,423,0
2012-08-23,HOUSEHOLD_2,HOUSEHOLD,144,0
2012-08-24,FOODS_1,FOODS,280,0
2012-08-24,FOODS_2,FOODS,350,0
2012-08-24,FOODS_3,FOODS,2080,0
2012-08-24,HOBBIES_1,HOBBIES,295,0
2012-08-24,HOBBIES_2,HOBBIES,26,0
2012-08-24,HOUSEHOLD_1,HOUSEHOLD,501,0
2012-08-24,HOUSEHOLD_2,HOUSEHOLD,154,0
2012-08-25,FOODS_1,FOODS,436,0
2012-08-25,FOODS_2,FOODS,485,0
2012-08-25,FOODS_3,FOODS,2869,0
2012-08-25,HOBBIES_1,HOBBIES,388,0
2012-08-25,HOBBIES_2,HOBBIES,19,0
2012-08-25,HOUSEHOLD_1,HOUSEHOLD,688,0
2012-08-25,HOUSEHOLD_2,HOUSEHOLD,197,0
2012-08-26,FOODS_1,FOODS,273,0
2012-08-26,FOODS_2,FOODS,540,0
2012-08-26,FOODS_3,FOODS,3010,0
2012-08-26,HOBBIES_1,HOBBIES,404,0
2012-08-26,HOBBIES_2,HOBBIES,21,0
2012-08-26,HOUSEHOLD_1,HOUSEHOLD,776,0
2012-08-26,HOUSEHOLD_2,HOUSEHOLD,259,0
2012-08-27,FOODS_1,FOODS,178,0
2012-08-27,FOODS_2,FOODS,385,0
2012-08-27,FOODS_3,FOODS,1940,0
2012-08-27,HOBBIES_1,HOBBIES,314,0
2012-08-27,HOBBIES_2,HOBBIES,13,0
2012-08-27,HOUSEHOLD_1,HOUSEHOLD,452,0
2012-08-27,HOUSEHOLD_2,HOUSEHOLD,141,0
2012-08-28,FOODS_1,FOODS,224,0
2012-08-28,FOODS_2,FOODS,287,0
2012-08-28,FOODS_3,FOODS,1840,0
2012-08-28,HOBBIES_1,HOBBIES,247,0
2012-08-28,HOBBIES_2,HOBBIES,24,0
2012-08-28,HOUSEHOLD_1,HOUSEHOLD,388,0
2012-08-28,HOUSEHOLD_2,HOUSEHOLD,134,0
2012-08-29,FOODS_1,FOODS,278,0
2012-08-29,FOODS_2,FOODS,257,0
2012-08-29,FOODS_3,FOODS,1620,0
2012-08-29,HOBBIES_1,HOBBIES,195,0
2012-08-29,HOBBIES_2,HOBBIES,11,0
2012-08-29,HOUSEHOLD_1,HOUSEHOLD,379,0
2012-08-29,HOUSEHOLD_2,HOUSEHOLD,139,0
2012-08-30,FOODS_1,FOODS,310,0
2012-08-30,FOODS_2,FOODS,316,0
2012-08-30,FOODS_3,FOODS,1777,0
2012-08-30,HOBBIES_1,HOBBIES,294,0
2012-08-30,HOBBIES_2,HOBBIES,20,0
2012-08-30,HOUSEHOLD_1,HOUSEHOLD,375,0
2012-08-30,HOUSEHOLD_2,HOUSEHOLD,150,0
2012-08-31,FOODS_1,FOODS,369,0
2012-08-31,FOODS_2,FOODS,443,0
2012-08-31,FOODS_3,FOODS,2195,0
2012-08-31,HOBBIES_1,HOBBIES,383,0
2012-08-31,HOBBIES_2,HOBBIES,26,0
2012-08-31,HOUSEHOLD_1,HOUSEHOLD,532,0
2012-08-31,HOUSEHOLD_2,HOUSEHOLD,147,0
2012-09-01,FOODS_1,FOODS,515,1
2012-09-01,FOODS_2,FOODS,583,1
2012-09-01,FOODS_3,FOODS,3429,1
2012-09-01,HOBBIES_1,HOBBIES,422,1
2012-09-01,HOBBIES_2,HOBBIES,18,1
2012-09-01,HOUSEHOLD_1,HOUSEHOLD,717,1
2012-09-01,HOUSEHOLD_2,HOUSEHOLD,210,1
2012-09-02,FOODS_1,FOODS,327,1
2012-09-02,FOODS_2,FOODS,559,1
2012-09-02,FOODS_3,FOODS,3242,1
2012-09-02,HOBBIES_1,HOBBIES,341,1
2012-09-02,HOBBIES_2,HOBBIES,26,1
2012-09-02,HOUSEHOLD_1,HOUSEHOLD,711,1
2012-09-02,HOUSEHOLD_2,HOUSEHOLD,197,1
2012-09-03,FOODS_1,FOODS,359,1
2012-09-03,FOODS_2,FOODS,601,1
2012-09-03,FOODS_3,FOODS,2973,1
2012-09-03,HOBBIES_1,HOBBIES,343,1
2012-09-03,HOBBIES_2,HOBBIES,34,1
2012-09-03,HOUSEHOLD_1,HOUSEHOLD,658,1
2012-09-03,HOUSEHOLD_2,HOUSEHOLD,189,1
2012-09-04,FOODS_1,FOODS,278,1
2012-09-04,FOODS_2,FOODS,552,1
2012-09-04,FOODS_3,FOODS,2070,1
2012-09-04,HOBBIES_1,HOBBIES,296,1
2012-09-04,HOBBIES_2,HOBBIES,23,1
2012-09-04,HOUSEHOLD_1,HOUSEHOLD,530,1
2012-09-04,HOUSEHOLD_2,HOUSEHOLD,172,1
2012-09-05,FOODS_1,FOODS,279,1
2012-09-05,FOODS_2,FOODS,448,1
2012-09-05,FOODS_3,FOODS,1875,1
2012-09-05,HOBBIES_1,HOBBIES,198,1
2012-09-05,HOBBIES_2,HOBBIES,12,1
2012-09-05,HOUSEHOLD_1,HOUSEHOLD,421,1
2012-09-05,HOUSEHOLD_2,HOUSEHOLD,136,1
2012-09-06,FOODS_1,FOODS,254,1
2012-09-06,FOODS_2,FOODS,456,1
2012-09-06,FOODS_3,FOODS,1713,1
2012-09-06,HOBBIES_1,HOBBIES,175,1
2012-09-06,HOBBIES_2,HOBBIES,20,1
2012-09-06,HOUSEHOLD_1,HOUSEHOLD,484,1
2012-09-06,HOUSEHOLD_2,HOUSEHOLD,140,1
2012-09-07,FOODS_1,FOODS,333,1
2012-09-07,FOODS_2,FOODS,510,1
2012-09-07,FOODS_3,FOODS,2300,1
2012-09-07,HOBBIES_1,HOBBIES,303,1
2012-09-07,HOBBIES_2,HOBBIES,13,1
2012-09-07,HOUSEHOLD_1,HOUSEHOLD,461,1
2012-09-07,HOUSEHOLD_2,HOUSEHOLD,154,1
2012-09-08,FOODS_1,FOODS,383,1
2012-09-08,FOODS_2,FOODS,554,1
2012-09-08,FOODS_3,FOODS,2756,1
2012-09-08,HOBBIES_1,HOBBIES,315,1
2012-09-08,HOBBIES_2,HOBBIES,31,1
2012-09-08,HOUSEHOLD_1,HOUSEHOLD,619,1
2012-09-08,HOUSEHOLD_2,HOUSEHOLD,186,1
2012-09-09,FOODS_1,FOODS,368,1
2012-09-09,FOODS_2,FOODS,662,1
2012-09-09,FOODS_3,FOODS,3217,1
2012-09-09,HOBBIES_1,HOBBIES,415,1
2012-09-09,HOBBIES_2,HOBBIES,19,1
2012-09-09,HOUSEHOLD_1,HOUSEHOLD,768,1
2012-09-09,HOUSEHOLD_2,HOUSEHOLD,255,1
2012-09-10,FOODS_1,FOODS,298,1
2012-09-10,FOODS_2,FOODS,476,1
2012-09-10,FOODS_3,FOODS,2029,1
2012-09-10,HOBBIES_1,HOBBIES,249,1
2012-09-10,HOBBIES_2,HOBBIES,15,1
2012-09-10,HOUSEHOLD_1,HOUSEHOLD,524,1
2012-09-10,HOUSEHOLD_2,HOUSEHOLD,123,1
2012-09-11,FOODS_1,FOODS,231,0
2012-09-11,FOODS_2,FOODS,428,0
2012-09-11,FOODS_3,FOODS,1802,0
2012-09-11,HOBBIES_1,HOBBIES,235,0
2012-09-11,HOBBIES_2,HOBBIES,20,0
2012-09-11,HOUSEHOLD_1,HOUSEHOLD,392,0
2012-09-11,HOUSEHOLD_2,HOUSEHOLD,156,0
2012-09-12,FOODS_1,FOODS,220,0
2012-09-12,FOODS_2,FOODS,402,0
2012-09-12,FOODS_3,FOODS,1649,0
2012-09-12,HOBBIES_1,HOBBIES,215,0
2012-09-12,HOBBIES_2,HOBBIES,13,0
2012-09-12,HOUSEHOLD_1,HOUSEHOLD,399,0
2012-09-12,HOUSEHOLD_2,HOUSEHOLD,146,0
2012-09-13,FOODS_1,FOODS,290,0
2012-09-13,FOODS_2,FOODS,337,0
2012-09-13,FOODS_3,FOODS,1820,0
2012-09-13,HOBBIES_1,HOBBIES,306,0
2012-09-13,HOBBIES_2,HOBBIES,20,0
2012-09-13,HOUSEHOLD_1,HOUSEHOLD,436,0
2012-09-13,HOUSEHOLD_2,HOUSEHOLD,139,0
2012-09-14,FOODS_1,FOODS,392,0
2012-09-14,FOODS_2,FOODS,447,0
2012-09-14,FOODS_3,FOODS,2210,0
2012-09-14,HOBBIES_1,HOBBIES,317,0
2012-09-14,HOBBIES_2,HOBBIES,19,0
2012-09-14,HOUSEHOLD_1,HOUSEHOLD,540,0
2012-09-14,HOUSEHOLD_2,HOUSEHOLD,172,0
2012-09-15,FOODS_1,FOODS,423,0
2012-09-15,FOODS_2,FOODS,579,0
2012-09-15,FOODS_3,FOODS,2687,0
2012-09-15,HOBBIES_1,HOBBIES,393,0
2012-09-15,HOBBIES_2,HOBBIES,35,0
2012-09-15,HOUSEHOLD_1,HOUSEHOLD,708,0
2012-09-15,HOUSEHOLD_2,HOUSEHOLD,186,0
2012-09-16,FOODS_1,FOODS,337,0
2012-09-16,FOODS_2,FOODS,551,0
2012-09-16,FOODS_3,FOODS,3063,0
2012-09-16,HOBBIES_1,HOBBIES,329,0
2012-09-16,HOBBIES_2,HOBBIES,37,0
2012-09-16,HOUSEHOLD_1,HOUSEHOLD,686,0
2012-09-16,HOUSEHOLD_2,HOUSEHOLD,221,0
2012-09-17,FOODS_1,FOODS,264,0
2012-09-17,FOODS_2,FOODS,391,0
2012-09-17,FOODS_3,FOODS,1832,0
2012-09-17,HOBBIES_1,HOBBIES,236,0
2012-09-17,HOBBIES_2,HOBBIES,15,0
2012-09-17,HOUSEHOLD_1,HOUSEHOLD,465,0
2012-09-17,HOUSEHOLD_2,HOUSEHOLD,161,0
2012-09-18,FOODS_1,FOODS,284,0
2012-09-18,FOODS_2,FOODS,359,0
2012-09-18,FOODS_3,FOODS,1715,0
2012-09-18,HOBBIES_1,HOBBIES,252,0
2012-09-18,HOBBIES_2,HOBBIES,16,0
2012-09-18,HOUSEHOLD_1,HOUSEHOLD,513,0
2012-09-18,HOUSEHOLD_2,HOUSEHOLD,151,0
2012-09-19,FOODS_1,FOODS,280,0
2012-09-19,FOODS_2,FOODS,313,0
2012-09-19,FOODS_3,FOODS,1496,0
2012-09-19,HOBBIES_1,HOBBIES,307,0
2012-09-19,HOBBIES_2,HOBBIES,13,0
2012-09-19,HOUSEHOLD_1,HOUSEHOLD,441,0
2012-09-19,HOUSEHOLD_2,HOUSEHOLD,130,0
2012-09-20,FOODS_1,FOODS,259,0
2012-09-20,FOODS_2,FOODS,351,0
2012-09-20,FOODS_3,FOODS,1711,0
2012-09-20,HOBBIES_1,HOBBIES,252,0
2012-09-20,HOBBIES_2,HOBBIES,13,0
2012-09-20,HOUSEHOLD_1,HOUSEHOLD,369,0
2012-09-20,HOUSEHOLD_2,HOUSEHOLD,147,0
2012-09-21,FOODS_1,FOODS,336,0
2012-09-21,FOODS_2,FOODS,401,0
2012-09-21,FOODS_3,FOODS,2110,0
2012-09-21,HOBBIES_1,HOBBIES,318,0
2012-09-21,HOBBIES_2,HOBBIES,15,0
2012-09-21,HOUSEHOLD_1,HOUSEHOLD,533,0
2012-09-21,HOUSEHOLD_2,HOUSEHOLD,205,0
2012-09-22,FOODS_1,FOODS,465,0
2012-09-22,FOODS_2,FOODS,452,0
2012-09-22,FOODS_3,FOODS,2729,0
2012-09-22,HOBBIES_1,HOBBIES,512,0
2012-09-22,HOBBIES_2,HOBBIES,26,0
2012-09-22,HOUSEHOLD_1,HOUSEHOLD,721,0
2012-09-22,HOUSEHOLD_2,HOUSEHOLD,216,0
2012-09-23,FOODS_1,FOODS,351,0
2012-09-23,FOODS_2,FOODS,567,0
2012-09-23,FOODS_3,FOODS,2996,0
2012-09-23,HOBBIES_1,HOBBIES,376,0
2012-09-23,HOBBIES_2,HOBBIES,27,0
2012-09-23,HOUSEHOLD_1,HOUSEHOLD,835,0
2012-09-23,HOUSEHOLD_2,HOUSEHOLD,197,0
2012-09-24,FOODS_1,FOODS,239,0
2012-09-24,FOODS_2,FOODS,377,0
2012-09-24,FOODS_3,FOODS,1614,0
2012-09-24,HOBBIES_1,HOBBIES,267,0
2012-09-24,HOBBIES_2,HOBBIES,13,0
2012-09-24,HOUSEHOLD_1,HOUSEHOLD,456,0
2012-09-24,HOUSEHOLD_2,HOUSEHOLD,140,0
2012-09-25,FOODS_1,FOODS,228,0
2012-09-25,FOODS_2,FOODS,392,0
2012-09-25,FOODS_3,FOODS,1547,0
2012-09-25,HOBBIES_1,HOBBIES,242,0
2012-09-25,HOBBIES_2,HOBBIES,23,0
2012-09-25,HOUSEHOLD_1,HOUSEHOLD,380,0
2012-09-25,HOUSEHOLD_2,HOUSEHOLD,127,0
2012-09-26,FOODS_1,FOODS,265,0
2012-09-26,FOODS_2,FOODS,313,0
2012-09-26,FOODS_3,FOODS,1521,0
2012-09-26,HOBBIES_1,HOBBIES,241,0
2012-09-26,HOBBIES_2,HOBBIES,22,0
2012-09-26,HOUSEHOLD_1,HOUSEHOLD,370,0
2012-09-26,HOUSEHOLD_2,HOUSEHOLD,106,0
2012-09-27,FOODS_1,FOODS,259,0
2012-09-27,FOODS_2,FOODS,284,0
2012-09-27,FOODS_3,FOODS,1446,0
2012-09-27,HOBBIES_1,HOBBIES,192,0
2012-09-27,HOBBIES_2,HOBBIES,23,0
2012-09-27,HOUSEHOLD_1,HOUSEHOLD,380,0
2012-09-27,HOUSEHOLD_2,HOUSEHOLD,92,0
2012-09-28,FOODS_1,FOODS,284,0
2012-09-28,FOODS_2,FOODS,393,0
2012-09-28,FOODS_3,FOODS,2072,0
2012-09-28,HOBBIES_1,HOBBIES,403,0
2012-09-28,HOBBIES_2,HOBBIES,18,0
2012-09-28,HOUSEHOLD_1,HOUSEHOLD,497,0
2012-09-28,HOUSEHOLD_2,HOUSEHOLD,170,0
2012-09-29,FOODS_1,FOODS,388,0
2012-09-29,FOODS_2,FOODS,539,0
2012-09-29,FOODS_3,FOODS,2616,0
2012-09-29,HOBBIES_1,HOBBIES,301,0
2012-09-29,HOBBIES_2,HOBBIES,35,0
2012-09-29,HOUSEHOLD_1,HOUSEHOLD,664,0
2012-09-29,HOUSEHOLD_2,HOUSEHOLD,179,0
2012-09-30,FOODS_1,FOODS,301,0
2012-09-30,FOODS_2,FOODS,534,0
2012-09-30,FOODS_3,FOODS,2984,0
2012-09-30,HOBBIES_1,HOBBIES,323,0
2012-09-30,HOBBIES_2,HOBBIES,39,0
2012-09-30,HOUSEHOLD_1,HOUSEHOLD,735,0
2012-09-30,HOUSEHOLD_2,HOUSEHOLD,175,0
2012-10-01,FOODS_1,FOODS,242,1
2012-10-01,FOODS_2,FOODS,470,1
2012-10-01,FOODS_3,FOODS,2172,1
2012-10-01,HOBBIES_1,HOBBIES,394,1
2012-10-01,HOBBIES_2,HOBBIES,16,1
2012-10-01,HOUSEHOLD_1,HOUSEHOLD,513,1
2012-10-01,HOUSEHOLD_2,HOUSEHOLD,150,1
2012-10-02,FOODS_1,FOODS,222,1
2012-10-02,FOODS_2,FOODS,404,1
2012-10-02,FOODS_3,FOODS,2325,1
2012-10-02,HOBBIES_1,HOBBIES,273,1
2012-10-02,HOBBIES_2,HOBBIES,20,1
2012-10-02,HOUSEHOLD_1,HOUSEHOLD,444,1
2012-10-02,HOUSEHOLD_2,HOUSEHOLD,134,1
2012-10-03,FOODS_1,FOODS,238,1
2012-10-03,FOODS_2,FOODS,436,1
2012-10-03,FOODS_3,FOODS,2077,1
2012-10-03,HOBBIES_1,HOBBIES,244,1
2012-10-03,HOBBIES_2,HOBBIES,35,1
2012-10-03,HOUSEHOLD_1,HOUSEHOLD,499,1
2012-10-03,HOUSEHOLD_2,HOUSEHOLD,117,1
2012-10-04,FOODS_1,FOODS,220,1
2012-10-04,FOODS_2,FOODS,441,1
2012-10-04,FOODS_3,FOODS,1852,1
2012-10-04,HOBBIES_1,HOBBIES,255,1
2012-10-04,HOBBIES_2,HOBBIES,41,1
2012-10-04,HOUSEHOLD_1,HOUSEHOLD,348,1
2012-10-04,HOUSEHOLD_2,HOUSEHOLD,138,1
2012-10-05,FOODS_1,FOODS,216,1
2012-10-05,FOODS_2,FOODS,422,1
2012-10-05,FOODS_3,FOODS,2016,1
2012-10-05,HOBBIES_1,HOBBIES,321,1
2012-10-05,HOBBIES_2,HOBBIES,16,1
2012-10-05,HOUSEHOLD_1,HOUSEHOLD,488,1
2012-10-05,HOUSEHOLD_2,HOUSEHOLD,174,1
2012-10-06,FOODS_1,FOODS,360,1
2012-10-06,FOODS_2,FOODS,674,1
2012-10-06,FOODS_3,FOODS,2783,1
2012-10-06,HOBBIES_1,HOBBIES,336,1
2012-10-06,HOBBIES_2,HOBBIES,29,1
2012-10-06,HOUSEHOLD_1,HOUSEHOLD,668,1
2012-10-06,HOUSEHOLD_2,HOUSEHOLD,188,1
2012-10-07,FOODS_1,FOODS,369,1
2012-10-07,FOODS_2,FOODS,587,1
2012-10-07,FOODS_3,FOODS,3295,1
2012-10-07,HOBBIES_1,HOBBIES,367,1
2012-10-07,HOBBIES_2,HOBBIES,36,1
2012-10-07,HOUSEHOLD_1,HOUSEHOLD,724,1
2012-10-07,HOUSEHOLD_2,HOUSEHOLD,205,1
2012-10-08,FOODS_1,FOODS,278,1
2012-10-08,FOODS_2,FOODS,518,1
2012-10-08,FOODS_3,FOODS,2250,1
2012-10-08,HOBBIES_1,HOBBIES,273,1
2012-10-08,HOBBIES_2,HOBBIES,29,1
2012-10-08,HOUSEHOLD_1,HOUSEHOLD,548,1
2012-10-08,HOUSEHOLD_2,HOUSEHOLD,173,1
2012-10-09,FOODS_1,FOODS,265,1
2012-10-09,FOODS_2,FOODS,468,1
2012-10-09,FOODS_3,FOODS,1910,1
2012-10-09,HOBBIES_1,HOBBIES,236,1
2012-10-09,HOBBIES_2,HOBBIES,23,1
2012-10-09,HOUSEHOLD_1,HOUSEHOLD,406,1
2012-10-09,HOUSEHOLD_2,HOUSEHOLD,123,1
2012-10-10,FOODS_1,FOODS,222,1
2012-10-10,FOODS_2,FOODS,423,1
2012-10-10,FOODS_3,FOODS,1704,1
2012-10-10,HOBBIES_1,HOBBIES,241,1
2012-10-10,HOBBIES_2,HOBBIES,27,1
2012-10-10,HOUSEHOLD_1,HOUSEHOLD,380,1
2012-10-10,HOUSEHOLD_2,HOUSEHOLD,109,1
2012-10-11,FOODS_1,FOODS,245,0
2012-10-11,FOODS_2,FOODS,390,0
2012-10-11,FOODS_3,FOODS,1570,0
2012-10-11,HOBBIES_1,HOBBIES,315,0
2012-10-11,HOBBIES_2,HOBBIES,10,0
2012-10-11,HOUSEHOLD_1,HOUSEHOLD,345,0
2012-10-11,HOUSEHOLD_2,HOUSEHOLD,154,0
2012-10-12,FOODS_1,FOODS,275,0
2012-10-12,FOODS_2,FOODS,432,0
2012-10-12,FOODS_3,FOODS,2036,0
2012-10-12,HOBBIES_1,HOBBIES,347,0
2012-10-12,HOBBIES_2,HOBBIES,27,0
2012-10-12,HOUSEHOLD_1,HOUSEHOLD,462,0
2012-10-12,HOUSEHOLD_2,HOUSEHOLD,151,0
2012-10-13,FOODS_1,FOODS,348,0
2012-10-13,FOODS_2,FOODS,497,0
2012-10-13,FOODS_3,FOODS,2218,0
2012-10-13,HOBBIES_1,HOBBIES,333,0
2012-10-13,HOBBIES_2,HOBBIES,33,0
2012-10-13,HOUSEHOLD_1,HOUSEHOLD,613,0
2012-10-13,HOUSEHOLD_2,HOUSEHOLD,184,0
2012-10-14,FOODS_1,FOODS,298,0
2012-10-14,FOODS_2,FOODS,568,0
2012-10-14,FOODS_3,FOODS,2478,0
2012-10-14,HOBBIES_1,HOBBIES,420,0
2012-10-14,HOBBIES_2,HOBBIES,50,0
2012-10-14,HOUSEHOLD_1,HOUSEHOLD,743,0
2012-10-14,HOUSEHOLD_2,HOUSEHOLD,216,0
2012-10-15,FOODS_1,FOODS,256,0
2012-10-15,FOODS_2,FOODS,488,0
2012-10-15,FOODS_3,FOODS,1648,0
2012-10-15,HOBBIES_1,HOBBIES,301,0
2012-10-15,HOBBIES_2,HOBBIES,32,0
2012-10-15,HOUSEHOLD_1,HOUSEHOLD,500,0
2012-10-15,HOUSEHOLD_2,HOUSEHOLD,123,0
2012-10-16,FOODS_1,FOODS,219,0
2012-10-16,FOODS_2,FOODS,307,0
2012-10-16,FOODS_3,FOODS,1517,0
2012-10-16,HOBBIES_1,HOBBIES,265,0
2012-10-16,HOBBIES_2,HOBBIES,11,0
2012-10-16,HOUSEHOLD_1,HOUSEHOLD,438,0
2012-10-16,HOUSEHOLD_2,HOUSEHOLD,113,0
2012-10-17,FOODS_1,FOODS,235,0
2012-10-17,FOODS_2,FOODS,325,0
2012-10-17,FOODS_3,FOODS,1545,0
2012-10-17,HOBBIES_1,HOBBIES,280,0
2012-10-17,HOBBIES_2,HOBBIES,11,0
2012-10-17,HOUSEHOLD_1,HOUSEHOLD,411,0
2012-10-17,HOUSEHOLD_2,HOUSEHOLD,131,0
2012-10-18,FOODS_1,FOODS,230,0
2012-10-18,FOODS_2,FOODS,281,0
2012-10-18,FOODS_3,FOODS,1428,0
2012-10-18,HOBBIES_1,HOBBIES,315,0
2012-10-18,HOBBIES_2,HOBBIES,22,0
2012-10-18,HOUSEHOLD_1,HOUSEHOLD,396,0
2012-10-18,HOUSEHOLD_2,HOUSEHOLD,112,0
2012-10-19,FOODS_1,FOODS,181,0
2012-10-19,FOODS_2,FOODS,362,0
2012-10-19,FOODS_3,FOODS,1876,0
2012-10-19,HOBBIES_1,HOBBIES,243,0
2012-10-19,HOBBIES_2,HOBBIES,32,0
2012-10-19,HOUSEHOLD_1,HOUSEHOLD,468,0
2012-10-19,HOUSEHOLD_2,HOUSEHOLD,164,0
2012-10-20,FOODS_1,FOODS,331,0
2012-10-20,FOODS_2,FOODS,487,0
2012-10-20,FOODS_3,FOODS,2128,0
2012-10-20,HOBBIES_1,HOBBIES,376,0
2012-10-20,HOBBIES_2,HOBBIES,29,0
2012-10-20,HOUSEHOLD_1,HOUSEHOLD,680,0
2012-10-20,HOUSEHOLD_2,HOUSEHOLD,195,0
2012-10-21,FOODS_1,FOODS,292,0
2012-10-21,FOODS_2,FOODS,508,0
2012-10-21,FOODS_3,FOODS,2416,0
2012-10-21,HOBBIES_1,HOBBIES,357,0
2012-10-21,HOBBIES_2,HOBBIES,47,0
2012-10-21,HOUSEHOLD_1,HOUSEHOLD,723,0
2012-10-21,HOUSEHOLD_2,HOUSEHOLD,211,0
2012-10-22,FOODS_1,FOODS,221,0
2012-10-22,FOODS_2,FOODS,365,0
2012-10-22,FOODS_3,FOODS,1596,0
2012-10-22,HOBBIES_1,HOBBIES,264,0
2012-10-22,HOBBIES_2,HOBBIES,27,0
2012-10-22,HOUSEHOLD_1,HOUSEHOLD,441,0
2012-10-22,HOUSEHOLD_2,HOUSEHOLD,121,0
2012-10-23,FOODS_1,FOODS,224,0
2012-10-23,FOODS_2,FOODS,333,0
2012-10-23,FOODS_3,FOODS,1408,0
2012-10-23,HOBBIES_1,HOBBIES,349,0
2012-10-23,HOBBIES_2,HOBBIES,15,0
2012-10-23,HOUSEHOLD_1,HOUSEHOLD,386,0
2012-10-23,HOUSEHOLD_2,HOUSEHOLD,130,0
2012-10-24,FOODS_1,FOODS,224,0
2012-10-24,FOODS_2,FOODS,250,0
2012-10-24,FOODS_3,FOODS,1349,0
2012-10-24,HOBBIES_1,HOBBIES,319,0
2012-10-24,HOBBIES_2,HOBBIES,31,0
2012-10-24,HOUSEHOLD_1,HOUSEHOLD,293,0
2012-10-24,HOUSEHOLD_2,HOUSEHOLD,100,0
2012-10-25,FOODS_1,FOODS,218,0
2012-10-25,FOODS_2,FOODS,262,0
2012-10-25,FOODS_3,FOODS,1508,0
2012-10-25,HOBBIES_1,HOBBIES,211,0
2012-10-25,HOBBIES_2,HOBBIES,24,0
2012-10-25,HOUSEHOLD_1,HOUSEHOLD,399,0
2012-10-25,HOUSEHOLD_2,HOUSEHOLD,142,0
2012-10-26,FOODS_1,FOODS,272,0
2012-10-26,FOODS_2,FOODS,322,0
2012-10-26,FOODS_3,FOODS,1927,0
2012-10-26,HOBBIES_1,HOBBIES,254,0
2012-10-26,HOBBIES_2,HOBBIES,15,0
2012-10-26,HOUSEHOLD_1,HOUSEHOLD,442,0
2012-10-26,HOUSEHOLD_2,HOUSEHOLD,129,0
2012-10-27,FOODS_1,FOODS,354,0
2012-10-27,FOODS_2,FOODS,481,0
2012-10-27,FOODS_3,FOODS,2360,0
2012-10-27,HOBBIES_1,HOBBIES,304,0
2012-10-27,HOBBIES_2,HOBBIES,34,0
2012-10-27,HOUSEHOLD_1,HOUSEHOLD,581,0
2012-10-27,HOUSEHOLD_2,HOUSEHOLD,183,0
2012-10-28,FOODS_1,FOODS,231,0
2012-10-28,FOODS_2,FOODS,532,0
2012-10-28,FOODS_3,FOODS,2521,0
2012-10-28,HOBBIES_1,HOBBIES,527,0
2012-10-28,HOBBIES_2,HOBBIES,20,0
2012-10-28,HOUSEHOLD_1,HOUSEHOLD,603,0
2012-10-28,HOUSEHOLD_2,HOUSEHOLD,193,0
2012-10-29,FOODS_1,FOODS,215,0
2012-10-29,FOODS_2,FOODS,380,0
2012-10-29,FOODS_3,FOODS,1796,0
2012-10-29,HOBBIES_1,HOBBIES,237,0
2012-10-29,HOBBIES_2,HOBBIES,28,0
2012-10-29,HOUSEHOLD_1,HOUSEHOLD,428,0
2012-10-29,HOUSEHOLD_2,HOUSEHOLD,128,0
2012-10-30,FOODS_1,FOODS,250,0
2012-10-30,FOODS_2,FOODS,311,0
2012-10-30,FOODS_3,FOODS,1640,0
2012-10-30,HOBBIES_1,HOBBIES,211,0
2012-10-30,HOBBIES_2,HOBBIES,32,0
2012-10-30,HOUSEHOLD_1,HOUSEHOLD,368,0
2012-10-30,HOUSEHOLD_2,HOUSEHOLD,114,0
2012-10-31,FOODS_1,FOODS,252,0
2012-10-31,FOODS_2,FOODS,265,0
2012-10-31,FOODS_3,FOODS,1165,0
2012-10-31,HOBBIES_1,HOBBIES,189,0
2012-10-31,HOBBIES_2,HOBBIES,24,0
2012-10-31,HOUSEHOLD_1,HOUSEHOLD,306,0
2012-10-31,HOUSEHOLD_2,HOUSEHOLD,118,0
2012-11-01,FOODS_1,FOODS,217,1
2012-11-01,FOODS_2,FOODS,409,1
2012-11-01,FOODS_3,FOODS,1649,1
2012-11-01,HOBBIES_1,HOBBIES,301,1
2012-11-01,HOBBIES_2,HOBBIES,9,1
2012-11-01,HOUSEHOLD_1,HOUSEHOLD,467,1
2012-11-01,HOUSEHOLD_2,HOUSEHOLD,124,1
2012-11-02,FOODS_1,FOODS,192,1
2012-11-02,FOODS_2,FOODS,551,1
2012-11-02,FOODS_3,FOODS,1991,1
2012-11-02,HOBBIES_1,HOBBIES,411,1
2012-11-02,HOBBIES_2,HOBBIES,23,1
2012-11-02,HOUSEHOLD_1,HOUSEHOLD,550,1
2012-11-02,HOUSEHOLD_2,HOUSEHOLD,196,1
2012-11-03,FOODS_1,FOODS,237,1
2012-11-03,FOODS_2,FOODS,631,1
2012-11-03,FOODS_3,FOODS,2620,1
2012-11-03,HOBBIES_1,HOBBIES,358,1
2012-11-03,HOBBIES_2,HOBBIES,23,1
2012-11-03,HOUSEHOLD_1,HOUSEHOLD,710,1
2012-11-03,HOUSEHOLD_2,HOUSEHOLD,260,1
2012-11-04,FOODS_1,FOODS,260,1
2012-11-04,FOODS_2,FOODS,752,1
2012-11-04,FOODS_3,FOODS,2667,1
2012-11-04,HOBBIES_1,HOBBIES,364,1
2012-11-04,HOBBIES_2,HOBBIES,49,1
2012-11-04,HOUSEHOLD_1,HOUSEHOLD,780,1
2012-11-04,HOUSEHOLD_2,HOUSEHOLD,224,1
2012-11-05,FOODS_1,FOODS,222,1
2012-11-05,FOODS_2,FOODS,573,1
2012-11-05,FOODS_3,FOODS,2012,1
2012-11-05,HOBBIES_1,HOBBIES,198,1
2012-11-05,HOBBIES_2,HOBBIES,20,1
2012-11-05,HOUSEHOLD_1,HOUSEHOLD,501,1
2012-11-05,HOUSEHOLD_2,HOUSEHOLD,112,1
2012-11-06,FOODS_1,FOODS,178,1
2012-11-06,FOODS_2,FOODS,441,1
2012-11-06,FOODS_3,FOODS,1608,1
2012-11-06,HOBBIES_1,HOBBIES,267,1
2012-11-06,HOBBIES_2,HOBBIES,25,1
2012-11-06,HOUSEHOLD_1,HOUSEHOLD,383,1
2012-11-06,HOUSEHOLD_2,HOUSEHOLD,101,1
2012-11-07,FOODS_1,FOODS,211,1
2012-11-07,FOODS_2,FOODS,550,1
2012-11-07,FOODS_3,FOODS,1724,1
2012-11-07,HOBBIES_1,HOBBIES,209,1
2012-11-07,HOBBIES_2,HOBBIES,39,1
2012-11-07,HOUSEHOLD_1,HOUSEHOLD,397,1
2012-11-07,HOUSEHOLD_2,HOUSEHOLD,96,1
2012-11-08,FOODS_1,FOODS,189,1
2012-11-08,FOODS_2,FOODS,545,1
2012-11-08,FOODS_3,FOODS,1662,1
2012-11-08,HOBBIES_1,HOBBIES,262,1
2012-11-08,HOBBIES_2,HOBBIES,17,1
2012-11-08,HOUSEHOLD_1,HOUSEHOLD,341,1
2012-11-08,HOUSEHOLD_2,HOUSEHOLD,140,1
2012-11-09,FOODS_1,FOODS,276,1
2012-11-09,FOODS_2,FOODS,631,1
2012-11-09,FOODS_3,FOODS,2104,1
2012-11-09,HOBBIES_1,HOBBIES,296,1
2012-11-09,HOBBIES_2,HOBBIES,21,1
2012-11-09,HOUSEHOLD_1,HOUSEHOLD,414,1
2012-11-09,HOUSEHOLD_2,HOUSEHOLD,152,1
2012-11-10,FOODS_1,FOODS,338,1
2012-11-10,FOODS_2,FOODS,749,1
2012-11-10,FOODS_3,FOODS,2635,1
2012-11-10,HOBBIES_1,HOBBIES,438,1
2012-11-10,HOBBIES_2,HOBBIES,26,1
2012-11-10,HOUSEHOLD_1,HOUSEHOLD,673,1
2012-11-10,HOUSEHOLD_2,HOUSEHOLD,216,1
2012-11-11,FOODS_1,FOODS,229,0
2012-11-11,FOODS_2,FOODS,672,0
2012-11-11,FOODS_3,FOODS,2648,0
2012-11-11,HOBBIES_1,HOBBIES,335,0
2012-11-11,HOBBIES_2,HOBBIES,20,0
2012-11-11,HOUSEHOLD_1,HOUSEHOLD,675,0
2012-11-11,HOUSEHOLD_2,HOUSEHOLD,202,0
2012-11-12,FOODS_1,FOODS,219,0
2012-11-12,FOODS_2,FOODS,561,0
2012-11-12,FOODS_3,FOODS,1866,0
2012-11-12,HOBBIES_1,HOBBIES,223,0
2012-11-12,HOBBIES_2,HOBBIES,26,0
2012-11-12,HOUSEHOLD_1,HOUSEHOLD,463,0
2012-11-12,HOUSEHOLD_2,HOUSEHOLD,147,0
2012-11-13,FOODS_1,FOODS,190,0
2012-11-13,FOODS_2,FOODS,384,0
2012-11-13,FOODS_3,FOODS,1593,0
2012-11-13,HOBBIES_1,HOBBIES,227,0
2012-11-13,HOBBIES_2,HOBBIES,12,0
2012-11-13,HOUSEHOLD_1,HOUSEHOLD,387,0
2012-11-13,HOUSEHOLD_2,HOUSEHOLD,93,0
2012-11-14,FOODS_1,FOODS,203,0
2012-11-14,FOODS_2,FOODS,337,0
2012-11-14,FOODS_3,FOODS,1330,0
2012-11-14,HOBBIES_1,HOBBIES,156,0
2012-11-14,HOBBIES_2,HOBBIES,20,0
2012-11-14,HOUSEHOLD_1,HOUSEHOLD,357,0
2012-11-14,HOUSEHOLD_2,HOUSEHOLD,92,0
2012-11-15,FOODS_1,FOODS,224,0
2012-11-15,FOODS_2,FOODS,335,0
2012-11-15,FOODS_3,FOODS,1473,0
2012-11-15,HOBBIES_1,HOBBIES,191,0
2012-11-15,HOBBIES_2,HOBBIES,10,0
2012-11-15,HOUSEHOLD_1,HOUSEHOLD,375,0
2012-11-15,HOUSEHOLD_2,HOUSEHOLD,170,0
2012-11-16,FOODS_1,FOODS,302,0
2012-11-16,FOODS_2,FOODS,482,0
2012-11-16,FOODS_3,FOODS,1878,0
2012-11-16,HOBBIES_1,HOBBIES,288,0
2012-11-16,HOBBIES_2,HOBBIES,22,0
2012-11-16,HOUSEHOLD_1,HOUSEHOLD,468,0
2012-11-16,HOUSEHOLD_2,HOUSEHOLD,126,0
2012-11-17,FOODS_1,FOODS,292,0
2012-11-17,FOODS_2,FOODS,571,0
2012-11-17,FOODS_3,FOODS,2613,0
2012-11-17,HOBBIES_1,HOBBIES,462,0
2012-11-17,HOBBIES_2,HOBBIES,36,0
2012-11-17,HOUSEHOLD_1,HOUSEHOLD,653,0
2012-11-17,HOUSEHOLD_2,HOUSEHOLD,190,0
2012-11-18,FOODS_1,FOODS,283,0
2012-11-18,FOODS_2,FOODS,590,0
2012-11-18,FOODS_3,FOODS,2355,0
2012-11-18,HOBBIES_1,HOBBIES,346,0
2012-11-18,HOBBIES_2,HOBBIES,30,0
2012-11-18,HOUSEHOLD_1,HOUSEHOLD,660,0
2012-11-18,HOUSEHOLD_2,HOUSEHOLD,177,0
2012-11-19,FOODS_1,FOODS,218,0
2012-11-19,FOODS_2,FOODS,423,0
2012-11-19,FOODS_3,FOODS,1882,0
2012-11-19,HOBBIES_1,HOBBIES,297,0
2012-11-19,HOBBIES_2,HOBBIES,19,0
2012-11-19,HOUSEHOLD_1,HOUSEHOLD,414,0
2012-11-19,HOUSEHOLD_2,HOUSEHOLD,132,0
2012-11-20,FOODS_1,FOODS,257,0
2012-11-20,FOODS_2,FOODS,392,0
2012-11-20,FOODS_3,FOODS,2071,0
2012-11-20,HOBBIES_1,HOBBIES,285,0
2012-11-20,HOBBIES_2,HOBBIES,10,0
2012-11-20,HOUSEHOLD_1,HOUSEHOLD,442,0
2012-11-20,HOUSEHOLD_2,HOUSEHOLD,128,0
2012-11-21,FOODS_1,FOODS,239,0
2012-11-21,FOODS_2,FOODS,368,0
2012-11-21,FOODS_3,FOODS,2450,0
2012-11-21,HOBBIES_1,HOBBIES,225,0
2012-11-21,HOBBIES_2,HOBBIES,18,0
2012-11-21,HOUSEHOLD_1,HOUSEHOLD,401,0
2012-11-21,HOUSEHOLD_2,HOUSEHOLD,142,0
2012-11-22,FOODS_1,FOODS,109,0
2012-11-22,FOODS_2,FOODS,112,0
2012-11-22,FOODS_3,FOODS,1452,0
2012-11-22,HOBBIES_1,HOBBIES,86,0
2012-11-22,HOBBIES_2,HOBBIES,11,0
2012-11-22,HOUSEHOLD_1,HOUSEHOLD,222,0
2012-11-22,HOUSEHOLD_2,HOUSEHOLD,62,0
2012-11-23,FOODS_1,FOODS,254,0
2012-11-23,FOODS_2,FOODS,175,0
2012-11-23,FOODS_3,FOODS,1296,0
2012-11-23,HOBBIES_1,HOBBIES,186,0
2012-11-23,HOBBIES_2,HOBBIES,18,0
2012-11-23,HOUSEHOLD_1,HOUSEHOLD,314,0
2012-11-23,HOUSEHOLD_2,HOUSEHOLD,126,0
2012-11-24,FOODS_1,FOODS,220,0
2012-11-24,FOODS_2,FOODS,320,0
2012-11-24,FOODS_3,FOODS,1631,0
2012-11-24,HOBBIES_1,HOBBIES,235,0
2012-11-24,HOBBIES_2,HOBBIES,24,0
2012-11-24,HOUSEHOLD_1,HOUSEHOLD,416,0
2012-11-24,HOUSEHOLD_2,HOUSEHOLD,118,0
2012-11-25,FOODS_1,FOODS,206,0
2012-11-25,FOODS_2,FOODS,475,0
2012-11-25,FOODS_3,FOODS,1898,0
2012-11-25,HOBBIES_1,HOBBIES,289,0
2012-11-25,HOBBIES_2,HOBBIES,28,0
2012-11-25,HOUSEHOLD_1,HOUSEHOLD,567,0
2012-11-25,HOUSEHOLD_2,HOUSEHOLD,176,0
2012-11-26,FOODS_1,FOODS,181,0
2012-11-26,FOODS_2,FOODS,440,0
2012-11-26,FOODS_3,FOODS,1515,0
2012-11-26,HOBBIES_1,HOBBIES,302,0
2012-11-26,HOBBIES_2,HOBBIES,13,0
2012-11-26,HOUSEHOLD_1,HOUSEHOLD,368,0
2012-11-26,HOUSEHOLD_2,HOUSEHOLD,112,0
2012-11-27,FOODS_1,FOODS,209,0
2012-11-27,FOODS_2,FOODS,405,0
2012-11-27,FOODS_3,FOODS,1324,0
2012-11-27,HOBBIES_1,HOBBIES,222,0
2012-11-27,HOBBIES_2,HOBBIES,10,0
2012-11-27,HOUSEHOLD_1,HOUSEHOLD,370,0
2012-11-27,HOUSEHOLD_2,HOUSEHOLD,117,0
2012-11-28,FOODS_1,FOODS,190,0
2012-11-28,FOODS_2,FOODS,320,0
2012-11-28,FOODS_3,FOODS,1305,0
2012-11-28,HOBBIES_1,HOBBIES,223,0
2012-11-28,HOBBIES_2,HOBBIES,25,0
2012-11-28,HOUSEHOLD_1,HOUSEHOLD,291,0
2012-11-28,HOUSEHOLD_2,HOUSEHOLD,102,0
2012-11-29,FOODS_1,FOODS,159,0
2012-11-29,FOODS_2,FOODS,338,0
2012-11-29,FOODS_3,FOODS,1161,0
2012-11-29,HOBBIES_1,HOBBIES,168,0
2012-11-29,HOBBIES_2,HOBBIES,13,0
2012-11-29,HOUSEHOLD_1,HOUSEHOLD,336,0
2012-11-29,HOUSEHOLD_2,HOUSEHOLD,102,0
2012-11-30,FOODS_1,FOODS,223,0
2012-11-30,FOODS_2,FOODS,422,0
2012-11-30,FOODS_3,FOODS,1597,0
2012-11-30,HOBBIES_1,HOBBIES,208,0
2012-11-30,HOBBIES_2,HOBBIES,20,0
2012-11-30,HOUSEHOLD_1,HOUSEHOLD,441,0
2012-11-30,HOUSEHOLD_2,HOUSEHOLD,168,0
2012-12-01,FOODS_1,FOODS,396,1
2012-12-01,FOODS_2,FOODS,713,1
2012-12-01,FOODS_3,FOODS,2611,1
2012-12-01,HOBBIES_1,HOBBIES,387,1
2012-12-01,HOBBIES_2,HOBBIES,46,1
2012-12-01,HOUSEHOLD_1,HOUSEHOLD,729,1
2012-12-01,HOUSEHOLD_2,HOUSEHOLD,203,1
2012-12-02,FOODS_1,FOODS,294,1
2012-12-02,FOODS_2,FOODS,609,1
2012-12-02,FOODS_3,FOODS,2194,1
2012-12-02,HOBBIES_1,HOBBIES,266,1
2012-12-02,HOBBIES_2,HOBBIES,42,1
2012-12-02,HOUSEHOLD_1,HOUSEHOLD,525,1
2012-12-02,HOUSEHOLD_2,HOUSEHOLD,167,1
2012-12-03,FOODS_1,FOODS,234,1
2012-12-03,FOODS_2,FOODS,583,1
2012-12-03,FOODS_3,FOODS,2030,1
2012-12-03,HOBBIES_1,HOBBIES,305,1
2012-12-03,HOBBIES_2,HOBBIES,28,1
2012-12-03,HOUSEHOLD_1,HOUSEHOLD,498,1
2012-12-03,HOUSEHOLD_2,HOUSEHOLD,126,1
2012-12-04,FOODS_1,FOODS,238,1
2012-12-04,FOODS_2,FOODS,455,1
2012-12-04,FOODS_3,FOODS,1496,1
2012-12-04,HOBBIES_1,HOBBIES,229,1
2012-12-04,HOBBIES_2,HOBBIES,53,1
2012-12-04,HOUSEHOLD_1,HOUSEHOLD,389,1
2012-12-04,HOUSEHOLD_2,HOUSEHOLD,123,1
2012-12-05,FOODS_1,FOODS,204,1
2012-12-05,FOODS_2,FOODS,471,1
2012-12-05,FOODS_3,FOODS,1513,1
2012-12-05,HOBBIES_1,HOBBIES,168,1
2012-12-05,HOBBIES_2,HOBBIES,36,1
2012-12-05,HOUSEHOLD_1,HOUSEHOLD,331,1
2012-12-05,HOUSEHOLD_2,HOUSEHOLD,111,1
2012-12-06,FOODS_1,FOODS,252,1
2012-12-06,FOODS_2,FOODS,416,1
2012-12-06,FOODS_3,FOODS,1704,1
2012-12-06,HOBBIES_1,HOBBIES,250,1
2012-12-06,HOBBIES_2,HOBBIES,31,1
2012-12-06,HOUSEHOLD_1,HOUSEHOLD,369,1
2012-12-06,HOUSEHOLD_2,HOUSEHOLD,119,1
2012-12-07,FOODS_1,FOODS,290,1
2012-12-07,FOODS_2,FOODS,509,1
2012-12-07,FOODS_3,FOODS,2080,1
2012-12-07,HOBBIES_1,HOBBIES,259,1
2012-12-07,HOBBIES_2,HOBBIES,22,1
2012-12-07,HOUSEHOLD_1,HOUSEHOLD,446,1
2012-12-07,HOUSEHOLD_2,HOUSEHOLD,156,1
2012-12-08,FOODS_1,FOODS,393,1
2012-12-08,FOODS_2,FOODS,639,1
2012-12-08,FOODS_3,FOODS,2646,1
2012-12-08,HOBBIES_1,HOBBIES,366,1
2012-12-08,HOBBIES_2,HOBBIES,46,1
2012-12-08,HOUSEHOLD_1,HOUSEHOLD,570,1
2012-12-08,HOUSEHOLD_2,HOUSEHOLD,189,1
2012-12-09,FOODS_1,FOODS,321,1
2012-12-09,FOODS_2,FOODS,693,1
2012-12-09,FOODS_3,FOODS,2608,1
2012-12-09,HOBBIES_1,HOBBIES,277,1
2012-12-09,HOBBIES_2,HOBBIES,26,1
2012-12-09,HOUSEHOLD_1,HOUSEHOLD,581,1
2012-12-09,HOUSEHOLD_2,HOUSEHOLD,196,1
2012-12-10,FOODS_1,FOODS,199,1
2012-12-10,FOODS_2,FOODS,577,1
2012-12-10,FOODS_3,FOODS,2093,1
2012-12-10,HOBBIES_1,HOBBIES,257,1
2012-12-10,HOBBIES_2,HOBBIES,20,1
2012-12-10,HOUSEHOLD_1,HOUSEHOLD,409,1
2012-12-10,HOUSEHOLD_2,HOUSEHOLD,127,1
2012-12-11,FOODS_1,FOODS,218,0
2012-12-11,FOODS_2,FOODS,460,0
2012-12-11,FOODS_3,FOODS,1597,0
2012-12-11,HOBBIES_1,HOBBIES,219,0
2012-12-11,HOBBIES_2,HOBBIES,18,0
2012-12-11,HOUSEHOLD_1,HOUSEHOLD,366,0
2012-12-11,HOUSEHOLD_2,HOUSEHOLD,126,0
2012-12-12,FOODS_1,FOODS,228,0
2012-12-12,FOODS_2,FOODS,364,0
2012-12-12,FOODS_3,FOODS,1577,0
2012-12-12,HOBBIES_1,HOBBIES,259,0
2012-12-12,HOBBIES_2,HOBBIES,23,0
2012-12-12,HOUSEHOLD_1,HOUSEHOLD,324,0
2012-12-12,HOUSEHOLD_2,HOUSEHOLD,81,0
2012-12-13,FOODS_1,FOODS,250,0
2012-12-13,FOODS_2,FOODS,356,0
2012-12-13,FOODS_3,FOODS,1494,0
2012-12-13,HOBBIES_1,HOBBIES,232,0
2012-12-13,HOBBIES_2,HOBBIES,20,0
2012-12-13,HOUSEHOLD_1,HOUSEHOLD,364,0
2012-12-13,HOUSEHOLD_2,HOUSEHOLD,140,0
2012-12-14,FOODS_1,FOODS,283,0
2012-12-14,FOODS_2,FOODS,480,0
2012-12-14,FOODS_3,FOODS,1851,0
2012-12-14,HOBBIES_1,HOBBIES,234,0
2012-12-14,HOBBIES_2,HOBBIES,28,0
2012-12-14,HOUSEHOLD_1,HOUSEHOLD,447,0
2012-12-14,HOUSEHOLD_2,HOUSEHOLD,144,0
2012-12-15,FOODS_1,FOODS,404,0
2012-12-15,FOODS_2,FOODS,535,0
2012-12-15,FOODS_3,FOODS,2366,0
2012-12-15,HOBBIES_1,HOBBIES,372,0
2012-12-15,HOBBIES_2,HOBBIES,36,0
2012-12-15,HOUSEHOLD_1,HOUSEHOLD,546,0
2012-12-15,HOUSEHOLD_2,HOUSEHOLD,216,0
2012-12-16,FOODS_1,FOODS,296,0
2012-12-16,FOODS_2,FOODS,552,0
2012-12-16,FOODS_3,FOODS,2421,0
2012-12-16,HOBBIES_1,HOBBIES,351,0
2012-12-16,HOBBIES_2,HOBBIES,28,0
2012-12-16,HOUSEHOLD_1,HOUSEHOLD,699,0
2012-12-16,HOUSEHOLD_2,HOUSEHOLD,195,0
2012-12-17,FOODS_1,FOODS,271,0
2012-12-17,FOODS_2,FOODS,412,0
2012-12-17,FOODS_3,FOODS,1695,0
2012-12-17,HOBBIES_1,HOBBIES,234,0
2012-12-17,HOBBIES_2,HOBBIES,26,0
2012-12-17,HOUSEHOLD_1,HOUSEHOLD,420,0
2012-12-17,HOUSEHOLD_2,HOUSEHOLD,130,0
2012-12-18,FOODS_1,FOODS,337,0
2012-12-18,FOODS_2,FOODS,357,0
2012-12-18,FOODS_3,FOODS,1703,0
2012-12-18,HOBBIES_1,HOBBIES,292,0
2012-12-18,HOBBIES_2,HOBBIES,40,0
2012-12-18,HOUSEHOLD_1,HOUSEHOLD,408,0
2012-12-18,HOUSEHOLD_2,HOUSEHOLD,140,0
2012-12-19,FOODS_1,FOODS,281,0
2012-12-19,FOODS_2,FOODS,320,0
2012-12-19,FOODS_3,FOODS,1611,0
2012-12-19,HOBBIES_1,HOBBIES,230,0
2012-12-19,HOBBIES_2,HOBBIES,25,0
2012-12-19,HOUSEHOLD_1,HOUSEHOLD,363,0
2012-12-19,HOUSEHOLD_2,HOUSEHOLD,138,0
2012-12-20,FOODS_1,FOODS,381,0
2012-12-20,FOODS_2,FOODS,361,0
2012-12-20,FOODS_3,FOODS,1787,0
2012-12-20,HOBBIES_1,HOBBIES,211,0
2012-12-20,HOBBIES_2,HOBBIES,32,0
2012-12-20,HOUSEHOLD_1,HOUSEHOLD,357,0
2012-12-20,HOUSEHOLD_2,HOUSEHOLD,137,0
2012-12-21,FOODS_1,FOODS,457,0
2012-12-21,FOODS_2,FOODS,455,0
2012-12-21,FOODS_3,FOODS,1912,0
2012-12-21,HOBBIES_1,HOBBIES,348,0
2012-12-21,HOBBIES_2,HOBBIES,28,0
2012-12-21,HOUSEHOLD_1,HOUSEHOLD,381,0
2012-12-21,HOUSEHOLD_2,HOUSEHOLD,167,0
2012-12-22,FOODS_1,FOODS,409,0
2012-12-22,FOODS_2,FOODS,426,0
2012-12-22,FOODS_3,FOODS,2689,0
2012-12-22,HOBBIES_1,HOBBIES,363,0
2012-12-22,HOBBIES_2,HOBBIES,19,0
2012-12-22,HOUSEHOLD_1,HOUSEHOLD,439,0
2012-12-22,HOUSEHOLD_2,HOUSEHOLD,183,0
2012-12-23,FOODS_1,FOODS,483,0
2012-12-23,FOODS_2,FOODS,371,0
2012-12-23,FOODS_3,FOODS,2455,0
2012-12-23,HOBBIES_1,HOBBIES,255,0
2012-12-23,HOBBIES_2,HOBBIES,16,0
2012-12-23,HOUSEHOLD_1,HOUSEHOLD,451,0
2012-12-23,HOUSEHOLD_2,HOUSEHOLD,140,0
2012-12-24,FOODS_1,FOODS,439,0
2012-12-24,FOODS_2,FOODS,263,0
2012-12-24,FOODS_3,FOODS,2029,0
2012-12-24,HOBBIES_1,HOBBIES,184,0
2012-12-24,HOBBIES_2,HOBBIES,14,0
2012-12-24,HOUSEHOLD_1,HOUSEHOLD,334,0
2012-12-24,HOUSEHOLD_2,HOUSEHOLD,107,0
2012-12-25,FOODS_1,FOODS,0,0
2012-12-25,FOODS_2,FOODS,0,0
2012-12-25,FOODS_3,FOODS,0,0
2012-12-25,HOBBIES_1,HOBBIES,0,0
2012-12-25,HOBBIES_2,HOBBIES,0,0
2012-12-25,HOUSEHOLD_1,HOUSEHOLD,0,0
2012-12-25,HOUSEHOLD_2,HOUSEHOLD,0,0
2012-12-26,FOODS_1,FOODS,166,0
2012-12-26,FOODS_2,FOODS,305,0
2012-12-26,FOODS_3,FOODS,1574,0
2012-12-26,HOBBIES_1,HOBBIES,235,0
2012-12-26,HOBBIES_2,HOBBIES,12,0
2012-12-26,HOUSEHOLD_1,HOUSEHOLD,473,0
2012-12-26,HOUSEHOLD_2,HOUSEHOLD,97,0
2012-12-27,FOODS_1,FOODS,232,0
2012-12-27,FOODS_2,FOODS,369,0
2012-12-27,FOODS_3,FOODS,1478,0
2012-12-27,HOBBIES_1,HOBBIES,228,0
2012-12-27,HOBBIES_2,HOBBIES,4,0
2012-12-27,HOUSEHOLD_1,HOUSEHOLD,545,0
2012-12-27,HOUSEHOLD_2,HOUSEHOLD,117,0
2012-12-28,FOODS_1,FOODS,206,0
2012-12-28,FOODS_2,FOODS,447,0
2012-12-28,FOODS_3,FOODS,1762,0
2012-12-28,HOBBIES_1,HOBBIES,274,0
2012-12-28,HOBBIES_2,HOBBIES,9,0
2012-12-28,HOUSEHOLD_1,HOUSEHOLD,528,0
2012-12-28,HOUSEHOLD_2,HOUSEHOLD,152,0
2012-12-29,FOODS_1,FOODS,267,0
2012-12-29,FOODS_2,FOODS,525,0
2012-12-29,FOODS_3,FOODS,1989,0
2012-12-29,HOBBIES_1,HOBBIES,319,0
2012-12-29,HOBBIES_2,HOBBIES,10,0
2012-12-29,HOUSEHOLD_1,HOUSEHOLD,699,0
2012-12-29,HOUSEHOLD_2,HOUSEHOLD,169,0
2012-12-30,FOODS_1,FOODS,293,0
2012-12-30,FOODS_2,FOODS,478,0
2012-12-30,FOODS_3,FOODS,2340,0
2012-12-30,HOBBIES_1,HOBBIES,350,0
2012-12-30,HOBBIES_2,HOBBIES,8,0
2012-12-30,HOUSEHOLD_1,HOUSEHOLD,746,0
2012-12-30,HOUSEHOLD_2,HOUSEHOLD,149,0
2012-12-31,FOODS_1,FOODS,241,0
2012-12-31,FOODS_2,FOODS,415,0
2012-12-31,FOODS_3,FOODS,2318,0
2012-12-31,HOBBIES_1,HOBBIES,249,0
2012-12-31,HOBBIES_2,HOBBIES,17,0
2012-12-31,HOUSEHOLD_1,HOUSEHOLD,460,0
2012-12-31,HOUSEHOLD_2,HOUSEHOLD,89,0
2013-01-01,FOODS_1,FOODS,183,1
2013-01-01,FOODS_2,FOODS,347,1
2013-01-01,FOODS_3,FOODS,1358,1
2013-01-01,HOBBIES_1,HOBBIES,141,1
2013-01-01,HOBBIES_2,HOBBIES,5,1
2013-01-01,HOUSEHOLD_1,HOUSEHOLD,437,1
2013-01-01,HOUSEHOLD_2,HOUSEHOLD,81,1
2013-01-02,FOODS_1,FOODS,278,1
2013-01-02,FOODS_2,FOODS,578,1
2013-01-02,FOODS_3,FOODS,1652,1
2013-01-02,HOBBIES_1,HOBBIES,263,1
2013-01-02,HOBBIES_2,HOBBIES,9,1
2013-01-02,HOUSEHOLD_1,HOUSEHOLD,612,1
2013-01-02,HOUSEHOLD_2,HOUSEHOLD,140,1
2013-01-03,FOODS_1,FOODS,224,1
2013-01-03,FOODS_2,FOODS,545,1
2013-01-03,FOODS_3,FOODS,2044,1
2013-01-03,HOBBIES_1,HOBBIES,279,1
2013-01-03,HOBBIES_2,HOBBIES,9,1
2013-01-03,HOUSEHOLD_1,HOUSEHOLD,733,1
2013-01-03,HOUSEHOLD_2,HOUSEHOLD,123,1
2013-01-04,FOODS_1,FOODS,278,1
2013-01-04,FOODS_2,FOODS,574,1
2013-01-04,FOODS_3,FOODS,2110,1
2013-01-04,HOBBIES_1,HOBBIES,311,1
2013-01-04,HOBBIES_2,HOBBIES,8,1
2013-01-04,HOUSEHOLD_1,HOUSEHOLD,720,1
2013-01-04,HOUSEHOLD_2,HOUSEHOLD,133,1
2013-01-05,FOODS_1,FOODS,328,1
2013-01-05,FOODS_2,FOODS,619,1
2013-01-05,FOODS_3,FOODS,2373,1
2013-01-05,HOBBIES_1,HOBBIES,338,1
2013-01-05,HOBBIES_2,HOBBIES,26,1
2013-01-05,HOUSEHOLD_1,HOUSEHOLD,848,1
2013-01-05,HOUSEHOLD_2,HOUSEHOLD,141,1
2013-01-06,FOODS_1,FOODS,273,1
2013-01-06,FOODS_2,FOODS,713,1
2013-01-06,FOODS_3,FOODS,2571,1
2013-01-06,HOBBIES_1,HOBBIES,301,1
2013-01-06,HOBBIES_2,HOBBIES,14,1
2013-01-06,HOUSEHOLD_1,HOUSEHOLD,838,1
2013-01-06,HOUSEHOLD_2,HOUSEHOLD,145,1
2013-01-07,FOODS_1,FOODS,302,1
2013-01-07,FOODS_2,FOODS,543,1
2013-01-07,FOODS_3,FOODS,2002,1
2013-01-07,HOBBIES_1,HOBBIES,172,1
2013-01-07,HOBBIES_2,HOBBIES,25,1
2013-01-07,HOUSEHOLD_1,HOUSEHOLD,577,1
2013-01-07,HOUSEHOLD_2,HOUSEHOLD,117,1
2013-01-08,FOODS_1,FOODS,248,1
2013-01-08,FOODS_2,FOODS,465,1
2013-01-08,FOODS_3,FOODS,1736,1
2013-01-08,HOBBIES_1,HOBBIES,228,1
2013-01-08,HOBBIES_2,HOBBIES,12,1
2013-01-08,HOUSEHOLD_1,HOUSEHOLD,494,1
2013-01-08,HOUSEHOLD_2,HOUSEHOLD,96,1
2013-01-09,FOODS_1,FOODS,221,1
2013-01-09,FOODS_2,FOODS,473,1
2013-01-09,FOODS_3,FOODS,1424,1
2013-01-09,HOBBIES_1,HOBBIES,237,1
2013-01-09,HOBBIES_2,HOBBIES,14,1
2013-01-09,HOUSEHOLD_1,HOUSEHOLD,348,1
2013-01-09,HOUSEHOLD_2,HOUSEHOLD,63,1
2013-01-10,FOODS_1,FOODS,268,1
2013-01-10,FOODS_2,FOODS,545,1
2013-01-10,FOODS_3,FOODS,1730,1
2013-01-10,HOBBIES_1,HOBBIES,292,1
2013-01-10,HOBBIES_2,HOBBIES,26,1
2013-01-10,HOUSEHOLD_1,HOUSEHOLD,354,1
2013-01-10,HOUSEHOLD_2,HOUSEHOLD,93,1
2013-01-11,FOODS_1,FOODS,295,0
2013-01-11,FOODS_2,FOODS,548,0
2013-01-11,FOODS_3,FOODS,1994,0
2013-01-11,HOBBIES_1,HOBBIES,345,0
2013-01-11,HOBBIES_2,HOBBIES,28,0
2013-01-11,HOUSEHOLD_1,HOUSEHOLD,476,0
2013-01-11,HOUSEHOLD_2,HOUSEHOLD,121,0
2013-01-12,FOODS_1,FOODS,403,0
2013-01-12,FOODS_2,FOODS,639,0
2013-01-12,FOODS_3,FOODS,2652,0
2013-01-12,HOBBIES_1,HOBBIES,317,0
2013-01-12,HOBBIES_2,HOBBIES,32,0
2013-01-12,HOUSEHOLD_1,HOUSEHOLD,594,0
2013-01-12,HOUSEHOLD_2,HOUSEHOLD,144,0
2013-01-13,FOODS_1,FOODS,300,0
2013-01-13,FOODS_2,FOODS,642,0
2013-01-13,FOODS_3,FOODS,2409,0
2013-01-13,HOBBIES_1,HOBBIES,312,0
2013-01-13,HOBBIES_2,HOBBIES,17,0
2013-01-13,HOUSEHOLD_1,HOUSEHOLD,632,0
2013-01-13,HOUSEHOLD_2,HOUSEHOLD,153,0
2013-01-14,FOODS_1,FOODS,220,0
2013-01-14,FOODS_2,FOODS,433,0
2013-01-14,FOODS_3,FOODS,1642,0
2013-01-14,HOBBIES_1,HOBBIES,214,0
2013-01-14,HOBBIES_2,HOBBIES,14,0
2013-01-14,HOUSEHOLD_1,HOUSEHOLD,417,0
2013-01-14,HOUSEHOLD_2,HOUSEHOLD,108,0
2013-01-15,FOODS_1,FOODS,233,0
2013-01-15,FOODS_2,FOODS,472,0
2013-01-15,FOODS_3,FOODS,1489,0
2013-01-15,HOBBIES_1,HOBBIES,227,0
2013-01-15,HOBBIES_2,HOBBIES,22,0
2013-01-15,HOUSEHOLD_1,HOUSEHOLD,351,0
2013-01-15,HOUSEHOLD_2,HOUSEHOLD,97,0
2013-01-16,FOODS_1,FOODS,180,0
2013-01-16,FOODS_2,FOODS,411,0
2013-01-16,FOODS_3,FOODS,1401,0
2013-01-16,HOBBIES_1,HOBBIES,238,0
2013-01-16,HOBBIES_2,HOBBIES,22,0
2013-01-16,HOUSEHOLD_1,HOUSEHOLD,365,0
2013-01-16,HOUSEHOLD_2,HOUSEHOLD,114,0
2013-01-17,FOODS_1,FOODS,246,0
2013-01-17,FOODS_2,FOODS,401,0
2013-01-17,FOODS_3,FOODS,1503,0
2013-01-17,HOBBIES_1,HOBBIES,228,0
2013-01-17,HOBBIES_2,HOBBIES,14,0
2013-01-17,HOUSEHOLD_1,HOUSEHOLD,399,0
2013-01-17,HOUSEHOLD_2,HOUSEHOLD,100,0
2013-01-18,FOODS_1,FOODS,267,0
2013-01-18,FOODS_2,FOODS,462,0
2013-01-18,FOODS_3,FOODS,1890,0
2013-01-18,HOBBIES_1,HOBBIES,290,0
2013-01-18,HOBBIES_2,HOBBIES,24,0
2013-01-18,HOUSEHOLD_1,HOUSEHOLD,605,0
2013-01-18,HOUSEHOLD_2,HOUSEHOLD,160,0
2013-01-19,FOODS_1,FOODS,338,0
2013-01-19,FOODS_2,FOODS,701,0
2013-01-19,FOODS_3,FOODS,2494,0
2013-01-19,HOBBIES_1,HOBBIES,303,0
2013-01-19,HOBBIES_2,HOBBIES,27,0
2013-01-19,HOUSEHOLD_1,HOUSEHOLD,749,0
2013-01-19,HOUSEHOLD_2,HOUSEHOLD,189,0
2013-01-20,FOODS_1,FOODS,273,0
2013-01-20,FOODS_2,FOODS,581,0
2013-01-20,FOODS_3,FOODS,2112,0
2013-01-20,HOBBIES_1,HOBBIES,333,0
2013-01-20,HOBBIES_2,HOBBIES,24,0
2013-01-20,HOUSEHOLD_1,HOUSEHOLD,623,0
2013-01-20,HOUSEHOLD_2,HOUSEHOLD,138,0
2013-01-21,FOODS_1,FOODS,189,0
2013-01-21,FOODS_2,FOODS,543,0
2013-01-21,FOODS_3,FOODS,1805,0
2013-01-21,HOBBIES_1,HOBBIES,324,0
2013-01-21,HOBBIES_2,HOBBIES,23,0
2013-01-21,HOUSEHOLD_1,HOUSEHOLD,552,0
2013-01-21,HOUSEHOLD_2,HOUSEHOLD,130,0
2013-01-22,FOODS_1,FOODS,237,0
2013-01-22,FOODS_2,FOODS,378,0
2013-01-22,FOODS_3,FOODS,1307,0
2013-01-22,HOBBIES_1,HOBBIES,289,0
2013-01-22,HOBBIES_2,HOBBIES,31,0
2013-01-22,HOUSEHOLD_1,HOUSEHOLD,424,0
2013-01-22,HOUSEHOLD_2,HOUSEHOLD,98,0
2013-01-23,FOODS_1,FOODS,246,0
2013-01-23,FOODS_2,FOODS,354,0
2013-01-23,FOODS_3,FOODS,1207,0
2013-01-23,HOBBIES_1,HOBBIES,322,0
2013-01-23,HOBBIES_2,HOBBIES,18,0
2013-01-23,HOUSEHOLD_1,HOUSEHOLD,402,0
2013-01-23,HOUSEHOLD_2,HOUSEHOLD,103,0
2013-01-24,FOODS_1,FOODS,282,0
2013-01-24,FOODS_2,FOODS,395,0
2013-01-24,FOODS_3,FOODS,1180,0
2013-01-24,HOBBIES_1,HOBBIES,429,0
2013-01-24,HOBBIES_2,HOBBIES,21,0
2013-01-24,HOUSEHOLD_1,HOUSEHOLD,361,0
2013-01-24,HOUSEHOLD_2,HOUSEHOLD,110,0
2013-01-25,FOODS_1,FOODS,296,0
2013-01-25,FOODS_2,FOODS,474,0
2013-01-25,FOODS_3,FOODS,1494,0
2013-01-25,HOBBIES_1,HOBBIES,363,0
2013-01-25,HOBBIES_2,HOBBIES,16,0
2013-01-25,HOUSEHOLD_1,HOUSEHOLD,464,0
2013-01-25,HOUSEHOLD_2,HOUSEHOLD,171,0
2013-01-26,FOODS_1,FOODS,359,0
2013-01-26,FOODS_2,FOODS,612,0
2013-01-26,FOODS_3,FOODS,2336,0
2013-01-26,HOBBIES_1,HOBBIES,535,0
2013-01-26,HOBBIES_2,HOBBIES,41,0
2013-01-26,HOUSEHOLD_1,HOUSEHOLD,664,0
2013-01-26,HOUSEHOLD_2,HOUSEHOLD,195,0
2013-01-27,FOODS_1,FOODS,313,0
2013-01-27,FOODS_2,FOODS,633,0
2013-01-27,FOODS_3,FOODS,2156,0
2013-01-27,HOBBIES_1,HOBBIES,414,0
2013-01-27,HOBBIES_2,HOBBIES,43,0
2013-01-27,HOUSEHOLD_1,HOUSEHOLD,690,0
2013-01-27,HOUSEHOLD_2,HOUSEHOLD,195,0
2013-01-28,FOODS_1,FOODS,205,0
2013-01-28,FOODS_2,FOODS,416,0
2013-01-28,FOODS_3,FOODS,1467,0
2013-01-28,HOBBIES_1,HOBBIES,405,0
2013-01-28,HOBBIES_2,HOBBIES,40,0
2013-01-28,HOUSEHOLD_1,HOUSEHOLD,428,0
2013-01-28,HOUSEHOLD_2,HOUSEHOLD,93,0
2013-01-29,FOODS_1,FOODS,245,0
2013-01-29,FOODS_2,FOODS,353,0
2013-01-29,FOODS_3,FOODS,1414,0
2013-01-29,HOBBIES_1,HOBBIES,397,0
2013-01-29,HOBBIES_2,HOBBIES,21,0
2013-01-29,HOUSEHOLD_1,HOUSEHOLD,336,0
2013-01-29,HOUSEHOLD_2,HOUSEHOLD,103,0
2013-01-30,FOODS_1,FOODS,202,0
2013-01-30,FOODS_2,FOODS,309,0
2013-01-30,FOODS_3,FOODS,1206,0
2013-01-30,HOBBIES_1,HOBBIES,255,0
2013-01-30,HOBBIES_2,HOBBIES,27,0
2013-01-30,HOUSEHOLD_1,HOUSEHOLD,270,0
2013-01-30,HOUSEHOLD_2,HOUSEHOLD,120,0
2013-01-31,FOODS_1,FOODS,259,0
2013-01-31,FOODS_2,FOODS,390,0
2013-01-31,FOODS_3,FOODS,1467,0
2013-01-31,HOBBIES_1,HOBBIES,346,0
2013-01-31,HOBBIES_2,HOBBIES,24,0
2013-01-31,HOUSEHOLD_1,HOUSEHOLD,381,0
2013-01-31,HOUSEHOLD_2,HOUSEHOLD,117,0
2013-02-01,FOODS_1,FOODS,345,1
2013-02-01,FOODS_2,FOODS,553,1
2013-02-01,FOODS_3,FOODS,2141,1
2013-02-01,HOBBIES_1,HOBBIES,785,1
2013-02-01,HOBBIES_2,HOBBIES,30,1
2013-02-01,HOUSEHOLD_1,HOUSEHOLD,509,1
2013-02-01,HOUSEHOLD_2,HOUSEHOLD,163,1
2013-02-02,FOODS_1,FOODS,411,1
2013-02-02,FOODS_2,FOODS,854,1
2013-02-02,FOODS_3,FOODS,3207,1
2013-02-02,HOBBIES_1,HOBBIES,758,1
2013-02-02,HOBBIES_2,HOBBIES,65,1
2013-02-02,HOUSEHOLD_1,HOUSEHOLD,694,1
2013-02-02,HOUSEHOLD_2,HOUSEHOLD,243,1
2013-02-03,FOODS_1,FOODS,225,1
2013-02-03,FOODS_2,FOODS,430,1
2013-02-03,FOODS_3,FOODS,2391,1
2013-02-03,HOBBIES_1,HOBBIES,261,1
2013-02-03,HOBBIES_2,HOBBIES,27,1
2013-02-03,HOUSEHOLD_1,HOUSEHOLD,538,1
2013-02-03,HOUSEHOLD_2,HOUSEHOLD,146,1
2013-02-04,FOODS_1,FOODS,201,1
2013-02-04,FOODS_2,FOODS,403,1
2013-02-04,FOODS_3,FOODS,1610,1
2013-02-04,HOBBIES_1,HOBBIES,283,1
2013-02-04,HOBBIES_2,HOBBIES,14,1
2013-02-04,HOUSEHOLD_1,HOUSEHOLD,450,1
2013-02-04,HOUSEHOLD_2,HOUSEHOLD,131,1
2013-02-05,FOODS_1,FOODS,247,1
2013-02-05,FOODS_2,FOODS,413,1
2013-02-05,FOODS_3,FOODS,1592,1
2013-02-05,HOBBIES_1,HOBBIES,208,1
2013-02-05,HOBBIES_2,HOBBIES,19,1
2013-02-05,HOUSEHOLD_1,HOUSEHOLD,379,1
2013-02-05,HOUSEHOLD_2,HOUSEHOLD,108,1
2013-02-06,FOODS_1,FOODS,248,1
2013-02-06,FOODS_2,FOODS,381,1
2013-02-06,FOODS_3,FOODS,1654,1
2013-02-06,HOBBIES_1,HOBBIES,324,1
2013-02-06,HOBBIES_2,HOBBIES,15,1
2013-02-06,HOUSEHOLD_1,HOUSEHOLD,359,1
2013-02-06,HOUSEHOLD_2,HOUSEHOLD,116,1
2013-02-07,FOODS_1,FOODS,338,1
2013-02-07,FOODS_2,FOODS,440,1
2013-02-07,FOODS_3,FOODS,1664,1
2013-02-07,HOBBIES_1,HOBBIES,247,1
2013-02-07,HOBBIES_2,HOBBIES,34,1
2013-02-07,HOUSEHOLD_1,HOUSEHOLD,443,1
2013-02-07,HOUSEHOLD_2,HOUSEHOLD,128,1
2013-02-08,FOODS_1,FOODS,406,1
2013-02-08,FOODS_2,FOODS,468,1
2013-02-08,FOODS_3,FOODS,1975,1
2013-02-08,HOBBIES_1,HOBBIES,269,1
2013-02-08,HOBBIES_2,HOBBIES,38,1
2013-02-08,HOUSEHOLD_1,HOUSEHOLD,548,1
2013-02-08,HOUSEHOLD_2,HOUSEHOLD,175,1
2013-02-09,FOODS_1,FOODS,478,1
2013-02-09,FOODS_2,FOODS,616,1
2013-02-09,FOODS_3,FOODS,2749,1
2013-02-09,HOBBIES_1,HOBBIES,418,1
2013-02-09,HOBBIES_2,HOBBIES,38,1
2013-02-09,HOUSEHOLD_1,HOUSEHOLD,822,1
2013-02-09,HOUSEHOLD_2,HOUSEHOLD,225,1
2013-02-10,FOODS_1,FOODS,380,1
2013-02-10,FOODS_2,FOODS,757,1
2013-02-10,FOODS_3,FOODS,2832,1
2013-02-10,HOBBIES_1,HOBBIES,499,1
2013-02-10,HOBBIES_2,HOBBIES,24,1
2013-02-10,HOUSEHOLD_1,HOUSEHOLD,802,1
2013-02-10,HOUSEHOLD_2,HOUSEHOLD,205,1
2013-02-11,FOODS_1,FOODS,323,0
2013-02-11,FOODS_2,FOODS,635,0
2013-02-11,FOODS_3,FOODS,1927,0
2013-02-11,HOBBIES_1,HOBBIES,453,0
2013-02-11,HOBBIES_2,HOBBIES,32,0
2013-02-11,HOUSEHOLD_1,HOUSEHOLD,535,0
2013-02-11,HOUSEHOLD_2,HOUSEHOLD,149,0
2013-02-12,FOODS_1,FOODS,279,0
2013-02-12,FOODS_2,FOODS,405,0
2013-02-12,FOODS_3,FOODS,1481,0
2013-02-12,HOBBIES_1,HOBBIES,475,0
2013-02-12,HOBBIES_2,HOBBIES,9,0
2013-02-12,HOUSEHOLD_1,HOUSEHOLD,452,0
2013-02-12,HOUSEHOLD_2,HOUSEHOLD,141,0
2013-02-13,FOODS_1,FOODS,507,0
2013-02-13,FOODS_2,FOODS,338,0
2013-02-13,FOODS_3,FOODS,1696,0
2013-02-13,HOBBIES_1,HOBBIES,415,0
2013-02-13,HOBBIES_2,HOBBIES,33,0
2013-02-13,HOUSEHOLD_1,HOUSEHOLD,410,0
2013-02-13,HOUSEHOLD_2,HOUSEHOLD,115,0
2013-02-14,FOODS_1,FOODS,354,0
2013-02-14,FOODS_2,FOODS,267,0
2013-02-14,FOODS_3,FOODS,1424,0
2013-02-14,HOBBIES_1,HOBBIES,322,0
2013-02-14,HOBBIES_2,HOBBIES,14,0
2013-02-14,HOUSEHOLD_1,HOUSEHOLD,337,0
2013-02-14,HOUSEHOLD_2,HOUSEHOLD,102,0
2013-02-15,FOODS_1,FOODS,326,0
2013-02-15,FOODS_2,FOODS,479,0
2013-02-15,FOODS_3,FOODS,1960,0
2013-02-15,HOBBIES_1,HOBBIES,591,0
2013-02-15,HOBBIES_2,HOBBIES,23,0
2013-02-15,HOUSEHOLD_1,HOUSEHOLD,541,0
2013-02-15,HOUSEHOLD_2,HOUSEHOLD,201,0
2013-02-16,FOODS_1,FOODS,293,0
2013-02-16,FOODS_2,FOODS,589,0
2013-02-16,FOODS_3,FOODS,2468,0
2013-02-16,HOBBIES_1,HOBBIES,629,0
2013-02-16,HOBBIES_2,HOBBIES,7,0
2013-02-16,HOUSEHOLD_1,HOUSEHOLD,704,0
2013-02-16,HOUSEHOLD_2,HOUSEHOLD,241,0
2013-02-17,FOODS_1,FOODS,288,0
2013-02-17,FOODS_2,FOODS,628,0
2013-02-17,FOODS_3,FOODS,2366,0
2013-02-17,HOBBIES_1,HOBBIES,471,0
2013-02-17,HOBBIES_2,HOBBIES,23,0
2013-02-17,HOUSEHOLD_1,HOUSEHOLD,883,0
2013-02-17,HOUSEHOLD_2,HOUSEHOLD,225,0
2013-02-18,FOODS_1,FOODS,250,0
2013-02-18,FOODS_2,FOODS,589,0
2013-02-18,FOODS_3,FOODS,1752,0
2013-02-18,HOBBIES_1,HOBBIES,418,0
2013-02-18,HOBBIES_2,HOBBIES,23,0
2013-02-18,HOUSEHOLD_1,HOUSEHOLD,691,0
2013-02-18,HOUSEHOLD_2,HOUSEHOLD,224,0
2013-02-19,FOODS_1,FOODS,191,0
2013-02-19,FOODS_2,FOODS,444,0
2013-02-19,FOODS_3,FOODS,1354,0
2013-02-19,HOBBIES_1,HOBBIES,343,0
2013-02-19,HOBBIES_2,HOBBIES,26,0
2013-02-19,HOUSEHOLD_1,HOUSEHOLD,403,0
2013-02-19,HOUSEHOLD_2,HOUSEHOLD,106,0
2013-02-20,FOODS_1,FOODS,273,0
2013-02-20,FOODS_2,FOODS,436,0
2013-02-20,FOODS_3,FOODS,1577,0
2013-02-20,HOBBIES_1,HOBBIES,425,0
2013-02-20,HOBBIES_2,HOBBIES,21,0
2013-02-20,HOUSEHOLD_1,HOUSEHOLD,397,0
2013-02-20,HOUSEHOLD_2,HOUSEHOLD,103,0
2013-02-21,FOODS_1,FOODS,310,0
2013-02-21,FOODS_2,FOODS,391,0
2013-02-21,FOODS_3,FOODS,1608,0
2013-02-21,HOBBIES_1,HOBBIES,416,0
2013-02-21,HOBBIES_2,HOBBIES,28,0
2013-02-21,HOUSEHOLD_1,HOUSEHOLD,515,0
2013-02-21,HOUSEHOLD_2,HOUSEHOLD,140,0
2013-02-22,FOODS_1,FOODS,313,0
2013-02-22,FOODS_2,FOODS,508,0
2013-02-22,FOODS_3,FOODS,1969,0
2013-02-22,HOBBIES_1,HOBBIES,522,0
2013-02-22,HOBBIES_2,HOBBIES,18,0
2013-02-22,HOUSEHOLD_1,HOUSEHOLD,590,0
2013-02-22,HOUSEHOLD_2,HOUSEHOLD,178,0
2013-02-23,FOODS_1,FOODS,341,0
2013-02-23,FOODS_2,FOODS,587,0
2013-02-23,FOODS_3,FOODS,2280,0
2013-02-23,HOBBIES_1,HOBBIES,550,0
2013-02-23,HOBBIES_2,HOBBIES,68,0
2013-02-23,HOUSEHOLD_1,HOUSEHOLD,809,0
2013-02-23,HOUSEHOLD_2,HOUSEHOLD,200,0
2013-02-24,FOODS_1,FOODS,293,0
2013-02-24,FOODS_2,FOODS,652,0
2013-02-24,FOODS_3,FOODS,2284,0
2013-02-24,HOBBIES_1,HOBBIES,465,0
2013-02-24,HOBBIES_2,HOBBIES,56,0
2013-02-24,HOUSEHOLD_1,HOUSEHOLD,738,0
2013-02-24,HOUSEHOLD_2,HOUSEHOLD,223,0
2013-02-25,FOODS_1,FOODS,192,0
2013-02-25,FOODS_2,FOODS,488,0
2013-02-25,FOODS_3,FOODS,1581,0
2013-02-25,HOBBIES_1,HOBBIES,515,0
2013-02-25,HOBBIES_2,HOBBIES,16,0
2013-02-25,HOUSEHOLD_1,HOUSEHOLD,480,0
2013-02-25,HOUSEHOLD_2,HOUSEHOLD,144,0
2013-02-26,FOODS_1,FOODS,202,0
2013-02-26,FOODS_2,FOODS,370,0
2013-02-26,FOODS_3,FOODS,1454,0
2013-02-26,HOBBIES_1,HOBBIES,314,0
2013-02-26,HOBBIES_2,HOBBIES,22,0
2013-02-26,HOUSEHOLD_1,HOUSEHOLD,373,0
2013-02-26,HOUSEHOLD_2,HOUSEHOLD,115,0
2013-02-27,FOODS_1,FOODS,197,0
2013-02-27,FOODS_2,FOODS,345,0
2013-02-27,FOODS_3,FOODS,1494,0
2013-02-27,HOBBIES_1,HOBBIES,394,0
2013-02-27,HOBBIES_2,HOBBIES,18,0
2013-02-27,HOUSEHOLD_1,HOUSEHOLD,392,0
2013-02-27,HOUSEHOLD_2,HOUSEHOLD,113,0
2013-02-28,FOODS_1,FOODS,210,0
2013-02-28,FOODS_2,FOODS,359,0
2013-02-28,FOODS_3,FOODS,1536,0
2013-02-28,HOBBIES_1,HOBBIES,387,0
2013-02-28,HOBBIES_2,HOBBIES,29,0
2013-02-28,HOUSEHOLD_1,HOUSEHOLD,448,0
2013-02-28,HOUSEHOLD_2,HOUSEHOLD,155,0
2013-03-01,FOODS_1,FOODS,260,1
2013-03-01,FOODS_2,FOODS,496,1
2013-03-01,FOODS_3,FOODS,1943,1
2013-03-01,HOBBIES_1,HOBBIES,561,1
2013-03-01,HOBBIES_2,HOBBIES,12,1
2013-03-01,HOUSEHOLD_1,HOUSEHOLD,632,1
2013-03-01,HOUSEHOLD_2,HOUSEHOLD,187,1
2013-03-02,FOODS_1,FOODS,336,1
2013-03-02,FOODS_2,FOODS,713,1
2013-03-02,FOODS_3,FOODS,2631,1
2013-03-02,HOBBIES_1,HOBBIES,665,1
2013-03-02,HOBBIES_2,HOBBIES,30,1
2013-03-02,HOUSEHOLD_1,HOUSEHOLD,854,1
2013-03-02,HOUSEHOLD_2,HOUSEHOLD,239,1
2013-03-03,FOODS_1,FOODS,326,1
2013-03-03,FOODS_2,FOODS,816,1
2013-03-03,FOODS_3,FOODS,2864,1
2013-03-03,HOBBIES_1,HOBBIES,432,1
2013-03-03,HOBBIES_2,HOBBIES,19,1
2013-03-03,HOUSEHOLD_1,HOUSEHOLD,818,1
2013-03-03,HOUSEHOLD_2,HOUSEHOLD,245,1
2013-03-04,FOODS_1,FOODS,193,1
2013-03-04,FOODS_2,FOODS,579,1
2013-03-04,FOODS_3,FOODS,1884,1
2013-03-04,HOBBIES_1,HOBBIES,365,1
2013-03-04,HOBBIES_2,HOBBIES,12,1
2013-03-04,HOUSEHOLD_1,HOUSEHOLD,507,1
2013-03-04,HOUSEHOLD_2,HOUSEHOLD,138,1
2013-03-05,FOODS_1,FOODS,243,1
2013-03-05,FOODS_2,FOODS,446,1
2013-03-05,FOODS_3,FOODS,1639,1
2013-03-05,HOBBIES_1,HOBBIES,277,1
2013-03-05,HOBBIES_2,HOBBIES,5,1
2013-03-05,HOUSEHOLD_1,HOUSEHOLD,441,1
2013-03-05,HOUSEHOLD_2,HOUSEHOLD,131,1
2013-03-06,FOODS_1,FOODS,262,1
2013-03-06,FOODS_2,FOODS,431,1
2013-03-06,FOODS_3,FOODS,1763,1
2013-03-06,HOBBIES_1,HOBBIES,219,1
2013-03-06,HOBBIES_2,HOBBIES,5,1
2013-03-06,HOUSEHOLD_1,HOUSEHOLD,408,1
2013-03-06,HOUSEHOLD_2,HOUSEHOLD,100,1
2013-03-07,FOODS_1,FOODS,228,1
2013-03-07,FOODS_2,FOODS,430,1
2013-03-07,FOODS_3,FOODS,1666,1
2013-03-07,HOBBIES_1,HOBBIES,195,1
2013-03-07,HOBBIES_2,HOBBIES,11,1
2013-03-07,HOUSEHOLD_1,HOUSEHOLD,407,1
2013-03-07,HOUSEHOLD_2,HOUSEHOLD,133,1
2013-03-08,FOODS_1,FOODS,331,1
2013-03-08,FOODS_2,FOODS,569,1
2013-03-08,FOODS_3,FOODS,2078,1
2013-03-08,HOBBIES_1,HOBBIES,288,1
2013-03-08,HOBBIES_2,HOBBIES,17,1
2013-03-08,HOUSEHOLD_1,HOUSEHOLD,477,1
2013-03-08,HOUSEHOLD_2,HOUSEHOLD,183,1
2013-03-09,FOODS_1,FOODS,443,1
2013-03-09,FOODS_2,FOODS,634,1
2013-03-09,FOODS_3,FOODS,2544,1
2013-03-09,HOBBIES_1,HOBBIES,443,1
2013-03-09,HOBBIES_2,HOBBIES,23,1
2013-03-09,HOUSEHOLD_1,HOUSEHOLD,685,1
2013-03-09,HOUSEHOLD_2,HOUSEHOLD,226,1
2013-03-10,FOODS_1,FOODS,310,1
2013-03-10,FOODS_2,FOODS,693,1
2013-03-10,FOODS_3,FOODS,2476,1
2013-03-10,HOBBIES_1,HOBBIES,491,1
2013-03-10,HOBBIES_2,HOBBIES,22,1
2013-03-10,HOUSEHOLD_1,HOUSEHOLD,686,1
2013-03-10,HOUSEHOLD_2,HOUSEHOLD,225,1
2013-03-11,FOODS_1,FOODS,242,0
2013-03-11,FOODS_2,FOODS,540,0
2013-03-11,FOODS_3,FOODS,1747,0
2013-03-11,HOBBIES_1,HOBBIES,409,0
2013-03-11,HOBBIES_2,HOBBIES,4,0
2013-03-11,HOUSEHOLD_1,HOUSEHOLD,558,0
2013-03-11,HOUSEHOLD_2,HOUSEHOLD,138,0
2013-03-12,FOODS_1,FOODS,191,0
2013-03-12,FOODS_2,FOODS,431,0
2013-03-12,FOODS_3,FOODS,1527,0
2013-03-12,HOBBIES_1,HOBBIES,317,0
2013-03-12,HOBBIES_2,HOBBIES,9,0
2013-03-12,HOUSEHOLD_1,HOUSEHOLD,473,0
2013-03-12,HOUSEHOLD_2,HOUSEHOLD,137,0
2013-03-13,FOODS_1,FOODS,250,0
2013-03-13,FOODS_2,FOODS,315,0
2013-03-13,FOODS_3,FOODS,1420,0
2013-03-13,HOBBIES_1,HOBBIES,371,0
2013-03-13,HOBBIES_2,HOBBIES,14,0
2013-03-13,HOUSEHOLD_1,HOUSEHOLD,420,0
2013-03-13,HOUSEHOLD_2,HOUSEHOLD,118,0
2013-03-14,FOODS_1,FOODS,256,0
2013-03-14,FOODS_2,FOODS,361,0
2013-03-14,FOODS_3,FOODS,1546,0
2013-03-14,HOBBIES_1,HOBBIES,410,0
2013-03-14,HOBBIES_2,HOBBIES,24,0
2013-03-14,HOUSEHOLD_1,HOUSEHOLD,479,0
2013-03-14,HOUSEHOLD_2,HOUSEHOLD,138,0
2013-03-15,FOODS_1,FOODS,402,0
2013-03-15,FOODS_2,FOODS,472,0
2013-03-15,FOODS_3,FOODS,1884,0
2013-03-15,HOBBIES_1,HOBBIES,486,0
2013-03-15,HOBBIES_2,HOBBIES,23,0
2013-03-15,HOUSEHOLD_1,HOUSEHOLD,544,0
2013-03-15,HOUSEHOLD_2,HOUSEHOLD,147,0
2013-03-16,FOODS_1,FOODS,441,0
2013-03-16,FOODS_2,FOODS,561,0
2013-03-16,FOODS_3,FOODS,2376,0
2013-03-16,HOBBIES_1,HOBBIES,552,0
2013-03-16,HOBBIES_2,HOBBIES,17,0
2013-03-16,HOUSEHOLD_1,HOUSEHOLD,776,0
2013-03-16,HOUSEHOLD_2,HOUSEHOLD,251,0
2013-03-17,FOODS_1,FOODS,308,0
2013-03-17,FOODS_2,FOODS,549,0
2013-03-17,FOODS_3,FOODS,2425,0
2013-03-17,HOBBIES_1,HOBBIES,544,0
2013-03-17,HOBBIES_2,HOBBIES,12,0
2013-03-17,HOUSEHOLD_1,HOUSEHOLD,816,0
2013-03-17,HOUSEHOLD_2,HOUSEHOLD,235,0
2013-03-18,FOODS_1,FOODS,173,0
2013-03-18,FOODS_2,FOODS,399,0
2013-03-18,FOODS_3,FOODS,1453,0
2013-03-18,HOBBIES_1,HOBBIES,315,0
2013-03-18,HOBBIES_2,HOBBIES,7,0
2013-03-18,HOUSEHOLD_1,HOUSEHOLD,546,0
2013-03-18,HOUSEHOLD_2,HOUSEHOLD,140,0
2013-03-19,FOODS_1,FOODS,235,0
2013-03-19,FOODS_2,FOODS,351,0
2013-03-19,FOODS_3,FOODS,1398,0
2013-03-19,HOBBIES_1,HOBBIES,453,0
2013-03-19,HOBBIES_2,HOBBIES,16,0
2013-03-19,HOUSEHOLD_1,HOUSEHOLD,374,0
2013-03-19,HOUSEHOLD_2,HOUSEHOLD,123,0
2013-03-20,FOODS_1,FOODS,216,0
2013-03-20,FOODS_2,FOODS,396,0
2013-03-20,FOODS_3,FOODS,1622,0
2013-03-20,HOBBIES_1,HOBBIES,371,0
2013-03-20,HOBBIES_2,HOBBIES,18,0
2013-03-20,HOUSEHOLD_1,HOUSEHOLD,452,0
2013-03-20,HOUSEHOLD_2,HOUSEHOLD,140,0
2013-03-21,FOODS_1,FOODS,251,0
2013-03-21,FOODS_2,FOODS,346,0
2013-03-21,FOODS_3,FOODS,1549,0
2013-03-21,HOBBIES_1,HOBBIES,412,0
2013-03-21,HOBBIES_2,HOBBIES,12,0
2013-03-21,HOUSEHOLD_1,HOUSEHOLD,458,0
2013-03-21,HOUSEHOLD_2,HOUSEHOLD,160,0
2013-03-22,FOODS_1,FOODS,371,0
2013-03-22,FOODS_2,FOODS,390,0
2013-03-22,FOODS_3,FOODS,2028,0
2013-03-22,HOBBIES_1,HOBBIES,451,0
2013-03-22,HOBBIES_2,HOBBIES,26,0
2013-03-22,HOUSEHOLD_1,HOUSEHOLD,614,0
2013-03-22,HOUSEHOLD_2,HOUSEHOLD,187,0
2013-03-23,FOODS_1,FOODS,396,0
2013-03-23,FOODS_2,FOODS,433,0
2013-03-23,FOODS_3,FOODS,2399,0
2013-03-23,HOBBIES_1,HOBBIES,560,0
2013-03-23,HOBBIES_2,HOBBIES,16,0
2013-03-23,HOUSEHOLD_1,HOUSEHOLD,691,0
2013-03-23,HOUSEHOLD_2,HOUSEHOLD,229,0
2013-03-24,FOODS_1,FOODS,375,0
2013-03-24,FOODS_2,FOODS,447,0
2013-03-24,FOODS_3,FOODS,2458,0
2013-03-24,HOBBIES_1,HOBBIES,376,0
2013-03-24,HOBBIES_2,HOBBIES,19,0
2013-03-24,HOUSEHOLD_1,HOUSEHOLD,863,0
2013-03-24,HOUSEHOLD_2,HOUSEHOLD,255,0
2013-03-25,FOODS_1,FOODS,330,0
2013-03-25,FOODS_2,FOODS,386,0
2013-03-25,FOODS_3,FOODS,1630,0
2013-03-25,HOBBIES_1,HOBBIES,302,0
2013-03-25,HOBBIES_2,HOBBIES,14,0
2013-03-25,HOUSEHOLD_1,HOUSEHOLD,534,0
2013-03-25,HOUSEHOLD_2,HOUSEHOLD,170,0
2013-03-26,FOODS_1,FOODS,281,0
2013-03-26,FOODS_2,FOODS,296,0
2013-03-26,FOODS_3,FOODS,1615,0
2013-03-26,HOBBIES_1,HOBBIES,210,0
2013-03-26,HOBBIES_2,HOBBIES,11,0
2013-03-26,HOUSEHOLD_1,HOUSEHOLD,538,0
2013-03-26,HOUSEHOLD_2,HOUSEHOLD,159,0
2013-03-27,FOODS_1,FOODS,302,0
2013-03-27,FOODS_2,FOODS,309,0
2013-03-27,FOODS_3,FOODS,1472,0
2013-03-27,HOBBIES_1,HOBBIES,254,0
2013-03-27,HOBBIES_2,HOBBIES,12,0
2013-03-27,HOUSEHOLD_1,HOUSEHOLD,475,0
2013-03-27,HOUSEHOLD_2,HOUSEHOLD,149,0
2013-03-28,FOODS_1,FOODS,394,0
2013-03-28,FOODS_2,FOODS,341,0
2013-03-28,FOODS_3,FOODS,1926,0
2013-03-28,HOBBIES_1,HOBBIES,280,0
2013-03-28,HOBBIES_2,HOBBIES,11,0
2013-03-28,HOUSEHOLD_1,HOUSEHOLD,554,0
2013-03-28,HOUSEHOLD_2,HOUSEHOLD,139,0
2013-03-29,FOODS_1,FOODS,398,0
2013-03-29,FOODS_2,FOODS,442,0
2013-03-29,FOODS_3,FOODS,2434,0
2013-03-29,HOBBIES_1,HOBBIES,360,0
2013-03-29,HOBBIES_2,HOBBIES,15,0
2013-03-29,HOUSEHOLD_1,HOUSEHOLD,617,0
2013-03-29,HOUSEHOLD_2,HOUSEHOLD,202,0
2013-03-30,FOODS_1,FOODS,615,0
2013-03-30,FOODS_2,FOODS,503,0
2013-03-30,FOODS_3,FOODS,3296,0
2013-03-30,HOBBIES_1,HOBBIES,444,0
2013-03-30,HOBBIES_2,HOBBIES,21,0
2013-03-30,HOUSEHOLD_1,HOUSEHOLD,829,0
2013-03-30,HOUSEHOLD_2,HOUSEHOLD,270,0
2013-03-31,FOODS_1,FOODS,349,0
2013-03-31,FOODS_2,FOODS,316,0
2013-03-31,FOODS_3,FOODS,2526,0
2013-03-31,HOBBIES_1,HOBBIES,325,0
2013-03-31,HOBBIES_2,HOBBIES,18,0
2013-03-31,HOUSEHOLD_1,HOUSEHOLD,552,0
2013-03-31,HOUSEHOLD_2,HOUSEHOLD,193,0
2013-04-01,FOODS_1,FOODS,199,1
2013-04-01,FOODS_2,FOODS,371,1
2013-04-01,FOODS_3,FOODS,1731,1
2013-04-01,HOBBIES_1,HOBBIES,491,1
2013-04-01,HOBBIES_2,HOBBIES,9,1
2013-04-01,HOUSEHOLD_1,HOUSEHOLD,601,1
2013-04-01,HOUSEHOLD_2,HOUSEHOLD,143,1
2013-04-02,FOODS_1,FOODS,217,1
2013-04-02,FOODS_2,FOODS,415,1
2013-04-02,FOODS_3,FOODS,1863,1
2013-04-02,HOBBIES_1,HOBBIES,488,1
2013-04-02,HOBBIES_2,HOBBIES,13,1
2013-04-02,HOUSEHOLD_1,HOUSEHOLD,555,1
2013-04-02,HOUSEHOLD_2,HOUSEHOLD,124,1
2013-04-03,FOODS_1,FOODS,181,1
2013-04-03,FOODS_2,FOODS,413,1
2013-04-03,FOODS_3,FOODS,2002,1
2013-04-03,HOBBIES_1,HOBBIES,535,1
2013-04-03,HOBBIES_2,HOBBIES,10,1
2013-04-03,HOUSEHOLD_1,HOUSEHOLD,610,1
2013-04-03,HOUSEHOLD_2,HOUSEHOLD,173,1
2013-04-04,FOODS_1,FOODS,246,1
2013-04-04,FOODS_2,FOODS,417,1
2013-04-04,FOODS_3,FOODS,1939,1
2013-04-04,HOBBIES_1,HOBBIES,594,1
2013-04-04,HOBBIES_2,HOBBIES,18,1
2013-04-04,HOUSEHOLD_1,HOUSEHOLD,551,1
2013-04-04,HOUSEHOLD_2,HOUSEHOLD,173,1
2013-04-05,FOODS_1,FOODS,320,1
2013-04-05,FOODS_2,FOODS,397,1
2013-04-05,FOODS_3,FOODS,2275,1
2013-04-05,HOBBIES_1,HOBBIES,565,1
2013-04-05,HOBBIES_2,HOBBIES,15,1
2013-04-05,HOUSEHOLD_1,HOUSEHOLD,625,1
2013-04-05,HOUSEHOLD_2,HOUSEHOLD,191,1
2013-04-06,FOODS_1,FOODS,340,1
2013-04-06,FOODS_2,FOODS,590,1
2013-04-06,FOODS_3,FOODS,2742,1
2013-04-06,HOBBIES_1,HOBBIES,635,1
2013-04-06,HOBBIES_2,HOBBIES,23,1
2013-04-06,HOUSEHOLD_1,HOUSEHOLD,838,1
2013-04-06,HOUSEHOLD_2,HOUSEHOLD,217,1
2013-04-07,FOODS_1,FOODS,273,1
2013-04-07,FOODS_2,FOODS,580,1
2013-04-07,FOODS_3,FOODS,2999,1
2013-04-07,HOBBIES_1,HOBBIES,538,1
2013-04-07,HOBBIES_2,HOBBIES,31,1
2013-04-07,HOUSEHOLD_1,HOUSEHOLD,1014,1
2013-04-07,HOUSEHOLD_2,HOUSEHOLD,248,1
2013-04-08,FOODS_1,FOODS,190,1
2013-04-08,FOODS_2,FOODS,482,1
2013-04-08,FOODS_3,FOODS,1948,1
2013-04-08,HOBBIES_1,HOBBIES,402,1
2013-04-08,HOBBIES_2,HOBBIES,7,1
2013-04-08,HOUSEHOLD_1,HOUSEHOLD,695,1
2013-04-08,HOUSEHOLD_2,HOUSEHOLD,177,1
2013-04-09,FOODS_1,FOODS,210,1
2013-04-09,FOODS_2,FOODS,409,1
2013-04-09,FOODS_3,FOODS,1931,1
2013-04-09,HOBBIES_1,HOBBIES,462,1
2013-04-09,HOBBIES_2,HOBBIES,13,1
2013-04-09,HOUSEHOLD_1,HOUSEHOLD,622,1
2013-04-09,HOUSEHOLD_2,HOUSEHOLD,162,1
2013-04-10,FOODS_1,FOODS,250,1
2013-04-10,FOODS_2,FOODS,370,1
2013-04-10,FOODS_3,FOODS,1991,1
2013-04-10,HOBBIES_1,HOBBIES,383,1
2013-04-10,HOBBIES_2,HOBBIES,18,1
2013-04-10,HOUSEHOLD_1,HOUSEHOLD,499,1
2013-04-10,HOUSEHOLD_2,HOUSEHOLD,142,1
2013-04-11,FOODS_1,FOODS,294,0
2013-04-11,FOODS_2,FOODS,363,0
2013-04-11,FOODS_3,FOODS,1856,0
2013-04-11,HOBBIES_1,HOBBIES,355,0
2013-04-11,HOBBIES_2,HOBBIES,27,0
2013-04-11,HOUSEHOLD_1,HOUSEHOLD,573,0
2013-04-11,HOUSEHOLD_2,HOUSEHOLD,173,0
2013-04-12,FOODS_1,FOODS,285,0
2013-04-12,FOODS_2,FOODS,340,0
2013-04-12,FOODS_3,FOODS,1951,0
2013-04-12,HOBBIES_1,HOBBIES,508,0
2013-04-12,HOBBIES_2,HOBBIES,17,0
2013-04-12,HOUSEHOLD_1,HOUSEHOLD,538,0
2013-04-12,HOUSEHOLD_2,HOUSEHOLD,186,0
2013-04-13,FOODS_1,FOODS,327,0
2013-04-13,FOODS_2,FOODS,505,0
2013-04-13,FOODS_3,FOODS,2423,0
2013-04-13,HOBBIES_1,HOBBIES,484,0
2013-04-13,HOBBIES_2,HOBBIES,18,0
2013-04-13,HOUSEHOLD_1,HOUSEHOLD,761,0
2013-04-13,HOUSEHOLD_2,HOUSEHOLD,219,0
2013-04-14,FOODS_1,FOODS,310,0
2013-04-14,FOODS_2,FOODS,479,0
2013-04-14,FOODS_3,FOODS,2425,0
2013-04-14,HOBBIES_1,HOBBIES,670,0
2013-04-14,HOBBIES_2,HOBBIES,15,0
2013-04-14,HOUSEHOLD_1,HOUSEHOLD,894,0
2013-04-14,HOUSEHOLD_2,HOUSEHOLD,279,0
2013-04-15,FOODS_1,FOODS,205,0
2013-04-15,FOODS_2,FOODS,442,0
2013-04-15,FOODS_3,FOODS,1663,0
2013-04-15,HOBBIES_1,HOBBIES,340,0
2013-04-15,HOBBIES_2,HOBBIES,6,0
2013-04-15,HOUSEHOLD_1,HOUSEHOLD,625,0
2013-04-15,HOUSEHOLD_2,HOUSEHOLD,147,0
2013-04-16,FOODS_1,FOODS,208,0
2013-04-16,FOODS_2,FOODS,281,0
2013-04-16,FOODS_3,FOODS,1457,0
2013-04-16,HOBBIES_1,HOBBIES,452,0
2013-04-16,HOBBIES_2,HOBBIES,22,0
2013-04-16,HOUSEHOLD_1,HOUSEHOLD,466,0
2013-04-16,HOUSEHOLD_2,HOUSEHOLD,130,0
2013-04-17,FOODS_1,FOODS,216,0
2013-04-17,FOODS_2,FOODS,343,0
2013-04-17,FOODS_3,FOODS,1569,0
2013-04-17,HOBBIES_1,HOBBIES,341,0
2013-04-17,HOBBIES_2,HOBBIES,30,0
2013-04-17,HOUSEHOLD_1,HOUSEHOLD,434,0
2013-04-17,HOUSEHOLD_2,HOUSEHOLD,146,0
2013-04-18,FOODS_1,FOODS,205,0
2013-04-18,FOODS_2,FOODS,279,0
2013-04-18,FOODS_3,FOODS,1529,0
2013-04-18,HOBBIES_1,HOBBIES,427,0
2013-04-18,HOBBIES_2,HOBBIES,11,0
2013-04-18,HOUSEHOLD_1,HOUSEHOLD,413,0
2013-04-18,HOUSEHOLD_2,HOUSEHOLD,187,0
2013-04-19,FOODS_1,FOODS,279,0
2013-04-19,FOODS_2,FOODS,327,0
2013-04-19,FOODS_3,FOODS,2074,0
2013-04-19,HOBBIES_1,HOBBIES,424,0
2013-04-19,HOBBIES_2,HOBBIES,36,0
2013-04-19,HOUSEHOLD_1,HOUSEHOLD,527,0
2013-04-19,HOUSEHOLD_2,HOUSEHOLD,220,0
2013-04-20,FOODS_1,FOODS,332,0
2013-04-20,FOODS_2,FOODS,439,0
2013-04-20,FOODS_3,FOODS,2562,0
2013-04-20,HOBBIES_1,HOBBIES,591,0
2013-04-20,HOBBIES_2,HOBBIES,17,0
2013-04-20,HOUSEHOLD_1,HOUSEHOLD,727,0
2013-04-20,HOUSEHOLD_2,HOUSEHOLD,255,0
2013-04-21,FOODS_1,FOODS,271,0
2013-04-21,FOODS_2,FOODS,439,0
2013-04-21,FOODS_3,FOODS,2696,0
2013-04-21,HOBBIES_1,HOBBIES,531,0
2013-04-21,HOBBIES_2,HOBBIES,21,0
2013-04-21,HOUSEHOLD_1,HOUSEHOLD,786,0
2013-04-21,HOUSEHOLD_2,HOUSEHOLD,287,0
2013-04-22,FOODS_1,FOODS,199,0
2013-04-22,FOODS_2,FOODS,402,0
2013-04-22,FOODS_3,FOODS,1816,0
2013-04-22,HOBBIES_1,HOBBIES,466,0
2013-04-22,HOBBIES_2,HOBBIES,22,0
2013-04-22,HOUSEHOLD_1,HOUSEHOLD,556,0
2013-04-22,HOUSEHOLD_2,HOUSEHOLD,164,0
2013-04-23,FOODS_1,FOODS,200,0
2013-04-23,FOODS_2,FOODS,338,0
2013-04-23,FOODS_3,FOODS,1418,0
2013-04-23,HOBBIES_1,HOBBIES,495,0
2013-04-23,HOBBIES_2,HOBBIES,17,0
2013-04-23,HOUSEHOLD_1,HOUSEHOLD,435,0
2013-04-23,HOUSEHOLD_2,HOUSEHOLD,134,0
2013-04-24,FOODS_1,FOODS,220,0
2013-04-24,FOODS_2,FOODS,323,0
2013-04-24,FOODS_3,FOODS,1572,0
2013-04-24,HOBBIES_1,HOBBIES,332,0
2013-04-24,HOBBIES_2,HOBBIES,16,0
2013-04-24,HOUSEHOLD_1,HOUSEHOLD,473,0
2013-04-24,HOUSEHOLD_2,HOUSEHOLD,137,0
2013-04-25,FOODS_1,FOODS,256,0
2013-04-25,FOODS_2,FOODS,309,0
2013-04-25,FOODS_3,FOODS,1561,0
2013-04-25,HOBBIES_1,HOBBIES,403,0
2013-04-25,HOBBIES_2,HOBBIES,39,0
2013-04-25,HOUSEHOLD_1,HOUSEHOLD,474,0
2013-04-25,HOUSEHOLD_2,HOUSEHOLD,152,0
2013-04-26,FOODS_1,FOODS,322,0
2013-04-26,FOODS_2,FOODS,373,0
2013-04-26,FOODS_3,FOODS,1811,0
2013-04-26,HOBBIES_1,HOBBIES,539,0
2013-04-26,HOBBIES_2,HOBBIES,20,0
2013-04-26,HOUSEHOLD_1,HOUSEHOLD,567,0
2013-04-26,HOUSEHOLD_2,HOUSEHOLD,211,0
2013-04-27,FOODS_1,FOODS,326,0
2013-04-27,FOODS_2,FOODS,444,0
2013-04-27,FOODS_3,FOODS,2303,0
2013-04-27,HOBBIES_1,HOBBIES,633,0
2013-04-27,HOBBIES_2,HOBBIES,33,0
2013-04-27,HOUSEHOLD_1,HOUSEHOLD,688,0
2013-04-27,HOUSEHOLD_2,HOUSEHOLD,238,0
2013-04-28,FOODS_1,FOODS,258,0
2013-04-28,FOODS_2,FOODS,506,0
2013-04-28,FOODS_3,FOODS,2555,0
2013-04-28,HOBBIES_1,HOBBIES,338,0
2013-04-28,HOBBIES_2,HOBBIES,29,0
2013-04-28,HOUSEHOLD_1,HOUSEHOLD,791,0
2013-04-28,HOUSEHOLD_2,HOUSEHOLD,246,0
2013-04-29,FOODS_1,FOODS,152,0
2013-04-29,FOODS_2,FOODS,378,0
2013-04-29,FOODS_3,FOODS,1942,0
2013-04-29,HOBBIES_1,HOBBIES,216,0
2013-04-29,HOBBIES_2,HOBBIES,7,0
2013-04-29,HOUSEHOLD_1,HOUSEHOLD,482,0
2013-04-29,HOUSEHOLD_2,HOUSEHOLD,161,0
2013-04-30,FOODS_1,FOODS,233,0
2013-04-30,FOODS_2,FOODS,349,0
2013-04-30,FOODS_3,FOODS,1702,0
2013-04-30,HOBBIES_1,HOBBIES,320,0
2013-04-30,HOBBIES_2,HOBBIES,21,0
2013-04-30,HOUSEHOLD_1,HOUSEHOLD,489,0
2013-04-30,HOUSEHOLD_2,HOUSEHOLD,162,0
2013-05-01,FOODS_1,FOODS,217,1
2013-05-01,FOODS_2,FOODS,406,1
2013-05-01,FOODS_3,FOODS,1728,1
2013-05-01,HOBBIES_1,HOBBIES,336,1
2013-05-01,HOBBIES_2,HOBBIES,25,1
2013-05-01,HOUSEHOLD_1,HOUSEHOLD,566,1
2013-05-01,HOUSEHOLD_2,HOUSEHOLD,178,1
2013-05-02,FOODS_1,FOODS,208,1
2013-05-02,FOODS_2,FOODS,395,1
2013-05-02,FOODS_3,FOODS,2015,1
2013-05-02,HOBBIES_1,HOBBIES,260,1
2013-05-02,HOBBIES_2,HOBBIES,28,1
2013-05-02,HOUSEHOLD_1,HOUSEHOLD,536,1
2013-05-02,HOUSEHOLD_2,HOUSEHOLD,162,1
2013-05-03,FOODS_1,FOODS,310,1
2013-05-03,FOODS_2,FOODS,457,1
2013-05-03,FOODS_3,FOODS,2520,1
2013-05-03,HOBBIES_1,HOBBIES,277,1
2013-05-03,HOBBIES_2,HOBBIES,21,1
2013-05-03,HOUSEHOLD_1,HOUSEHOLD,628,1
2013-05-03,HOUSEHOLD_2,HOUSEHOLD,242,1
2013-05-04,FOODS_1,FOODS,380,1
2013-05-04,FOODS_2,FOODS,623,1
2013-05-04,FOODS_3,FOODS,2828,1
2013-05-04,HOBBIES_1,HOBBIES,341,1
2013-05-04,HOBBIES_2,HOBBIES,27,1
2013-05-04,HOUSEHOLD_1,HOUSEHOLD,761,1
2013-05-04,HOUSEHOLD_2,HOUSEHOLD,265,1
2013-05-05,FOODS_1,FOODS,307,1
2013-05-05,FOODS_2,FOODS,666,1
2013-05-05,FOODS_3,FOODS,2819,1
2013-05-05,HOBBIES_1,HOBBIES,462,1
2013-05-05,HOBBIES_2,HOBBIES,12,1
2013-05-05,HOUSEHOLD_1,HOUSEHOLD,964,1
2013-05-05,HOUSEHOLD_2,HOUSEHOLD,274,1
2013-05-06,FOODS_1,FOODS,291,1
2013-05-06,FOODS_2,FOODS,666,1
2013-05-06,FOODS_3,FOODS,2118,1
2013-05-06,HOBBIES_1,HOBBIES,343,1
2013-05-06,HOBBIES_2,HOBBIES,8,1
2013-05-06,HOUSEHOLD_1,HOUSEHOLD,664,1
2013-05-06,HOUSEHOLD_2,HOUSEHOLD,167,1
2013-05-07,FOODS_1,FOODS,272,1
2013-05-07,FOODS_2,FOODS,417,1
2013-05-07,FOODS_3,FOODS,1947,1
2013-05-07,HOBBIES_1,HOBBIES,324,1
2013-05-07,HOBBIES_2,HOBBIES,17,1
2013-05-07,HOUSEHOLD_1,HOUSEHOLD,529,1
2013-05-07,HOUSEHOLD_2,HOUSEHOLD,139,1
2013-05-08,FOODS_1,FOODS,271,1
2013-05-08,FOODS_2,FOODS,421,1
2013-05-08,FOODS_3,FOODS,1734,1
2013-05-08,HOBBIES_1,HOBBIES,385,1
2013-05-08,HOBBIES_2,HOBBIES,20,1
2013-05-08,HOUSEHOLD_1,HOUSEHOLD,540,1
2013-05-08,HOUSEHOLD_2,HOUSEHOLD,171,1
2013-05-09,FOODS_1,FOODS,318,1
2013-05-09,FOODS_2,FOODS,435,1
2013-05-09,FOODS_3,FOODS,1876,1
2013-05-09,HOBBIES_1,HOBBIES,353,1
2013-05-09,HOBBIES_2,HOBBIES,20,1
2013-05-09,HOUSEHOLD_1,HOUSEHOLD,483,1
2013-05-09,HOUSEHOLD_2,HOUSEHOLD,148,1
2013-05-10,FOODS_1,FOODS,377,1
2013-05-10,FOODS_2,FOODS,466,1
2013-05-10,FOODS_3,FOODS,2174,1
2013-05-10,HOBBIES_1,HOBBIES,477,1
2013-05-10,HOBBIES_2,HOBBIES,26,1
2013-05-10,HOUSEHOLD_1,HOUSEHOLD,592,1
2013-05-10,HOUSEHOLD_2,HOUSEHOLD,180,1
2013-05-11,FOODS_1,FOODS,464,0
2013-05-11,FOODS_2,FOODS,586,0
2013-05-11,FOODS_3,FOODS,3150,0
2013-05-11,HOBBIES_1,HOBBIES,712,0
2013-05-11,HOBBIES_2,HOBBIES,19,0
2013-05-11,HOUSEHOLD_1,HOUSEHOLD,841,0
2013-05-11,HOUSEHOLD_2,HOUSEHOLD,269,0
2013-05-12,FOODS_1,FOODS,318,0
2013-05-12,FOODS_2,FOODS,440,0
2013-05-12,FOODS_3,FOODS,2507,0
2013-05-12,HOBBIES_1,HOBBIES,336,0
2013-05-12,HOBBIES_2,HOBBIES,21,0
2013-05-12,HOUSEHOLD_1,HOUSEHOLD,651,0
2013-05-12,HOUSEHOLD_2,HOUSEHOLD,213,0
2013-05-13,FOODS_1,FOODS,221,0
2013-05-13,FOODS_2,FOODS,477,0
2013-05-13,FOODS_3,FOODS,1893,0
2013-05-13,HOBBIES_1,HOBBIES,341,0
2013-05-13,HOBBIES_2,HOBBIES,25,0
2013-05-13,HOUSEHOLD_1,HOUSEHOLD,659,0
2013-05-13,HOUSEHOLD_2,HOUSEHOLD,175,0
2013-05-14,FOODS_1,FOODS,273,0
2013-05-14,FOODS_2,FOODS,369,0
2013-05-14,FOODS_3,FOODS,1717,0
2013-05-14,HOBBIES_1,HOBBIES,412,0
2013-05-14,HOBBIES_2,HOBBIES,16,0
2013-05-14,HOUSEHOLD_1,HOUSEHOLD,592,0
2013-05-14,HOUSEHOLD_2,HOUSEHOLD,185,0
2013-05-15,FOODS_1,FOODS,234,0
2013-05-15,FOODS_2,FOODS,403,0
2013-05-15,FOODS_3,FOODS,1723,0
2013-05-15,HOBBIES_1,HOBBIES,402,0
2013-05-15,HOBBIES_2,HOBBIES,13,0
2013-05-15,HOUSEHOLD_1,HOUSEHOLD,556,0
2013-05-15,HOUSEHOLD_2,HOUSEHOLD,161,0
2013-05-16,FOODS_1,FOODS,345,0
2013-05-16,FOODS_2,FOODS,417,0
2013-05-16,FOODS_3,FOODS,1787,0
2013-05-16,HOBBIES_1,HOBBIES,370,0
2013-05-16,HOBBIES_2,HOBBIES,31,0
2013-05-16,HOUSEHOLD_1,HOUSEHOLD,573,0
2013-05-16,HOUSEHOLD_2,HOUSEHOLD,178,0
2013-05-17,FOODS_1,FOODS,368,0
2013-05-17,FOODS_2,FOODS,407,0
2013-05-17,FOODS_3,FOODS,2060,0
2013-05-17,HOBBIES_1,HOBBIES,467,0
2013-05-17,HOBBIES_2,HOBBIES,15,0
2013-05-17,HOUSEHOLD_1,HOUSEHOLD,617,0
2013-05-17,HOUSEHOLD_2,HOUSEHOLD,192,0
2013-05-18,FOODS_1,FOODS,367,0
2013-05-18,FOODS_2,FOODS,496,0
2013-05-18,FOODS_3,FOODS,2299,0
2013-05-18,HOBBIES_1,HOBBIES,545,0
2013-05-18,HOBBIES_2,HOBBIES,20,0
2013-05-18,HOUSEHOLD_1,HOUSEHOLD,755,0
2013-05-18,HOUSEHOLD_2,HOUSEHOLD,264,0
2013-05-19,FOODS_1,FOODS,336,0
2013-05-19,FOODS_2,FOODS,659,0
2013-05-19,FOODS_3,FOODS,2779,0
2013-05-19,HOBBIES_1,HOBBIES,512,0
2013-05-19,HOBBIES_2,HOBBIES,19,0
2013-05-19,HOUSEHOLD_1,HOUSEHOLD,899,0
2013-05-19,HOUSEHOLD_2,HOUSEHOLD,266,0
2013-05-20,FOODS_1,FOODS,236,0
2013-05-20,FOODS_2,FOODS,454,0
2013-05-20,FOODS_3,FOODS,1967,0
2013-05-20,HOBBIES_1,HOBBIES,542,0
2013-05-20,HOBBIES_2,HOBBIES,33,0
2013-05-20,HOUSEHOLD_1,HOUSEHOLD,662,0
2013-05-20,HOUSEHOLD_2,HOUSEHOLD,169,0
2013-05-21,FOODS_1,FOODS,317,0
2013-05-21,FOODS_2,FOODS,396,0
2013-05-21,FOODS_3,FOODS,1738,0
2013-05-21,HOBBIES_1,HOBBIES,439,0
2013-05-21,HOBBIES_2,HOBBIES,23,0
2013-05-21,HOUSEHOLD_1,HOUSEHOLD,542,0
2013-05-21,HOUSEHOLD_2,HOUSEHOLD,171,0
2013-05-22,FOODS_1,FOODS,298,0
2013-05-22,FOODS_2,FOODS,296,0
2013-05-22,FOODS_3,FOODS,1675,0
2013-05-22,HOBBIES_1,HOBBIES,493,0
2013-05-22,HOBBIES_2,HOBBIES,31,0
2013-05-22,HOUSEHOLD_1,HOUSEHOLD,481,0
2013-05-22,HOUSEHOLD_2,HOUSEHOLD,199,0
2013-05-23,FOODS_1,FOODS,374,0
2013-05-23,FOODS_2,FOODS,343,0
2013-05-23,FOODS_3,FOODS,1749,0
2013-05-23,HOBBIES_1,HOBBIES,400,0
2013-05-23,HOBBIES_2,HOBBIES,31,0
2013-05-23,HOUSEHOLD_1,HOUSEHOLD,500,0
2013-05-23,HOUSEHOLD_2,HOUSEHOLD,183,0
2013-05-24,FOODS_1,FOODS,474,0
2013-05-24,FOODS_2,FOODS,384,0
2013-05-24,FOODS_3,FOODS,2152,0
2013-05-24,HOBBIES_1,HOBBIES,524,0
2013-05-24,HOBBIES_2,HOBBIES,10,0
2013-05-24,HOUSEHOLD_1,HOUSEHOLD,613,0
2013-05-24,HOUSEHOLD_2,HOUSEHOLD,233,0
2013-05-25,FOODS_1,FOODS,439,0
2013-05-25,FOODS_2,FOODS,387,0
2013-05-25,FOODS_3,FOODS,2356,0
2013-05-25,HOBBIES_1,HOBBIES,583,0
2013-05-25,HOBBIES_2,HOBBIES,27,0
2013-05-25,HOUSEHOLD_1,HOUSEHOLD,699,0
2013-05-25,HOUSEHOLD_2,HOUSEHOLD,275,0
2013-05-26,FOODS_1,FOODS,385,0
2013-05-26,FOODS_2,FOODS,361,0
2013-05-26,FOODS_3,FOODS,2230,0
2013-05-26,HOBBIES_1,HOBBIES,516,0
2013-05-26,HOBBIES_2,HOBBIES,21,0
2013-05-26,HOUSEHOLD_1,HOUSEHOLD,679,0
2013-05-26,HOUSEHOLD_2,HOUSEHOLD,224,0
2013-05-27,FOODS_1,FOODS,319,0
2013-05-27,FOODS_2,FOODS,462,0
2013-05-27,FOODS_3,FOODS,2204,0
2013-05-27,HOBBIES_1,HOBBIES,461,0
2013-05-27,HOBBIES_2,HOBBIES,20,0
2013-05-27,HOUSEHOLD_1,HOUSEHOLD,713,0
2013-05-27,HOUSEHOLD_2,HOUSEHOLD,211,0
2013-05-28,FOODS_1,FOODS,329,0
2013-05-28,FOODS_2,FOODS,324,0
2013-05-28,FOODS_3,FOODS,1647,0
2013-05-28,HOBBIES_1,HOBBIES,500,0
2013-05-28,HOBBIES_2,HOBBIES,7,0
2013-05-28,HOUSEHOLD_1,HOUSEHOLD,584,0
2013-05-28,HOUSEHOLD_2,HOUSEHOLD,184,0
2013-05-29,FOODS_1,FOODS,354,0
2013-05-29,FOODS_2,FOODS,271,0
2013-05-29,FOODS_3,FOODS,1485,0
2013-05-29,HOBBIES_1,HOBBIES,334,0
2013-05-29,HOBBIES_2,HOBBIES,10,0
2013-05-29,HOUSEHOLD_1,HOUSEHOLD,506,0
2013-05-29,HOUSEHOLD_2,HOUSEHOLD,144,0
2013-05-30,FOODS_1,FOODS,301,0
2013-05-30,FOODS_2,FOODS,319,0
2013-05-30,FOODS_3,FOODS,1701,0
2013-05-30,HOBBIES_1,HOBBIES,420,0
2013-05-30,HOBBIES_2,HOBBIES,18,0
2013-05-30,HOUSEHOLD_1,HOUSEHOLD,487,0
2013-05-30,HOUSEHOLD_2,HOUSEHOLD,193,0
2013-05-31,FOODS_1,FOODS,451,0
2013-05-31,FOODS_2,FOODS,424,0
2013-05-31,FOODS_3,FOODS,2220,0
2013-05-31,HOBBIES_1,HOBBIES,451,0
2013-05-31,HOBBIES_2,HOBBIES,19,0
2013-05-31,HOUSEHOLD_1,HOUSEHOLD,614,0
2013-05-31,HOUSEHOLD_2,HOUSEHOLD,214,0
2013-06-01,FOODS_1,FOODS,431,1
2013-06-01,FOODS_2,FOODS,482,1
2013-06-01,FOODS_3,FOODS,2943,1
2013-06-01,HOBBIES_1,HOBBIES,622,1
2013-06-01,HOBBIES_2,HOBBIES,35,1
2013-06-01,HOUSEHOLD_1,HOUSEHOLD,870,1
2013-06-01,HOUSEHOLD_2,HOUSEHOLD,271,1
2013-06-02,FOODS_1,FOODS,371,1
2013-06-02,FOODS_2,FOODS,632,1
2013-06-02,FOODS_3,FOODS,2979,1
2013-06-02,HOBBIES_1,HOBBIES,671,1
2013-06-02,HOBBIES_2,HOBBIES,34,1
2013-06-02,HOUSEHOLD_1,HOUSEHOLD,1018,1
2013-06-02,HOUSEHOLD_2,HOUSEHOLD,282,1
2013-06-03,FOODS_1,FOODS,344,1
2013-06-03,FOODS_2,FOODS,519,1
2013-06-03,FOODS_3,FOODS,2103,1
2013-06-03,HOBBIES_1,HOBBIES,630,1
2013-06-03,HOBBIES_2,HOBBIES,26,1
2013-06-03,HOUSEHOLD_1,HOUSEHOLD,740,1
2013-06-03,HOUSEHOLD_2,HOUSEHOLD,240,1
2013-06-04,FOODS_1,FOODS,286,1
2013-06-04,FOODS_2,FOODS,446,1
2013-06-04,FOODS_3,FOODS,1962,1
2013-06-04,HOBBIES_1,HOBBIES,374,1
2013-06-04,HOBBIES_2,HOBBIES,14,1
2013-06-04,HOUSEHOLD_1,HOUSEHOLD,586,1
2013-06-04,HOUSEHOLD_2,HOUSEHOLD,189,1
2013-06-05,FOODS_1,FOODS,351,1
2013-06-05,FOODS_2,FOODS,389,1
2013-06-05,FOODS_3,FOODS,2102,1
2013-06-05,HOBBIES_1,HOBBIES,604,1
2013-06-05,HOBBIES_2,HOBBIES,19,1
2013-06-05,HOUSEHOLD_1,HOUSEHOLD,549,1
2013-06-05,HOUSEHOLD_2,HOUSEHOLD,160,1
2013-06-06,FOODS_1,FOODS,295,1
2013-06-06,FOODS_2,FOODS,275,1
2013-06-06,FOODS_3,FOODS,1550,1
2013-06-06,HOBBIES_1,HOBBIES,379,1
2013-06-06,HOBBIES_2,HOBBIES,17,1
2013-06-06,HOUSEHOLD_1,HOUSEHOLD,417,1
2013-06-06,HOUSEHOLD_2,HOUSEHOLD,115,1
2013-06-07,FOODS_1,FOODS,396,1
2013-06-07,FOODS_2,FOODS,500,1
2013-06-07,FOODS_3,FOODS,2462,1
2013-06-07,HOBBIES_1,HOBBIES,566,1
2013-06-07,HOBBIES_2,HOBBIES,21,1
2013-06-07,HOUSEHOLD_1,HOUSEHOLD,612,1
2013-06-07,HOUSEHOLD_2,HOUSEHOLD,226,1
2013-06-08,FOODS_1,FOODS,473,1
2013-06-08,FOODS_2,FOODS,539,1
2013-06-08,FOODS_3,FOODS,2999,1
2013-06-08,HOBBIES_1,HOBBIES,557,1
2013-06-08,HOBBIES_2,HOBBIES,24,1
2013-06-08,HOUSEHOLD_1,HOUSEHOLD,866,1
2013-06-08,HOUSEHOLD_2,HOUSEHOLD,256,1
2013-06-09,FOODS_1,FOODS,365,1
2013-06-09,FOODS_2,FOODS,704,1
2013-06-09,FOODS_3,FOODS,3117,1
2013-06-09,HOBBIES_1,HOBBIES,652,1
2013-06-09,HOBBIES_2,HOBBIES,18,1
2013-06-09,HOUSEHOLD_1,HOUSEHOLD,974,1
2013-06-09,HOUSEHOLD_2,HOUSEHOLD,261,1
2013-06-10,FOODS_1,FOODS,380,1
2013-06-10,FOODS_2,FOODS,566,1
2013-06-10,FOODS_3,FOODS,2390,1
2013-06-10,HOBBIES_1,HOBBIES,500,1
2013-06-10,HOBBIES_2,HOBBIES,16,1
2013-06-10,HOUSEHOLD_1,HOUSEHOLD,641,1
2013-06-10,HOUSEHOLD_2,HOUSEHOLD,179,1
2013-06-11,FOODS_1,FOODS,288,0
2013-06-11,FOODS_2,FOODS,410,0
2013-06-11,FOODS_3,FOODS,1914,0
2013-06-11,HOBBIES_1,HOBBIES,425,0
2013-06-11,HOBBIES_2,HOBBIES,38,0
2013-06-11,HOUSEHOLD_1,HOUSEHOLD,583,0
2013-06-11,HOUSEHOLD_2,HOUSEHOLD,201,0
2013-06-12,FOODS_1,FOODS,305,0
2013-06-12,FOODS_2,FOODS,395,0
2013-06-12,FOODS_3,FOODS,1949,0
2013-06-12,HOBBIES_1,HOBBIES,472,0
2013-06-12,HOBBIES_2,HOBBIES,17,0
2013-06-12,HOUSEHOLD_1,HOUSEHOLD,476,0
2013-06-12,HOUSEHOLD_2,HOUSEHOLD,151,0
2013-06-13,FOODS_1,FOODS,335,0
2013-06-13,FOODS_2,FOODS,361,0
2013-06-13,FOODS_3,FOODS,2042,0
2013-06-13,HOBBIES_1,HOBBIES,451,0
2013-06-13,HOBBIES_2,HOBBIES,19,0
2013-06-13,HOUSEHOLD_1,HOUSEHOLD,536,0
2013-06-13,HOUSEHOLD_2,HOUSEHOLD,166,0
2013-06-14,FOODS_1,FOODS,429,0
2013-06-14,FOODS_2,FOODS,426,0
2013-06-14,FOODS_3,FOODS,2668,0
2013-06-14,HOBBIES_1,HOBBIES,446,0
2013-06-14,HOBBIES_2,HOBBIES,12,0
2013-06-14,HOUSEHOLD_1,HOUSEHOLD,588,0
2013-06-14,HOUSEHOLD_2,HOUSEHOLD,213,0
2013-06-15,FOODS_1,FOODS,445,0
2013-06-15,FOODS_2,FOODS,553,0
2013-06-15,FOODS_3,FOODS,2938,0
2013-06-15,HOBBIES_1,HOBBIES,577,0
2013-06-15,HOBBIES_2,HOBBIES,26,0
2013-06-15,HOUSEHOLD_1,HOUSEHOLD,732,0
2013-06-15,HOUSEHOLD_2,HOUSEHOLD,255,0
2013-06-16,FOODS_1,FOODS,330,0
2013-06-16,FOODS_2,FOODS,448,0
2013-06-16,FOODS_3,FOODS,2595,0
2013-06-16,HOBBIES_1,HOBBIES,451,0
2013-06-16,HOBBIES_2,HOBBIES,10,0
2013-06-16,HOUSEHOLD_1,HOUSEHOLD,676,0
2013-06-16,HOUSEHOLD_2,HOUSEHOLD,208,0
2013-06-17,FOODS_1,FOODS,279,0
2013-06-17,FOODS_2,FOODS,396,0
2013-06-17,FOODS_3,FOODS,1949,0
2013-06-17,HOBBIES_1,HOBBIES,485,0
2013-06-17,HOBBIES_2,HOBBIES,19,0
2013-06-17,HOUSEHOLD_1,HOUSEHOLD,524,0
2013-06-17,HOUSEHOLD_2,HOUSEHOLD,164,0
2013-06-18,FOODS_1,FOODS,279,0
2013-06-18,FOODS_2,FOODS,367,0
2013-06-18,FOODS_3,FOODS,1884,0
2013-06-18,HOBBIES_1,HOBBIES,474,0
2013-06-18,HOBBIES_2,HOBBIES,21,0
2013-06-18,HOUSEHOLD_1,HOUSEHOLD,579,0
2013-06-18,HOUSEHOLD_2,HOUSEHOLD,168,0
2013-06-19,FOODS_1,FOODS,287,0
2013-06-19,FOODS_2,FOODS,355,0
2013-06-19,FOODS_3,FOODS,1604,0
2013-06-19,HOBBIES_1,HOBBIES,365,0
2013-06-19,HOBBIES_2,HOBBIES,14,0
2013-06-19,HOUSEHOLD_1,HOUSEHOLD,531,0
2013-06-19,HOUSEHOLD_2,HOUSEHOLD,194,0
2013-06-20,FOODS_1,FOODS,343,0
2013-06-20,FOODS_2,FOODS,358,0
2013-06-20,FOODS_3,FOODS,1866,0
2013-06-20,HOBBIES_1,HOBBIES,414,0
2013-06-20,HOBBIES_2,HOBBIES,20,0
2013-06-20,HOUSEHOLD_1,HOUSEHOLD,577,0
2013-06-20,HOUSEHOLD_2,HOUSEHOLD,192,0
2013-06-21,FOODS_1,FOODS,359,0
2013-06-21,FOODS_2,FOODS,379,0
2013-06-21,FOODS_3,FOODS,2570,0
2013-06-21,HOBBIES_1,HOBBIES,595,0
2013-06-21,HOBBIES_2,HOBBIES,34,0
2013-06-21,HOUSEHOLD_1,HOUSEHOLD,712,0
2013-06-21,HOUSEHOLD_2,HOUSEHOLD,221,0
2013-06-22,FOODS_1,FOODS,450,0
2013-06-22,FOODS_2,FOODS,464,0
2013-06-22,FOODS_3,FOODS,2852,0
2013-06-22,HOBBIES_1,HOBBIES,468,0
2013-06-22,HOBBIES_2,HOBBIES,27,0
2013-06-22,HOUSEHOLD_1,HOUSEHOLD,702,0
2013-06-22,HOUSEHOLD_2,HOUSEHOLD,250,0
2013-06-23,FOODS_1,FOODS,430,0
2013-06-23,FOODS_2,FOODS,621,0
2013-06-23,FOODS_3,FOODS,2739,0
2013-06-23,HOBBIES_1,HOBBIES,551,0
2013-06-23,HOBBIES_2,HOBBIES,20,0
2013-06-23,HOUSEHOLD_1,HOUSEHOLD,882,0
2013-06-23,HOUSEHOLD_2,HOUSEHOLD,262,0
2013-06-24,FOODS_1,FOODS,353,0
2013-06-24,FOODS_2,FOODS,447,0
2013-06-24,FOODS_3,FOODS,1859,0
2013-06-24,HOBBIES_1,HOBBIES,486,0
2013-06-24,HOBBIES_2,HOBBIES,13,0
2013-06-24,HOUSEHOLD_1,HOUSEHOLD,642,0
2013-06-24,HOUSEHOLD_2,HOUSEHOLD,185,0
2013-06-25,FOODS_1,FOODS,297,0
2013-06-25,FOODS_2,FOODS,385,0
2013-06-25,FOODS_3,FOODS,1616,0
2013-06-25,HOBBIES_1,HOBBIES,549,0
2013-06-25,HOBBIES_2,HOBBIES,9,0
2013-06-25,HOUSEHOLD_1,HOUSEHOLD,593,0
2013-06-25,HOUSEHOLD_2,HOUSEHOLD,192,0
2013-06-26,FOODS_1,FOODS,318,0
2013-06-26,FOODS_2,FOODS,324,0
2013-06-26,FOODS_3,FOODS,1995,0
2013-06-26,HOBBIES_1,HOBBIES,397,0
2013-06-26,HOBBIES_2,HOBBIES,11,0
2013-06-26,HOUSEHOLD_1,HOUSEHOLD,488,0
2013-06-26,HOUSEHOLD_2,HOUSEHOLD,186,0
2013-06-27,FOODS_1,FOODS,270,0
2013-06-27,FOODS_2,FOODS,350,0
2013-06-27,FOODS_3,FOODS,1990,0
2013-06-27,HOBBIES_1,HOBBIES,357,0
2013-06-27,HOBBIES_2,HOBBIES,10,0
2013-06-27,HOUSEHOLD_1,HOUSEHOLD,498,0
2013-06-27,HOUSEHOLD_2,HOUSEHOLD,160,0
2013-06-28,FOODS_1,FOODS,318,0
2013-06-28,FOODS_2,FOODS,414,0
2013-06-28,FOODS_3,FOODS,2919,0
2013-06-28,HOBBIES_1,HOBBIES,410,0
2013-06-28,HOBBIES_2,HOBBIES,22,0
2013-06-28,HOUSEHOLD_1,HOUSEHOLD,588,0
2013-06-28,HOUSEHOLD_2,HOUSEHOLD,224,0
2013-06-29,FOODS_1,FOODS,404,0
2013-06-29,FOODS_2,FOODS,454,0
2013-06-29,FOODS_3,FOODS,3217,0
2013-06-29,HOBBIES_1,HOBBIES,387,0
2013-06-29,HOBBIES_2,HOBBIES,12,0
2013-06-29,HOUSEHOLD_1,HOUSEHOLD,751,0
2013-06-29,HOUSEHOLD_2,HOUSEHOLD,260,0
2013-06-30,FOODS_1,FOODS,400,0
2013-06-30,FOODS_2,FOODS,480,0
2013-06-30,FOODS_3,FOODS,3197,0
2013-06-30,HOBBIES_1,HOBBIES,553,0
2013-06-30,HOBBIES_2,HOBBIES,22,0
2013-06-30,HOUSEHOLD_1,HOUSEHOLD,873,0
2013-06-30,HOUSEHOLD_2,HOUSEHOLD,257,0
2013-07-01,FOODS_1,FOODS,320,1
2013-07-01,FOODS_2,FOODS,504,1
2013-07-01,FOODS_3,FOODS,2848,1
2013-07-01,HOBBIES_1,HOBBIES,501,1
2013-07-01,HOBBIES_2,HOBBIES,15,1
2013-07-01,HOUSEHOLD_1,HOUSEHOLD,693,1
2013-07-01,HOUSEHOLD_2,HOUSEHOLD,171,1
2013-07-02,FOODS_1,FOODS,362,1
2013-07-02,FOODS_2,FOODS,402,1
2013-07-02,FOODS_3,FOODS,2795,1
2013-07-02,HOBBIES_1,HOBBIES,337,1
2013-07-02,HOBBIES_2,HOBBIES,29,1
2013-07-02,HOUSEHOLD_1,HOUSEHOLD,612,1
2013-07-02,HOUSEHOLD_2,HOUSEHOLD,208,1
2013-07-03,FOODS_1,FOODS,398,1
2013-07-03,FOODS_2,FOODS,423,1
2013-07-03,FOODS_3,FOODS,3053,1
2013-07-03,HOBBIES_1,HOBBIES,545,1
2013-07-03,HOBBIES_2,HOBBIES,20,1
2013-07-03,HOUSEHOLD_1,HOUSEHOLD,683,1
2013-07-03,HOUSEHOLD_2,HOUSEHOLD,173,1
2013-07-04,FOODS_1,FOODS,354,1
2013-07-04,FOODS_2,FOODS,378,1
2013-07-04,FOODS_3,FOODS,2772,1
2013-07-04,HOBBIES_1,HOBBIES,438,1
2013-07-04,HOBBIES_2,HOBBIES,17,1
2013-07-04,HOUSEHOLD_1,HOUSEHOLD,524,1
2013-07-04,HOUSEHOLD_2,HOUSEHOLD,124,1
2013-07-05,FOODS_1,FOODS,495,1
2013-07-05,FOODS_2,FOODS,524,1
2013-07-05,FOODS_3,FOODS,2780,1
2013-07-05,HOBBIES_1,HOBBIES,457,1
2013-07-05,HOBBIES_2,HOBBIES,19,1
2013-07-05,HOUSEHOLD_1,HOUSEHOLD,656,1
2013-07-05,HOUSEHOLD_2,HOUSEHOLD,173,1
2013-07-06,FOODS_1,FOODS,490,1
2013-07-06,FOODS_2,FOODS,428,1
2013-07-06,FOODS_3,FOODS,2527,1
2013-07-06,HOBBIES_1,HOBBIES,473,1
2013-07-06,HOBBIES_2,HOBBIES,11,1
2013-07-06,HOUSEHOLD_1,HOUSEHOLD,695,1
2013-07-06,HOUSEHOLD_2,HOUSEHOLD,229,1
2013-07-07,FOODS_1,FOODS,415,1
2013-07-07,FOODS_2,FOODS,700,1
2013-07-07,FOODS_3,FOODS,3221,1
2013-07-07,HOBBIES_1,HOBBIES,525,1
2013-07-07,HOBBIES_2,HOBBIES,29,1
2013-07-07,HOUSEHOLD_1,HOUSEHOLD,942,1
2013-07-07,HOUSEHOLD_2,HOUSEHOLD,233,1
2013-07-08,FOODS_1,FOODS,350,1
2013-07-08,FOODS_2,FOODS,580,1
2013-07-08,FOODS_3,FOODS,2324,1
2013-07-08,HOBBIES_1,HOBBIES,359,1
2013-07-08,HOBBIES_2,HOBBIES,27,1
2013-07-08,HOUSEHOLD_1,HOUSEHOLD,604,1
2013-07-08,HOUSEHOLD_2,HOUSEHOLD,186,1
2013-07-09,FOODS_1,FOODS,367,1
2013-07-09,FOODS_2,FOODS,503,1
2013-07-09,FOODS_3,FOODS,2211,1
2013-07-09,HOBBIES_1,HOBBIES,335,1
2013-07-09,HOBBIES_2,HOBBIES,15,1
2013-07-09,HOUSEHOLD_1,HOUSEHOLD,565,1
2013-07-09,HOUSEHOLD_2,HOUSEHOLD,180,1
2013-07-10,FOODS_1,FOODS,311,1
2013-07-10,FOODS_2,FOODS,559,1
2013-07-10,FOODS_3,FOODS,2255,1
2013-07-10,HOBBIES_1,HOBBIES,313,1
2013-07-10,HOBBIES_2,HOBBIES,17,1
2013-07-10,HOUSEHOLD_1,HOUSEHOLD,547,1
2013-07-10,HOUSEHOLD_2,HOUSEHOLD,181,1
2013-07-11,FOODS_1,FOODS,344,0
2013-07-11,FOODS_2,FOODS,452,0
2013-07-11,FOODS_3,FOODS,2092,0
2013-07-11,HOBBIES_1,HOBBIES,384,0
2013-07-11,HOBBIES_2,HOBBIES,11,0
2013-07-11,HOUSEHOLD_1,HOUSEHOLD,519,0
2013-07-11,HOUSEHOLD_2,HOUSEHOLD,174,0
2013-07-12,FOODS_1,FOODS,437,0
2013-07-12,FOODS_2,FOODS,439,0
2013-07-12,FOODS_3,FOODS,2500,0
2013-07-12,HOBBIES_1,HOBBIES,519,0
2013-07-12,HOBBIES_2,HOBBIES,24,0
2013-07-12,HOUSEHOLD_1,HOUSEHOLD,796,0
2013-07-12,HOUSEHOLD_2,HOUSEHOLD,195,0
2013-07-13,FOODS_1,FOODS,465,0
2013-07-13,FOODS_2,FOODS,541,0
2013-07-13,FOODS_3,FOODS,2719,0
2013-07-13,HOBBIES_1,HOBBIES,497,0
2013-07-13,HOBBIES_2,HOBBIES,13,0
2013-07-13,HOUSEHOLD_1,HOUSEHOLD,779,0
2013-07-13,HOUSEHOLD_2,HOUSEHOLD,261,0
2013-07-14,FOODS_1,FOODS,426,0
2013-07-14,FOODS_2,FOODS,588,0
2013-07-14,FOODS_3,FOODS,3165,0
2013-07-14,HOBBIES_1,HOBBIES,673,0
2013-07-14,HOBBIES_2,HOBBIES,21,0
2013-07-14,HOUSEHOLD_1,HOUSEHOLD,930,0
2013-07-14,HOUSEHOLD_2,HOUSEHOLD,234,0
2013-07-15,FOODS_1,FOODS,311,0
2013-07-15,FOODS_2,FOODS,522,0
2013-07-15,FOODS_3,FOODS,2055,0
2013-07-15,HOBBIES_1,HOBBIES,400,0
2013-07-15,HOBBIES_2,HOBBIES,9,0
2013-07-15,HOUSEHOLD_1,HOUSEHOLD,650,0
2013-07-15,HOUSEHOLD_2,HOUSEHOLD,169,0
2013-07-16,FOODS_1,FOODS,314,0
2013-07-16,FOODS_2,FOODS,428,0
2013-07-16,FOODS_3,FOODS,1977,0
2013-07-16,HOBBIES_1,HOBBIES,424,0
2013-07-16,HOBBIES_2,HOBBIES,14,0
2013-07-16,HOUSEHOLD_1,HOUSEHOLD,545,0
2013-07-16,HOUSEHOLD_2,HOUSEHOLD,149,0
2013-07-17,FOODS_1,FOODS,359,0
2013-07-17,FOODS_2,FOODS,318,0
2013-07-17,FOODS_3,FOODS,2051,0
2013-07-17,HOBBIES_1,HOBBIES,345,0
2013-07-17,HOBBIES_2,HOBBIES,19,0
2013-07-17,HOUSEHOLD_1,HOUSEHOLD,541,0
2013-07-17,HOUSEHOLD_2,HOUSEHOLD,131,0
2013-07-18,FOODS_1,FOODS,323,0
2013-07-18,FOODS_2,FOODS,379,0
2013-07-18,FOODS_3,FOODS,2126,0
2013-07-18,HOBBIES_1,HOBBIES,314,0
2013-07-18,HOBBIES_2,HOBBIES,15,0
2013-07-18,HOUSEHOLD_1,HOUSEHOLD,602,0
2013-07-18,HOUSEHOLD_2,HOUSEHOLD,133,0
2013-07-19,FOODS_1,FOODS,421,0
2013-07-19,FOODS_2,FOODS,434,0
2013-07-19,FOODS_3,FOODS,2348,0
2013-07-19,HOBBIES_1,HOBBIES,509,0
2013-07-19,HOBBIES_2,HOBBIES,22,0
2013-07-19,HOUSEHOLD_1,HOUSEHOLD,738,0
2013-07-19,HOUSEHOLD_2,HOUSEHOLD,202,0
2013-07-20,FOODS_1,FOODS,484,0
2013-07-20,FOODS_2,FOODS,490,0
2013-07-20,FOODS_3,FOODS,2825,0
2013-07-20,HOBBIES_1,HOBBIES,615,0
2013-07-20,HOBBIES_2,HOBBIES,21,0
2013-07-20,HOUSEHOLD_1,HOUSEHOLD,868,0
2013-07-20,HOUSEHOLD_2,HOUSEHOLD,235,0
2013-07-21,FOODS_1,FOODS,444,0
2013-07-21,FOODS_2,FOODS,506,0
2013-07-21,FOODS_3,FOODS,2958,0
2013-07-21,HOBBIES_1,HOBBIES,730,0
2013-07-21,HOBBIES_2,HOBBIES,24,0
2013-07-21,HOUSEHOLD_1,HOUSEHOLD,1038,0
2013-07-21,HOUSEHOLD_2,HOUSEHOLD,213,0
2013-07-22,FOODS_1,FOODS,353,0
2013-07-22,FOODS_2,FOODS,444,0
2013-07-22,FOODS_3,FOODS,1980,0
2013-07-22,HOBBIES_1,HOBBIES,332,0
2013-07-22,HOBBIES_2,HOBBIES,17,0
2013-07-22,HOUSEHOLD_1,HOUSEHOLD,645,0
2013-07-22,HOUSEHOLD_2,HOUSEHOLD,167,0
2013-07-23,FOODS_1,FOODS,341,0
2013-07-23,FOODS_2,FOODS,347,0
2013-07-23,FOODS_3,FOODS,2026,0
2013-07-23,HOBBIES_1,HOBBIES,425,0
2013-07-23,HOBBIES_2,HOBBIES,19,0
2013-07-23,HOUSEHOLD_1,HOUSEHOLD,589,0
2013-07-23,HOUSEHOLD_2,HOUSEHOLD,138,0
2013-07-24,FOODS_1,FOODS,422,0
2013-07-24,FOODS_2,FOODS,350,0
2013-07-24,FOODS_3,FOODS,1889,0
2013-07-24,HOBBIES_1,HOBBIES,322,0
2013-07-24,HOBBIES_2,HOBBIES,13,0
2013-07-24,HOUSEHOLD_1,HOUSEHOLD,531,0
2013-07-24,HOUSEHOLD_2,HOUSEHOLD,166,0
2013-07-25,FOODS_1,FOODS,346,0
2013-07-25,FOODS_2,FOODS,345,0
2013-07-25,FOODS_3,FOODS,1907,0
2013-07-25,HOBBIES_1,HOBBIES,389,0
2013-07-25,HOBBIES_2,HOBBIES,16,0
2013-07-25,HOUSEHOLD_1,HOUSEHOLD,596,0
2013-07-25,HOUSEHOLD_2,HOUSEHOLD,149,0
2013-07-26,FOODS_1,FOODS,433,0
2013-07-26,FOODS_2,FOODS,381,0
2013-07-26,FOODS_3,FOODS,2111,0
2013-07-26,HOBBIES_1,HOBBIES,429,0
2013-07-26,HOBBIES_2,HOBBIES,29,0
2013-07-26,HOUSEHOLD_1,HOUSEHOLD,658,0
2013-07-26,HOUSEHOLD_2,HOUSEHOLD,207,0
2013-07-27,FOODS_1,FOODS,463,0
2013-07-27,FOODS_2,FOODS,372,0
2013-07-27,FOODS_3,FOODS,2404,0
2013-07-27,HOBBIES_1,HOBBIES,473,0
2013-07-27,HOBBIES_2,HOBBIES,15,0
2013-07-27,HOUSEHOLD_1,HOUSEHOLD,781,0
2013-07-27,HOUSEHOLD_2,HOUSEHOLD,200,0
2013-07-28,FOODS_1,FOODS,432,0
2013-07-28,FOODS_2,FOODS,537,0
2013-07-28,FOODS_3,FOODS,2817,0
2013-07-28,HOBBIES_1,HOBBIES,431,0
2013-07-28,HOBBIES_2,HOBBIES,22,0
2013-07-28,HOUSEHOLD_1,HOUSEHOLD,844,0
2013-07-28,HOUSEHOLD_2,HOUSEHOLD,208,0
2013-07-29,FOODS_1,FOODS,387,0
2013-07-29,FOODS_2,FOODS,418,0
2013-07-29,FOODS_3,FOODS,1938,0
2013-07-29,HOBBIES_1,HOBBIES,500,0
2013-07-29,HOBBIES_2,HOBBIES,31,0
2013-07-29,HOUSEHOLD_1,HOUSEHOLD,555,0
2013-07-29,HOUSEHOLD_2,HOUSEHOLD,179,0
2013-07-30,FOODS_1,FOODS,408,0
2013-07-30,FOODS_2,FOODS,373,0
2013-07-30,FOODS_3,FOODS,1879,0
2013-07-30,HOBBIES_1,HOBBIES,348,0
2013-07-30,HOBBIES_2,HOBBIES,13,0
2013-07-30,HOUSEHOLD_1,HOUSEHOLD,510,0
2013-07-30,HOUSEHOLD_2,HOUSEHOLD,171,0
2013-07-31,FOODS_1,FOODS,385,0
2013-07-31,FOODS_2,FOODS,315,0
2013-07-31,FOODS_3,FOODS,1804,0
2013-07-31,HOBBIES_1,HOBBIES,410,0
2013-07-31,HOBBIES_2,HOBBIES,23,0
2013-07-31,HOUSEHOLD_1,HOUSEHOLD,513,0
2013-07-31,HOUSEHOLD_2,HOUSEHOLD,161,0
2013-08-01,FOODS_1,FOODS,371,1
2013-08-01,FOODS_2,FOODS,541,1
2013-08-01,FOODS_3,FOODS,2223,1
2013-08-01,HOBBIES_1,HOBBIES,477,1
2013-08-01,HOBBIES_2,HOBBIES,24,1
2013-08-01,HOUSEHOLD_1,HOUSEHOLD,575,1
2013-08-01,HOUSEHOLD_2,HOUSEHOLD,171,1
2013-08-02,FOODS_1,FOODS,549,1
2013-08-02,FOODS_2,FOODS,532,1
2013-08-02,FOODS_3,FOODS,2688,1
2013-08-02,HOBBIES_1,HOBBIES,628,1
2013-08-02,HOBBIES_2,HOBBIES,34,1
2013-08-02,HOUSEHOLD_1,HOUSEHOLD,685,1
2013-08-02,HOUSEHOLD_2,HOUSEHOLD,198,1
2013-08-03,FOODS_1,FOODS,600,1
2013-08-03,FOODS_2,FOODS,602,1
2013-08-03,FOODS_3,FOODS,3020,1
2013-08-03,HOBBIES_1,HOBBIES,526,1
2013-08-03,HOBBIES_2,HOBBIES,28,1
2013-08-03,HOUSEHOLD_1,HOUSEHOLD,887,1
2013-08-03,HOUSEHOLD_2,HOUSEHOLD,225,1
2013-08-04,FOODS_1,FOODS,413,1
2013-08-04,FOODS_2,FOODS,590,1
2013-08-04,FOODS_3,FOODS,2833,1
2013-08-04,HOBBIES_1,HOBBIES,511,1
2013-08-04,HOBBIES_2,HOBBIES,34,1
2013-08-04,HOUSEHOLD_1,HOUSEHOLD,929,1
2013-08-04,HOUSEHOLD_2,HOUSEHOLD,231,1
2013-08-05,FOODS_1,FOODS,366,1
2013-08-05,FOODS_2,FOODS,533,1
2013-08-05,FOODS_3,FOODS,2479,1
2013-08-05,HOBBIES_1,HOBBIES,477,1
2013-08-05,HOBBIES_2,HOBBIES,16,1
2013-08-05,HOUSEHOLD_1,HOUSEHOLD,700,1
2013-08-05,HOUSEHOLD_2,HOUSEHOLD,155,1
2013-08-06,FOODS_1,FOODS,374,1
2013-08-06,FOODS_2,FOODS,516,1
2013-08-06,FOODS_3,FOODS,2090,1
2013-08-06,HOBBIES_1,HOBBIES,447,1
2013-08-06,HOBBIES_2,HOBBIES,19,1
2013-08-06,HOUSEHOLD_1,HOUSEHOLD,550,1
2013-08-06,HOUSEHOLD_2,HOUSEHOLD,157,1
2013-08-07,FOODS_1,FOODS,300,1
2013-08-07,FOODS_2,FOODS,513,1
2013-08-07,FOODS_3,FOODS,2450,1
2013-08-07,HOBBIES_1,HOBBIES,442,1
2013-08-07,HOBBIES_2,HOBBIES,28,1
2013-08-07,HOUSEHOLD_1,HOUSEHOLD,474,1
2013-08-07,HOUSEHOLD_2,HOUSEHOLD,153,1
2013-08-08,FOODS_1,FOODS,392,1
2013-08-08,FOODS_2,FOODS,444,1
2013-08-08,FOODS_3,FOODS,2288,1
2013-08-08,HOBBIES_1,HOBBIES,373,1
2013-08-08,HOBBIES_2,HOBBIES,31,1
2013-08-08,HOUSEHOLD_1,HOUSEHOLD,538,1
2013-08-08,HOUSEHOLD_2,HOUSEHOLD,183,1
2013-08-09,FOODS_1,FOODS,365,1
2013-08-09,FOODS_2,FOODS,480,1
2013-08-09,FOODS_3,FOODS,2669,1
2013-08-09,HOBBIES_1,HOBBIES,435,1
2013-08-09,HOBBIES_2,HOBBIES,20,1
2013-08-09,HOUSEHOLD_1,HOUSEHOLD,647,1
2013-08-09,HOUSEHOLD_2,HOUSEHOLD,173,1
2013-08-10,FOODS_1,FOODS,456,1
2013-08-10,FOODS_2,FOODS,559,1
2013-08-10,FOODS_3,FOODS,3729,1
2013-08-10,HOBBIES_1,HOBBIES,473,1
2013-08-10,HOBBIES_2,HOBBIES,20,1
2013-08-10,HOUSEHOLD_1,HOUSEHOLD,832,1
2013-08-10,HOUSEHOLD_2,HOUSEHOLD,239,1
2013-08-11,FOODS_1,FOODS,362,0
2013-08-11,FOODS_2,FOODS,608,0
2013-08-11,FOODS_3,FOODS,3718,0
2013-08-11,HOBBIES_1,HOBBIES,516,0
2013-08-11,HOBBIES_2,HOBBIES,25,0
2013-08-11,HOUSEHOLD_1,HOUSEHOLD,839,0
2013-08-11,HOUSEHOLD_2,HOUSEHOLD,208,0
2013-08-12,FOODS_1,FOODS,311,0
2013-08-12,FOODS_2,FOODS,506,0
2013-08-12,FOODS_3,FOODS,2575,0
2013-08-12,HOBBIES_1,HOBBIES,432,0
2013-08-12,HOBBIES_2,HOBBIES,30,0
2013-08-12,HOUSEHOLD_1,HOUSEHOLD,564,0
2013-08-12,HOUSEHOLD_2,HOUSEHOLD,143,0
2013-08-13,FOODS_1,FOODS,284,0
2013-08-13,FOODS_2,FOODS,365,0
2013-08-13,FOODS_3,FOODS,2136,0
2013-08-13,HOBBIES_1,HOBBIES,326,0
2013-08-13,HOBBIES_2,HOBBIES,29,0
2013-08-13,HOUSEHOLD_1,HOUSEHOLD,504,0
2013-08-13,HOUSEHOLD_2,HOUSEHOLD,131,0
2013-08-14,FOODS_1,FOODS,332,0
2013-08-14,FOODS_2,FOODS,332,0
2013-08-14,FOODS_3,FOODS,2057,0
2013-08-14,HOBBIES_1,HOBBIES,392,0
2013-08-14,HOBBIES_2,HOBBIES,35,0
2013-08-14,HOUSEHOLD_1,HOUSEHOLD,471,0
2013-08-14,HOUSEHOLD_2,HOUSEHOLD,143,0
2013-08-15,FOODS_1,FOODS,304,0
2013-08-15,FOODS_2,FOODS,354,0
2013-08-15,FOODS_3,FOODS,2457,0
2013-08-15,HOBBIES_1,HOBBIES,336,0
2013-08-15,HOBBIES_2,HOBBIES,24,0
2013-08-15,HOUSEHOLD_1,HOUSEHOLD,492,0
2013-08-15,HOUSEHOLD_2,HOUSEHOLD,151,0
2013-08-16,FOODS_1,FOODS,401,0
2013-08-16,FOODS_2,FOODS,365,0
2013-08-16,FOODS_3,FOODS,2786,0
2013-08-16,HOBBIES_1,HOBBIES,470,0
2013-08-16,HOBBIES_2,HOBBIES,21,0
2013-08-16,HOUSEHOLD_1,HOUSEHOLD,601,0
2013-08-16,HOUSEHOLD_2,HOUSEHOLD,177,0
2013-08-17,FOODS_1,FOODS,470,0
2013-08-17,FOODS_2,FOODS,494,0
2013-08-17,FOODS_3,FOODS,3141,0
2013-08-17,HOBBIES_1,HOBBIES,458,0
2013-08-17,HOBBIES_2,HOBBIES,50,0
2013-08-17,HOUSEHOLD_1,HOUSEHOLD,751,0
2013-08-17,HOUSEHOLD_2,HOUSEHOLD,239,0
2013-08-18,FOODS_1,FOODS,366,0
2013-08-18,FOODS_2,FOODS,446,0
2013-08-18,FOODS_3,FOODS,3400,0
2013-08-18,HOBBIES_1,HOBBIES,483,0
2013-08-18,HOBBIES_2,HOBBIES,24,0
2013-08-18,HOUSEHOLD_1,HOUSEHOLD,741,0
2013-08-18,HOUSEHOLD_2,HOUSEHOLD,231,0
2013-08-19,FOODS_1,FOODS,306,0
2013-08-19,FOODS_2,FOODS,413,0
2013-08-19,FOODS_3,FOODS,2344,0
2013-08-19,HOBBIES_1,HOBBIES,420,0
2013-08-19,HOBBIES_2,HOBBIES,18,0
2013-08-19,HOUSEHOLD_1,HOUSEHOLD,542,0
2013-08-19,HOUSEHOLD_2,HOUSEHOLD,172,0
2013-08-20,FOODS_1,FOODS,338,0
2013-08-20,FOODS_2,FOODS,322,0
2013-08-20,FOODS_3,FOODS,1894,0
2013-08-20,HOBBIES_1,HOBBIES,279,0
2013-08-20,HOBBIES_2,HOBBIES,11,0
2013-08-20,HOUSEHOLD_1,HOUSEHOLD,570,0
2013-08-20,HOUSEHOLD_2,HOUSEHOLD,125,0
2013-08-21,FOODS_1,FOODS,371,0
2013-08-21,FOODS_2,FOODS,334,0
2013-08-21,FOODS_3,FOODS,2305,0
2013-08-21,HOBBIES_1,HOBBIES,463,0
2013-08-21,HOBBIES_2,HOBBIES,29,0
2013-08-21,HOUSEHOLD_1,HOUSEHOLD,590,0
2013-08-21,HOUSEHOLD_2,HOUSEHOLD,167,0
2013-08-22,FOODS_1,FOODS,326,0
2013-08-22,FOODS_2,FOODS,279,0
2013-08-22,FOODS_3,FOODS,2047,0
2013-08-22,HOBBIES_1,HOBBIES,449,0
2013-08-22,HOBBIES_2,HOBBIES,15,0
2013-08-22,HOUSEHOLD_1,HOUSEHOLD,545,0
2013-08-22,HOUSEHOLD_2,HOUSEHOLD,179,0
2013-08-23,FOODS_1,FOODS,411,0
2013-08-23,FOODS_2,FOODS,315,0
2013-08-23,FOODS_3,FOODS,2332,0
2013-08-23,HOBBIES_1,HOBBIES,447,0
2013-08-23,HOBBIES_2,HOBBIES,18,0
2013-08-23,HOUSEHOLD_1,HOUSEHOLD,620,0
2013-08-23,HOUSEHOLD_2,HOUSEHOLD,173,0
2013-08-24,FOODS_1,FOODS,473,0
2013-08-24,FOODS_2,FOODS,439,0
2013-08-24,FOODS_3,FOODS,3104,0
2013-08-24,HOBBIES_1,HOBBIES,426,0
2013-08-24,HOBBIES_2,HOBBIES,28,0
2013-08-24,HOUSEHOLD_1,HOUSEHOLD,880,0
2013-08-24,HOUSEHOLD_2,HOUSEHOLD,246,0
2013-08-25,FOODS_1,FOODS,465,0
2013-08-25,FOODS_2,FOODS,509,0
2013-08-25,FOODS_3,FOODS,4042,0
2013-08-25,HOBBIES_1,HOBBIES,618,0
2013-08-25,HOBBIES_2,HOBBIES,33,0
2013-08-25,HOUSEHOLD_1,HOUSEHOLD,1043,0
2013-08-25,HOUSEHOLD_2,HOUSEHOLD,238,0
2013-08-26,FOODS_1,FOODS,347,0
2013-08-26,FOODS_2,FOODS,357,0
2013-08-26,FOODS_3,FOODS,2080,0
2013-08-26,HOBBIES_1,HOBBIES,329,0
2013-08-26,HOBBIES_2,HOBBIES,36,0
2013-08-26,HOUSEHOLD_1,HOUSEHOLD,604,0
2013-08-26,HOUSEHOLD_2,HOUSEHOLD,130,0
2013-08-27,FOODS_1,FOODS,345,0
2013-08-27,FOODS_2,FOODS,238,0
2013-08-27,FOODS_3,FOODS,1914,0
2013-08-27,HOBBIES_1,HOBBIES,417,0
2013-08-27,HOBBIES_2,HOBBIES,11,0
2013-08-27,HOUSEHOLD_1,HOUSEHOLD,480,0
2013-08-27,HOUSEHOLD_2,HOUSEHOLD,125,0
2013-08-28,FOODS_1,FOODS,326,0
2013-08-28,FOODS_2,FOODS,344,0
2013-08-28,FOODS_3,FOODS,1767,0
2013-08-28,HOBBIES_1,HOBBIES,367,0
2013-08-28,HOBBIES_2,HOBBIES,16,0
2013-08-28,HOUSEHOLD_1,HOUSEHOLD,546,0
2013-08-28,HOUSEHOLD_2,HOUSEHOLD,124,0
2013-08-29,FOODS_1,FOODS,335,0
2013-08-29,FOODS_2,FOODS,309,0
2013-08-29,FOODS_3,FOODS,1903,0
2013-08-29,HOBBIES_1,HOBBIES,366,0
2013-08-29,HOBBIES_2,HOBBIES,30,0
2013-08-29,HOUSEHOLD_1,HOUSEHOLD,537,0
2013-08-29,HOUSEHOLD_2,HOUSEHOLD,120,0
2013-08-30,FOODS_1,FOODS,410,0
2013-08-30,FOODS_2,FOODS,466,0
2013-08-30,FOODS_3,FOODS,2825,0
2013-08-30,HOBBIES_1,HOBBIES,517,0
2013-08-30,HOBBIES_2,HOBBIES,30,0
2013-08-30,HOUSEHOLD_1,HOUSEHOLD,777,0
2013-08-30,HOUSEHOLD_2,HOUSEHOLD,173,0
2013-08-31,FOODS_1,FOODS,509,0
2013-08-31,FOODS_2,FOODS,521,0
2013-08-31,FOODS_3,FOODS,3737,0
2013-08-31,HOBBIES_1,HOBBIES,644,0
2013-08-31,HOBBIES_2,HOBBIES,38,0
2013-08-31,HOUSEHOLD_1,HOUSEHOLD,868,0
2013-08-31,HOUSEHOLD_2,HOUSEHOLD,227,0
2013-09-01,FOODS_1,FOODS,390,1
2013-09-01,FOODS_2,FOODS,444,1
2013-09-01,FOODS_3,FOODS,3751,1
2013-09-01,HOBBIES_1,HOBBIES,341,1
2013-09-01,HOBBIES_2,HOBBIES,18,1
2013-09-01,HOUSEHOLD_1,HOUSEHOLD,884,1
2013-09-01,HOUSEHOLD_2,HOUSEHOLD,225,1
2013-09-02,FOODS_1,FOODS,346,1
2013-09-02,FOODS_2,FOODS,596,1
2013-09-02,FOODS_3,FOODS,3485,1
2013-09-02,HOBBIES_1,HOBBIES,272,1
2013-09-02,HOBBIES_2,HOBBIES,22,1
2013-09-02,HOUSEHOLD_1,HOUSEHOLD,929,1
2013-09-02,HOUSEHOLD_2,HOUSEHOLD,188,1
2013-09-03,FOODS_1,FOODS,282,1
2013-09-03,FOODS_2,FOODS,440,1
2013-09-03,FOODS_3,FOODS,2494,1
2013-09-03,HOBBIES_1,HOBBIES,245,1
2013-09-03,HOBBIES_2,HOBBIES,26,1
2013-09-03,HOUSEHOLD_1,HOUSEHOLD,712,1
2013-09-03,HOUSEHOLD_2,HOUSEHOLD,125,1
2013-09-04,FOODS_1,FOODS,241,1
2013-09-04,FOODS_2,FOODS,400,1
2013-09-04,FOODS_3,FOODS,2282,1
2013-09-04,HOBBIES_1,HOBBIES,205,1
2013-09-04,HOBBIES_2,HOBBIES,20,1
2013-09-04,HOUSEHOLD_1,HOUSEHOLD,526,1
2013-09-04,HOUSEHOLD_2,HOUSEHOLD,131,1
2013-09-05,FOODS_1,FOODS,288,1
2013-09-05,FOODS_2,FOODS,351,1
2013-09-05,FOODS_3,FOODS,2319,1
2013-09-05,HOBBIES_1,HOBBIES,202,1
2013-09-05,HOBBIES_2,HOBBIES,22,1
2013-09-05,HOUSEHOLD_1,HOUSEHOLD,518,1
2013-09-05,HOUSEHOLD_2,HOUSEHOLD,126,1
2013-09-06,FOODS_1,FOODS,350,1
2013-09-06,FOODS_2,FOODS,414,1
2013-09-06,FOODS_3,FOODS,2795,1
2013-09-06,HOBBIES_1,HOBBIES,261,1
2013-09-06,HOBBIES_2,HOBBIES,23,1
2013-09-06,HOUSEHOLD_1,HOUSEHOLD,609,1
2013-09-06,HOUSEHOLD_2,HOUSEHOLD,166,1
2013-09-07,FOODS_1,FOODS,420,1
2013-09-07,FOODS_2,FOODS,489,1
2013-09-07,FOODS_3,FOODS,3577,1
2013-09-07,HOBBIES_1,HOBBIES,347,1
2013-09-07,HOBBIES_2,HOBBIES,25,1
2013-09-07,HOUSEHOLD_1,HOUSEHOLD,731,1
2013-09-07,HOUSEHOLD_2,HOUSEHOLD,167,1
2013-09-08,FOODS_1,FOODS,415,1
2013-09-08,FOODS_2,FOODS,640,1
2013-09-08,FOODS_3,FOODS,3960,1
2013-09-08,HOBBIES_1,HOBBIES,444,1
2013-09-08,HOBBIES_2,HOBBIES,69,1
2013-09-08,HOUSEHOLD_1,HOUSEHOLD,951,1
2013-09-08,HOUSEHOLD_2,HOUSEHOLD,224,1
2013-09-09,FOODS_1,FOODS,337,1
2013-09-09,FOODS_2,FOODS,543,1
2013-09-09,FOODS_3,FOODS,2578,1
2013-09-09,HOBBIES_1,HOBBIES,430,1
2013-09-09,HOBBIES_2,HOBBIES,17,1
2013-09-09,HOUSEHOLD_1,HOUSEHOLD,623,1
2013-09-09,HOUSEHOLD_2,HOUSEHOLD,125,1
2013-09-10,FOODS_1,FOODS,298,1
2013-09-10,FOODS_2,FOODS,485,1
2013-09-10,FOODS_3,FOODS,2230,1
2013-09-10,HOBBIES_1,HOBBIES,470,1
2013-09-10,HOBBIES_2,HOBBIES,17,1
2013-09-10,HOUSEHOLD_1,HOUSEHOLD,542,1
2013-09-10,HOUSEHOLD_2,HOUSEHOLD,127,1
2013-09-11,FOODS_1,FOODS,259,0
2013-09-11,FOODS_2,FOODS,430,0
2013-09-11,FOODS_3,FOODS,2021,0
2013-09-11,HOBBIES_1,HOBBIES,308,0
2013-09-11,HOBBIES_2,HOBBIES,42,0
2013-09-11,HOUSEHOLD_1,HOUSEHOLD,495,0
2013-09-11,HOUSEHOLD_2,HOUSEHOLD,140,0
2013-09-12,FOODS_1,FOODS,262,0
2013-09-12,FOODS_2,FOODS,397,0
2013-09-12,FOODS_3,FOODS,1997,0
2013-09-12,HOBBIES_1,HOBBIES,452,0
2013-09-12,HOBBIES_2,HOBBIES,13,0
2013-09-12,HOUSEHOLD_1,HOUSEHOLD,504,0
2013-09-12,HOUSEHOLD_2,HOUSEHOLD,145,0
2013-09-13,FOODS_1,FOODS,380,0
2013-09-13,FOODS_2,FOODS,430,0
2013-09-13,FOODS_3,FOODS,2485,0
2013-09-13,HOBBIES_1,HOBBIES,498,0
2013-09-13,HOBBIES_2,HOBBIES,27,0
2013-09-13,HOUSEHOLD_1,HOUSEHOLD,586,0
2013-09-13,HOUSEHOLD_2,HOUSEHOLD,162,0
2013-09-14,FOODS_1,FOODS,451,0
2013-09-14,FOODS_2,FOODS,461,0
2013-09-14,FOODS_3,FOODS,3132,0
2013-09-14,HOBBIES_1,HOBBIES,530,0
2013-09-14,HOBBIES_2,HOBBIES,37,0
2013-09-14,HOUSEHOLD_1,HOUSEHOLD,823,0
2013-09-14,HOUSEHOLD_2,HOUSEHOLD,193,0
2013-09-15,FOODS_1,FOODS,275,0
2013-09-15,FOODS_2,FOODS,630,0
2013-09-15,FOODS_3,FOODS,3135,0
2013-09-15,HOBBIES_1,HOBBIES,570,0
2013-09-15,HOBBIES_2,HOBBIES,18,0
2013-09-15,HOUSEHOLD_1,HOUSEHOLD,934,0
2013-09-15,HOUSEHOLD_2,HOUSEHOLD,250,0
2013-09-16,FOODS_1,FOODS,307,0
2013-09-16,FOODS_2,FOODS,463,0
2013-09-16,FOODS_3,FOODS,2204,0
2013-09-16,HOBBIES_1,HOBBIES,416,0
2013-09-16,HOBBIES_2,HOBBIES,22,0
2013-09-16,HOUSEHOLD_1,HOUSEHOLD,619,0
2013-09-16,HOUSEHOLD_2,HOUSEHOLD,133,0
2013-09-17,FOODS_1,FOODS,246,0
2013-09-17,FOODS_2,FOODS,433,0
2013-09-17,FOODS_3,FOODS,2097,0
2013-09-17,HOBBIES_1,HOBBIES,442,0
2013-09-17,HOBBIES_2,HOBBIES,28,0
2013-09-17,HOUSEHOLD_1,HOUSEHOLD,526,0
2013-09-17,HOUSEHOLD_2,HOUSEHOLD,93,0
2013-09-18,FOODS_1,FOODS,265,0
2013-09-18,FOODS_2,FOODS,400,0
2013-09-18,FOODS_3,FOODS,1900,0
2013-09-18,HOBBIES_1,HOBBIES,335,0
2013-09-18,HOBBIES_2,HOBBIES,14,0
2013-09-18,HOUSEHOLD_1,HOUSEHOLD,512,0
2013-09-18,HOUSEHOLD_2,HOUSEHOLD,121,0
2013-09-19,FOODS_1,FOODS,244,0
2013-09-19,FOODS_2,FOODS,372,0
2013-09-19,FOODS_3,FOODS,1939,0
2013-09-19,HOBBIES_1,HOBBIES,411,0
2013-09-19,HOBBIES_2,HOBBIES,28,0
2013-09-19,HOUSEHOLD_1,HOUSEHOLD,484,0
2013-09-19,HOUSEHOLD_2,HOUSEHOLD,143,0
2013-09-20,FOODS_1,FOODS,375,0
2013-09-20,FOODS_2,FOODS,468,0
2013-09-20,FOODS_3,FOODS,2410,0
2013-09-20,HOBBIES_1,HOBBIES,450,0
2013-09-20,HOBBIES_2,HOBBIES,23,0
2013-09-20,HOUSEHOLD_1,HOUSEHOLD,721,0
2013-09-20,HOUSEHOLD_2,HOUSEHOLD,184,0
2013-09-21,FOODS_1,FOODS,417,0
2013-09-21,FOODS_2,FOODS,582,0
2013-09-21,FOODS_3,FOODS,3173,0
2013-09-21,HOBBIES_1,HOBBIES,539,0
2013-09-21,HOBBIES_2,HOBBIES,24,0
2013-09-21,HOUSEHOLD_1,HOUSEHOLD,906,0
2013-09-21,HOUSEHOLD_2,HOUSEHOLD,234,0
2013-09-22,FOODS_1,FOODS,357,0
2013-09-22,FOODS_2,FOODS,592,0
2013-09-22,FOODS_3,FOODS,3583,0
2013-09-22,HOBBIES_1,HOBBIES,493,0
2013-09-22,HOBBIES_2,HOBBIES,21,0
2013-09-22,HOUSEHOLD_1,HOUSEHOLD,916,0
2013-09-22,HOUSEHOLD_2,HOUSEHOLD,252,0
2013-09-23,FOODS_1,FOODS,240,0
2013-09-23,FOODS_2,FOODS,451,0
2013-09-23,FOODS_3,FOODS,2170,0
2013-09-23,HOBBIES_1,HOBBIES,444,0
2013-09-23,HOBBIES_2,HOBBIES,14,0
2013-09-23,HOUSEHOLD_1,HOUSEHOLD,501,0
2013-09-23,HOUSEHOLD_2,HOUSEHOLD,129,0
2013-09-24,FOODS_1,FOODS,312,0
2013-09-24,FOODS_2,FOODS,340,0
2013-09-24,FOODS_3,FOODS,2010,0
2013-09-24,HOBBIES_1,HOBBIES,401,0
2013-09-24,HOBBIES_2,HOBBIES,19,0
2013-09-24,HOUSEHOLD_1,HOUSEHOLD,562,0
2013-09-24,HOUSEHOLD_2,HOUSEHOLD,121,0
2013-09-25,FOODS_1,FOODS,215,0
2013-09-25,FOODS_2,FOODS,316,0
2013-09-25,FOODS_3,FOODS,1647,0
2013-09-25,HOBBIES_1,HOBBIES,431,0
2013-09-25,HOBBIES_2,HOBBIES,13,0
2013-09-25,HOUSEHOLD_1,HOUSEHOLD,491,0
2013-09-25,HOUSEHOLD_2,HOUSEHOLD,122,0
2013-09-26,FOODS_1,FOODS,270,0
2013-09-26,FOODS_2,FOODS,358,0
2013-09-26,FOODS_3,FOODS,1821,0
2013-09-26,HOBBIES_1,HOBBIES,427,0
2013-09-26,HOBBIES_2,HOBBIES,17,0
2013-09-26,HOUSEHOLD_1,HOUSEHOLD,465,0
2013-09-26,HOUSEHOLD_2,HOUSEHOLD,115,0
2013-09-27,FOODS_1,FOODS,289,0
2013-09-27,FOODS_2,FOODS,210,0
2013-09-27,FOODS_3,FOODS,2366,0
2013-09-27,HOBBIES_1,HOBBIES,543,0
2013-09-27,HOBBIES_2,HOBBIES,23,0
2013-09-27,HOUSEHOLD_1,HOUSEHOLD,516,0
2013-09-27,HOUSEHOLD_2,HOUSEHOLD,152,0
2013-09-28,FOODS_1,FOODS,384,0
2013-09-28,FOODS_2,FOODS,282,0
2013-09-28,FOODS_3,FOODS,3341,0
2013-09-28,HOBBIES_1,HOBBIES,513,0
2013-09-28,HOBBIES_2,HOBBIES,31,0
2013-09-28,HOUSEHOLD_1,HOUSEHOLD,868,0
2013-09-28,HOUSEHOLD_2,HOUSEHOLD,246,0
2013-09-29,FOODS_1,FOODS,305,0
2013-09-29,FOODS_2,FOODS,454,0
2013-09-29,FOODS_3,FOODS,3759,0
2013-09-29,HOBBIES_1,HOBBIES,531,0
2013-09-29,HOBBIES_2,HOBBIES,22,0
2013-09-29,HOUSEHOLD_1,HOUSEHOLD,896,0
2013-09-29,HOUSEHOLD_2,HOUSEHOLD,227,0
2013-09-30,FOODS_1,FOODS,260,0
2013-09-30,FOODS_2,FOODS,240,0
2013-09-30,FOODS_3,FOODS,2452,0
2013-09-30,HOBBIES_1,HOBBIES,507,0
2013-09-30,HOBBIES_2,HOBBIES,32,0
2013-09-30,HOUSEHOLD_1,HOUSEHOLD,576,0
2013-09-30,HOUSEHOLD_2,HOUSEHOLD,150,0
2013-10-01,FOODS_1,FOODS,292,1
2013-10-01,FOODS_2,FOODS,259,1
2013-10-01,FOODS_3,FOODS,2469,1
2013-10-01,HOBBIES_1,HOBBIES,611,1
2013-10-01,HOBBIES_2,HOBBIES,16,1
2013-10-01,HOUSEHOLD_1,HOUSEHOLD,634,1
2013-10-01,HOUSEHOLD_2,HOUSEHOLD,173,1
2013-10-02,FOODS_1,FOODS,262,1
2013-10-02,FOODS_2,FOODS,292,1
2013-10-02,FOODS_3,FOODS,1816,1
2013-10-02,HOBBIES_1,HOBBIES,408,1
2013-10-02,HOBBIES_2,HOBBIES,16,1
2013-10-02,HOUSEHOLD_1,HOUSEHOLD,581,1
2013-10-02,HOUSEHOLD_2,HOUSEHOLD,141,1
2013-10-03,FOODS_1,FOODS,263,1
2013-10-03,FOODS_2,FOODS,246,1
2013-10-03,FOODS_3,FOODS,2184,1
2013-10-03,HOBBIES_1,HOBBIES,633,1
2013-10-03,HOBBIES_2,HOBBIES,21,1
2013-10-03,HOUSEHOLD_1,HOUSEHOLD,583,1
2013-10-03,HOUSEHOLD_2,HOUSEHOLD,132,1
2013-10-04,FOODS_1,FOODS,326,1
2013-10-04,FOODS_2,FOODS,429,1
2013-10-04,FOODS_3,FOODS,2533,1
2013-10-04,HOBBIES_1,HOBBIES,585,1
2013-10-04,HOBBIES_2,HOBBIES,26,1
2013-10-04,HOUSEHOLD_1,HOUSEHOLD,650,1
2013-10-04,HOUSEHOLD_2,HOUSEHOLD,186,1
2013-10-05,FOODS_1,FOODS,322,1
2013-10-05,FOODS_2,FOODS,556,1
2013-10-05,FOODS_3,FOODS,3183,1
2013-10-05,HOBBIES_1,HOBBIES,603,1
2013-10-05,HOBBIES_2,HOBBIES,28,1
2013-10-05,HOUSEHOLD_1,HOUSEHOLD,851,1
2013-10-05,HOUSEHOLD_2,HOUSEHOLD,194,1
2013-10-06,FOODS_1,FOODS,282,1
2013-10-06,FOODS_2,FOODS,576,1
2013-10-06,FOODS_3,FOODS,3398,1
2013-10-06,HOBBIES_1,HOBBIES,401,1
2013-10-06,HOBBIES_2,HOBBIES,36,1
2013-10-06,HOUSEHOLD_1,HOUSEHOLD,945,1
2013-10-06,HOUSEHOLD_2,HOUSEHOLD,239,1
2013-10-07,FOODS_1,FOODS,266,1
2013-10-07,FOODS_2,FOODS,495,1
2013-10-07,FOODS_3,FOODS,2556,1
2013-10-07,HOBBIES_1,HOBBIES,406,1
2013-10-07,HOBBIES_2,HOBBIES,10,1
2013-10-07,HOUSEHOLD_1,HOUSEHOLD,717,1
2013-10-07,HOUSEHOLD_2,HOUSEHOLD,132,1
2013-10-08,FOODS_1,FOODS,267,1
2013-10-08,FOODS_2,FOODS,430,1
2013-10-08,FOODS_3,FOODS,2375,1
2013-10-08,HOBBIES_1,HOBBIES,371,1
2013-10-08,HOBBIES_2,HOBBIES,29,1
2013-10-08,HOUSEHOLD_1,HOUSEHOLD,503,1
2013-10-08,HOUSEHOLD_2,HOUSEHOLD,135,1
2013-10-09,FOODS_1,FOODS,291,1
2013-10-09,FOODS_2,FOODS,461,1
2013-10-09,FOODS_3,FOODS,2107,1
2013-10-09,HOBBIES_1,HOBBIES,500,1
2013-10-09,HOBBIES_2,HOBBIES,28,1
2013-10-09,HOUSEHOLD_1,HOUSEHOLD,503,1
2013-10-09,HOUSEHOLD_2,HOUSEHOLD,104,1
2013-10-10,FOODS_1,FOODS,268,1
2013-10-10,FOODS_2,FOODS,401,1
2013-10-10,FOODS_3,FOODS,2333,1
2013-10-10,HOBBIES_1,HOBBIES,501,1
2013-10-10,HOBBIES_2,HOBBIES,25,1
2013-10-10,HOUSEHOLD_1,HOUSEHOLD,493,1
2013-10-10,HOUSEHOLD_2,HOUSEHOLD,121,1
2013-10-11,FOODS_1,FOODS,402,0
2013-10-11,FOODS_2,FOODS,350,0
2013-10-11,FOODS_3,FOODS,2432,0
2013-10-11,HOBBIES_1,HOBBIES,468,0
2013-10-11,HOBBIES_2,HOBBIES,23,0
2013-10-11,HOUSEHOLD_1,HOUSEHOLD,551,0
2013-10-11,HOUSEHOLD_2,HOUSEHOLD,170,0
2013-10-12,FOODS_1,FOODS,476,0
2013-10-12,FOODS_2,FOODS,466,0
2013-10-12,FOODS_3,FOODS,2723,0
2013-10-12,HOBBIES_1,HOBBIES,562,0
2013-10-12,HOBBIES_2,HOBBIES,47,0
2013-10-12,HOUSEHOLD_1,HOUSEHOLD,844,0
2013-10-12,HOUSEHOLD_2,HOUSEHOLD,212,0
2013-10-13,FOODS_1,FOODS,402,0
2013-10-13,FOODS_2,FOODS,527,0
2013-10-13,FOODS_3,FOODS,3124,0
2013-10-13,HOBBIES_1,HOBBIES,557,0
2013-10-13,HOBBIES_2,HOBBIES,28,0
2013-10-13,HOUSEHOLD_1,HOUSEHOLD,928,0
2013-10-13,HOUSEHOLD_2,HOUSEHOLD,201,0
2013-10-14,FOODS_1,FOODS,289,0
2013-10-14,FOODS_2,FOODS,451,0
2013-10-14,FOODS_3,FOODS,2159,0
2013-10-14,HOBBIES_1,HOBBIES,508,0
2013-10-14,HOBBIES_2,HOBBIES,27,0
2013-10-14,HOUSEHOLD_1,HOUSEHOLD,590,0
2013-10-14,HOUSEHOLD_2,HOUSEHOLD,149,0
2013-10-15,FOODS_1,FOODS,254,0
2013-10-15,FOODS_2,FOODS,327,0
2013-10-15,FOODS_3,FOODS,1730,0
2013-10-15,HOBBIES_1,HOBBIES,361,0
2013-10-15,HOBBIES_2,HOBBIES,15,0
2013-10-15,HOUSEHOLD_1,HOUSEHOLD,479,0
2013-10-15,HOUSEHOLD_2,HOUSEHOLD,110,0
2013-10-16,FOODS_1,FOODS,346,0
2013-10-16,FOODS_2,FOODS,330,0
2013-10-16,FOODS_3,FOODS,1681,0
2013-10-16,HOBBIES_1,HOBBIES,386,0
2013-10-16,HOBBIES_2,HOBBIES,35,0
2013-10-16,HOUSEHOLD_1,HOUSEHOLD,483,0
2013-10-16,HOUSEHOLD_2,HOUSEHOLD,122,0
2013-10-17,FOODS_1,FOODS,236,0
2013-10-17,FOODS_2,FOODS,318,0
2013-10-17,FOODS_3,FOODS,1871,0
2013-10-17,HOBBIES_1,HOBBIES,355,0
2013-10-17,HOBBIES_2,HOBBIES,23,0
2013-10-17,HOUSEHOLD_1,HOUSEHOLD,490,0
2013-10-17,HOUSEHOLD_2,HOUSEHOLD,113,0
2013-10-18,FOODS_1,FOODS,322,0
2013-10-18,FOODS_2,FOODS,375,0
2013-10-18,FOODS_3,FOODS,2202,0
2013-10-18,HOBBIES_1,HOBBIES,568,0
2013-10-18,HOBBIES_2,HOBBIES,17,0
2013-10-18,HOUSEHOLD_1,HOUSEHOLD,626,0
2013-10-18,HOUSEHOLD_2,HOUSEHOLD,171,0
2013-10-19,FOODS_1,FOODS,370,0
2013-10-19,FOODS_2,FOODS,448,0
2013-10-19,FOODS_3,FOODS,2858,0
2013-10-19,HOBBIES_1,HOBBIES,492,0
2013-10-19,HOBBIES_2,HOBBIES,22,0
2013-10-19,HOUSEHOLD_1,HOUSEHOLD,763,0
2013-10-19,HOUSEHOLD_2,HOUSEHOLD,194,0
2013-10-20,FOODS_1,FOODS,291,0
2013-10-20,FOODS_2,FOODS,549,0
2013-10-20,FOODS_3,FOODS,3175,0
2013-10-20,HOBBIES_1,HOBBIES,698,0
2013-10-20,HOBBIES_2,HOBBIES,46,0
2013-10-20,HOUSEHOLD_1,HOUSEHOLD,955,0
2013-10-20,HOUSEHOLD_2,HOUSEHOLD,200,0
2013-10-21,FOODS_1,FOODS,231,0
2013-10-21,FOODS_2,FOODS,383,0
2013-10-21,FOODS_3,FOODS,2006,0
2013-10-21,HOBBIES_1,HOBBIES,272,0
2013-10-21,HOBBIES_2,HOBBIES,43,0
2013-10-21,HOUSEHOLD_1,HOUSEHOLD,655,0
2013-10-21,HOUSEHOLD_2,HOUSEHOLD,152,0
2013-10-22,FOODS_1,FOODS,247,0
2013-10-22,FOODS_2,FOODS,322,0
2013-10-22,FOODS_3,FOODS,1790,0
2013-10-22,HOBBIES_1,HOBBIES,350,0
2013-10-22,HOBBIES_2,HOBBIES,38,0
2013-10-22,HOUSEHOLD_1,HOUSEHOLD,495,0
2013-10-22,HOUSEHOLD_2,HOUSEHOLD,107,0
2013-10-23,FOODS_1,FOODS,175,0
2013-10-23,FOODS_2,FOODS,277,0
2013-10-23,FOODS_3,FOODS,1822,0
2013-10-23,HOBBIES_1,HOBBIES,475,0
2013-10-23,HOBBIES_2,HOBBIES,35,0
2013-10-23,HOUSEHOLD_1,HOUSEHOLD,473,0
2013-10-23,HOUSEHOLD_2,HOUSEHOLD,106,0
2013-10-24,FOODS_1,FOODS,243,0
2013-10-24,FOODS_2,FOODS,247,0
2013-10-24,FOODS_3,FOODS,1636,0
2013-10-24,HOBBIES_1,HOBBIES,312,0
2013-10-24,HOBBIES_2,HOBBIES,30,0
2013-10-24,HOUSEHOLD_1,HOUSEHOLD,466,0
2013-10-24,HOUSEHOLD_2,HOUSEHOLD,138,0
2013-10-25,FOODS_1,FOODS,331,0
2013-10-25,FOODS_2,FOODS,340,0
2013-10-25,FOODS_3,FOODS,2156,0
2013-10-25,HOBBIES_1,HOBBIES,436,0
2013-10-25,HOBBIES_2,HOBBIES,25,0
2013-10-25,HOUSEHOLD_1,HOUSEHOLD,524,0
2013-10-25,HOUSEHOLD_2,HOUSEHOLD,143,0
2013-10-26,FOODS_1,FOODS,341,0
2013-10-26,FOODS_2,FOODS,489,0
2013-10-26,FOODS_3,FOODS,2886,0
2013-10-26,HOBBIES_1,HOBBIES,607,0
2013-10-26,HOBBIES_2,HOBBIES,51,0
2013-10-26,HOUSEHOLD_1,HOUSEHOLD,770,0
2013-10-26,HOUSEHOLD_2,HOUSEHOLD,209,0
2013-10-27,FOODS_1,FOODS,335,0
2013-10-27,FOODS_2,FOODS,597,0
2013-10-27,FOODS_3,FOODS,2923,0
2013-10-27,HOBBIES_1,HOBBIES,555,0
2013-10-27,HOBBIES_2,HOBBIES,24,0
2013-10-27,HOUSEHOLD_1,HOUSEHOLD,804,0
2013-10-27,HOUSEHOLD_2,HOUSEHOLD,233,0
2013-10-28,FOODS_1,FOODS,264,0
2013-10-28,FOODS_2,FOODS,409,0
2013-10-28,FOODS_3,FOODS,2057,0
2013-10-28,HOBBIES_1,HOBBIES,441,0
2013-10-28,HOBBIES_2,HOBBIES,18,0
2013-10-28,HOUSEHOLD_1,HOUSEHOLD,617,0
2013-10-28,HOUSEHOLD_2,HOUSEHOLD,137,0
2013-10-29,FOODS_1,FOODS,289,0
2013-10-29,FOODS_2,FOODS,311,0
2013-10-29,FOODS_3,FOODS,1786,0
2013-10-29,HOBBIES_1,HOBBIES,400,0
2013-10-29,HOBBIES_2,HOBBIES,20,0
2013-10-29,HOUSEHOLD_1,HOUSEHOLD,461,0
2013-10-29,HOUSEHOLD_2,HOUSEHOLD,142,0
2013-10-30,FOODS_1,FOODS,366,0
2013-10-30,FOODS_2,FOODS,314,0
2013-10-30,FOODS_3,FOODS,1813,0
2013-10-30,HOBBIES_1,HOBBIES,547,0
2013-10-30,HOBBIES_2,HOBBIES,52,0
2013-10-30,HOUSEHOLD_1,HOUSEHOLD,504,0
2013-10-30,HOUSEHOLD_2,HOUSEHOLD,152,0
2013-10-31,FOODS_1,FOODS,293,0
2013-10-31,FOODS_2,FOODS,302,0
2013-10-31,FOODS_3,FOODS,1539,0
2013-10-31,HOBBIES_1,HOBBIES,349,0
2013-10-31,HOBBIES_2,HOBBIES,19,0
2013-10-31,HOUSEHOLD_1,HOUSEHOLD,371,0
2013-10-31,HOUSEHOLD_2,HOUSEHOLD,109,0
2013-11-01,FOODS_1,FOODS,223,1
2013-11-01,FOODS_2,FOODS,460,1
2013-11-01,FOODS_3,FOODS,2437,1
2013-11-01,HOBBIES_1,HOBBIES,489,1
2013-11-01,HOBBIES_2,HOBBIES,12,1
2013-11-01,HOUSEHOLD_1,HOUSEHOLD,669,1
2013-11-01,HOUSEHOLD_2,HOUSEHOLD,184,1
2013-11-02,FOODS_1,FOODS,267,1
2013-11-02,FOODS_2,FOODS,574,1
2013-11-02,FOODS_3,FOODS,2824,1
2013-11-02,HOBBIES_1,HOBBIES,606,1
2013-11-02,HOBBIES_2,HOBBIES,13,1
2013-11-02,HOUSEHOLD_1,HOUSEHOLD,918,1
2013-11-02,HOUSEHOLD_2,HOUSEHOLD,223,1
2013-11-03,FOODS_1,FOODS,272,1
2013-11-03,FOODS_2,FOODS,648,1
2013-11-03,FOODS_3,FOODS,3488,1
2013-11-03,HOBBIES_1,HOBBIES,581,1
2013-11-03,HOBBIES_2,HOBBIES,20,1
2013-11-03,HOUSEHOLD_1,HOUSEHOLD,949,1
2013-11-03,HOUSEHOLD_2,HOUSEHOLD,222,1
2013-11-04,FOODS_1,FOODS,159,1
2013-11-04,FOODS_2,FOODS,533,1
2013-11-04,FOODS_3,FOODS,2171,1
2013-11-04,HOBBIES_1,HOBBIES,424,1
2013-11-04,HOBBIES_2,HOBBIES,9,1
2013-11-04,HOUSEHOLD_1,HOUSEHOLD,633,1
2013-11-04,HOUSEHOLD_2,HOUSEHOLD,132,1
2013-11-05,FOODS_1,FOODS,200,1
2013-11-05,FOODS_2,FOODS,402,1
2013-11-05,FOODS_3,FOODS,2063,1
2013-11-05,HOBBIES_1,HOBBIES,534,1
2013-11-05,HOBBIES_2,HOBBIES,25,1
2013-11-05,HOUSEHOLD_1,HOUSEHOLD,492,1
2013-11-05,HOUSEHOLD_2,HOUSEHOLD,119,1
2013-11-06,FOODS_1,FOODS,167,1
2013-11-06,FOODS_2,FOODS,390,1
2013-11-06,FOODS_3,FOODS,1986,1
2013-11-06,HOBBIES_1,HOBBIES,392,1
2013-11-06,HOBBIES_2,HOBBIES,13,1
2013-11-06,HOUSEHOLD_1,HOUSEHOLD,468,1
2013-11-06,HOUSEHOLD_2,HOUSEHOLD,140,1
2013-11-07,FOODS_1,FOODS,197,1
2013-11-07,FOODS_2,FOODS,372,1
2013-11-07,FOODS_3,FOODS,1928,1
2013-11-07,HOBBIES_1,HOBBIES,407,1
2013-11-07,HOBBIES_2,HOBBIES,7,1
2013-11-07,HOUSEHOLD_1,HOUSEHOLD,458,1
2013-11-07,HOUSEHOLD_2,HOUSEHOLD,131,1
2013-11-08,FOODS_1,FOODS,256,1
2013-11-08,FOODS_2,FOODS,500,1
2013-11-08,FOODS_3,FOODS,2199,1
2013-11-08,HOBBIES_1,HOBBIES,451,1
2013-11-08,HOBBIES_2,HOBBIES,28,1
2013-11-08,HOUSEHOLD_1,HOUSEHOLD,547,1
2013-11-08,HOUSEHOLD_2,HOUSEHOLD,145,1
2013-11-09,FOODS_1,FOODS,288,1
2013-11-09,FOODS_2,FOODS,585,1
2013-11-09,FOODS_3,FOODS,2775,1
2013-11-09,HOBBIES_1,HOBBIES,678,1
2013-11-09,HOBBIES_2,HOBBIES,21,1
2013-11-09,HOUSEHOLD_1,HOUSEHOLD,731,1
2013-11-09,HOUSEHOLD_2,HOUSEHOLD,210,1
2013-11-10,FOODS_1,FOODS,271,1
2013-11-10,FOODS_2,FOODS,700,1
2013-11-10,FOODS_3,FOODS,3174,1
2013-11-10,HOBBIES_1,HOBBIES,550,1
2013-11-10,HOBBIES_2,HOBBIES,42,1
2013-11-10,HOUSEHOLD_1,HOUSEHOLD,857,1
2013-11-10,HOUSEHOLD_2,HOUSEHOLD,218,1
2013-11-11,FOODS_1,FOODS,220,0
2013-11-11,FOODS_2,FOODS,560,0
2013-11-11,FOODS_3,FOODS,2287,0
2013-11-11,HOBBIES_1,HOBBIES,481,0
2013-11-11,HOBBIES_2,HOBBIES,29,0
2013-11-11,HOUSEHOLD_1,HOUSEHOLD,645,0
2013-11-11,HOUSEHOLD_2,HOUSEHOLD,148,0
2013-11-12,FOODS_1,FOODS,194,0
2013-11-12,FOODS_2,FOODS,370,0
2013-11-12,FOODS_3,FOODS,1651,0
2013-11-12,HOBBIES_1,HOBBIES,425,0
2013-11-12,HOBBIES_2,HOBBIES,12,0
2013-11-12,HOUSEHOLD_1,HOUSEHOLD,474,0
2013-11-12,HOUSEHOLD_2,HOUSEHOLD,105,0
2013-11-13,FOODS_1,FOODS,177,0
2013-11-13,FOODS_2,FOODS,319,0
2013-11-13,FOODS_3,FOODS,1628,0
2013-11-13,HOBBIES_1,HOBBIES,374,0
2013-11-13,HOBBIES_2,HOBBIES,27,0
2013-11-13,HOUSEHOLD_1,HOUSEHOLD,451,0
2013-11-13,HOUSEHOLD_2,HOUSEHOLD,112,0
2013-11-14,FOODS_1,FOODS,231,0
2013-11-14,FOODS_2,FOODS,302,0
2013-11-14,FOODS_3,FOODS,1776,0
2013-11-14,HOBBIES_1,HOBBIES,355,0
2013-11-14,HOBBIES_2,HOBBIES,19,0
2013-11-14,HOUSEHOLD_1,HOUSEHOLD,460,0
2013-11-14,HOUSEHOLD_2,HOUSEHOLD,94,0
2013-11-15,FOODS_1,FOODS,243,0
2013-11-15,FOODS_2,FOODS,401,0
2013-11-15,FOODS_3,FOODS,1945,0
2013-11-15,HOBBIES_1,HOBBIES,686,0
2013-11-15,HOBBIES_2,HOBBIES,17,0
2013-11-15,HOUSEHOLD_1,HOUSEHOLD,510,0
2013-11-15,HOUSEHOLD_2,HOUSEHOLD,145,0
2013-11-16,FOODS_1,FOODS,349,0
2013-11-16,FOODS_2,FOODS,544,0
2013-11-16,FOODS_3,FOODS,2808,0
2013-11-16,HOBBIES_1,HOBBIES,667,0
2013-11-16,HOBBIES_2,HOBBIES,23,0
2013-11-16,HOUSEHOLD_1,HOUSEHOLD,877,0
2013-11-16,HOUSEHOLD_2,HOUSEHOLD,234,0
2013-11-17,FOODS_1,FOODS,233,0
2013-11-17,FOODS_2,FOODS,579,0
2013-11-17,FOODS_3,FOODS,2969,0
2013-11-17,HOBBIES_1,HOBBIES,529,0
2013-11-17,HOBBIES_2,HOBBIES,25,0
2013-11-17,HOUSEHOLD_1,HOUSEHOLD,892,0
2013-11-17,HOUSEHOLD_2,HOUSEHOLD,203,0
2013-11-18,FOODS_1,FOODS,209,0
2013-11-18,FOODS_2,FOODS,411,0
2013-11-18,FOODS_3,FOODS,1930,0
2013-11-18,HOBBIES_1,HOBBIES,500,0
2013-11-18,HOBBIES_2,HOBBIES,32,0
2013-11-18,HOUSEHOLD_1,HOUSEHOLD,529,0
2013-11-18,HOUSEHOLD_2,HOUSEHOLD,130,0
2013-11-19,FOODS_1,FOODS,325,0
2013-11-19,FOODS_2,FOODS,325,0
2013-11-19,FOODS_3,FOODS,1592,0
2013-11-19,HOBBIES_1,HOBBIES,409,0
2013-11-19,HOBBIES_2,HOBBIES,23,0
2013-11-19,HOUSEHOLD_1,HOUSEHOLD,412,0
2013-11-19,HOUSEHOLD_2,HOUSEHOLD,139,0
2013-11-20,FOODS_1,FOODS,185,0
2013-11-20,FOODS_2,FOODS,307,0
2013-11-20,FOODS_3,FOODS,1638,0
2013-11-20,HOBBIES_1,HOBBIES,382,0
2013-11-20,HOBBIES_2,HOBBIES,5,0
2013-11-20,HOUSEHOLD_1,HOUSEHOLD,446,0
2013-11-20,HOUSEHOLD_2,HOUSEHOLD,137,0
2013-11-21,FOODS_1,FOODS,240,0
2013-11-21,FOODS_2,FOODS,352,0
2013-11-21,FOODS_3,FOODS,1668,0
2013-11-21,HOBBIES_1,HOBBIES,353,0
2013-11-21,HOBBIES_2,HOBBIES,28,0
2013-11-21,HOUSEHOLD_1,HOUSEHOLD,425,0
2013-11-21,HOUSEHOLD_2,HOUSEHOLD,114,0
2013-11-22,FOODS_1,FOODS,274,0
2013-11-22,FOODS_2,FOODS,352,0
2013-11-22,FOODS_3,FOODS,1971,0
2013-11-22,HOBBIES_1,HOBBIES,554,0
2013-11-22,HOBBIES_2,HOBBIES,28,0
2013-11-22,HOUSEHOLD_1,HOUSEHOLD,605,0
2013-11-22,HOUSEHOLD_2,HOUSEHOLD,137,0
2013-11-23,FOODS_1,FOODS,355,0
2013-11-23,FOODS_2,FOODS,498,0
2013-11-23,FOODS_3,FOODS,2792,0
2013-11-23,HOBBIES_1,HOBBIES,658,0
2013-11-23,HOBBIES_2,HOBBIES,33,0
2013-11-23,HOUSEHOLD_1,HOUSEHOLD,772,0
2013-11-23,HOUSEHOLD_2,HOUSEHOLD,226,0
2013-11-24,FOODS_1,FOODS,300,0
2013-11-24,FOODS_2,FOODS,462,0
2013-11-24,FOODS_3,FOODS,2918,0
2013-11-24,HOBBIES_1,HOBBIES,518,0
2013-11-24,HOBBIES_2,HOBBIES,50,0
2013-11-24,HOUSEHOLD_1,HOUSEHOLD,836,0
2013-11-24,HOUSEHOLD_2,HOUSEHOLD,204,0
2013-11-25,FOODS_1,FOODS,250,0
2013-11-25,FOODS_2,FOODS,423,0
2013-11-25,FOODS_3,FOODS,2127,0
2013-11-25,HOBBIES_1,HOBBIES,461,0
2013-11-25,HOBBIES_2,HOBBIES,27,0
2013-11-25,HOUSEHOLD_1,HOUSEHOLD,589,0
2013-11-25,HOUSEHOLD_2,HOUSEHOLD,157,0
2013-11-26,FOODS_1,FOODS,291,0
2013-11-26,FOODS_2,FOODS,353,0
2013-11-26,FOODS_3,FOODS,2287,0
2013-11-26,HOBBIES_1,HOBBIES,516,0
2013-11-26,HOBBIES_2,HOBBIES,20,0
2013-11-26,HOUSEHOLD_1,HOUSEHOLD,520,0
2013-11-26,HOUSEHOLD_2,HOUSEHOLD,130,0
2013-11-27,FOODS_1,FOODS,306,0
2013-11-27,FOODS_2,FOODS,380,0
2013-11-27,FOODS_3,FOODS,2623,0
2013-11-27,HOBBIES_1,HOBBIES,434,0
2013-11-27,HOBBIES_2,HOBBIES,19,0
2013-11-27,HOUSEHOLD_1,HOUSEHOLD,582,0
2013-11-27,HOUSEHOLD_2,HOUSEHOLD,143,0
2013-11-28,FOODS_1,FOODS,161,0
2013-11-28,FOODS_2,FOODS,125,0
2013-11-28,FOODS_3,FOODS,1552,0
2013-11-28,HOBBIES_1,HOBBIES,170,0
2013-11-28,HOBBIES_2,HOBBIES,17,0
2013-11-28,HOUSEHOLD_1,HOUSEHOLD,264,0
2013-11-28,HOUSEHOLD_2,HOUSEHOLD,70,0
2013-11-29,FOODS_1,FOODS,233,0
2013-11-29,FOODS_2,FOODS,178,0
2013-11-29,FOODS_3,FOODS,1428,0
2013-11-29,HOBBIES_1,HOBBIES,268,0
2013-11-29,HOBBIES_2,HOBBIES,25,0
2013-11-29,HOUSEHOLD_1,HOUSEHOLD,362,0
2013-11-29,HOUSEHOLD_2,HOUSEHOLD,141,0
2013-11-30,FOODS_1,FOODS,232,0
2013-11-30,FOODS_2,FOODS,330,0
2013-11-30,FOODS_3,FOODS,1719,0
2013-11-30,HOBBIES_1,HOBBIES,383,0
2013-11-30,HOBBIES_2,HOBBIES,24,0
2013-11-30,HOUSEHOLD_1,HOUSEHOLD,613,0
2013-11-30,HOUSEHOLD_2,HOUSEHOLD,151,0
2013-12-01,FOODS_1,FOODS,258,1
2013-12-01,FOODS_2,FOODS,611,1
2013-12-01,FOODS_3,FOODS,2339,1
2013-12-01,HOBBIES_1,HOBBIES,672,1
2013-12-01,HOBBIES_2,HOBBIES,50,1
2013-12-01,HOUSEHOLD_1,HOUSEHOLD,753,1
2013-12-01,HOUSEHOLD_2,HOUSEHOLD,203,1
2013-12-02,FOODS_1,FOODS,218,1
2013-12-02,FOODS_2,FOODS,450,1
2013-12-02,FOODS_3,FOODS,2517,1
2013-12-02,HOBBIES_1,HOBBIES,741,1
2013-12-02,HOBBIES_2,HOBBIES,59,1
2013-12-02,HOUSEHOLD_1,HOUSEHOLD,584,1
2013-12-02,HOUSEHOLD_2,HOUSEHOLD,146,1
2013-12-03,FOODS_1,FOODS,245,1
2013-12-03,FOODS_2,FOODS,510,1
2013-12-03,FOODS_3,FOODS,2129,1
2013-12-03,HOBBIES_1,HOBBIES,567,1
2013-12-03,HOBBIES_2,HOBBIES,44,1
2013-12-03,HOUSEHOLD_1,HOUSEHOLD,572,1
2013-12-03,HOUSEHOLD_2,HOUSEHOLD,147,1
2013-12-04,FOODS_1,FOODS,251,1
2013-12-04,FOODS_2,FOODS,416,1
2013-12-04,FOODS_3,FOODS,2071,1
2013-12-04,HOBBIES_1,HOBBIES,494,1
2013-12-04,HOBBIES_2,HOBBIES,27,1
2013-12-04,HOUSEHOLD_1,HOUSEHOLD,461,1
2013-12-04,HOUSEHOLD_2,HOUSEHOLD,121,1
2013-12-05,FOODS_1,FOODS,261,1
2013-12-05,FOODS_2,FOODS,397,1
2013-12-05,FOODS_3,FOODS,1979,1
2013-12-05,HOBBIES_1,HOBBIES,482,1
2013-12-05,HOBBIES_2,HOBBIES,32,1
2013-12-05,HOUSEHOLD_1,HOUSEHOLD,516,1
2013-12-05,HOUSEHOLD_2,HOUSEHOLD,164,1
2013-12-06,FOODS_1,FOODS,375,1
2013-12-06,FOODS_2,FOODS,445,1
2013-12-06,FOODS_3,FOODS,2298,1
2013-12-06,HOBBIES_1,HOBBIES,467,1
2013-12-06,HOBBIES_2,HOBBIES,29,1
2013-12-06,HOUSEHOLD_1,HOUSEHOLD,586,1
2013-12-06,HOUSEHOLD_2,HOUSEHOLD,210,1
2013-12-07,FOODS_1,FOODS,413,1
2013-12-07,FOODS_2,FOODS,567,1
2013-12-07,FOODS_3,FOODS,3301,1
2013-12-07,HOBBIES_1,HOBBIES,653,1
2013-12-07,HOBBIES_2,HOBBIES,64,1
2013-12-07,HOUSEHOLD_1,HOUSEHOLD,690,1
2013-12-07,HOUSEHOLD_2,HOUSEHOLD,194,1
2013-12-08,FOODS_1,FOODS,387,1
2013-12-08,FOODS_2,FOODS,570,1
2013-12-08,FOODS_3,FOODS,3005,1
2013-12-08,HOBBIES_1,HOBBIES,565,1
2013-12-08,HOBBIES_2,HOBBIES,54,1
2013-12-08,HOUSEHOLD_1,HOUSEHOLD,682,1
2013-12-08,HOUSEHOLD_2,HOUSEHOLD,199,1
2013-12-09,FOODS_1,FOODS,295,1
2013-12-09,FOODS_2,FOODS,430,1
2013-12-09,FOODS_3,FOODS,2188,1
2013-12-09,HOBBIES_1,HOBBIES,461,1
2013-12-09,HOBBIES_2,HOBBIES,28,1
2013-12-09,HOUSEHOLD_1,HOUSEHOLD,539,1
2013-12-09,HOUSEHOLD_2,HOUSEHOLD,141,1
2013-12-10,FOODS_1,FOODS,317,1
2013-12-10,FOODS_2,FOODS,356,1
2013-12-10,FOODS_3,FOODS,2487,1
2013-12-10,HOBBIES_1,HOBBIES,474,1
2013-12-10,HOBBIES_2,HOBBIES,26,1
2013-12-10,HOUSEHOLD_1,HOUSEHOLD,512,1
2013-12-10,HOUSEHOLD_2,HOUSEHOLD,124,1
2013-12-11,FOODS_1,FOODS,316,0
2013-12-11,FOODS_2,FOODS,321,0
2013-12-11,FOODS_3,FOODS,1806,0
2013-12-11,HOBBIES_1,HOBBIES,364,0
2013-12-11,HOBBIES_2,HOBBIES,37,0
2013-12-11,HOUSEHOLD_1,HOUSEHOLD,374,0
2013-12-11,HOUSEHOLD_2,HOUSEHOLD,148,0
2013-12-12,FOODS_1,FOODS,307,0
2013-12-12,FOODS_2,FOODS,322,0
2013-12-12,FOODS_3,FOODS,1760,0
2013-12-12,HOBBIES_1,HOBBIES,518,0
2013-12-12,HOBBIES_2,HOBBIES,24,0
2013-12-12,HOUSEHOLD_1,HOUSEHOLD,377,0
2013-12-12,HOUSEHOLD_2,HOUSEHOLD,143,0
2013-12-13,FOODS_1,FOODS,422,0
2013-12-13,FOODS_2,FOODS,351,0
2013-12-13,FOODS_3,FOODS,1965,0
2013-12-13,HOBBIES_1,HOBBIES,534,0
2013-12-13,HOBBIES_2,HOBBIES,40,0
2013-12-13,HOUSEHOLD_1,HOUSEHOLD,510,0
2013-12-13,HOUSEHOLD_2,HOUSEHOLD,167,0
2013-12-14,FOODS_1,FOODS,443,0
2013-12-14,FOODS_2,FOODS,530,0
2013-12-14,FOODS_3,FOODS,2687,0
2013-12-14,HOBBIES_1,HOBBIES,661,0
2013-12-14,HOBBIES_2,HOBBIES,51,0
2013-12-14,HOUSEHOLD_1,HOUSEHOLD,677,0
2013-12-14,HOUSEHOLD_2,HOUSEHOLD,250,0
2013-12-15,FOODS_1,FOODS,342,0
2013-12-15,FOODS_2,FOODS,558,0
2013-12-15,FOODS_3,FOODS,2751,0
2013-12-15,HOBBIES_1,HOBBIES,519,0
2013-12-15,HOBBIES_2,HOBBIES,54,0
2013-12-15,HOUSEHOLD_1,HOUSEHOLD,717,0
2013-12-15,HOUSEHOLD_2,HOUSEHOLD,231,0
2013-12-16,FOODS_1,FOODS,306,0
2013-12-16,FOODS_2,FOODS,424,0
2013-12-16,FOODS_3,FOODS,2118,0
2013-12-16,HOBBIES_1,HOBBIES,524,0
2013-12-16,HOBBIES_2,HOBBIES,22,0
2013-12-16,HOUSEHOLD_1,HOUSEHOLD,502,0
2013-12-16,HOUSEHOLD_2,HOUSEHOLD,168,0
2013-12-17,FOODS_1,FOODS,361,0
2013-12-17,FOODS_2,FOODS,310,0
2013-12-17,FOODS_3,FOODS,1732,0
2013-12-17,HOBBIES_1,HOBBIES,463,0
2013-12-17,HOBBIES_2,HOBBIES,34,0
2013-12-17,HOUSEHOLD_1,HOUSEHOLD,411,0
2013-12-17,HOUSEHOLD_2,HOUSEHOLD,168,0
2013-12-18,FOODS_1,FOODS,436,0
2013-12-18,FOODS_2,FOODS,326,0
2013-12-18,FOODS_3,FOODS,1755,0
2013-12-18,HOBBIES_1,HOBBIES,392,0
2013-12-18,HOBBIES_2,HOBBIES,17,0
2013-12-18,HOUSEHOLD_1,HOUSEHOLD,392,0
2013-12-18,HOUSEHOLD_2,HOUSEHOLD,135,0
2013-12-19,FOODS_1,FOODS,471,0
2013-12-19,FOODS_2,FOODS,349,0
2013-12-19,FOODS_3,FOODS,1806,0
2013-12-19,HOBBIES_1,HOBBIES,486,0
2013-12-19,HOBBIES_2,HOBBIES,36,0
2013-12-19,HOUSEHOLD_1,HOUSEHOLD,414,0
2013-12-19,HOUSEHOLD_2,HOUSEHOLD,160,0
2013-12-20,FOODS_1,FOODS,465,0
2013-12-20,FOODS_2,FOODS,347,0
2013-12-20,FOODS_3,FOODS,1862,0
2013-12-20,HOBBIES_1,HOBBIES,557,0
2013-12-20,HOBBIES_2,HOBBIES,35,0
2013-12-20,HOUSEHOLD_1,HOUSEHOLD,474,0
2013-12-20,HOUSEHOLD_2,HOUSEHOLD,163,0
2013-12-21,FOODS_1,FOODS,625,0
2013-12-21,FOODS_2,FOODS,539,0
2013-12-21,FOODS_3,FOODS,2551,0
2013-12-21,HOBBIES_1,HOBBIES,641,0
2013-12-21,HOBBIES_2,HOBBIES,35,0
2013-12-21,HOUSEHOLD_1,HOUSEHOLD,697,0
2013-12-21,HOUSEHOLD_2,HOUSEHOLD,273,0
2013-12-22,FOODS_1,FOODS,571,0
2013-12-22,FOODS_2,FOODS,501,0
2013-12-22,FOODS_3,FOODS,2657,0
2013-12-22,HOBBIES_1,HOBBIES,621,0
2013-12-22,HOBBIES_2,HOBBIES,40,0
2013-12-22,HOUSEHOLD_1,HOUSEHOLD,739,0
2013-12-22,HOUSEHOLD_2,HOUSEHOLD,227,0
2013-12-23,FOODS_1,FOODS,535,0
2013-12-23,FOODS_2,FOODS,448,0
2013-12-23,FOODS_3,FOODS,2554,0
2013-12-23,HOBBIES_1,HOBBIES,539,0
2013-12-23,HOBBIES_2,HOBBIES,29,0
2013-12-23,HOUSEHOLD_1,HOUSEHOLD,528,0
2013-12-23,HOUSEHOLD_2,HOUSEHOLD,166,0
2013-12-24,FOODS_1,FOODS,486,0
2013-12-24,FOODS_2,FOODS,299,0
2013-12-24,FOODS_3,FOODS,1835,0
2013-12-24,HOBBIES_1,HOBBIES,364,0
2013-12-24,HOBBIES_2,HOBBIES,26,0
2013-12-24,HOUSEHOLD_1,HOUSEHOLD,311,0
2013-12-24,HOUSEHOLD_2,HOUSEHOLD,137,0
2013-12-25,FOODS_1,FOODS,0,0
2013-12-25,FOODS_2,FOODS,0,0
2013-12-25,FOODS_3,FOODS,0,0
2013-12-25,HOBBIES_1,HOBBIES,0,0
2013-12-25,HOBBIES_2,HOBBIES,0,0
2013-12-25,HOUSEHOLD_1,HOUSEHOLD,0,0
2013-12-25,HOUSEHOLD_2,HOUSEHOLD,0,0
2013-12-26,FOODS_1,FOODS,179,0
2013-12-26,FOODS_2,FOODS,319,0
2013-12-26,FOODS_3,FOODS,1987,0
2013-12-26,HOBBIES_1,HOBBIES,412,0
2013-12-26,HOBBIES_2,HOBBIES,16,0
2013-12-26,HOUSEHOLD_1,HOUSEHOLD,523,0
2013-12-26,HOUSEHOLD_2,HOUSEHOLD,134,0
2013-12-27,FOODS_1,FOODS,247,0
2013-12-27,FOODS_2,FOODS,410,0
2013-12-27,FOODS_3,FOODS,2110,0
2013-12-27,HOBBIES_1,HOBBIES,533,0
2013-12-27,HOBBIES_2,HOBBIES,12,0
2013-12-27,HOUSEHOLD_1,HOUSEHOLD,614,0
2013-12-27,HOUSEHOLD_2,HOUSEHOLD,163,0
2013-12-28,FOODS_1,FOODS,303,0
2013-12-28,FOODS_2,FOODS,400,0
2013-12-28,FOODS_3,FOODS,2506,0
2013-12-28,HOBBIES_1,HOBBIES,446,0
2013-12-28,HOBBIES_2,HOBBIES,15,0
2013-12-28,HOUSEHOLD_1,HOUSEHOLD,706,0
2013-12-28,HOUSEHOLD_2,HOUSEHOLD,199,0
2013-12-29,FOODS_1,FOODS,344,0
2013-12-29,FOODS_2,FOODS,447,0
2013-12-29,FOODS_3,FOODS,2301,0
2013-12-29,HOBBIES_1,HOBBIES,383,0
2013-12-29,HOBBIES_2,HOBBIES,13,0
2013-12-29,HOUSEHOLD_1,HOUSEHOLD,631,0
2013-12-29,HOUSEHOLD_2,HOUSEHOLD,162,0
2013-12-30,FOODS_1,FOODS,303,0
2013-12-30,FOODS_2,FOODS,398,0
2013-12-30,FOODS_3,FOODS,2384,0
2013-12-30,HOBBIES_1,HOBBIES,477,0
2013-12-30,HOBBIES_2,HOBBIES,12,0
2013-12-30,HOUSEHOLD_1,HOUSEHOLD,578,0
2013-12-30,HOUSEHOLD_2,HOUSEHOLD,142,0
2013-12-31,FOODS_1,FOODS,333,0
2013-12-31,FOODS_2,FOODS,364,0
2013-12-31,FOODS_3,FOODS,2574,0
2013-12-31,HOBBIES_1,HOBBIES,349,0
2013-12-31,HOBBIES_2,HOBBIES,8,0
2013-12-31,HOUSEHOLD_1,HOUSEHOLD,434,0
2013-12-31,HOUSEHOLD_2,HOUSEHOLD,113,0
2014-01-01,FOODS_1,FOODS,191,1
2014-01-01,FOODS_2,FOODS,295,1
2014-01-01,FOODS_3,FOODS,1654,1
2014-01-01,HOBBIES_1,HOBBIES,294,1
2014-01-01,HOBBIES_2,HOBBIES,16,1
2014-01-01,HOUSEHOLD_1,HOUSEHOLD,354,1
2014-01-01,HOUSEHOLD_2,HOUSEHOLD,109,1
2014-01-02,FOODS_1,FOODS,242,1
2014-01-02,FOODS_2,FOODS,396,1
2014-01-02,FOODS_3,FOODS,2309,1
2014-01-02,HOBBIES_1,HOBBIES,702,1
2014-01-02,HOBBIES_2,HOBBIES,15,1
2014-01-02,HOUSEHOLD_1,HOUSEHOLD,604,1
2014-01-02,HOUSEHOLD_2,HOUSEHOLD,142,1
2014-01-03,FOODS_1,FOODS,349,1
2014-01-03,FOODS_2,FOODS,515,1
2014-01-03,FOODS_3,FOODS,2479,1
2014-01-03,HOBBIES_1,HOBBIES,565,1
2014-01-03,HOBBIES_2,HOBBIES,16,1
2014-01-03,HOUSEHOLD_1,HOUSEHOLD,626,1
2014-01-03,HOUSEHOLD_2,HOUSEHOLD,153,1
2014-01-04,FOODS_1,FOODS,312,1
2014-01-04,FOODS_2,FOODS,565,1
2014-01-04,FOODS_3,FOODS,2824,1
2014-01-04,HOBBIES_1,HOBBIES,513,1
2014-01-04,HOBBIES_2,HOBBIES,29,1
2014-01-04,HOUSEHOLD_1,HOUSEHOLD,687,1
2014-01-04,HOUSEHOLD_2,HOUSEHOLD,157,1
2014-01-05,FOODS_1,FOODS,269,1
2014-01-05,FOODS_2,FOODS,626,1
2014-01-05,FOODS_3,FOODS,3134,1
2014-01-05,HOBBIES_1,HOBBIES,597,1
2014-01-05,HOBBIES_2,HOBBIES,23,1
2014-01-05,HOUSEHOLD_1,HOUSEHOLD,639,1
2014-01-05,HOUSEHOLD_2,HOUSEHOLD,184,1
2014-01-06,FOODS_1,FOODS,230,1
2014-01-06,FOODS_2,FOODS,554,1
2014-01-06,FOODS_3,FOODS,2340,1
2014-01-06,HOBBIES_1,HOBBIES,503,1
2014-01-06,HOBBIES_2,HOBBIES,19,1
2014-01-06,HOUSEHOLD_1,HOUSEHOLD,576,1
2014-01-06,HOUSEHOLD_2,HOUSEHOLD,118,1
2014-01-07,FOODS_1,FOODS,282,1
2014-01-07,FOODS_2,FOODS,559,1
2014-01-07,FOODS_3,FOODS,2087,1
2014-01-07,HOBBIES_1,HOBBIES,489,1
2014-01-07,HOBBIES_2,HOBBIES,24,1
2014-01-07,HOUSEHOLD_1,HOUSEHOLD,482,1
2014-01-07,HOUSEHOLD_2,HOUSEHOLD,120,1
2014-01-08,FOODS_1,FOODS,277,1
2014-01-08,FOODS_2,FOODS,463,1
2014-01-08,FOODS_3,FOODS,1928,1
2014-01-08,HOBBIES_1,HOBBIES,429,1
2014-01-08,HOBBIES_2,HOBBIES,27,1
2014-01-08,HOUSEHOLD_1,HOUSEHOLD,406,1
2014-01-08,HOUSEHOLD_2,HOUSEHOLD,77,1
2014-01-09,FOODS_1,FOODS,294,1
2014-01-09,FOODS_2,FOODS,422,1
2014-01-09,FOODS_3,FOODS,1647,1
2014-01-09,HOBBIES_1,HOBBIES,435,1
2014-01-09,HOBBIES_2,HOBBIES,23,1
2014-01-09,HOUSEHOLD_1,HOUSEHOLD,457,1
2014-01-09,HOUSEHOLD_2,HOUSEHOLD,117,1
2014-01-10,FOODS_1,FOODS,334,1
2014-01-10,FOODS_2,FOODS,509,1
2014-01-10,FOODS_3,FOODS,2106,1
2014-01-10,HOBBIES_1,HOBBIES,451,1
2014-01-10,HOBBIES_2,HOBBIES,28,1
2014-01-10,HOUSEHOLD_1,HOUSEHOLD,545,1
2014-01-10,HOUSEHOLD_2,HOUSEHOLD,161,1
2014-01-11,FOODS_1,FOODS,311,0
2014-01-11,FOODS_2,FOODS,684,0
2014-01-11,FOODS_3,FOODS,3029,0
2014-01-11,HOBBIES_1,HOBBIES,579,0
2014-01-11,HOBBIES_2,HOBBIES,42,0
2014-01-11,HOUSEHOLD_1,HOUSEHOLD,742,0
2014-01-11,HOUSEHOLD_2,HOUSEHOLD,195,0
2014-01-12,FOODS_1,FOODS,321,0
2014-01-12,FOODS_2,FOODS,591,0
2014-01-12,FOODS_3,FOODS,2940,0
2014-01-12,HOBBIES_1,HOBBIES,343,0
2014-01-12,HOBBIES_2,HOBBIES,21,0
2014-01-12,HOUSEHOLD_1,HOUSEHOLD,699,0
2014-01-12,HOUSEHOLD_2,HOUSEHOLD,147,0
2014-01-13,FOODS_1,FOODS,211,0
2014-01-13,FOODS_2,FOODS,451,0
2014-01-13,FOODS_3,FOODS,2039,0
2014-01-13,HOBBIES_1,HOBBIES,372,0
2014-01-13,HOBBIES_2,HOBBIES,12,0
2014-01-13,HOUSEHOLD_1,HOUSEHOLD,502,0
2014-01-13,HOUSEHOLD_2,HOUSEHOLD,133,0
2014-01-14,FOODS_1,FOODS,217,0
2014-01-14,FOODS_2,FOODS,318,0
2014-01-14,FOODS_3,FOODS,1691,0
2014-01-14,HOBBIES_1,HOBBIES,413,0
2014-01-14,HOBBIES_2,HOBBIES,12,0
2014-01-14,HOUSEHOLD_1,HOUSEHOLD,397,0
2014-01-14,HOUSEHOLD_2,HOUSEHOLD,110,0
2014-01-15,FOODS_1,FOODS,200,0
2014-01-15,FOODS_2,FOODS,287,0
2014-01-15,FOODS_3,FOODS,1755,0
2014-01-15,HOBBIES_1,HOBBIES,421,0
2014-01-15,HOBBIES_2,HOBBIES,19,0
2014-01-15,HOUSEHOLD_1,HOUSEHOLD,426,0
2014-01-15,HOUSEHOLD_2,HOUSEHOLD,133,0
2014-01-16,FOODS_1,FOODS,198,0
2014-01-16,FOODS_2,FOODS,392,0
2014-01-16,FOODS_3,FOODS,1718,0
2014-01-16,HOBBIES_1,HOBBIES,365,0
2014-01-16,HOBBIES_2,HOBBIES,19,0
2014-01-16,HOUSEHOLD_1,HOUSEHOLD,397,0
2014-01-16,HOUSEHOLD_2,HOUSEHOLD,104,0
2014-01-17,FOODS_1,FOODS,342,0
2014-01-17,FOODS_2,FOODS,351,0
2014-01-17,FOODS_3,FOODS,2287,0
2014-01-17,HOBBIES_1,HOBBIES,463,0
2014-01-17,HOBBIES_2,HOBBIES,13,0
2014-01-17,HOUSEHOLD_1,HOUSEHOLD,531,0
2014-01-17,HOUSEHOLD_2,HOUSEHOLD,150,0
2014-01-18,FOODS_1,FOODS,343,0
2014-01-18,FOODS_2,FOODS,583,0
2014-01-18,FOODS_3,FOODS,2941,0
2014-01-18,HOBBIES_1,HOBBIES,549,0
2014-01-18,HOBBIES_2,HOBBIES,20,0
2014-01-18,HOUSEHOLD_1,HOUSEHOLD,819,0
2014-01-18,HOUSEHOLD_2,HOUSEHOLD,226,0
2014-01-19,FOODS_1,FOODS,324,0
2014-01-19,FOODS_2,FOODS,510,0
2014-01-19,FOODS_3,FOODS,2762,0
2014-01-19,HOBBIES_1,HOBBIES,371,0
2014-01-19,HOBBIES_2,HOBBIES,19,0
2014-01-19,HOUSEHOLD_1,HOUSEHOLD,726,0
2014-01-19,HOUSEHOLD_2,HOUSEHOLD,160,0
2014-01-20,FOODS_1,FOODS,334,0
2014-01-20,FOODS_2,FOODS,405,0
2014-01-20,FOODS_3,FOODS,2048,0
2014-01-20,HOBBIES_1,HOBBIES,475,0
2014-01-20,HOBBIES_2,HOBBIES,28,0
2014-01-20,HOUSEHOLD_1,HOUSEHOLD,574,0
2014-01-20,HOUSEHOLD_2,HOUSEHOLD,155,0
2014-01-21,FOODS_1,FOODS,224,0
2014-01-21,FOODS_2,FOODS,347,0
2014-01-21,FOODS_3,FOODS,1434,0
2014-01-21,HOBBIES_1,HOBBIES,479,0
2014-01-21,HOBBIES_2,HOBBIES,21,0
2014-01-21,HOUSEHOLD_1,HOUSEHOLD,441,0
2014-01-21,HOUSEHOLD_2,HOUSEHOLD,143,0
2014-01-22,FOODS_1,FOODS,180,0
2014-01-22,FOODS_2,FOODS,294,0
2014-01-22,FOODS_3,FOODS,1631,0
2014-01-22,HOBBIES_1,HOBBIES,416,0
2014-01-22,HOBBIES_2,HOBBIES,12,0
2014-01-22,HOUSEHOLD_1,HOUSEHOLD,452,0
2014-01-22,HOUSEHOLD_2,HOUSEHOLD,124,0
2014-01-23,FOODS_1,FOODS,229,0
2014-01-23,FOODS_2,FOODS,299,0
2014-01-23,FOODS_3,FOODS,1505,0
2014-01-23,HOBBIES_1,HOBBIES,305,0
2014-01-23,HOBBIES_2,HOBBIES,19,0
2014-01-23,HOUSEHOLD_1,HOUSEHOLD,405,0
2014-01-23,HOUSEHOLD_2,HOUSEHOLD,110,0
2014-01-24,FOODS_1,FOODS,316,0
2014-01-24,FOODS_2,FOODS,347,0
2014-01-24,FOODS_3,FOODS,2123,0
2014-01-24,HOBBIES_1,HOBBIES,401,0
2014-01-24,HOBBIES_2,HOBBIES,31,0
2014-01-24,HOUSEHOLD_1,HOUSEHOLD,566,0
2014-01-24,HOUSEHOLD_2,HOUSEHOLD,116,0
2014-01-25,FOODS_1,FOODS,324,0
2014-01-25,FOODS_2,FOODS,453,0
2014-01-25,FOODS_3,FOODS,2568,0
2014-01-25,HOBBIES_1,HOBBIES,485,0
2014-01-25,HOBBIES_2,HOBBIES,32,0
2014-01-25,HOUSEHOLD_1,HOUSEHOLD,690,0
2014-01-25,HOUSEHOLD_2,HOUSEHOLD,198,0
2014-01-26,FOODS_1,FOODS,348,0
2014-01-26,FOODS_2,FOODS,583,0
2014-01-26,FOODS_3,FOODS,2917,0
2014-01-26,HOBBIES_1,HOBBIES,505,0
2014-01-26,HOBBIES_2,HOBBIES,28,0
2014-01-26,HOUSEHOLD_1,HOUSEHOLD,744,0
2014-01-26,HOUSEHOLD_2,HOUSEHOLD,232,0
2014-01-27,FOODS_1,FOODS,246,0
2014-01-27,FOODS_2,FOODS,351,0
2014-01-27,FOODS_3,FOODS,1785,0
2014-01-27,HOBBIES_1,HOBBIES,472,0
2014-01-27,HOBBIES_2,HOBBIES,18,0
2014-01-27,HOUSEHOLD_1,HOUSEHOLD,512,0
2014-01-27,HOUSEHOLD_2,HOUSEHOLD,130,0
2014-01-28,FOODS_1,FOODS,206,0
2014-01-28,FOODS_2,FOODS,304,0
2014-01-28,FOODS_3,FOODS,1499,0
2014-01-28,HOBBIES_1,HOBBIES,314,0
2014-01-28,HOBBIES_2,HOBBIES,21,0
2014-01-28,HOUSEHOLD_1,HOUSEHOLD,412,0
2014-01-28,HOUSEHOLD_2,HOUSEHOLD,117,0
2014-01-29,FOODS_1,FOODS,221,0
2014-01-29,FOODS_2,FOODS,232,0
2014-01-29,FOODS_3,FOODS,1418,0
2014-01-29,HOBBIES_1,HOBBIES,271,0
2014-01-29,HOBBIES_2,HOBBIES,14,0
2014-01-29,HOUSEHOLD_1,HOUSEHOLD,370,0
2014-01-29,HOUSEHOLD_2,HOUSEHOLD,95,0
2014-01-30,FOODS_1,FOODS,226,0
2014-01-30,FOODS_2,FOODS,277,0
2014-01-30,FOODS_3,FOODS,1363,0
2014-01-30,HOBBIES_1,HOBBIES,423,0
2014-01-30,HOBBIES_2,HOBBIES,16,0
2014-01-30,HOUSEHOLD_1,HOUSEHOLD,427,0
2014-01-30,HOUSEHOLD_2,HOUSEHOLD,114,0
2014-01-31,FOODS_1,FOODS,354,0
2014-01-31,FOODS_2,FOODS,382,0
2014-01-31,FOODS_3,FOODS,2227,0
2014-01-31,HOBBIES_1,HOBBIES,601,0
2014-01-31,HOBBIES_2,HOBBIES,19,0
2014-01-31,HOUSEHOLD_1,HOUSEHOLD,612,0
2014-01-31,HOUSEHOLD_2,HOUSEHOLD,164,0
2014-02-01,FOODS_1,FOODS,469,1
2014-02-01,FOODS_2,FOODS,641,1
2014-02-01,FOODS_3,FOODS,3432,1
2014-02-01,HOBBIES_1,HOBBIES,659,1
2014-02-01,HOBBIES_2,HOBBIES,46,1
2014-02-01,HOUSEHOLD_1,HOUSEHOLD,973,1
2014-02-01,HOUSEHOLD_2,HOUSEHOLD,291,1
2014-02-02,FOODS_1,FOODS,361,1
2014-02-02,FOODS_2,FOODS,494,1
2014-02-02,FOODS_3,FOODS,2962,1
2014-02-02,HOBBIES_1,HOBBIES,388,1
2014-02-02,HOBBIES_2,HOBBIES,34,1
2014-02-02,HOUSEHOLD_1,HOUSEHOLD,694,1
2014-02-02,HOUSEHOLD_2,HOUSEHOLD,157,1
2014-02-03,FOODS_1,FOODS,225,1
2014-02-03,FOODS_2,FOODS,459,1
2014-02-03,FOODS_3,FOODS,2172,1
2014-02-03,HOBBIES_1,HOBBIES,487,1
2014-02-03,HOBBIES_2,HOBBIES,15,1
2014-02-03,HOUSEHOLD_1,HOUSEHOLD,637,1
2014-02-03,HOUSEHOLD_2,HOUSEHOLD,166,1
2014-02-04,FOODS_1,FOODS,249,1
2014-02-04,FOODS_2,FOODS,361,1
2014-02-04,FOODS_3,FOODS,1798,1
2014-02-04,HOBBIES_1,HOBBIES,397,1
2014-02-04,HOBBIES_2,HOBBIES,26,1
2014-02-04,HOUSEHOLD_1,HOUSEHOLD,507,1
2014-02-04,HOUSEHOLD_2,HOUSEHOLD,123,1
2014-02-05,FOODS_1,FOODS,253,1
2014-02-05,FOODS_2,FOODS,359,1
2014-02-05,FOODS_3,FOODS,1801,1
2014-02-05,HOBBIES_1,HOBBIES,442,1
2014-02-05,HOBBIES_2,HOBBIES,13,1
2014-02-05,HOUSEHOLD_1,HOUSEHOLD,481,1
2014-02-05,HOUSEHOLD_2,HOUSEHOLD,121,1
2014-02-06,FOODS_1,FOODS,293,1
2014-02-06,FOODS_2,FOODS,454,1
2014-02-06,FOODS_3,FOODS,1844,1
2014-02-06,HOBBIES_1,HOBBIES,387,1
2014-02-06,HOBBIES_2,HOBBIES,13,1
2014-02-06,HOUSEHOLD_1,HOUSEHOLD,450,1
2014-02-06,HOUSEHOLD_2,HOUSEHOLD,125,1
2014-02-07,FOODS_1,FOODS,376,1
2014-02-07,FOODS_2,FOODS,460,1
2014-02-07,FOODS_3,FOODS,2152,1
2014-02-07,HOBBIES_1,HOBBIES,466,1
2014-02-07,HOBBIES_2,HOBBIES,29,1
2014-02-07,HOUSEHOLD_1,HOUSEHOLD,607,1
2014-02-07,HOUSEHOLD_2,HOUSEHOLD,145,1
2014-02-08,FOODS_1,FOODS,490,1
2014-02-08,FOODS_2,FOODS,713,1
2014-02-08,FOODS_3,FOODS,2880,1
2014-02-08,HOBBIES_1,HOBBIES,545,1
2014-02-08,HOBBIES_2,HOBBIES,42,1
2014-02-08,HOUSEHOLD_1,HOUSEHOLD,869,1
2014-02-08,HOUSEHOLD_2,HOUSEHOLD,213,1
2014-02-09,FOODS_1,FOODS,426,1
2014-02-09,FOODS_2,FOODS,609,1
2014-02-09,FOODS_3,FOODS,3131,1
2014-02-09,HOBBIES_1,HOBBIES,367,1
2014-02-09,HOBBIES_2,HOBBIES,20,1
2014-02-09,HOUSEHOLD_1,HOUSEHOLD,974,1
2014-02-09,HOUSEHOLD_2,HOUSEHOLD,220,1
2014-02-10,FOODS_1,FOODS,384,1
2014-02-10,FOODS_2,FOODS,497,1
2014-02-10,FOODS_3,FOODS,2124,1
2014-02-10,HOBBIES_1,HOBBIES,531,1
2014-02-10,HOBBIES_2,HOBBIES,22,1
2014-02-10,HOUSEHOLD_1,HOUSEHOLD,616,1
2014-02-10,HOUSEHOLD_2,HOUSEHOLD,142,1
2014-02-11,FOODS_1,FOODS,381,0
2014-02-11,FOODS_2,FOODS,412,0
2014-02-11,FOODS_3,FOODS,1704,0
2014-02-11,HOBBIES_1,HOBBIES,360,0
2014-02-11,HOBBIES_2,HOBBIES,19,0
2014-02-11,HOUSEHOLD_1,HOUSEHOLD,484,0
2014-02-11,HOUSEHOLD_2,HOUSEHOLD,150,0
2014-02-12,FOODS_1,FOODS,352,0
2014-02-12,FOODS_2,FOODS,368,0
2014-02-12,FOODS_3,FOODS,1686,0
2014-02-12,HOBBIES_1,HOBBIES,370,0
2014-02-12,HOBBIES_2,HOBBIES,30,0
2014-02-12,HOUSEHOLD_1,HOUSEHOLD,517,0
2014-02-12,HOUSEHOLD_2,HOUSEHOLD,142,0
2014-02-13,FOODS_1,FOODS,566,0
2014-02-13,FOODS_2,FOODS,345,0
2014-02-13,FOODS_3,FOODS,1887,0
2014-02-13,HOBBIES_1,HOBBIES,406,0
2014-02-13,HOBBIES_2,HOBBIES,49,0
2014-02-13,HOUSEHOLD_1,HOUSEHOLD,507,0
2014-02-13,HOUSEHOLD_2,HOUSEHOLD,131,0
2014-02-14,FOODS_1,FOODS,530,0
2014-02-14,FOODS_2,FOODS,341,0
2014-02-14,FOODS_3,FOODS,1733,0
2014-02-14,HOBBIES_1,HOBBIES,396,0
2014-02-14,HOBBIES_2,HOBBIES,35,0
2014-02-14,HOUSEHOLD_1,HOUSEHOLD,466,0
2014-02-14,HOUSEHOLD_2,HOUSEHOLD,158,0
2014-02-15,FOODS_1,FOODS,361,0
2014-02-15,FOODS_2,FOODS,495,0
2014-02-15,FOODS_3,FOODS,2457,0
2014-02-15,HOBBIES_1,HOBBIES,543,0
2014-02-15,HOBBIES_2,HOBBIES,31,0
2014-02-15,HOUSEHOLD_1,HOUSEHOLD,773,0
2014-02-15,HOUSEHOLD_2,HOUSEHOLD,240,0
2014-02-16,FOODS_1,FOODS,368,0
2014-02-16,FOODS_2,FOODS,556,0
2014-02-16,FOODS_3,FOODS,2452,0
2014-02-16,HOBBIES_1,HOBBIES,503,0
2014-02-16,HOBBIES_2,HOBBIES,25,0
2014-02-16,HOUSEHOLD_1,HOUSEHOLD,794,0
2014-02-16,HOUSEHOLD_2,HOUSEHOLD,232,0
2014-02-17,FOODS_1,FOODS,263,0
2014-02-17,FOODS_2,FOODS,485,0
2014-02-17,FOODS_3,FOODS,2001,0
2014-02-17,HOBBIES_1,HOBBIES,419,0
2014-02-17,HOBBIES_2,HOBBIES,25,0
2014-02-17,HOUSEHOLD_1,HOUSEHOLD,563,0
2014-02-17,HOUSEHOLD_2,HOUSEHOLD,187,0
2014-02-18,FOODS_1,FOODS,240,0
2014-02-18,FOODS_2,FOODS,354,0
2014-02-18,FOODS_3,FOODS,1478,0
2014-02-18,HOBBIES_1,HOBBIES,366,0
2014-02-18,HOBBIES_2,HOBBIES,19,0
2014-02-18,HOUSEHOLD_1,HOUSEHOLD,401,0
2014-02-18,HOUSEHOLD_2,HOUSEHOLD,130,0
2014-02-19,FOODS_1,FOODS,248,0
2014-02-19,FOODS_2,FOODS,387,0
2014-02-19,FOODS_3,FOODS,1402,0
2014-02-19,HOBBIES_1,HOBBIES,333,0
2014-02-19,HOBBIES_2,HOBBIES,20,0
2014-02-19,HOUSEHOLD_1,HOUSEHOLD,447,0
2014-02-19,HOUSEHOLD_2,HOUSEHOLD,130,0
2014-02-20,FOODS_1,FOODS,231,0
2014-02-20,FOODS_2,FOODS,345,0
2014-02-20,FOODS_3,FOODS,1488,0
2014-02-20,HOBBIES_1,HOBBIES,377,0
2014-02-20,HOBBIES_2,HOBBIES,20,0
2014-02-20,HOUSEHOLD_1,HOUSEHOLD,411,0
2014-02-20,HOUSEHOLD_2,HOUSEHOLD,131,0
2014-02-21,FOODS_1,FOODS,364,0
2014-02-21,FOODS_2,FOODS,371,0
2014-02-21,FOODS_3,FOODS,1880,0
2014-02-21,HOBBIES_1,HOBBIES,536,0
2014-02-21,HOBBIES_2,HOBBIES,26,0
2014-02-21,HOUSEHOLD_1,HOUSEHOLD,475,0
2014-02-21,HOUSEHOLD_2,HOUSEHOLD,161,0
2014-02-22,FOODS_1,FOODS,370,0
2014-02-22,FOODS_2,FOODS,505,0
2014-02-22,FOODS_3,FOODS,2459,0
2014-02-22,HOBBIES_1,HOBBIES,450,0
2014-02-22,HOBBIES_2,HOBBIES,22,0
2014-02-22,HOUSEHOLD_1,HOUSEHOLD,779,0
2014-02-22,HOUSEHOLD_2,HOUSEHOLD,205,0
2014-02-23,FOODS_1,FOODS,309,0
2014-02-23,FOODS_2,FOODS,634,0
2014-02-23,FOODS_3,FOODS,2572,0
2014-02-23,HOBBIES_1,HOBBIES,416,0
2014-02-23,HOBBIES_2,HOBBIES,26,0
2014-02-23,HOUSEHOLD_1,HOUSEHOLD,855,0
2014-02-23,HOUSEHOLD_2,HOUSEHOLD,243,0
2014-02-24,FOODS_1,FOODS,266,0
2014-02-24,FOODS_2,FOODS,371,0
2014-02-24,FOODS_3,FOODS,1876,0
2014-02-24,HOBBIES_1,HOBBIES,387,0
2014-02-24,HOBBIES_2,HOBBIES,14,0
2014-02-24,HOUSEHOLD_1,HOUSEHOLD,541,0
2014-02-24,HOUSEHOLD_2,HOUSEHOLD,119,0
2014-02-25,FOODS_1,FOODS,210,0
2014-02-25,FOODS_2,FOODS,299,0
2014-02-25,FOODS_3,FOODS,1511,0
2014-02-25,HOBBIES_1,HOBBIES,458,0
2014-02-25,HOBBIES_2,HOBBIES,16,0
2014-02-25,HOUSEHOLD_1,HOUSEHOLD,557,0
2014-02-25,HOUSEHOLD_2,HOUSEHOLD,117,0
2014-02-26,FOODS_1,FOODS,203,0
2014-02-26,FOODS_2,FOODS,338,0
2014-02-26,FOODS_3,FOODS,1351,0
2014-02-26,HOBBIES_1,HOBBIES,476,0
2014-02-26,HOBBIES_2,HOBBIES,25,0
2014-02-26,HOUSEHOLD_1,HOUSEHOLD,510,0
2014-02-26,HOUSEHOLD_2,HOUSEHOLD,115,0
2014-02-27,FOODS_1,FOODS,223,0
2014-02-27,FOODS_2,FOODS,354,0
2014-02-27,FOODS_3,FOODS,1527,0
2014-02-27,HOBBIES_1,HOBBIES,401,0
2014-02-27,HOBBIES_2,HOBBIES,11,0
2014-02-27,HOUSEHOLD_1,HOUSEHOLD,522,0
2014-02-27,HOUSEHOLD_2,HOUSEHOLD,126,0
2014-02-28,FOODS_1,FOODS,286,0
2014-02-28,FOODS_2,FOODS,405,0
2014-02-28,FOODS_3,FOODS,1697,0
2014-02-28,HOBBIES_1,HOBBIES,390,0
2014-02-28,HOBBIES_2,HOBBIES,22,0
2014-02-28,HOUSEHOLD_1,HOUSEHOLD,547,0
2014-02-28,HOUSEHOLD_2,HOUSEHOLD,148,0
2014-03-01,FOODS_1,FOODS,418,1
2014-03-01,FOODS_2,FOODS,709,1
2014-03-01,FOODS_3,FOODS,2704,1
2014-03-01,HOBBIES_1,HOBBIES,669,1
2014-03-01,HOBBIES_2,HOBBIES,40,1
2014-03-01,HOUSEHOLD_1,HOUSEHOLD,919,1
2014-03-01,HOUSEHOLD_2,HOUSEHOLD,265,1
2014-03-02,FOODS_1,FOODS,374,1
2014-03-02,FOODS_2,FOODS,689,1
2014-03-02,FOODS_3,FOODS,2829,1
2014-03-02,HOBBIES_1,HOBBIES,439,1
2014-03-02,HOBBIES_2,HOBBIES,29,1
2014-03-02,HOUSEHOLD_1,HOUSEHOLD,905,1
2014-03-02,HOUSEHOLD_2,HOUSEHOLD,251,1
2014-03-03,FOODS_1,FOODS,232,1
2014-03-03,FOODS_2,FOODS,453,1
2014-03-03,FOODS_3,FOODS,1907,1
2014-03-03,HOBBIES_1,HOBBIES,458,1
2014-03-03,HOBBIES_2,HOBBIES,22,1
2014-03-03,HOUSEHOLD_1,HOUSEHOLD,629,1
2014-03-03,HOUSEHOLD_2,HOUSEHOLD,142,1
2014-03-04,FOODS_1,FOODS,198,1
2014-03-04,FOODS_2,FOODS,415,1
2014-03-04,FOODS_3,FOODS,1687,1
2014-03-04,HOBBIES_1,HOBBIES,335,1
2014-03-04,HOBBIES_2,HOBBIES,25,1
2014-03-04,HOUSEHOLD_1,HOUSEHOLD,535,1
2014-03-04,HOUSEHOLD_2,HOUSEHOLD,118,1
2014-03-05,FOODS_1,FOODS,225,1
2014-03-05,FOODS_2,FOODS,380,1
2014-03-05,FOODS_3,FOODS,1502,1
2014-03-05,HOBBIES_1,HOBBIES,267,1
2014-03-05,HOBBIES_2,HOBBIES,13,1
2014-03-05,HOUSEHOLD_1,HOUSEHOLD,429,1
2014-03-05,HOUSEHOLD_2,HOUSEHOLD,133,1
2014-03-06,FOODS_1,FOODS,261,1
2014-03-06,FOODS_2,FOODS,346,1
2014-03-06,FOODS_3,FOODS,1569,1
2014-03-06,HOBBIES_1,HOBBIES,465,1
2014-03-06,HOBBIES_2,HOBBIES,27,1
2014-03-06,HOUSEHOLD_1,HOUSEHOLD,459,1
2014-03-06,HOUSEHOLD_2,HOUSEHOLD,136,1
2014-03-07,FOODS_1,FOODS,334,1
2014-03-07,FOODS_2,FOODS,419,1
2014-03-07,FOODS_3,FOODS,2157,1
2014-03-07,HOBBIES_1,HOBBIES,419,1
2014-03-07,HOBBIES_2,HOBBIES,24,1
2014-03-07,HOUSEHOLD_1,HOUSEHOLD,565,1
2014-03-07,HOUSEHOLD_2,HOUSEHOLD,174,1
2014-03-08,FOODS_1,FOODS,368,1
2014-03-08,FOODS_2,FOODS,440,1
2014-03-08,FOODS_3,FOODS,2689,1
2014-03-08,HOBBIES_1,HOBBIES,573,1
2014-03-08,HOBBIES_2,HOBBIES,19,1
2014-03-08,HOUSEHOLD_1,HOUSEHOLD,763,1
2014-03-08,HOUSEHOLD_2,HOUSEHOLD,218,1
2014-03-09,FOODS_1,FOODS,270,1
2014-03-09,FOODS_2,FOODS,621,1
2014-03-09,FOODS_3,FOODS,3283,1
2014-03-09,HOBBIES_1,HOBBIES,531,1
2014-03-09,HOBBIES_2,HOBBIES,23,1
2014-03-09,HOUSEHOLD_1,HOUSEHOLD,907,1
2014-03-09,HOUSEHOLD_2,HOUSEHOLD,278,1
2014-03-10,FOODS_1,FOODS,274,1
2014-03-10,FOODS_2,FOODS,467,1
2014-03-10,FOODS_3,FOODS,2463,1
2014-03-10,HOBBIES_1,HOBBIES,443,1
2014-03-10,HOBBIES_2,HOBBIES,16,1
2014-03-10,HOUSEHOLD_1,HOUSEHOLD,548,1
2014-03-10,HOUSEHOLD_2,HOUSEHOLD,161,1
2014-03-11,FOODS_1,FOODS,228,0
2014-03-11,FOODS_2,FOODS,362,0
2014-03-11,FOODS_3,FOODS,1808,0
2014-03-11,HOBBIES_1,HOBBIES,342,0
2014-03-11,HOBBIES_2,HOBBIES,10,0
2014-03-11,HOUSEHOLD_1,HOUSEHOLD,441,0
2014-03-11,HOUSEHOLD_2,HOUSEHOLD,149,0
2014-03-12,FOODS_1,FOODS,218,0
2014-03-12,FOODS_2,FOODS,351,0
2014-03-12,FOODS_3,FOODS,1864,0
2014-03-12,HOBBIES_1,HOBBIES,348,0
2014-03-12,HOBBIES_2,HOBBIES,17,0
2014-03-12,HOUSEHOLD_1,HOUSEHOLD,392,0
2014-03-12,HOUSEHOLD_2,HOUSEHOLD,166,0
2014-03-13,FOODS_1,FOODS,200,0
2014-03-13,FOODS_2,FOODS,342,0
2014-03-13,FOODS_3,FOODS,1850,0
2014-03-13,HOBBIES_1,HOBBIES,279,0
2014-03-13,HOBBIES_2,HOBBIES,20,0
2014-03-13,HOUSEHOLD_1,HOUSEHOLD,444,0
2014-03-13,HOUSEHOLD_2,HOUSEHOLD,164,0
2014-03-14,FOODS_1,FOODS,285,0
2014-03-14,FOODS_2,FOODS,355,0
2014-03-14,FOODS_3,FOODS,2092,0
2014-03-14,HOBBIES_1,HOBBIES,582,0
2014-03-14,HOBBIES_2,HOBBIES,43,0
2014-03-14,HOUSEHOLD_1,HOUSEHOLD,523,0
2014-03-14,HOUSEHOLD_2,HOUSEHOLD,179,0
2014-03-15,FOODS_1,FOODS,441,0
2014-03-15,FOODS_2,FOODS,483,0
2014-03-15,FOODS_3,FOODS,2945,0
2014-03-15,HOBBIES_1,HOBBIES,539,0
2014-03-15,HOBBIES_2,HOBBIES,26,0
2014-03-15,HOUSEHOLD_1,HOUSEHOLD,746,0
2014-03-15,HOUSEHOLD_2,HOUSEHOLD,247,0
2014-03-16,FOODS_1,FOODS,339,0
2014-03-16,FOODS_2,FOODS,417,0
2014-03-16,FOODS_3,FOODS,3126,0
2014-03-16,HOBBIES_1,HOBBIES,442,0
2014-03-16,HOBBIES_2,HOBBIES,35,0
2014-03-16,HOUSEHOLD_1,HOUSEHOLD,689,0
2014-03-16,HOUSEHOLD_2,HOUSEHOLD,302,0
2014-03-17,FOODS_1,FOODS,248,0
2014-03-17,FOODS_2,FOODS,289,0
2014-03-17,FOODS_3,FOODS,1915,0
2014-03-17,HOBBIES_1,HOBBIES,434,0
2014-03-17,HOBBIES_2,HOBBIES,11,0
2014-03-17,HOUSEHOLD_1,HOUSEHOLD,489,0
2014-03-17,HOUSEHOLD_2,HOUSEHOLD,168,0
2014-03-18,FOODS_1,FOODS,212,0
2014-03-18,FOODS_2,FOODS,280,0
2014-03-18,FOODS_3,FOODS,1691,0
2014-03-18,HOBBIES_1,HOBBIES,336,0
2014-03-18,HOBBIES_2,HOBBIES,30,0
2014-03-18,HOUSEHOLD_1,HOUSEHOLD,453,0
2014-03-18,HOUSEHOLD_2,HOUSEHOLD,185,0
2014-03-19,FOODS_1,FOODS,235,0
2014-03-19,FOODS_2,FOODS,286,0
2014-03-19,FOODS_3,FOODS,1726,0
2014-03-19,HOBBIES_1,HOBBIES,347,0
2014-03-19,HOBBIES_2,HOBBIES,29,0
2014-03-19,HOUSEHOLD_1,HOUSEHOLD,508,0
2014-03-19,HOUSEHOLD_2,HOUSEHOLD,149,0
2014-03-20,FOODS_1,FOODS,291,0
2014-03-20,FOODS_2,FOODS,332,0
2014-03-20,FOODS_3,FOODS,1764,0
2014-03-20,HOBBIES_1,HOBBIES,373,0
2014-03-20,HOBBIES_2,HOBBIES,11,0
2014-03-20,HOUSEHOLD_1,HOUSEHOLD,431,0
2014-03-20,HOUSEHOLD_2,HOUSEHOLD,145,0
2014-03-21,FOODS_1,FOODS,312,0
2014-03-21,FOODS_2,FOODS,350,0
2014-03-21,FOODS_3,FOODS,2133,0
2014-03-21,HOBBIES_1,HOBBIES,413,0
2014-03-21,HOBBIES_2,HOBBIES,28,0
2014-03-21,HOUSEHOLD_1,HOUSEHOLD,568,0
2014-03-21,HOUSEHOLD_2,HOUSEHOLD,165,0
2014-03-22,FOODS_1,FOODS,336,0
2014-03-22,FOODS_2,FOODS,394,0
2014-03-22,FOODS_3,FOODS,2723,0
2014-03-22,HOBBIES_1,HOBBIES,586,0
2014-03-22,HOBBIES_2,HOBBIES,19,0
2014-03-22,HOUSEHOLD_1,HOUSEHOLD,768,0
2014-03-22,HOUSEHOLD_2,HOUSEHOLD,247,0
2014-03-23,FOODS_1,FOODS,318,0
2014-03-23,FOODS_2,FOODS,555,0
2014-03-23,FOODS_3,FOODS,3156,0
2014-03-23,HOBBIES_1,HOBBIES,500,0
2014-03-23,HOBBIES_2,HOBBIES,16,0
2014-03-23,HOUSEHOLD_1,HOUSEHOLD,878,0
2014-03-23,HOUSEHOLD_2,HOUSEHOLD,256,0
2014-03-24,FOODS_1,FOODS,255,0
2014-03-24,FOODS_2,FOODS,363,0
2014-03-24,FOODS_3,FOODS,2233,0
2014-03-24,HOBBIES_1,HOBBIES,362,0
2014-03-24,HOBBIES_2,HOBBIES,31,0
2014-03-24,HOUSEHOLD_1,HOUSEHOLD,551,0
2014-03-24,HOUSEHOLD_2,HOUSEHOLD,158,0
2014-03-25,FOODS_1,FOODS,349,0
2014-03-25,FOODS_2,FOODS,351,0
2014-03-25,FOODS_3,FOODS,1677,0
2014-03-25,HOBBIES_1,HOBBIES,325,0
2014-03-25,HOBBIES_2,HOBBIES,26,0
2014-03-25,HOUSEHOLD_1,HOUSEHOLD,447,0
2014-03-25,HOUSEHOLD_2,HOUSEHOLD,141,0
2014-03-26,FOODS_1,FOODS,238,0
2014-03-26,FOODS_2,FOODS,267,0
2014-03-26,FOODS_3,FOODS,1583,0
2014-03-26,HOBBIES_1,HOBBIES,350,0
2014-03-26,HOBBIES_2,HOBBIES,12,0
2014-03-26,HOUSEHOLD_1,HOUSEHOLD,484,0
2014-03-26,HOUSEHOLD_2,HOUSEHOLD,147,0
2014-03-27,FOODS_1,FOODS,270,0
2014-03-27,FOODS_2,FOODS,286,0
2014-03-27,FOODS_3,FOODS,1711,0
2014-03-27,HOBBIES_1,HOBBIES,452,0
2014-03-27,HOBBIES_2,HOBBIES,19,0
2014-03-27,HOUSEHOLD_1,HOUSEHOLD,476,0
2014-03-27,HOUSEHOLD_2,HOUSEHOLD,153,0
2014-03-28,FOODS_1,FOODS,350,0
2014-03-28,FOODS_2,FOODS,386,0
2014-03-28,FOODS_3,FOODS,2077,0
2014-03-28,HOBBIES_1,HOBBIES,409,0
2014-03-28,HOBBIES_2,HOBBIES,24,0
2014-03-28,HOUSEHOLD_1,HOUSEHOLD,503,0
2014-03-28,HOUSEHOLD_2,HOUSEHOLD,177,0
2014-03-29,FOODS_1,FOODS,413,0
2014-03-29,FOODS_2,FOODS,465,0
2014-03-29,FOODS_3,FOODS,2503,0
2014-03-29,HOBBIES_1,HOBBIES,546,0
2014-03-29,HOBBIES_2,HOBBIES,24,0
2014-03-29,HOUSEHOLD_1,HOUSEHOLD,742,0
2014-03-29,HOUSEHOLD_2,HOUSEHOLD,261,0
2014-03-30,FOODS_1,FOODS,392,0
2014-03-30,FOODS_2,FOODS,602,0
2014-03-30,FOODS_3,FOODS,3091,0
2014-03-30,HOBBIES_1,HOBBIES,475,0
2014-03-30,HOBBIES_2,HOBBIES,24,0
2014-03-30,HOUSEHOLD_1,HOUSEHOLD,917,0
2014-03-30,HOUSEHOLD_2,HOUSEHOLD,266,0
2014-03-31,FOODS_1,FOODS,271,0
2014-03-31,FOODS_2,FOODS,429,0
2014-03-31,FOODS_3,FOODS,1783,0
2014-03-31,HOBBIES_1,HOBBIES,344,0
2014-03-31,HOBBIES_2,HOBBIES,20,0
2014-03-31,HOUSEHOLD_1,HOUSEHOLD,615,0
2014-03-31,HOUSEHOLD_2,HOUSEHOLD,146,0
2014-04-01,FOODS_1,FOODS,296,1
2014-04-01,FOODS_2,FOODS,442,1
2014-04-01,FOODS_3,FOODS,1898,1
2014-04-01,HOBBIES_1,HOBBIES,433,1
2014-04-01,HOBBIES_2,HOBBIES,16,1
2014-04-01,HOUSEHOLD_1,HOUSEHOLD,534,1
2014-04-01,HOUSEHOLD_2,HOUSEHOLD,154,1
2014-04-02,FOODS_1,FOODS,411,1
2014-04-02,FOODS_2,FOODS,452,1
2014-04-02,FOODS_3,FOODS,1963,1
2014-04-02,HOBBIES_1,HOBBIES,430,1
2014-04-02,HOBBIES_2,HOBBIES,22,1
2014-04-02,HOUSEHOLD_1,HOUSEHOLD,608,1
2014-04-02,HOUSEHOLD_2,HOUSEHOLD,166,1
2014-04-03,FOODS_1,FOODS,361,1
2014-04-03,FOODS_2,FOODS,470,1
2014-04-03,FOODS_3,FOODS,2028,1
2014-04-03,HOBBIES_1,HOBBIES,439,1
2014-04-03,HOBBIES_2,HOBBIES,22,1
2014-04-03,HOUSEHOLD_1,HOUSEHOLD,561,1
2014-04-03,HOUSEHOLD_2,HOUSEHOLD,148,1
2014-04-04,FOODS_1,FOODS,348,1
2014-04-04,FOODS_2,FOODS,484,1
2014-04-04,FOODS_3,FOODS,2253,1
2014-04-04,HOBBIES_1,HOBBIES,447,1
2014-04-04,HOBBIES_2,HOBBIES,36,1
2014-04-04,HOUSEHOLD_1,HOUSEHOLD,544,1
2014-04-04,HOUSEHOLD_2,HOUSEHOLD,195,1
2014-04-05,FOODS_1,FOODS,385,1
2014-04-05,FOODS_2,FOODS,611,1
2014-04-05,FOODS_3,FOODS,2962,1
2014-04-05,HOBBIES_1,HOBBIES,671,1
2014-04-05,HOBBIES_2,HOBBIES,21,1
2014-04-05,HOUSEHOLD_1,HOUSEHOLD,909,1
2014-04-05,HOUSEHOLD_2,HOUSEHOLD,246,1
2014-04-06,FOODS_1,FOODS,383,1
2014-04-06,FOODS_2,FOODS,649,1
2014-04-06,FOODS_3,FOODS,3607,1
2014-04-06,HOBBIES_1,HOBBIES,602,1
2014-04-06,HOBBIES_2,HOBBIES,35,1
2014-04-06,HOUSEHOLD_1,HOUSEHOLD,840,1
2014-04-06,HOUSEHOLD_2,HOUSEHOLD,221,1
2014-04-07,FOODS_1,FOODS,248,1
2014-04-07,FOODS_2,FOODS,548,1
2014-04-07,FOODS_3,FOODS,2508,1
2014-04-07,HOBBIES_1,HOBBIES,402,1
2014-04-07,HOBBIES_2,HOBBIES,12,1
2014-04-07,HOUSEHOLD_1,HOUSEHOLD,614,1
2014-04-07,HOUSEHOLD_2,HOUSEHOLD,162,1
2014-04-08,FOODS_1,FOODS,257,1
2014-04-08,FOODS_2,FOODS,454,1
2014-04-08,FOODS_3,FOODS,2309,1
2014-04-08,HOBBIES_1,HOBBIES,345,1
2014-04-08,HOBBIES_2,HOBBIES,25,1
2014-04-08,HOUSEHOLD_1,HOUSEHOLD,484,1
2014-04-08,HOUSEHOLD_2,HOUSEHOLD,171,1
2014-04-09,FOODS_1,FOODS,279,1
2014-04-09,FOODS_2,FOODS,377,1
2014-04-09,FOODS_3,FOODS,2187,1
2014-04-09,HOBBIES_1,HOBBIES,430,1
2014-04-09,HOBBIES_2,HOBBIES,24,1
2014-04-09,HOUSEHOLD_1,HOUSEHOLD,475,1
2014-04-09,HOUSEHOLD_2,HOUSEHOLD,194,1
2014-04-10,FOODS_1,FOODS,346,1
2014-04-10,FOODS_2,FOODS,300,1
2014-04-10,FOODS_3,FOODS,2229,1
2014-04-10,HOBBIES_1,HOBBIES,428,1
2014-04-10,HOBBIES_2,HOBBIES,22,1
2014-04-10,HOUSEHOLD_1,HOUSEHOLD,513,1
2014-04-10,HOUSEHOLD_2,HOUSEHOLD,177,1
2014-04-11,FOODS_1,FOODS,301,0
2014-04-11,FOODS_2,FOODS,338,0
2014-04-11,FOODS_3,FOODS,2357,0
2014-04-11,HOBBIES_1,HOBBIES,609,0
2014-04-11,HOBBIES_2,HOBBIES,16,0
2014-04-11,HOUSEHOLD_1,HOUSEHOLD,544,0
2014-04-11,HOUSEHOLD_2,HOUSEHOLD,185,0
2014-04-12,FOODS_1,FOODS,496,0
2014-04-12,FOODS_2,FOODS,335,0
2014-04-12,FOODS_3,FOODS,2833,0
2014-04-12,HOBBIES_1,HOBBIES,477,0
2014-04-12,HOBBIES_2,HOBBIES,16,0
2014-04-12,HOUSEHOLD_1,HOUSEHOLD,768,0
2014-04-12,HOUSEHOLD_2,HOUSEHOLD,246,0
2014-04-13,FOODS_1,FOODS,363,0
2014-04-13,FOODS_2,FOODS,444,0
2014-04-13,FOODS_3,FOODS,3171,0
2014-04-13,HOBBIES_1,HOBBIES,502,0
2014-04-13,HOBBIES_2,HOBBIES,30,0
2014-04-13,HOUSEHOLD_1,HOUSEHOLD,832,0
2014-04-13,HOUSEHOLD_2,HOUSEHOLD,248,0
2014-04-14,FOODS_1,FOODS,269,0
2014-04-14,FOODS_2,FOODS,359,0
2014-04-14,FOODS_3,FOODS,2200,0
2014-04-14,HOBBIES_1,HOBBIES,328,0
2014-04-14,HOBBIES_2,HOBBIES,29,0
2014-04-14,HOUSEHOLD_1,HOUSEHOLD,567,0
2014-04-14,HOUSEHOLD_2,HOUSEHOLD,149,0
2014-04-15,FOODS_1,FOODS,416,0
2014-04-15,FOODS_2,FOODS,260,0
2014-04-15,FOODS_3,FOODS,1849,0
2014-04-15,HOBBIES_1,HOBBIES,280,0
2014-04-15,HOBBIES_2,HOBBIES,16,0
2014-04-15,HOUSEHOLD_1,HOUSEHOLD,499,0
2014-04-15,HOUSEHOLD_2,HOUSEHOLD,170,0
2014-04-16,FOODS_1,FOODS,457,0
2014-04-16,FOODS_2,FOODS,339,0
2014-04-16,FOODS_3,FOODS,2200,0
2014-04-16,HOBBIES_1,HOBBIES,344,0
2014-04-16,HOBBIES_2,HOBBIES,35,0
2014-04-16,HOUSEHOLD_1,HOUSEHOLD,638,0
2014-04-16,HOUSEHOLD_2,HOUSEHOLD,188,0
2014-04-17,FOODS_1,FOODS,435,0
2014-04-17,FOODS_2,FOODS,369,0
2014-04-17,FOODS_3,FOODS,2053,0
2014-04-17,HOBBIES_1,HOBBIES,385,0
2014-04-17,HOBBIES_2,HOBBIES,24,0
2014-04-17,HOUSEHOLD_1,HOUSEHOLD,592,0
2014-04-17,HOUSEHOLD_2,HOUSEHOLD,190,0
2014-04-18,FOODS_1,FOODS,554,0
2014-04-18,FOODS_2,FOODS,429,0
2014-04-18,FOODS_3,FOODS,2755,0
2014-04-18,HOBBIES_1,HOBBIES,481,0
2014-04-18,HOBBIES_2,HOBBIES,32,0
2014-04-18,HOUSEHOLD_1,HOUSEHOLD,642,0
2014-04-18,HOUSEHOLD_2,HOUSEHOLD,181,0
2014-04-19,FOODS_1,FOODS,676,0
2014-04-19,FOODS_2,FOODS,497,0
2014-04-19,FOODS_3,FOODS,3589,0
2014-04-19,HOBBIES_1,HOBBIES,449,0
2014-04-19,HOBBIES_2,HOBBIES,28,0
2014-04-19,HOUSEHOLD_1,HOUSEHOLD,764,0
2014-04-19,HOUSEHOLD_2,HOUSEHOLD,254,0
2014-04-20,FOODS_1,FOODS,360,0
2014-04-20,FOODS_2,FOODS,310,0
2014-04-20,FOODS_3,FOODS,2862,0
2014-04-20,HOBBIES_1,HOBBIES,427,0
2014-04-20,HOBBIES_2,HOBBIES,30,0
2014-04-20,HOUSEHOLD_1,HOUSEHOLD,648,0
2014-04-20,HOUSEHOLD_2,HOUSEHOLD,177,0
2014-04-21,FOODS_1,FOODS,193,0
2014-04-21,FOODS_2,FOODS,387,0
2014-04-21,FOODS_3,FOODS,2077,0
2014-04-21,HOBBIES_1,HOBBIES,376,0
2014-04-21,HOBBIES_2,HOBBIES,14,0
2014-04-21,HOUSEHOLD_1,HOUSEHOLD,625,0
2014-04-21,HOUSEHOLD_2,HOUSEHOLD,157,0
2014-04-22,FOODS_1,FOODS,209,0
2014-04-22,FOODS_2,FOODS,350,0
2014-04-22,FOODS_3,FOODS,2071,0
2014-04-22,HOBBIES_1,HOBBIES,461,0
2014-04-22,HOBBIES_2,HOBBIES,17,0
2014-04-22,HOUSEHOLD_1,HOUSEHOLD,520,0
2014-04-22,HOUSEHOLD_2,HOUSEHOLD,157,0
2014-04-23,FOODS_1,FOODS,268,0
2014-04-23,FOODS_2,FOODS,342,0
2014-04-23,FOODS_3,FOODS,1549,0
2014-04-23,HOBBIES_1,HOBBIES,473,0
2014-04-23,HOBBIES_2,HOBBIES,17,0
2014-04-23,HOUSEHOLD_1,HOUSEHOLD,541,0
2014-04-23,HOUSEHOLD_2,HOUSEHOLD,154,0
2014-04-24,FOODS_1,FOODS,255,0
2014-04-24,FOODS_2,FOODS,331,0
2014-04-24,FOODS_3,FOODS,1770,0
2014-04-24,HOBBIES_1,HOBBIES,420,0
2014-04-24,HOBBIES_2,HOBBIES,32,0
2014-04-24,HOUSEHOLD_1,HOUSEHOLD,527,0
2014-04-24,HOUSEHOLD_2,HOUSEHOLD,165,0
2014-04-25,FOODS_1,FOODS,296,0
2014-04-25,FOODS_2,FOODS,414,0
2014-04-25,FOODS_3,FOODS,2332,0
2014-04-25,HOBBIES_1,HOBBIES,385,0
2014-04-25,HOBBIES_2,HOBBIES,27,0
2014-04-25,HOUSEHOLD_1,HOUSEHOLD,544,0
2014-04-25,HOUSEHOLD_2,HOUSEHOLD,188,0
2014-04-26,FOODS_1,FOODS,388,0
2014-04-26,FOODS_2,FOODS,537,0
2014-04-26,FOODS_3,FOODS,2816,0
2014-04-26,HOBBIES_1,HOBBIES,571,0
2014-04-26,HOBBIES_2,HOBBIES,28,0
2014-04-26,HOUSEHOLD_1,HOUSEHOLD,825,0
2014-04-26,HOUSEHOLD_2,HOUSEHOLD,279,0
2014-04-27,FOODS_1,FOODS,314,0
2014-04-27,FOODS_2,FOODS,499,0
2014-04-27,FOODS_3,FOODS,3128,0
2014-04-27,HOBBIES_1,HOBBIES,439,0
2014-04-27,HOBBIES_2,HOBBIES,20,0
2014-04-27,HOUSEHOLD_1,HOUSEHOLD,929,0
2014-04-27,HOUSEHOLD_2,HOUSEHOLD,241,0
2014-04-28,FOODS_1,FOODS,250,0
2014-04-28,FOODS_2,FOODS,342,0
2014-04-28,FOODS_3,FOODS,2162,0
2014-04-28,HOBBIES_1,HOBBIES,390,0
2014-04-28,HOBBIES_2,HOBBIES,16,0
2014-04-28,HOUSEHOLD_1,HOUSEHOLD,598,0
2014-04-28,HOUSEHOLD_2,HOUSEHOLD,159,0
2014-04-29,FOODS_1,FOODS,249,0
2014-04-29,FOODS_2,FOODS,260,0
2014-04-29,FOODS_3,FOODS,1714,0
2014-04-29,HOBBIES_1,HOBBIES,326,0
2014-04-29,HOBBIES_2,HOBBIES,12,0
2014-04-29,HOUSEHOLD_1,HOUSEHOLD,532,0
2014-04-29,HOUSEHOLD_2,HOUSEHOLD,167,0
2014-04-30,FOODS_1,FOODS,240,0
2014-04-30,FOODS_2,FOODS,362,0
2014-04-30,FOODS_3,FOODS,1812,0
2014-04-30,HOBBIES_1,HOBBIES,432,0
2014-04-30,HOBBIES_2,HOBBIES,23,0
2014-04-30,HOUSEHOLD_1,HOUSEHOLD,472,0
2014-04-30,HOUSEHOLD_2,HOUSEHOLD,164,0
2014-05-01,FOODS_1,FOODS,278,1
2014-05-01,FOODS_2,FOODS,371,1
2014-05-01,FOODS_3,FOODS,2301,1
2014-05-01,HOBBIES_1,HOBBIES,342,1
2014-05-01,HOBBIES_2,HOBBIES,24,1
2014-05-01,HOUSEHOLD_1,HOUSEHOLD,600,1
2014-05-01,HOUSEHOLD_2,HOUSEHOLD,145,1
2014-05-02,FOODS_1,FOODS,296,1
2014-05-02,FOODS_2,FOODS,423,1
2014-05-02,FOODS_3,FOODS,2660,1
2014-05-02,HOBBIES_1,HOBBIES,502,1
2014-05-02,HOBBIES_2,HOBBIES,33,1
2014-05-02,HOUSEHOLD_1,HOUSEHOLD,618,1
2014-05-02,HOUSEHOLD_2,HOUSEHOLD,192,1
2014-05-03,FOODS_1,FOODS,368,1
2014-05-03,FOODS_2,FOODS,575,1
2014-05-03,FOODS_3,FOODS,3214,1
2014-05-03,HOBBIES_1,HOBBIES,574,1
2014-05-03,HOBBIES_2,HOBBIES,16,1
2014-05-03,HOUSEHOLD_1,HOUSEHOLD,844,1
2014-05-03,HOUSEHOLD_2,HOUSEHOLD,281,1
2014-05-04,FOODS_1,FOODS,387,1
2014-05-04,FOODS_2,FOODS,685,1
2014-05-04,FOODS_3,FOODS,3541,1
2014-05-04,HOBBIES_1,HOBBIES,489,1
2014-05-04,HOBBIES_2,HOBBIES,30,1
2014-05-04,HOUSEHOLD_1,HOUSEHOLD,915,1
2014-05-04,HOUSEHOLD_2,HOUSEHOLD,278,1
2014-05-05,FOODS_1,FOODS,206,1
2014-05-05,FOODS_2,FOODS,572,1
2014-05-05,FOODS_3,FOODS,2322,1
2014-05-05,HOBBIES_1,HOBBIES,405,1
2014-05-05,HOBBIES_2,HOBBIES,20,1
2014-05-05,HOUSEHOLD_1,HOUSEHOLD,661,1
2014-05-05,HOUSEHOLD_2,HOUSEHOLD,197,1
2014-05-06,FOODS_1,FOODS,248,1
2014-05-06,FOODS_2,FOODS,454,1
2014-05-06,FOODS_3,FOODS,1910,1
2014-05-06,HOBBIES_1,HOBBIES,437,1
2014-05-06,HOBBIES_2,HOBBIES,19,1
2014-05-06,HOUSEHOLD_1,HOUSEHOLD,560,1
2014-05-06,HOUSEHOLD_2,HOUSEHOLD,190,1
2014-05-07,FOODS_1,FOODS,273,1
2014-05-07,FOODS_2,FOODS,518,1
2014-05-07,FOODS_3,FOODS,1871,1
2014-05-07,HOBBIES_1,HOBBIES,509,1
2014-05-07,HOBBIES_2,HOBBIES,32,1
2014-05-07,HOUSEHOLD_1,HOUSEHOLD,481,1
2014-05-07,HOUSEHOLD_2,HOUSEHOLD,134,1
2014-05-08,FOODS_1,FOODS,249,1
2014-05-08,FOODS_2,FOODS,411,1
2014-05-08,FOODS_3,FOODS,1882,1
2014-05-08,HOBBIES_1,HOBBIES,465,1
2014-05-08,HOBBIES_2,HOBBIES,35,1
2014-05-08,HOUSEHOLD_1,HOUSEHOLD,471,1
2014-05-08,HOUSEHOLD_2,HOUSEHOLD,163,1
2014-05-09,FOODS_1,FOODS,332,1
2014-05-09,FOODS_2,FOODS,452,1
2014-05-09,FOODS_3,FOODS,2344,1
2014-05-09,HOBBIES_1,HOBBIES,429,1
2014-05-09,HOBBIES_2,HOBBIES,41,1
2014-05-09,HOUSEHOLD_1,HOUSEHOLD,567,1
2014-05-09,HOUSEHOLD_2,HOUSEHOLD,221,1
2014-05-10,FOODS_1,FOODS,370,1
2014-05-10,FOODS_2,FOODS,561,1
2014-05-10,FOODS_3,FOODS,2768,1
2014-05-10,HOBBIES_1,HOBBIES,500,1
2014-05-10,HOBBIES_2,HOBBIES,42,1
2014-05-10,HOUSEHOLD_1,HOUSEHOLD,635,1
2014-05-10,HOUSEHOLD_2,HOUSEHOLD,224,1
2014-05-11,FOODS_1,FOODS,253,0
2014-05-11,FOODS_2,FOODS,420,0
2014-05-11,FOODS_3,FOODS,2298,0
2014-05-11,HOBBIES_1,HOBBIES,409,0
2014-05-11,HOBBIES_2,HOBBIES,32,0
2014-05-11,HOUSEHOLD_1,HOUSEHOLD,534,0
2014-05-11,HOUSEHOLD_2,HOUSEHOLD,238,0
2014-05-12,FOODS_1,FOODS,202,0
2014-05-12,FOODS_2,FOODS,419,0
2014-05-12,FOODS_3,FOODS,2523,0
2014-05-12,HOBBIES_1,HOBBIES,296,0
2014-05-12,HOBBIES_2,HOBBIES,21,0
2014-05-12,HOUSEHOLD_1,HOUSEHOLD,605,0
2014-05-12,HOUSEHOLD_2,HOUSEHOLD,190,0
2014-05-13,FOODS_1,FOODS,272,0
2014-05-13,FOODS_2,FOODS,350,0
2014-05-13,FOODS_3,FOODS,2336,0
2014-05-13,HOBBIES_1,HOBBIES,362,0
2014-05-13,HOBBIES_2,HOBBIES,15,0
2014-05-13,HOUSEHOLD_1,HOUSEHOLD,499,0
2014-05-13,HOUSEHOLD_2,HOUSEHOLD,162,0
2014-05-14,FOODS_1,FOODS,228,0
2014-05-14,FOODS_2,FOODS,292,0
2014-05-14,FOODS_3,FOODS,2106,0
2014-05-14,HOBBIES_1,HOBBIES,281,0
2014-05-14,HOBBIES_2,HOBBIES,28,0
2014-05-14,HOUSEHOLD_1,HOUSEHOLD,434,0
2014-05-14,HOUSEHOLD_2,HOUSEHOLD,185,0
2014-05-15,FOODS_1,FOODS,245,0
2014-05-15,FOODS_2,FOODS,308,0
2014-05-15,FOODS_3,FOODS,1890,0
2014-05-15,HOBBIES_1,HOBBIES,394,0
2014-05-15,HOBBIES_2,HOBBIES,15,0
2014-05-15,HOUSEHOLD_1,HOUSEHOLD,416,0
2014-05-15,HOUSEHOLD_2,HOUSEHOLD,183,0
2014-05-16,FOODS_1,FOODS,303,0
2014-05-16,FOODS_2,FOODS,398,0
2014-05-16,FOODS_3,FOODS,2375,0
2014-05-16,HOBBIES_1,HOBBIES,521,0
2014-05-16,HOBBIES_2,HOBBIES,41,0
2014-05-16,HOUSEHOLD_1,HOUSEHOLD,597,0
2014-05-16,HOUSEHOLD_2,HOUSEHOLD,219,0
2014-05-17,FOODS_1,FOODS,337,0
2014-05-17,FOODS_2,FOODS,512,0
2014-05-17,FOODS_3,FOODS,2554,0
2014-05-17,HOBBIES_1,HOBBIES,565,0
2014-05-17,HOBBIES_2,HOBBIES,24,0
2014-05-17,HOUSEHOLD_1,HOUSEHOLD,778,0
2014-05-17,HOUSEHOLD_2,HOUSEHOLD,271,0
2014-05-18,FOODS_1,FOODS,347,0
2014-05-18,FOODS_2,FOODS,570,0
2014-05-18,FOODS_3,FOODS,3132,0
2014-05-18,HOBBIES_1,HOBBIES,463,0
2014-05-18,HOBBIES_2,HOBBIES,65,0
2014-05-18,HOUSEHOLD_1,HOUSEHOLD,812,0
2014-05-18,HOUSEHOLD_2,HOUSEHOLD,314,0
2014-05-19,FOODS_1,FOODS,308,0
2014-05-19,FOODS_2,FOODS,417,0
2014-05-19,FOODS_3,FOODS,2102,0
2014-05-19,HOBBIES_1,HOBBIES,433,0
2014-05-19,HOBBIES_2,HOBBIES,37,0
2014-05-19,HOUSEHOLD_1,HOUSEHOLD,592,0
2014-05-19,HOUSEHOLD_2,HOUSEHOLD,165,0
2014-05-20,FOODS_1,FOODS,252,0
2014-05-20,FOODS_2,FOODS,414,0
2014-05-20,FOODS_3,FOODS,1590,0
2014-05-20,HOBBIES_1,HOBBIES,327,0
2014-05-20,HOBBIES_2,HOBBIES,43,0
2014-05-20,HOUSEHOLD_1,HOUSEHOLD,428,0
2014-05-20,HOUSEHOLD_2,HOUSEHOLD,135,0
2014-05-21,FOODS_1,FOODS,294,0
2014-05-21,FOODS_2,FOODS,305,0
2014-05-21,FOODS_3,FOODS,1612,0
2014-05-21,HOBBIES_1,HOBBIES,326,0
2014-05-21,HOBBIES_2,HOBBIES,19,0
2014-05-21,HOUSEHOLD_1,HOUSEHOLD,465,0
2014-05-21,HOUSEHOLD_2,HOUSEHOLD,158,0
2014-05-22,FOODS_1,FOODS,281,0
2014-05-22,FOODS_2,FOODS,349,0
2014-05-22,FOODS_3,FOODS,1770,0
2014-05-22,HOBBIES_1,HOBBIES,399,0
2014-05-22,HOBBIES_2,HOBBIES,34,0
2014-05-22,HOUSEHOLD_1,HOUSEHOLD,450,0
2014-05-22,HOUSEHOLD_2,HOUSEHOLD,151,0
2014-05-23,FOODS_1,FOODS,321,0
2014-05-23,FOODS_2,FOODS,320,0
2014-05-23,FOODS_3,FOODS,1989,0
2014-05-23,HOBBIES_1,HOBBIES,522,0
2014-05-23,HOBBIES_2,HOBBIES,26,0
2014-05-23,HOUSEHOLD_1,HOUSEHOLD,528,0
2014-05-23,HOUSEHOLD_2,HOUSEHOLD,212,0
2014-05-24,FOODS_1,FOODS,343,0
2014-05-24,FOODS_2,FOODS,428,0
2014-05-24,FOODS_3,FOODS,2387,0
2014-05-24,HOBBIES_1,HOBBIES,520,0
2014-05-24,HOBBIES_2,HOBBIES,31,0
2014-05-24,HOUSEHOLD_1,HOUSEHOLD,761,0
2014-05-24,HOUSEHOLD_2,HOUSEHOLD,188,0
2014-05-25,FOODS_1,FOODS,379,0
2014-05-25,FOODS_2,FOODS,392,0
2014-05-25,FOODS_3,FOODS,2455,0
2014-05-25,HOBBIES_1,HOBBIES,375,0
2014-05-25,HOBBIES_2,HOBBIES,39,0
2014-05-25,HOUSEHOLD_1,HOUSEHOLD,652,0
2014-05-25,HOUSEHOLD_2,HOUSEHOLD,228,0
2014-05-26,FOODS_1,FOODS,250,0
2014-05-26,FOODS_2,FOODS,454,0
2014-05-26,FOODS_3,FOODS,2437,0
2014-05-26,HOBBIES_1,HOBBIES,343,0
2014-05-26,HOBBIES_2,HOBBIES,36,0
2014-05-26,HOUSEHOLD_1,HOUSEHOLD,666,0
2014-05-26,HOUSEHOLD_2,HOUSEHOLD,219,0
2014-05-27,FOODS_1,FOODS,207,0
2014-05-27,FOODS_2,FOODS,425,0
2014-05-27,FOODS_3,FOODS,1770,0
2014-05-27,HOBBIES_1,HOBBIES,468,0
2014-05-27,HOBBIES_2,HOBBIES,22,0
2014-05-27,HOUSEHOLD_1,HOUSEHOLD,579,0
2014-05-27,HOUSEHOLD_2,HOUSEHOLD,149,0
2014-05-28,FOODS_1,FOODS,197,0
2014-05-28,FOODS_2,FOODS,359,0
2014-05-28,FOODS_3,FOODS,1533,0
2014-05-28,HOBBIES_1,HOBBIES,494,0
2014-05-28,HOBBIES_2,HOBBIES,14,0
2014-05-28,HOUSEHOLD_1,HOUSEHOLD,529,0
2014-05-28,HOUSEHOLD_2,HOUSEHOLD,178,0
2014-05-29,FOODS_1,FOODS,280,0
2014-05-29,FOODS_2,FOODS,295,0
2014-05-29,FOODS_3,FOODS,1655,0
2014-05-29,HOBBIES_1,HOBBIES,314,0
2014-05-29,HOBBIES_2,HOBBIES,21,0
2014-05-29,HOUSEHOLD_1,HOUSEHOLD,446,0
2014-05-29,HOUSEHOLD_2,HOUSEHOLD,185,0
2014-05-30,FOODS_1,FOODS,326,0
2014-05-30,FOODS_2,FOODS,375,0
2014-05-30,FOODS_3,FOODS,1958,0
2014-05-30,HOBBIES_1,HOBBIES,477,0
2014-05-30,HOBBIES_2,HOBBIES,26,0
2014-05-30,HOUSEHOLD_1,HOUSEHOLD,637,0
2014-05-30,HOUSEHOLD_2,HOUSEHOLD,219,0
2014-05-31,FOODS_1,FOODS,461,0
2014-05-31,FOODS_2,FOODS,518,0
2014-05-31,FOODS_3,FOODS,2428,0
2014-05-31,HOBBIES_1,HOBBIES,655,0
2014-05-31,HOBBIES_2,HOBBIES,18,0
2014-05-31,HOUSEHOLD_1,HOUSEHOLD,791,0
2014-05-31,HOUSEHOLD_2,HOUSEHOLD,289,0
2014-06-01,FOODS_1,FOODS,498,1
2014-06-01,FOODS_2,FOODS,628,1
2014-06-01,FOODS_3,FOODS,3090,1
2014-06-01,HOBBIES_1,HOBBIES,577,1
2014-06-01,HOBBIES_2,HOBBIES,48,1
2014-06-01,HOUSEHOLD_1,HOUSEHOLD,918,1
2014-06-01,HOUSEHOLD_2,HOUSEHOLD,281,1
2014-06-02,FOODS_1,FOODS,298,1
2014-06-02,FOODS_2,FOODS,487,1
2014-06-02,FOODS_3,FOODS,2217,1
2014-06-02,HOBBIES_1,HOBBIES,490,1
2014-06-02,HOBBIES_2,HOBBIES,27,1
2014-06-02,HOUSEHOLD_1,HOUSEHOLD,697,1
2014-06-02,HOUSEHOLD_2,HOUSEHOLD,172,1
2014-06-03,FOODS_1,FOODS,281,1
2014-06-03,FOODS_2,FOODS,426,1
2014-06-03,FOODS_3,FOODS,1930,1
2014-06-03,HOBBIES_1,HOBBIES,467,1
2014-06-03,HOBBIES_2,HOBBIES,32,1
2014-06-03,HOUSEHOLD_1,HOUSEHOLD,572,1
2014-06-03,HOUSEHOLD_2,HOUSEHOLD,173,1
2014-06-04,FOODS_1,FOODS,342,1
2014-06-04,FOODS_2,FOODS,465,1
2014-06-04,FOODS_3,FOODS,1798,1
2014-06-04,HOBBIES_1,HOBBIES,437,1
2014-06-04,HOBBIES_2,HOBBIES,25,1
2014-06-04,HOUSEHOLD_1,HOUSEHOLD,506,1
2014-06-04,HOUSEHOLD_2,HOUSEHOLD,162,1
2014-06-05,FOODS_1,FOODS,278,1
2014-06-05,FOODS_2,FOODS,380,1
2014-06-05,FOODS_3,FOODS,1939,1
2014-06-05,HOBBIES_1,HOBBIES,440,1
2014-06-05,HOBBIES_2,HOBBIES,15,1
2014-06-05,HOUSEHOLD_1,HOUSEHOLD,570,1
2014-06-05,HOUSEHOLD_2,HOUSEHOLD,174,1
2014-06-06,FOODS_1,FOODS,356,1
2014-06-06,FOODS_2,FOODS,381,1
2014-06-06,FOODS_3,FOODS,2219,1
2014-06-06,HOBBIES_1,HOBBIES,446,1
2014-06-06,HOBBIES_2,HOBBIES,26,1
2014-06-06,HOUSEHOLD_1,HOUSEHOLD,562,1
2014-06-06,HOUSEHOLD_2,HOUSEHOLD,237,1
2014-06-07,FOODS_1,FOODS,456,1
2014-06-07,FOODS_2,FOODS,599,1
2014-06-07,FOODS_3,FOODS,2827,1
2014-06-07,HOBBIES_1,HOBBIES,470,1
2014-06-07,HOBBIES_2,HOBBIES,27,1
2014-06-07,HOUSEHOLD_1,HOUSEHOLD,749,1
2014-06-07,HOUSEHOLD_2,HOUSEHOLD,288,1
2014-06-08,FOODS_1,FOODS,405,1
2014-06-08,FOODS_2,FOODS,754,1
2014-06-08,FOODS_3,FOODS,3180,1
2014-06-08,HOBBIES_1,HOBBIES,479,1
2014-06-08,HOBBIES_2,HOBBIES,25,1
2014-06-08,HOUSEHOLD_1,HOUSEHOLD,864,1
2014-06-08,HOUSEHOLD_2,HOUSEHOLD,270,1
2014-06-09,FOODS_1,FOODS,391,1
2014-06-09,FOODS_2,FOODS,518,1
2014-06-09,FOODS_3,FOODS,2506,1
2014-06-09,HOBBIES_1,HOBBIES,333,1
2014-06-09,HOBBIES_2,HOBBIES,26,1
2014-06-09,HOUSEHOLD_1,HOUSEHOLD,662,1
2014-06-09,HOUSEHOLD_2,HOUSEHOLD,195,1
2014-06-10,FOODS_1,FOODS,304,1
2014-06-10,FOODS_2,FOODS,405,1
2014-06-10,FOODS_3,FOODS,2112,1
2014-06-10,HOBBIES_1,HOBBIES,297,1
2014-06-10,HOBBIES_2,HOBBIES,10,1
2014-06-10,HOUSEHOLD_1,HOUSEHOLD,585,1
2014-06-10,HOUSEHOLD_2,HOUSEHOLD,181,1
2014-06-11,FOODS_1,FOODS,340,0
2014-06-11,FOODS_2,FOODS,458,0
2014-06-11,FOODS_3,FOODS,1967,0
2014-06-11,HOBBIES_1,HOBBIES,373,0
2014-06-11,HOBBIES_2,HOBBIES,20,0
2014-06-11,HOUSEHOLD_1,HOUSEHOLD,491,0
2014-06-11,HOUSEHOLD_2,HOUSEHOLD,200,0
2014-06-12,FOODS_1,FOODS,413,0
2014-06-12,FOODS_2,FOODS,365,0
2014-06-12,FOODS_3,FOODS,1861,0
2014-06-12,HOBBIES_1,HOBBIES,380,0
2014-06-12,HOBBIES_2,HOBBIES,20,0
2014-06-12,HOUSEHOLD_1,HOUSEHOLD,502,0
2014-06-12,HOUSEHOLD_2,HOUSEHOLD,204,0
2014-06-13,FOODS_1,FOODS,427,0
2014-06-13,FOODS_2,FOODS,400,0
2014-06-13,FOODS_3,FOODS,2423,0
2014-06-13,HOBBIES_1,HOBBIES,512,0
2014-06-13,HOBBIES_2,HOBBIES,24,0
2014-06-13,HOUSEHOLD_1,HOUSEHOLD,591,0
2014-06-13,HOUSEHOLD_2,HOUSEHOLD,244,0
2014-06-14,FOODS_1,FOODS,452,0
2014-06-14,FOODS_2,FOODS,587,0
2014-06-14,FOODS_3,FOODS,2917,0
2014-06-14,HOBBIES_1,HOBBIES,604,0
2014-06-14,HOBBIES_2,HOBBIES,27,0
2014-06-14,HOUSEHOLD_1,HOUSEHOLD,759,0
2014-06-14,HOUSEHOLD_2,HOUSEHOLD,243,0
2014-06-15,FOODS_1,FOODS,364,0
2014-06-15,FOODS_2,FOODS,501,0
2014-06-15,FOODS_3,FOODS,2574,0
2014-06-15,HOBBIES_1,HOBBIES,489,0
2014-06-15,HOBBIES_2,HOBBIES,18,0
2014-06-15,HOUSEHOLD_1,HOUSEHOLD,734,0
2014-06-15,HOUSEHOLD_2,HOUSEHOLD,250,0
2014-06-16,FOODS_1,FOODS,304,0
2014-06-16,FOODS_2,FOODS,491,0
2014-06-16,FOODS_3,FOODS,2065,0
2014-06-16,HOBBIES_1,HOBBIES,472,0
2014-06-16,HOBBIES_2,HOBBIES,24,0
2014-06-16,HOUSEHOLD_1,HOUSEHOLD,604,0
2014-06-16,HOUSEHOLD_2,HOUSEHOLD,217,0
2014-06-17,FOODS_1,FOODS,224,0
2014-06-17,FOODS_2,FOODS,359,0
2014-06-17,FOODS_3,FOODS,1815,0
2014-06-17,HOBBIES_1,HOBBIES,383,0
2014-06-17,HOBBIES_2,HOBBIES,22,0
2014-06-17,HOUSEHOLD_1,HOUSEHOLD,605,0
2014-06-17,HOUSEHOLD_2,HOUSEHOLD,209,0
2014-06-18,FOODS_1,FOODS,322,0
2014-06-18,FOODS_2,FOODS,385,0
2014-06-18,FOODS_3,FOODS,2026,0
2014-06-18,HOBBIES_1,HOBBIES,478,0
2014-06-18,HOBBIES_2,HOBBIES,36,0
2014-06-18,HOUSEHOLD_1,HOUSEHOLD,584,0
2014-06-18,HOUSEHOLD_2,HOUSEHOLD,167,0
2014-06-19,FOODS_1,FOODS,244,0
2014-06-19,FOODS_2,FOODS,414,0
2014-06-19,FOODS_3,FOODS,1877,0
2014-06-19,HOBBIES_1,HOBBIES,350,0
2014-06-19,HOBBIES_2,HOBBIES,63,0
2014-06-19,HOUSEHOLD_1,HOUSEHOLD,550,0
2014-06-19,HOUSEHOLD_2,HOUSEHOLD,202,0
2014-06-20,FOODS_1,FOODS,382,0
2014-06-20,FOODS_2,FOODS,432,0
2014-06-20,FOODS_3,FOODS,2583,0
2014-06-20,HOBBIES_1,HOBBIES,504,0
2014-06-20,HOBBIES_2,HOBBIES,17,0
2014-06-20,HOUSEHOLD_1,HOUSEHOLD,612,0
2014-06-20,HOUSEHOLD_2,HOUSEHOLD,290,0
2014-06-21,FOODS_1,FOODS,328,0
2014-06-21,FOODS_2,FOODS,454,0
2014-06-21,FOODS_3,FOODS,2727,0
2014-06-21,HOBBIES_1,HOBBIES,548,0
2014-06-21,HOBBIES_2,HOBBIES,27,0
2014-06-21,HOUSEHOLD_1,HOUSEHOLD,816,0
2014-06-21,HOUSEHOLD_2,HOUSEHOLD,271,0
2014-06-22,FOODS_1,FOODS,315,0
2014-06-22,FOODS_2,FOODS,504,0
2014-06-22,FOODS_3,FOODS,2910,0
2014-06-22,HOBBIES_1,HOBBIES,428,0
2014-06-22,HOBBIES_2,HOBBIES,42,0
2014-06-22,HOUSEHOLD_1,HOUSEHOLD,964,0
2014-06-22,HOUSEHOLD_2,HOUSEHOLD,287,0
2014-06-23,FOODS_1,FOODS,405,0
2014-06-23,FOODS_2,FOODS,462,0
2014-06-23,FOODS_3,FOODS,1942,0
2014-06-23,HOBBIES_1,HOBBIES,459,0
2014-06-23,HOBBIES_2,HOBBIES,21,0
2014-06-23,HOUSEHOLD_1,HOUSEHOLD,604,0
2014-06-23,HOUSEHOLD_2,HOUSEHOLD,203,0
2014-06-24,FOODS_1,FOODS,316,0
2014-06-24,FOODS_2,FOODS,294,0
2014-06-24,FOODS_3,FOODS,1885,0
2014-06-24,HOBBIES_1,HOBBIES,450,0
2014-06-24,HOBBIES_2,HOBBIES,24,0
2014-06-24,HOUSEHOLD_1,HOUSEHOLD,513,0
2014-06-24,HOUSEHOLD_2,HOUSEHOLD,161,0
2014-06-25,FOODS_1,FOODS,261,0
2014-06-25,FOODS_2,FOODS,337,0
2014-06-25,FOODS_3,FOODS,1812,0
2014-06-25,HOBBIES_1,HOBBIES,408,0
2014-06-25,HOBBIES_2,HOBBIES,15,0
2014-06-25,HOUSEHOLD_1,HOUSEHOLD,559,0
2014-06-25,HOUSEHOLD_2,HOUSEHOLD,181,0
2014-06-26,FOODS_1,FOODS,267,0
2014-06-26,FOODS_2,FOODS,304,0
2014-06-26,FOODS_3,FOODS,1731,0
2014-06-26,HOBBIES_1,HOBBIES,423,0
2014-06-26,HOBBIES_2,HOBBIES,19,0
2014-06-26,HOUSEHOLD_1,HOUSEHOLD,573,0
2014-06-26,HOUSEHOLD_2,HOUSEHOLD,161,0
2014-06-27,FOODS_1,FOODS,307,0
2014-06-27,FOODS_2,FOODS,339,0
2014-06-27,FOODS_3,FOODS,2137,0
2014-06-27,HOBBIES_1,HOBBIES,524,0
2014-06-27,HOBBIES_2,HOBBIES,17,0
2014-06-27,HOUSEHOLD_1,HOUSEHOLD,611,0
2014-06-27,HOUSEHOLD_2,HOUSEHOLD,200,0
2014-06-28,FOODS_1,FOODS,350,0
2014-06-28,FOODS_2,FOODS,431,0
2014-06-28,FOODS_3,FOODS,2664,0
2014-06-28,HOBBIES_1,HOBBIES,580,0
2014-06-28,HOBBIES_2,HOBBIES,34,0
2014-06-28,HOUSEHOLD_1,HOUSEHOLD,808,0
2014-06-28,HOUSEHOLD_2,HOUSEHOLD,248,0
2014-06-29,FOODS_1,FOODS,307,0
2014-06-29,FOODS_2,FOODS,467,0
2014-06-29,FOODS_3,FOODS,2977,0
2014-06-29,HOBBIES_1,HOBBIES,470,0
2014-06-29,HOBBIES_2,HOBBIES,33,0
2014-06-29,HOUSEHOLD_1,HOUSEHOLD,736,0
2014-06-29,HOUSEHOLD_2,HOUSEHOLD,261,0
2014-06-30,FOODS_1,FOODS,264,0
2014-06-30,FOODS_2,FOODS,390,0
2014-06-30,FOODS_3,FOODS,2177,0
2014-06-30,HOBBIES_1,HOBBIES,528,0
2014-06-30,HOBBIES_2,HOBBIES,36,0
2014-06-30,HOUSEHOLD_1,HOUSEHOLD,700,0
2014-06-30,HOUSEHOLD_2,HOUSEHOLD,200,0
2014-07-01,FOODS_1,FOODS,292,1
2014-07-01,FOODS_2,FOODS,438,1
2014-07-01,FOODS_3,FOODS,2212,1
2014-07-01,HOBBIES_1,HOBBIES,523,1
2014-07-01,HOBBIES_2,HOBBIES,35,1
2014-07-01,HOUSEHOLD_1,HOUSEHOLD,719,1
2014-07-01,HOUSEHOLD_2,HOUSEHOLD,249,1
2014-07-02,FOODS_1,FOODS,360,1
2014-07-02,FOODS_2,FOODS,404,1
2014-07-02,FOODS_3,FOODS,2235,1
2014-07-02,HOBBIES_1,HOBBIES,458,1
2014-07-02,HOBBIES_2,HOBBIES,33,1
2014-07-02,HOUSEHOLD_1,HOUSEHOLD,560,1
2014-07-02,HOUSEHOLD_2,HOUSEHOLD,211,1
2014-07-03,FOODS_1,FOODS,507,1
2014-07-03,FOODS_2,FOODS,464,1
2014-07-03,FOODS_3,FOODS,2977,1
2014-07-03,HOBBIES_1,HOBBIES,660,1
2014-07-03,HOBBIES_2,HOBBIES,23,1
2014-07-03,HOUSEHOLD_1,HOUSEHOLD,707,1
2014-07-03,HOUSEHOLD_2,HOUSEHOLD,244,1
2014-07-04,FOODS_1,FOODS,342,1
2014-07-04,FOODS_2,FOODS,326,1
2014-07-04,FOODS_3,FOODS,2736,1
2014-07-04,HOBBIES_1,HOBBIES,318,1
2014-07-04,HOBBIES_2,HOBBIES,26,1
2014-07-04,HOUSEHOLD_1,HOUSEHOLD,515,1
2014-07-04,HOUSEHOLD_2,HOUSEHOLD,192,1
2014-07-05,FOODS_1,FOODS,371,1
2014-07-05,FOODS_2,FOODS,434,1
2014-07-05,FOODS_3,FOODS,2754,1
2014-07-05,HOBBIES_1,HOBBIES,485,1
2014-07-05,HOBBIES_2,HOBBIES,40,1
2014-07-05,HOUSEHOLD_1,HOUSEHOLD,709,1
2014-07-05,HOUSEHOLD_2,HOUSEHOLD,249,1
2014-07-06,FOODS_1,FOODS,323,1
2014-07-06,FOODS_2,FOODS,558,1
2014-07-06,FOODS_3,FOODS,3259,1
2014-07-06,HOBBIES_1,HOBBIES,480,1
2014-07-06,HOBBIES_2,HOBBIES,35,1
2014-07-06,HOUSEHOLD_1,HOUSEHOLD,936,1
2014-07-06,HOUSEHOLD_2,HOUSEHOLD,278,1
2014-07-07,FOODS_1,FOODS,255,1
2014-07-07,FOODS_2,FOODS,566,1
2014-07-07,FOODS_3,FOODS,2570,1
2014-07-07,HOBBIES_1,HOBBIES,420,1
2014-07-07,HOBBIES_2,HOBBIES,31,1
2014-07-07,HOUSEHOLD_1,HOUSEHOLD,653,1
2014-07-07,HOUSEHOLD_2,HOUSEHOLD,202,1
2014-07-08,FOODS_1,FOODS,305,1
2014-07-08,FOODS_2,FOODS,465,1
2014-07-08,FOODS_3,FOODS,2377,1
2014-07-08,HOBBIES_1,HOBBIES,436,1
2014-07-08,HOBBIES_2,HOBBIES,22,1
2014-07-08,HOUSEHOLD_1,HOUSEHOLD,656,1
2014-07-08,HOUSEHOLD_2,HOUSEHOLD,199,1
2014-07-09,FOODS_1,FOODS,292,1
2014-07-09,FOODS_2,FOODS,418,1
2014-07-09,FOODS_3,FOODS,2147,1
2014-07-09,HOBBIES_1,HOBBIES,298,1
2014-07-09,HOBBIES_2,HOBBIES,32,1
2014-07-09,HOUSEHOLD_1,HOUSEHOLD,574,1
2014-07-09,HOUSEHOLD_2,HOUSEHOLD,186,1
2014-07-10,FOODS_1,FOODS,329,1
2014-07-10,FOODS_2,FOODS,398,1
2014-07-10,FOODS_3,FOODS,2314,1
2014-07-10,HOBBIES_1,HOBBIES,305,1
2014-07-10,HOBBIES_2,HOBBIES,49,1
2014-07-10,HOUSEHOLD_1,HOUSEHOLD,628,1
2014-07-10,HOUSEHOLD_2,HOUSEHOLD,220,1
2014-07-11,FOODS_1,FOODS,390,0
2014-07-11,FOODS_2,FOODS,381,0
2014-07-11,FOODS_3,FOODS,2505,0
2014-07-11,HOBBIES_1,HOBBIES,495,0
2014-07-11,HOBBIES_2,HOBBIES,16,0
2014-07-11,HOUSEHOLD_1,HOUSEHOLD,675,0
2014-07-11,HOUSEHOLD_2,HOUSEHOLD,233,0
2014-07-12,FOODS_1,FOODS,425,0
2014-07-12,FOODS_2,FOODS,464,0
2014-07-12,FOODS_3,FOODS,2964,0
2014-07-12,HOBBIES_1,HOBBIES,519,0
2014-07-12,HOBBIES_2,HOBBIES,31,0
2014-07-12,HOUSEHOLD_1,HOUSEHOLD,775,0
2014-07-12,HOUSEHOLD_2,HOUSEHOLD,287,0
2014-07-13,FOODS_1,FOODS,347,0
2014-07-13,FOODS_2,FOODS,549,0
2014-07-13,FOODS_3,FOODS,3017,0
2014-07-13,HOBBIES_1,HOBBIES,512,0
2014-07-13,HOBBIES_2,HOBBIES,21,0
2014-07-13,HOUSEHOLD_1,HOUSEHOLD,897,0
2014-07-13,HOUSEHOLD_2,HOUSEHOLD,272,0
2014-07-14,FOODS_1,FOODS,313,0
2014-07-14,FOODS_2,FOODS,423,0
2014-07-14,FOODS_3,FOODS,2121,0
2014-07-14,HOBBIES_1,HOBBIES,437,0
2014-07-14,HOBBIES_2,HOBBIES,19,0
2014-07-14,HOUSEHOLD_1,HOUSEHOLD,665,0
2014-07-14,HOUSEHOLD_2,HOUSEHOLD,186,0
2014-07-15,FOODS_1,FOODS,273,0
2014-07-15,FOODS_2,FOODS,371,0
2014-07-15,FOODS_3,FOODS,2094,0
2014-07-15,HOBBIES_1,HOBBIES,403,0
2014-07-15,HOBBIES_2,HOBBIES,36,0
2014-07-15,HOUSEHOLD_1,HOUSEHOLD,595,0
2014-07-15,HOUSEHOLD_2,HOUSEHOLD,176,0
2014-07-16,FOODS_1,FOODS,302,0
2014-07-16,FOODS_2,FOODS,402,0
2014-07-16,FOODS_3,FOODS,1921,0
2014-07-16,HOBBIES_1,HOBBIES,506,0
2014-07-16,HOBBIES_2,HOBBIES,23,0
2014-07-16,HOUSEHOLD_1,HOUSEHOLD,596,0
2014-07-16,HOUSEHOLD_2,HOUSEHOLD,169,0
2014-07-17,FOODS_1,FOODS,362,0
2014-07-17,FOODS_2,FOODS,363,0
2014-07-17,FOODS_3,FOODS,1948,0
2014-07-17,HOBBIES_1,HOBBIES,382,0
2014-07-17,HOBBIES_2,HOBBIES,28,0
2014-07-17,HOUSEHOLD_1,HOUSEHOLD,528,0
2014-07-17,HOUSEHOLD_2,HOUSEHOLD,168,0
2014-07-18,FOODS_1,FOODS,369,0
2014-07-18,FOODS_2,FOODS,388,0
2014-07-18,FOODS_3,FOODS,2408,0
2014-07-18,HOBBIES_1,HOBBIES,503,0
2014-07-18,HOBBIES_2,HOBBIES,23,0
2014-07-18,HOUSEHOLD_1,HOUSEHOLD,724,0
2014-07-18,HOUSEHOLD_2,HOUSEHOLD,218,0
2014-07-19,FOODS_1,FOODS,446,0
2014-07-19,FOODS_2,FOODS,468,0
2014-07-19,FOODS_3,FOODS,2712,0
2014-07-19,HOBBIES_1,HOBBIES,488,0
2014-07-19,HOBBIES_2,HOBBIES,23,0
2014-07-19,HOUSEHOLD_1,HOUSEHOLD,867,0
2014-07-19,HOUSEHOLD_2,HOUSEHOLD,220,0
2014-07-20,FOODS_1,FOODS,359,0
2014-07-20,FOODS_2,FOODS,525,0
2014-07-20,FOODS_3,FOODS,3312,0
2014-07-20,HOBBIES_1,HOBBIES,535,0
2014-07-20,HOBBIES_2,HOBBIES,33,0
2014-07-20,HOUSEHOLD_1,HOUSEHOLD,929,0
2014-07-20,HOUSEHOLD_2,HOUSEHOLD,269,0
2014-07-21,FOODS_1,FOODS,326,0
2014-07-21,FOODS_2,FOODS,372,0
2014-07-21,FOODS_3,FOODS,1979,0
2014-07-21,HOBBIES_1,HOBBIES,426,0
2014-07-21,HOBBIES_2,HOBBIES,27,0
2014-07-21,HOUSEHOLD_1,HOUSEHOLD,656,0
2014-07-21,HOUSEHOLD_2,HOUSEHOLD,222,0
2014-07-22,FOODS_1,FOODS,303,0
2014-07-22,FOODS_2,FOODS,360,0
2014-07-22,FOODS_3,FOODS,1821,0
2014-07-22,HOBBIES_1,HOBBIES,381,0
2014-07-22,HOBBIES_2,HOBBIES,31,0
2014-07-22,HOUSEHOLD_1,HOUSEHOLD,525,0
2014-07-22,HOUSEHOLD_2,HOUSEHOLD,175,0
2014-07-23,FOODS_1,FOODS,335,0
2014-07-23,FOODS_2,FOODS,346,0
2014-07-23,FOODS_3,FOODS,2011,0
2014-07-23,HOBBIES_1,HOBBIES,423,0
2014-07-23,HOBBIES_2,HOBBIES,32,0
2014-07-23,HOUSEHOLD_1,HOUSEHOLD,595,0
2014-07-23,HOUSEHOLD_2,HOUSEHOLD,157,0
2014-07-24,FOODS_1,FOODS,371,0
2014-07-24,FOODS_2,FOODS,297,0
2014-07-24,FOODS_3,FOODS,2083,0
2014-07-24,HOBBIES_1,HOBBIES,415,0
2014-07-24,HOBBIES_2,HOBBIES,43,0
2014-07-24,HOUSEHOLD_1,HOUSEHOLD,511,0
2014-07-24,HOUSEHOLD_2,HOUSEHOLD,170,0
2014-07-25,FOODS_1,FOODS,325,0
2014-07-25,FOODS_2,FOODS,335,0
2014-07-25,FOODS_3,FOODS,2382,0
2014-07-25,HOBBIES_1,HOBBIES,366,0
2014-07-25,HOBBIES_2,HOBBIES,36,0
2014-07-25,HOUSEHOLD_1,HOUSEHOLD,598,0
2014-07-25,HOUSEHOLD_2,HOUSEHOLD,173,0
2014-07-26,FOODS_1,FOODS,360,0
2014-07-26,FOODS_2,FOODS,402,0
2014-07-26,FOODS_3,FOODS,2472,0
2014-07-26,HOBBIES_1,HOBBIES,387,0
2014-07-26,HOBBIES_2,HOBBIES,19,0
2014-07-26,HOUSEHOLD_1,HOUSEHOLD,735,0
2014-07-26,HOUSEHOLD_2,HOUSEHOLD,234,0
2014-07-27,FOODS_1,FOODS,387,0
2014-07-27,FOODS_2,FOODS,501,0
2014-07-27,FOODS_3,FOODS,2888,0
2014-07-27,HOBBIES_1,HOBBIES,469,0
2014-07-27,HOBBIES_2,HOBBIES,52,0
2014-07-27,HOUSEHOLD_1,HOUSEHOLD,899,0
2014-07-27,HOUSEHOLD_2,HOUSEHOLD,225,0
2014-07-28,FOODS_1,FOODS,274,0
2014-07-28,FOODS_2,FOODS,475,0
2014-07-28,FOODS_3,FOODS,2298,0
2014-07-28,HOBBIES_1,HOBBIES,507,0
2014-07-28,HOBBIES_2,HOBBIES,36,0
2014-07-28,HOUSEHOLD_1,HOUSEHOLD,797,0
2014-07-28,HOUSEHOLD_2,HOUSEHOLD,192,0
2014-07-29,FOODS_1,FOODS,304,0
2014-07-29,FOODS_2,FOODS,342,0
2014-07-29,FOODS_3,FOODS,1933,0
2014-07-29,HOBBIES_1,HOBBIES,440,0
2014-07-29,HOBBIES_2,HOBBIES,31,0
2014-07-29,HOUSEHOLD_1,HOUSEHOLD,612,0
2014-07-29,HOUSEHOLD_2,HOUSEHOLD,148,0
2014-07-30,FOODS_1,FOODS,277,0
2014-07-30,FOODS_2,FOODS,409,0
2014-07-30,FOODS_3,FOODS,2112,0
2014-07-30,HOBBIES_1,HOBBIES,352,0
2014-07-30,HOBBIES_2,HOBBIES,21,0
2014-07-30,HOUSEHOLD_1,HOUSEHOLD,524,0
2014-07-30,HOUSEHOLD_2,HOUSEHOLD,175,0
2014-07-31,FOODS_1,FOODS,310,0
2014-07-31,FOODS_2,FOODS,262,0
2014-07-31,FOODS_3,FOODS,2131,0
2014-07-31,HOBBIES_1,HOBBIES,468,0
2014-07-31,HOBBIES_2,HOBBIES,29,0
2014-07-31,HOUSEHOLD_1,HOUSEHOLD,596,0
2014-07-31,HOUSEHOLD_2,HOUSEHOLD,189,0
2014-08-01,FOODS_1,FOODS,396,1
2014-08-01,FOODS_2,FOODS,453,1
2014-08-01,FOODS_3,FOODS,2730,1
2014-08-01,HOBBIES_1,HOBBIES,593,1
2014-08-01,HOBBIES_2,HOBBIES,34,1
2014-08-01,HOUSEHOLD_1,HOUSEHOLD,774,1
2014-08-01,HOUSEHOLD_2,HOUSEHOLD,249,1
2014-08-02,FOODS_1,FOODS,394,1
2014-08-02,FOODS_2,FOODS,538,1
2014-08-02,FOODS_3,FOODS,3204,1
2014-08-02,HOBBIES_1,HOBBIES,582,1
2014-08-02,HOBBIES_2,HOBBIES,42,1
2014-08-02,HOUSEHOLD_1,HOUSEHOLD,817,1
2014-08-02,HOUSEHOLD_2,HOUSEHOLD,260,1
2014-08-03,FOODS_1,FOODS,436,1
2014-08-03,FOODS_2,FOODS,653,1
2014-08-03,FOODS_3,FOODS,3314,1
2014-08-03,HOBBIES_1,HOBBIES,650,1
2014-08-03,HOBBIES_2,HOBBIES,38,1
2014-08-03,HOUSEHOLD_1,HOUSEHOLD,976,1
2014-08-03,HOUSEHOLD_2,HOUSEHOLD,294,1
2014-08-04,FOODS_1,FOODS,349,1
2014-08-04,FOODS_2,FOODS,559,1
2014-08-04,FOODS_3,FOODS,2625,1
2014-08-04,HOBBIES_1,HOBBIES,517,1
2014-08-04,HOBBIES_2,HOBBIES,41,1
2014-08-04,HOUSEHOLD_1,HOUSEHOLD,742,1
2014-08-04,HOUSEHOLD_2,HOUSEHOLD,205,1
2014-08-05,FOODS_1,FOODS,342,1
2014-08-05,FOODS_2,FOODS,500,1
2014-08-05,FOODS_3,FOODS,2293,1
2014-08-05,HOBBIES_1,HOBBIES,340,1
2014-08-05,HOBBIES_2,HOBBIES,27,1
2014-08-05,HOUSEHOLD_1,HOUSEHOLD,618,1
2014-08-05,HOUSEHOLD_2,HOUSEHOLD,169,1
2014-08-06,FOODS_1,FOODS,314,1
2014-08-06,FOODS_2,FOODS,447,1
2014-08-06,FOODS_3,FOODS,2118,1
2014-08-06,HOBBIES_1,HOBBIES,441,1
2014-08-06,HOBBIES_2,HOBBIES,25,1
2014-08-06,HOUSEHOLD_1,HOUSEHOLD,606,1
2014-08-06,HOUSEHOLD_2,HOUSEHOLD,158,1
2014-08-07,FOODS_1,FOODS,303,1
2014-08-07,FOODS_2,FOODS,426,1
2014-08-07,FOODS_3,FOODS,2094,1
2014-08-07,HOBBIES_1,HOBBIES,513,1
2014-08-07,HOBBIES_2,HOBBIES,22,1
2014-08-07,HOUSEHOLD_1,HOUSEHOLD,638,1
2014-08-07,HOUSEHOLD_2,HOUSEHOLD,186,1
2014-08-08,FOODS_1,FOODS,397,1
2014-08-08,FOODS_2,FOODS,419,1
2014-08-08,FOODS_3,FOODS,2500,1
2014-08-08,HOBBIES_1,HOBBIES,487,1
2014-08-08,HOBBIES_2,HOBBIES,17,1
2014-08-08,HOUSEHOLD_1,HOUSEHOLD,608,1
2014-08-08,HOUSEHOLD_2,HOUSEHOLD,214,1
2014-08-09,FOODS_1,FOODS,475,1
2014-08-09,FOODS_2,FOODS,576,1
2014-08-09,FOODS_3,FOODS,3013,1
2014-08-09,HOBBIES_1,HOBBIES,510,1
2014-08-09,HOBBIES_2,HOBBIES,25,1
2014-08-09,HOUSEHOLD_1,HOUSEHOLD,905,1
2014-08-09,HOUSEHOLD_2,HOUSEHOLD,263,1
2014-08-10,FOODS_1,FOODS,557,1
2014-08-10,FOODS_2,FOODS,607,1
2014-08-10,FOODS_3,FOODS,3290,1
2014-08-10,HOBBIES_1,HOBBIES,522,1
2014-08-10,HOBBIES_2,HOBBIES,48,1
2014-08-10,HOUSEHOLD_1,HOUSEHOLD,941,1
2014-08-10,HOUSEHOLD_2,HOUSEHOLD,310,1
2014-08-11,FOODS_1,FOODS,348,0
2014-08-11,FOODS_2,FOODS,420,0
2014-08-11,FOODS_3,FOODS,2168,0
2014-08-11,HOBBIES_1,HOBBIES,358,0
2014-08-11,HOBBIES_2,HOBBIES,23,0
2014-08-11,HOUSEHOLD_1,HOUSEHOLD,648,0
2014-08-11,HOUSEHOLD_2,HOUSEHOLD,181,0
2014-08-12,FOODS_1,FOODS,314,0
2014-08-12,FOODS_2,FOODS,420,0
2014-08-12,FOODS_3,FOODS,1941,0
2014-08-12,HOBBIES_1,HOBBIES,431,0
2014-08-12,HOBBIES_2,HOBBIES,33,0
2014-08-12,HOUSEHOLD_1,HOUSEHOLD,685,0
2014-08-12,HOUSEHOLD_2,HOUSEHOLD,171,0
2014-08-13,FOODS_1,FOODS,284,0
2014-08-13,FOODS_2,FOODS,363,0
2014-08-13,FOODS_3,FOODS,2153,0
2014-08-13,HOBBIES_1,HOBBIES,391,0
2014-08-13,HOBBIES_2,HOBBIES,21,0
2014-08-13,HOUSEHOLD_1,HOUSEHOLD,561,0
2014-08-13,HOUSEHOLD_2,HOUSEHOLD,193,0
2014-08-14,FOODS_1,FOODS,340,0
2014-08-14,FOODS_2,FOODS,399,0
2014-08-14,FOODS_3,FOODS,2037,0
2014-08-14,HOBBIES_1,HOBBIES,329,0
2014-08-14,HOBBIES_2,HOBBIES,32,0
2014-08-14,HOUSEHOLD_1,HOUSEHOLD,562,0
2014-08-14,HOUSEHOLD_2,HOUSEHOLD,156,0
2014-08-15,FOODS_1,FOODS,289,0
2014-08-15,FOODS_2,FOODS,395,0
2014-08-15,FOODS_3,FOODS,2303,0
2014-08-15,HOBBIES_1,HOBBIES,578,0
2014-08-15,HOBBIES_2,HOBBIES,23,0
2014-08-15,HOUSEHOLD_1,HOUSEHOLD,629,0
2014-08-15,HOUSEHOLD_2,HOUSEHOLD,225,0
2014-08-16,FOODS_1,FOODS,413,0
2014-08-16,FOODS_2,FOODS,499,0
2014-08-16,FOODS_3,FOODS,3112,0
2014-08-16,HOBBIES_1,HOBBIES,522,0
2014-08-16,HOBBIES_2,HOBBIES,45,0
2014-08-16,HOUSEHOLD_1,HOUSEHOLD,818,0
2014-08-16,HOUSEHOLD_2,HOUSEHOLD,296,0
2014-08-17,FOODS_1,FOODS,461,0
2014-08-17,FOODS_2,FOODS,621,0
2014-08-17,FOODS_3,FOODS,3367,0
2014-08-17,HOBBIES_1,HOBBIES,475,0
2014-08-17,HOBBIES_2,HOBBIES,73,0
2014-08-17,HOUSEHOLD_1,HOUSEHOLD,1037,0
2014-08-17,HOUSEHOLD_2,HOUSEHOLD,297,0
2014-08-18,FOODS_1,FOODS,332,0
2014-08-18,FOODS_2,FOODS,495,0
2014-08-18,FOODS_3,FOODS,2424,0
2014-08-18,HOBBIES_1,HOBBIES,514,0
2014-08-18,HOBBIES_2,HOBBIES,24,0
2014-08-18,HOUSEHOLD_1,HOUSEHOLD,683,0
2014-08-18,HOUSEHOLD_2,HOUSEHOLD,212,0
2014-08-19,FOODS_1,FOODS,310,0
2014-08-19,FOODS_2,FOODS,392,0
2014-08-19,FOODS_3,FOODS,1828,0
2014-08-19,HOBBIES_1,HOBBIES,407,0
2014-08-19,HOBBIES_2,HOBBIES,39,0
2014-08-19,HOUSEHOLD_1,HOUSEHOLD,641,0
2014-08-19,HOUSEHOLD_2,HOUSEHOLD,182,0
2014-08-20,FOODS_1,FOODS,288,0
2014-08-20,FOODS_2,FOODS,379,0
2014-08-20,FOODS_3,FOODS,1826,0
2014-08-20,HOBBIES_1,HOBBIES,389,0
2014-08-20,HOBBIES_2,HOBBIES,22,0
2014-08-20,HOUSEHOLD_1,HOUSEHOLD,561,0
2014-08-20,HOUSEHOLD_2,HOUSEHOLD,180,0
2014-08-21,FOODS_1,FOODS,316,0
2014-08-21,FOODS_2,FOODS,349,0
2014-08-21,FOODS_3,FOODS,1827,0
2014-08-21,HOBBIES_1,HOBBIES,337,0
2014-08-21,HOBBIES_2,HOBBIES,55,0
2014-08-21,HOUSEHOLD_1,HOUSEHOLD,581,0
2014-08-21,HOUSEHOLD_2,HOUSEHOLD,154,0
2014-08-22,FOODS_1,FOODS,335,0
2014-08-22,FOODS_2,FOODS,375,0
2014-08-22,FOODS_3,FOODS,2239,0
2014-08-22,HOBBIES_1,HOBBIES,367,0
2014-08-22,HOBBIES_2,HOBBIES,22,0
2014-08-22,HOUSEHOLD_1,HOUSEHOLD,644,0
2014-08-22,HOUSEHOLD_2,HOUSEHOLD,205,0
2014-08-23,FOODS_1,FOODS,458,0
2014-08-23,FOODS_2,FOODS,558,0
2014-08-23,FOODS_3,FOODS,2885,0
2014-08-23,HOBBIES_1,HOBBIES,449,0
2014-08-23,HOBBIES_2,HOBBIES,31,0
2014-08-23,HOUSEHOLD_1,HOUSEHOLD,908,0
2014-08-23,HOUSEHOLD_2,HOUSEHOLD,280,0
2014-08-24,FOODS_1,FOODS,459,0
2014-08-24,FOODS_2,FOODS,774,0
2014-08-24,FOODS_3,FOODS,3500,0
2014-08-24,HOBBIES_1,HOBBIES,497,0
2014-08-24,HOBBIES_2,HOBBIES,62,0
2014-08-24,HOUSEHOLD_1,HOUSEHOLD,1047,0
2014-08-24,HOUSEHOLD_2,HOUSEHOLD,291,0
2014-08-25,FOODS_1,FOODS,352,0
2014-08-25,FOODS_2,FOODS,395,0
2014-08-25,FOODS_3,FOODS,1890,0
2014-08-25,HOBBIES_1,HOBBIES,442,0
2014-08-25,HOBBIES_2,HOBBIES,19,0
2014-08-25,HOUSEHOLD_1,HOUSEHOLD,727,0
2014-08-25,HOUSEHOLD_2,HOUSEHOLD,175,0
2014-08-26,FOODS_1,FOODS,335,0
2014-08-26,FOODS_2,FOODS,340,0
2014-08-26,FOODS_3,FOODS,1819,0
2014-08-26,HOBBIES_1,HOBBIES,447,0
2014-08-26,HOBBIES_2,HOBBIES,25,0
2014-08-26,HOUSEHOLD_1,HOUSEHOLD,595,0
2014-08-26,HOUSEHOLD_2,HOUSEHOLD,183,0
2014-08-27,FOODS_1,FOODS,280,0
2014-08-27,FOODS_2,FOODS,314,0
2014-08-27,FOODS_3,FOODS,1539,0
2014-08-27,HOBBIES_1,HOBBIES,353,0
2014-08-27,HOBBIES_2,HOBBIES,22,0
2014-08-27,HOUSEHOLD_1,HOUSEHOLD,455,0
2014-08-27,HOUSEHOLD_2,HOUSEHOLD,155,0
2014-08-28,FOODS_1,FOODS,285,0
2014-08-28,FOODS_2,FOODS,339,0
2014-08-28,FOODS_3,FOODS,1813,0
2014-08-28,HOBBIES_1,HOBBIES,415,0
2014-08-28,HOBBIES_2,HOBBIES,9,0
2014-08-28,HOUSEHOLD_1,HOUSEHOLD,485,0
2014-08-28,HOUSEHOLD_2,HOUSEHOLD,151,0
2014-08-29,FOODS_1,FOODS,350,0
2014-08-29,FOODS_2,FOODS,431,0
2014-08-29,FOODS_3,FOODS,2373,0
2014-08-29,HOBBIES_1,HOBBIES,362,0
2014-08-29,HOBBIES_2,HOBBIES,21,0
2014-08-29,HOUSEHOLD_1,HOUSEHOLD,675,0
2014-08-29,HOUSEHOLD_2,HOUSEHOLD,220,0
2014-08-30,FOODS_1,FOODS,445,0
2014-08-30,FOODS_2,FOODS,422,0
2014-08-30,FOODS_3,FOODS,2883,0
2014-08-30,HOBBIES_1,HOBBIES,608,0
2014-08-30,HOBBIES_2,HOBBIES,21,0
2014-08-30,HOUSEHOLD_1,HOUSEHOLD,911,0
2014-08-30,HOUSEHOLD_2,HOUSEHOLD,300,0
2014-08-31,FOODS_1,FOODS,387,0
2014-08-31,FOODS_2,FOODS,480,0
2014-08-31,FOODS_3,FOODS,2806,0
2014-08-31,HOBBIES_1,HOBBIES,477,0
2014-08-31,HOBBIES_2,HOBBIES,32,0
2014-08-31,HOUSEHOLD_1,HOUSEHOLD,840,0
2014-08-31,HOUSEHOLD_2,HOUSEHOLD,257,0
2014-09-01,FOODS_1,FOODS,346,1
2014-09-01,FOODS_2,FOODS,584,1
2014-09-01,FOODS_3,FOODS,2812,1
2014-09-01,HOBBIES_1,HOBBIES,375,1
2014-09-01,HOBBIES_2,HOBBIES,50,1
2014-09-01,HOUSEHOLD_1,HOUSEHOLD,891,1
2014-09-01,HOUSEHOLD_2,HOUSEHOLD,286,1
2014-09-02,FOODS_1,FOODS,280,1
2014-09-02,FOODS_2,FOODS,526,1
2014-09-02,FOODS_3,FOODS,1863,1
2014-09-02,HOBBIES_1,HOBBIES,469,1
2014-09-02,HOBBIES_2,HOBBIES,40,1
2014-09-02,HOUSEHOLD_1,HOUSEHOLD,639,1
2014-09-02,HOUSEHOLD_2,HOUSEHOLD,182,1
2014-09-03,FOODS_1,FOODS,293,1
2014-09-03,FOODS_2,FOODS,421,1
2014-09-03,FOODS_3,FOODS,2125,1
2014-09-03,HOBBIES_1,HOBBIES,507,1
2014-09-03,HOBBIES_2,HOBBIES,32,1
2014-09-03,HOUSEHOLD_1,HOUSEHOLD,681,1
2014-09-03,HOUSEHOLD_2,HOUSEHOLD,168,1
2014-09-04,FOODS_1,FOODS,293,1
2014-09-04,FOODS_2,FOODS,377,1
2014-09-04,FOODS_3,FOODS,1872,1
2014-09-04,HOBBIES_1,HOBBIES,392,1
2014-09-04,HOBBIES_2,HOBBIES,33,1
2014-09-04,HOUSEHOLD_1,HOUSEHOLD,574,1
2014-09-04,HOUSEHOLD_2,HOUSEHOLD,154,1
2014-09-05,FOODS_1,FOODS,423,1
2014-09-05,FOODS_2,FOODS,449,1
2014-09-05,FOODS_3,FOODS,2185,1
2014-09-05,HOBBIES_1,HOBBIES,508,1
2014-09-05,HOBBIES_2,HOBBIES,29,1
2014-09-05,HOUSEHOLD_1,HOUSEHOLD,603,1
2014-09-05,HOUSEHOLD_2,HOUSEHOLD,207,1
2014-09-06,FOODS_1,FOODS,466,1
2014-09-06,FOODS_2,FOODS,638,1
2014-09-06,FOODS_3,FOODS,3131,1
2014-09-06,HOBBIES_1,HOBBIES,455,1
2014-09-06,HOBBIES_2,HOBBIES,60,1
2014-09-06,HOUSEHOLD_1,HOUSEHOLD,813,1
2014-09-06,HOUSEHOLD_2,HOUSEHOLD,265,1
2014-09-07,FOODS_1,FOODS,376,1
2014-09-07,FOODS_2,FOODS,684,1
2014-09-07,FOODS_3,FOODS,3438,1
2014-09-07,HOBBIES_1,HOBBIES,440,1
2014-09-07,HOBBIES_2,HOBBIES,40,1
2014-09-07,HOUSEHOLD_1,HOUSEHOLD,966,1
2014-09-07,HOUSEHOLD_2,HOUSEHOLD,298,1
2014-09-08,FOODS_1,FOODS,268,1
2014-09-08,FOODS_2,FOODS,442,1
2014-09-08,FOODS_3,FOODS,2138,1
2014-09-08,HOBBIES_1,HOBBIES,329,1
2014-09-08,HOBBIES_2,HOBBIES,27,1
2014-09-08,HOUSEHOLD_1,HOUSEHOLD,577,1
2014-09-08,HOUSEHOLD_2,HOUSEHOLD,192,1
2014-09-09,FOODS_1,FOODS,273,1
2014-09-09,FOODS_2,FOODS,495,1
2014-09-09,FOODS_3,FOODS,2033,1
2014-09-09,HOBBIES_1,HOBBIES,448,1
2014-09-09,HOBBIES_2,HOBBIES,38,1
2014-09-09,HOUSEHOLD_1,HOUSEHOLD,549,1
2014-09-09,HOUSEHOLD_2,HOUSEHOLD,174,1
2014-09-10,FOODS_1,FOODS,286,1
2014-09-10,FOODS_2,FOODS,440,1
2014-09-10,FOODS_3,FOODS,1970,1
2014-09-10,HOBBIES_1,HOBBIES,410,1
2014-09-10,HOBBIES_2,HOBBIES,38,1
2014-09-10,HOUSEHOLD_1,HOUSEHOLD,532,1
2014-09-10,HOUSEHOLD_2,HOUSEHOLD,139,1
2014-09-11,FOODS_1,FOODS,307,0
2014-09-11,FOODS_2,FOODS,425,0
2014-09-11,FOODS_3,FOODS,2087,0
2014-09-11,HOBBIES_1,HOBBIES,331,0
2014-09-11,HOBBIES_2,HOBBIES,30,0
2014-09-11,HOUSEHOLD_1,HOUSEHOLD,515,0
2014-09-11,HOUSEHOLD_2,HOUSEHOLD,175,0
2014-09-12,FOODS_1,FOODS,346,0
2014-09-12,FOODS_2,FOODS,402,0
2014-09-12,FOODS_3,FOODS,2232,0
2014-09-12,HOBBIES_1,HOBBIES,485,0
2014-09-12,HOBBIES_2,HOBBIES,35,0
2014-09-12,HOUSEHOLD_1,HOUSEHOLD,565,0
2014-09-12,HOUSEHOLD_2,HOUSEHOLD,181,0
2014-09-13,FOODS_1,FOODS,396,0
2014-09-13,FOODS_2,FOODS,509,0
2014-09-13,FOODS_3,FOODS,2872,0
2014-09-13,HOBBIES_1,HOBBIES,568,0
2014-09-13,HOBBIES_2,HOBBIES,41,0
2014-09-13,HOUSEHOLD_1,HOUSEHOLD,788,0
2014-09-13,HOUSEHOLD_2,HOUSEHOLD,290,0
2014-09-14,FOODS_1,FOODS,406,0
2014-09-14,FOODS_2,FOODS,615,0
2014-09-14,FOODS_3,FOODS,2961,0
2014-09-14,HOBBIES_1,HOBBIES,515,0
2014-09-14,HOBBIES_2,HOBBIES,44,0
2014-09-14,HOUSEHOLD_1,HOUSEHOLD,887,0
2014-09-14,HOUSEHOLD_2,HOUSEHOLD,262,0
2014-09-15,FOODS_1,FOODS,273,0
2014-09-15,FOODS_2,FOODS,451,0
2014-09-15,FOODS_3,FOODS,2086,0
2014-09-15,HOBBIES_1,HOBBIES,410,0
2014-09-15,HOBBIES_2,HOBBIES,17,0
2014-09-15,HOUSEHOLD_1,HOUSEHOLD,648,0
2014-09-15,HOUSEHOLD_2,HOUSEHOLD,174,0
2014-09-16,FOODS_1,FOODS,274,0
2014-09-16,FOODS_2,FOODS,318,0
2014-09-16,FOODS_3,FOODS,1799,0
2014-09-16,HOBBIES_1,HOBBIES,286,0
2014-09-16,HOBBIES_2,HOBBIES,34,0
2014-09-16,HOUSEHOLD_1,HOUSEHOLD,477,0
2014-09-16,HOUSEHOLD_2,HOUSEHOLD,174,0
2014-09-17,FOODS_1,FOODS,303,0
2014-09-17,FOODS_2,FOODS,316,0
2014-09-17,FOODS_3,FOODS,1692,0
2014-09-17,HOBBIES_1,HOBBIES,440,0
2014-09-17,HOBBIES_2,HOBBIES,46,0
2014-09-17,HOUSEHOLD_1,HOUSEHOLD,603,0
2014-09-17,HOUSEHOLD_2,HOUSEHOLD,145,0
2014-09-18,FOODS_1,FOODS,263,0
2014-09-18,FOODS_2,FOODS,369,0
2014-09-18,FOODS_3,FOODS,1525,0
2014-09-18,HOBBIES_1,HOBBIES,346,0
2014-09-18,HOBBIES_2,HOBBIES,43,0
2014-09-18,HOUSEHOLD_1,HOUSEHOLD,519,0
2014-09-18,HOUSEHOLD_2,HOUSEHOLD,162,0
2014-09-19,FOODS_1,FOODS,347,0
2014-09-19,FOODS_2,FOODS,388,0
2014-09-19,FOODS_3,FOODS,2146,0
2014-09-19,HOBBIES_1,HOBBIES,460,0
2014-09-19,HOBBIES_2,HOBBIES,41,0
2014-09-19,HOUSEHOLD_1,HOUSEHOLD,667,0
2014-09-19,HOUSEHOLD_2,HOUSEHOLD,192,0
2014-09-20,FOODS_1,FOODS,415,0
2014-09-20,FOODS_2,FOODS,560,0
2014-09-20,FOODS_3,FOODS,2724,0
2014-09-20,HOBBIES_1,HOBBIES,494,0
2014-09-20,HOBBIES_2,HOBBIES,56,0
2014-09-20,HOUSEHOLD_1,HOUSEHOLD,980,0
2014-09-20,HOUSEHOLD_2,HOUSEHOLD,283,0
2014-09-21,FOODS_1,FOODS,347,0
2014-09-21,FOODS_2,FOODS,550,0
2014-09-21,FOODS_3,FOODS,3262,0
2014-09-21,HOBBIES_1,HOBBIES,460,0
2014-09-21,HOBBIES_2,HOBBIES,35,0
2014-09-21,HOUSEHOLD_1,HOUSEHOLD,957,0
2014-09-21,HOUSEHOLD_2,HOUSEHOLD,277,0
2014-09-22,FOODS_1,FOODS,288,0
2014-09-22,FOODS_2,FOODS,416,0
2014-09-22,FOODS_3,FOODS,2025,0
2014-09-22,HOBBIES_1,HOBBIES,293,0
2014-09-22,HOBBIES_2,HOBBIES,31,0
2014-09-22,HOUSEHOLD_1,HOUSEHOLD,619,0
2014-09-22,HOUSEHOLD_2,HOUSEHOLD,177,0
2014-09-23,FOODS_1,FOODS,290,0
2014-09-23,FOODS_2,FOODS,341,0
2014-09-23,FOODS_3,FOODS,1805,0
2014-09-23,HOBBIES_1,HOBBIES,353,0
2014-09-23,HOBBIES_2,HOBBIES,29,0
2014-09-23,HOUSEHOLD_1,HOUSEHOLD,505,0
2014-09-23,HOUSEHOLD_2,HOUSEHOLD,159,0
2014-09-24,FOODS_1,FOODS,265,0
2014-09-24,FOODS_2,FOODS,351,0
2014-09-24,FOODS_3,FOODS,1796,0
2014-09-24,HOBBIES_1,HOBBIES,302,0
2014-09-24,HOBBIES_2,HOBBIES,15,0
2014-09-24,HOUSEHOLD_1,HOUSEHOLD,547,0
2014-09-24,HOUSEHOLD_2,HOUSEHOLD,142,0
2014-09-25,FOODS_1,FOODS,311,0
2014-09-25,FOODS_2,FOODS,317,0
2014-09-25,FOODS_3,FOODS,1691,0
2014-09-25,HOBBIES_1,HOBBIES,415,0
2014-09-25,HOBBIES_2,HOBBIES,62,0
2014-09-25,HOUSEHOLD_1,HOUSEHOLD,515,0
2014-09-25,HOUSEHOLD_2,HOUSEHOLD,158,0
2014-09-26,FOODS_1,FOODS,321,0
2014-09-26,FOODS_2,FOODS,395,0
2014-09-26,FOODS_3,FOODS,2179,0
2014-09-26,HOBBIES_1,HOBBIES,319,0
2014-09-26,HOBBIES_2,HOBBIES,41,0
2014-09-26,HOUSEHOLD_1,HOUSEHOLD,559,0
2014-09-26,HOUSEHOLD_2,HOUSEHOLD,198,0
2014-09-27,FOODS_1,FOODS,375,0
2014-09-27,FOODS_2,FOODS,581,0
2014-09-27,FOODS_3,FOODS,2813,0
2014-09-27,HOBBIES_1,HOBBIES,514,0
2014-09-27,HOBBIES_2,HOBBIES,48,0
2014-09-27,HOUSEHOLD_1,HOUSEHOLD,769,0
2014-09-27,HOUSEHOLD_2,HOUSEHOLD,265,0
2014-09-28,FOODS_1,FOODS,359,0
2014-09-28,FOODS_2,FOODS,660,0
2014-09-28,FOODS_3,FOODS,3071,0
2014-09-28,HOBBIES_1,HOBBIES,484,0
2014-09-28,HOBBIES_2,HOBBIES,64,0
2014-09-28,HOUSEHOLD_1,HOUSEHOLD,939,0
2014-09-28,HOUSEHOLD_2,HOUSEHOLD,241,0
2014-09-29,FOODS_1,FOODS,241,0
2014-09-29,FOODS_2,FOODS,463,0
2014-09-29,FOODS_3,FOODS,2133,0
2014-09-29,HOBBIES_1,HOBBIES,398,0
2014-09-29,HOBBIES_2,HOBBIES,24,0
2014-09-29,HOUSEHOLD_1,HOUSEHOLD,636,0
2014-09-29,HOUSEHOLD_2,HOUSEHOLD,178,0
2014-09-30,FOODS_1,FOODS,283,0
2014-09-30,FOODS_2,FOODS,366,0
2014-09-30,FOODS_3,FOODS,1892,0
2014-09-30,HOBBIES_1,HOBBIES,434,0
2014-09-30,HOBBIES_2,HOBBIES,45,0
2014-09-30,HOUSEHOLD_1,HOUSEHOLD,610,0
2014-09-30,HOUSEHOLD_2,HOUSEHOLD,167,0
2014-10-01,FOODS_1,FOODS,318,1
2014-10-01,FOODS_2,FOODS,462,1
2014-10-01,FOODS_3,FOODS,1849,1
2014-10-01,HOBBIES_1,HOBBIES,372,1
2014-10-01,HOBBIES_2,HOBBIES,34,1
2014-10-01,HOUSEHOLD_1,HOUSEHOLD,520,1
2014-10-01,HOUSEHOLD_2,HOUSEHOLD,190,1
2014-10-02,FOODS_1,FOODS,305,1
2014-10-02,FOODS_2,FOODS,417,1
2014-10-02,FOODS_3,FOODS,2051,1
2014-10-02,HOBBIES_1,HOBBIES,428,1
2014-10-02,HOBBIES_2,HOBBIES,45,1
2014-10-02,HOUSEHOLD_1,HOUSEHOLD,814,1
2014-10-02,HOUSEHOLD_2,HOUSEHOLD,203,1
2014-10-03,FOODS_1,FOODS,351,1
2014-10-03,FOODS_2,FOODS,486,1
2014-10-03,FOODS_3,FOODS,2679,1
2014-10-03,HOBBIES_1,HOBBIES,425,1
2014-10-03,HOBBIES_2,HOBBIES,42,1
2014-10-03,HOUSEHOLD_1,HOUSEHOLD,718,1
2014-10-03,HOUSEHOLD_2,HOUSEHOLD,219,1
2014-10-04,FOODS_1,FOODS,414,1
2014-10-04,FOODS_2,FOODS,711,1
2014-10-04,FOODS_3,FOODS,3254,1
2014-10-04,HOBBIES_1,HOBBIES,578,1
2014-10-04,HOBBIES_2,HOBBIES,81,1
2014-10-04,HOUSEHOLD_1,HOUSEHOLD,890,1
2014-10-04,HOUSEHOLD_2,HOUSEHOLD,249,1
2014-10-05,FOODS_1,FOODS,392,1
2014-10-05,FOODS_2,FOODS,703,1
2014-10-05,FOODS_3,FOODS,3348,1
2014-10-05,HOBBIES_1,HOBBIES,442,1
2014-10-05,HOBBIES_2,HOBBIES,50,1
2014-10-05,HOUSEHOLD_1,HOUSEHOLD,1080,1
2014-10-05,HOUSEHOLD_2,HOUSEHOLD,282,1
2014-10-06,FOODS_1,FOODS,294,1
2014-10-06,FOODS_2,FOODS,532,1
2014-10-06,FOODS_3,FOODS,2593,1
2014-10-06,HOBBIES_1,HOBBIES,473,1
2014-10-06,HOBBIES_2,HOBBIES,35,1
2014-10-06,HOUSEHOLD_1,HOUSEHOLD,672,1
2014-10-06,HOUSEHOLD_2,HOUSEHOLD,157,1
2014-10-07,FOODS_1,FOODS,304,1
2014-10-07,FOODS_2,FOODS,502,1
2014-10-07,FOODS_3,FOODS,2035,1
2014-10-07,HOBBIES_1,HOBBIES,337,1
2014-10-07,HOBBIES_2,HOBBIES,45,1
2014-10-07,HOUSEHOLD_1,HOUSEHOLD,655,1
2014-10-07,HOUSEHOLD_2,HOUSEHOLD,213,1
2014-10-08,FOODS_1,FOODS,288,1
2014-10-08,FOODS_2,FOODS,468,1
2014-10-08,FOODS_3,FOODS,2176,1
2014-10-08,HOBBIES_1,HOBBIES,406,1
2014-10-08,HOBBIES_2,HOBBIES,32,1
2014-10-08,HOUSEHOLD_1,HOUSEHOLD,583,1
2014-10-08,HOUSEHOLD_2,HOUSEHOLD,127,1
2014-10-09,FOODS_1,FOODS,311,1
2014-10-09,FOODS_2,FOODS,459,1
2014-10-09,FOODS_3,FOODS,2287,1
2014-10-09,HOBBIES_1,HOBBIES,389,1
2014-10-09,HOBBIES_2,HOBBIES,35,1
2014-10-09,HOUSEHOLD_1,HOUSEHOLD,521,1
2014-10-09,HOUSEHOLD_2,HOUSEHOLD,175,1
2014-10-10,FOODS_1,FOODS,302,1
2014-10-10,FOODS_2,FOODS,483,1
2014-10-10,FOODS_3,FOODS,2378,1
2014-10-10,HOBBIES_1,HOBBIES,482,1
2014-10-10,HOBBIES_2,HOBBIES,39,1
2014-10-10,HOUSEHOLD_1,HOUSEHOLD,647,1
2014-10-10,HOUSEHOLD_2,HOUSEHOLD,198,1
2014-10-11,FOODS_1,FOODS,411,0
2014-10-11,FOODS_2,FOODS,628,0
2014-10-11,FOODS_3,FOODS,2844,0
2014-10-11,HOBBIES_1,HOBBIES,468,0
2014-10-11,HOBBIES_2,HOBBIES,59,0
2014-10-11,HOUSEHOLD_1,HOUSEHOLD,870,0
2014-10-11,HOUSEHOLD_2,HOUSEHOLD,249,0
2014-10-12,FOODS_1,FOODS,368,0
2014-10-12,FOODS_2,FOODS,704,0
2014-10-12,FOODS_3,FOODS,3122,0
2014-10-12,HOBBIES_1,HOBBIES,432,0
2014-10-12,HOBBIES_2,HOBBIES,42,0
2014-10-12,HOUSEHOLD_1,HOUSEHOLD,909,0
2014-10-12,HOUSEHOLD_2,HOUSEHOLD,241,0
2014-10-13,FOODS_1,FOODS,322,0
2014-10-13,FOODS_2,FOODS,462,0
2014-10-13,FOODS_3,FOODS,2208,0
2014-10-13,HOBBIES_1,HOBBIES,400,0
2014-10-13,HOBBIES_2,HOBBIES,64,0
2014-10-13,HOUSEHOLD_1,HOUSEHOLD,693,0
2014-10-13,HOUSEHOLD_2,HOUSEHOLD,156,0
2014-10-14,FOODS_1,FOODS,239,0
2014-10-14,FOODS_2,FOODS,378,0
2014-10-14,FOODS_3,FOODS,1725,0
2014-10-14,HOBBIES_1,HOBBIES,401,0
2014-10-14,HOBBIES_2,HOBBIES,34,0
2014-10-14,HOUSEHOLD_1,HOUSEHOLD,479,0
2014-10-14,HOUSEHOLD_2,HOUSEHOLD,121,0
2014-10-15,FOODS_1,FOODS,270,0
2014-10-15,FOODS_2,FOODS,379,0
2014-10-15,FOODS_3,FOODS,1620,0
2014-10-15,HOBBIES_1,HOBBIES,439,0
2014-10-15,HOBBIES_2,HOBBIES,47,0
2014-10-15,HOUSEHOLD_1,HOUSEHOLD,609,0
2014-10-15,HOUSEHOLD_2,HOUSEHOLD,135,0
2014-10-16,FOODS_1,FOODS,245,0
2014-10-16,FOODS_2,FOODS,372,0
2014-10-16,FOODS_3,FOODS,1697,0
2014-10-16,HOBBIES_1,HOBBIES,273,0
2014-10-16,HOBBIES_2,HOBBIES,43,0
2014-10-16,HOUSEHOLD_1,HOUSEHOLD,539,0
2014-10-16,HOUSEHOLD_2,HOUSEHOLD,180,0
2014-10-17,FOODS_1,FOODS,405,0
2014-10-17,FOODS_2,FOODS,443,0
2014-10-17,FOODS_3,FOODS,2114,0
2014-10-17,HOBBIES_1,HOBBIES,548,0
2014-10-17,HOBBIES_2,HOBBIES,62,0
2014-10-17,HOUSEHOLD_1,HOUSEHOLD,614,0
2014-10-17,HOUSEHOLD_2,HOUSEHOLD,210,0
2014-10-18,FOODS_1,FOODS,461,0
2014-10-18,FOODS_2,FOODS,584,0
2014-10-18,FOODS_3,FOODS,3090,0
2014-10-18,HOBBIES_1,HOBBIES,632,0
2014-10-18,HOBBIES_2,HOBBIES,106,0
2014-10-18,HOUSEHOLD_1,HOUSEHOLD,969,0
2014-10-18,HOUSEHOLD_2,HOUSEHOLD,246,0
2014-10-19,FOODS_1,FOODS,356,0
2014-10-19,FOODS_2,FOODS,727,0
2014-10-19,FOODS_3,FOODS,3259,0
2014-10-19,HOBBIES_1,HOBBIES,398,0
2014-10-19,HOBBIES_2,HOBBIES,120,0
2014-10-19,HOUSEHOLD_1,HOUSEHOLD,975,0
2014-10-19,HOUSEHOLD_2,HOUSEHOLD,258,0
2014-10-20,FOODS_1,FOODS,262,0
2014-10-20,FOODS_2,FOODS,471,0
2014-10-20,FOODS_3,FOODS,2215,0
2014-10-20,HOBBIES_1,HOBBIES,426,0
2014-10-20,HOBBIES_2,HOBBIES,75,0
2014-10-20,HOUSEHOLD_1,HOUSEHOLD,672,0
2014-10-20,HOUSEHOLD_2,HOUSEHOLD,170,0
2014-10-21,FOODS_1,FOODS,227,0
2014-10-21,FOODS_2,FOODS,316,0
2014-10-21,FOODS_3,FOODS,1726,0
2014-10-21,HOBBIES_1,HOBBIES,455,0
2014-10-21,HOBBIES_2,HOBBIES,58,0
2014-10-21,HOUSEHOLD_1,HOUSEHOLD,526,0
2014-10-21,HOUSEHOLD_2,HOUSEHOLD,158,0
2014-10-22,FOODS_1,FOODS,253,0
2014-10-22,FOODS_2,FOODS,372,0
2014-10-22,FOODS_3,FOODS,1692,0
2014-10-22,HOBBIES_1,HOBBIES,389,0
2014-10-22,HOBBIES_2,HOBBIES,80,0
2014-10-22,HOUSEHOLD_1,HOUSEHOLD,446,0
2014-10-22,HOUSEHOLD_2,HOUSEHOLD,164,0
2014-10-23,FOODS_1,FOODS,296,0
2014-10-23,FOODS_2,FOODS,327,0
2014-10-23,FOODS_3,FOODS,1690,0
2014-10-23,HOBBIES_1,HOBBIES,339,0
2014-10-23,HOBBIES_2,HOBBIES,48,0
2014-10-23,HOUSEHOLD_1,HOUSEHOLD,560,0
2014-10-23,HOUSEHOLD_2,HOUSEHOLD,174,0
2014-10-24,FOODS_1,FOODS,325,0
2014-10-24,FOODS_2,FOODS,406,0
2014-10-24,FOODS_3,FOODS,2069,0
2014-10-24,HOBBIES_1,HOBBIES,387,0
2014-10-24,HOBBIES_2,HOBBIES,115,0
2014-10-24,HOUSEHOLD_1,HOUSEHOLD,645,0
2014-10-24,HOUSEHOLD_2,HOUSEHOLD,194,0
2014-10-25,FOODS_1,FOODS,380,0
2014-10-25,FOODS_2,FOODS,709,0
2014-10-25,FOODS_3,FOODS,2831,0
2014-10-25,HOBBIES_1,HOBBIES,562,0
2014-10-25,HOBBIES_2,HOBBIES,83,0
2014-10-25,HOUSEHOLD_1,HOUSEHOLD,919,0
2014-10-25,HOUSEHOLD_2,HOUSEHOLD,250,0
2014-10-26,FOODS_1,FOODS,436,0
2014-10-26,FOODS_2,FOODS,604,0
2014-10-26,FOODS_3,FOODS,2599,0
2014-10-26,HOBBIES_1,HOBBIES,439,0
2014-10-26,HOBBIES_2,HOBBIES,86,0
2014-10-26,HOUSEHOLD_1,HOUSEHOLD,911,0
2014-10-26,HOUSEHOLD_2,HOUSEHOLD,233,0
2014-10-27,FOODS_1,FOODS,346,0
2014-10-27,FOODS_2,FOODS,521,0
2014-10-27,FOODS_3,FOODS,1979,0
2014-10-27,HOBBIES_1,HOBBIES,458,0
2014-10-27,HOBBIES_2,HOBBIES,67,0
2014-10-27,HOUSEHOLD_1,HOUSEHOLD,656,0
2014-10-27,HOUSEHOLD_2,HOUSEHOLD,162,0
2014-10-28,FOODS_1,FOODS,355,0
2014-10-28,FOODS_2,FOODS,354,0
2014-10-28,FOODS_3,FOODS,1540,0
2014-10-28,HOBBIES_1,HOBBIES,512,0
2014-10-28,HOBBIES_2,HOBBIES,80,0
2014-10-28,HOUSEHOLD_1,HOUSEHOLD,464,0
2014-10-28,HOUSEHOLD_2,HOUSEHOLD,149,0
2014-10-29,FOODS_1,FOODS,334,0
2014-10-29,FOODS_2,FOODS,320,0
2014-10-29,FOODS_3,FOODS,1659,0
2014-10-29,HOBBIES_1,HOBBIES,396,0
2014-10-29,HOBBIES_2,HOBBIES,85,0
2014-10-29,HOUSEHOLD_1,HOUSEHOLD,382,0
2014-10-29,HOUSEHOLD_2,HOUSEHOLD,145,0
2014-10-30,FOODS_1,FOODS,379,0
2014-10-30,FOODS_2,FOODS,425,0
2014-10-30,FOODS_3,FOODS,1760,0
2014-10-30,HOBBIES_1,HOBBIES,393,0
2014-10-30,HOBBIES_2,HOBBIES,64,0
2014-10-30,HOUSEHOLD_1,HOUSEHOLD,503,0
2014-10-30,HOUSEHOLD_2,HOUSEHOLD,148,0
2014-10-31,FOODS_1,FOODS,501,0
2014-10-31,FOODS_2,FOODS,364,0
2014-10-31,FOODS_3,FOODS,1870,0
2014-10-31,HOBBIES_1,HOBBIES,368,0
2014-10-31,HOBBIES_2,HOBBIES,48,0
2014-10-31,HOUSEHOLD_1,HOUSEHOLD,512,0
2014-10-31,HOUSEHOLD_2,HOUSEHOLD,154,0
2014-11-01,FOODS_1,FOODS,364,1
2014-11-01,FOODS_2,FOODS,825,1
2014-11-01,FOODS_3,FOODS,3100,1
2014-11-01,HOBBIES_1,HOBBIES,902,1
2014-11-01,HOBBIES_2,HOBBIES,51,1
2014-11-01,HOUSEHOLD_1,HOUSEHOLD,1061,1
2014-11-01,HOUSEHOLD_2,HOUSEHOLD,239,1
2014-11-02,FOODS_1,FOODS,297,1
2014-11-02,FOODS_2,FOODS,923,1
2014-11-02,FOODS_3,FOODS,3326,1
2014-11-02,HOBBIES_1,HOBBIES,508,1
2014-11-02,HOBBIES_2,HOBBIES,63,1
2014-11-02,HOUSEHOLD_1,HOUSEHOLD,1096,1
2014-11-02,HOUSEHOLD_2,HOUSEHOLD,264,1
2014-11-03,FOODS_1,FOODS,258,1
2014-11-03,FOODS_2,FOODS,680,1
2014-11-03,FOODS_3,FOODS,2487,1
2014-11-03,HOBBIES_1,HOBBIES,500,1
2014-11-03,HOBBIES_2,HOBBIES,39,1
2014-11-03,HOUSEHOLD_1,HOUSEHOLD,791,1
2014-11-03,HOUSEHOLD_2,HOUSEHOLD,184,1
2014-11-04,FOODS_1,FOODS,228,1
2014-11-04,FOODS_2,FOODS,668,1
2014-11-04,FOODS_3,FOODS,1963,1
2014-11-04,HOBBIES_1,HOBBIES,401,1
2014-11-04,HOBBIES_2,HOBBIES,38,1
2014-11-04,HOUSEHOLD_1,HOUSEHOLD,539,1
2014-11-04,HOUSEHOLD_2,HOUSEHOLD,159,1
2014-11-05,FOODS_1,FOODS,158,1
2014-11-05,FOODS_2,FOODS,472,1
2014-11-05,FOODS_3,FOODS,1718,1
2014-11-05,HOBBIES_1,HOBBIES,327,1
2014-11-05,HOBBIES_2,HOBBIES,50,1
2014-11-05,HOUSEHOLD_1,HOUSEHOLD,581,1
2014-11-05,HOUSEHOLD_2,HOUSEHOLD,146,1
2014-11-06,FOODS_1,FOODS,285,1
2014-11-06,FOODS_2,FOODS,506,1
2014-11-06,FOODS_3,FOODS,1915,1
2014-11-06,HOBBIES_1,HOBBIES,459,1
2014-11-06,HOBBIES_2,HOBBIES,84,1
2014-11-06,HOUSEHOLD_1,HOUSEHOLD,527,1
2014-11-06,HOUSEHOLD_2,HOUSEHOLD,167,1
2014-11-07,FOODS_1,FOODS,277,1
2014-11-07,FOODS_2,FOODS,514,1
2014-11-07,FOODS_3,FOODS,2206,1
2014-11-07,HOBBIES_1,HOBBIES,488,1
2014-11-07,HOBBIES_2,HOBBIES,61,1
2014-11-07,HOUSEHOLD_1,HOUSEHOLD,615,1
2014-11-07,HOUSEHOLD_2,HOUSEHOLD,200,1
2014-11-08,FOODS_1,FOODS,310,1
2014-11-08,FOODS_2,FOODS,760,1
2014-11-08,FOODS_3,FOODS,2816,1
2014-11-08,HOBBIES_1,HOBBIES,493,1
2014-11-08,HOBBIES_2,HOBBIES,48,1
2014-11-08,HOUSEHOLD_1,HOUSEHOLD,890,1
2014-11-08,HOUSEHOLD_2,HOUSEHOLD,224,1
2014-11-09,FOODS_1,FOODS,386,1
2014-11-09,FOODS_2,FOODS,813,1
2014-11-09,FOODS_3,FOODS,3199,1
2014-11-09,HOBBIES_1,HOBBIES,504,1
2014-11-09,HOBBIES_2,HOBBIES,65,1
2014-11-09,HOUSEHOLD_1,HOUSEHOLD,927,1
2014-11-09,HOUSEHOLD_2,HOUSEHOLD,196,1
2014-11-10,FOODS_1,FOODS,290,1
2014-11-10,FOODS_2,FOODS,673,1
2014-11-10,FOODS_3,FOODS,2327,1
2014-11-10,HOBBIES_1,HOBBIES,379,1
2014-11-10,HOBBIES_2,HOBBIES,59,1
2014-11-10,HOUSEHOLD_1,HOUSEHOLD,613,1
2014-11-10,HOUSEHOLD_2,HOUSEHOLD,182,1
2014-11-11,FOODS_1,FOODS,263,0
2014-11-11,FOODS_2,FOODS,558,0
2014-11-11,FOODS_3,FOODS,1888,0
2014-11-11,HOBBIES_1,HOBBIES,422,0
2014-11-11,HOBBIES_2,HOBBIES,68,0
2014-11-11,HOUSEHOLD_1,HOUSEHOLD,552,0
2014-11-11,HOUSEHOLD_2,HOUSEHOLD,133,0
2014-11-12,FOODS_1,FOODS,252,0
2014-11-12,FOODS_2,FOODS,420,0
2014-11-12,FOODS_3,FOODS,1668,0
2014-11-12,HOBBIES_1,HOBBIES,377,0
2014-11-12,HOBBIES_2,HOBBIES,42,0
2014-11-12,HOUSEHOLD_1,HOUSEHOLD,468,0
2014-11-12,HOUSEHOLD_2,HOUSEHOLD,136,0
2014-11-13,FOODS_1,FOODS,285,0
2014-11-13,FOODS_2,FOODS,463,0
2014-11-13,FOODS_3,FOODS,1542,0
2014-11-13,HOBBIES_1,HOBBIES,377,0
2014-11-13,HOBBIES_2,HOBBIES,43,0
2014-11-13,HOUSEHOLD_1,HOUSEHOLD,451,0
2014-11-13,HOUSEHOLD_2,HOUSEHOLD,158,0
2014-11-14,FOODS_1,FOODS,293,0
2014-11-14,FOODS_2,FOODS,457,0
2014-11-14,FOODS_3,FOODS,2043,0
2014-11-14,HOBBIES_1,HOBBIES,464,0
2014-11-14,HOBBIES_2,HOBBIES,56,0
2014-11-14,HOUSEHOLD_1,HOUSEHOLD,576,0
2014-11-14,HOUSEHOLD_2,HOUSEHOLD,159,0
2014-11-15,FOODS_1,FOODS,380,0
2014-11-15,FOODS_2,FOODS,607,0
2014-11-15,FOODS_3,FOODS,2637,0
2014-11-15,HOBBIES_1,HOBBIES,571,0
2014-11-15,HOBBIES_2,HOBBIES,55,0
2014-11-15,HOUSEHOLD_1,HOUSEHOLD,773,0
2014-11-15,HOUSEHOLD_2,HOUSEHOLD,255,0
2014-11-16,FOODS_1,FOODS,396,0
2014-11-16,FOODS_2,FOODS,750,0
2014-11-16,FOODS_3,FOODS,2902,0
2014-11-16,HOBBIES_1,HOBBIES,572,0
2014-11-16,HOBBIES_2,HOBBIES,66,0
2014-11-16,HOUSEHOLD_1,HOUSEHOLD,917,0
2014-11-16,HOUSEHOLD_2,HOUSEHOLD,254,0
2014-11-17,FOODS_1,FOODS,275,0
2014-11-17,FOODS_2,FOODS,573,0
2014-11-17,FOODS_3,FOODS,1922,0
2014-11-17,HOBBIES_1,HOBBIES,401,0
2014-11-17,HOBBIES_2,HOBBIES,68,0
2014-11-17,HOUSEHOLD_1,HOUSEHOLD,538,0
2014-11-17,HOUSEHOLD_2,HOUSEHOLD,151,0
2014-11-18,FOODS_1,FOODS,248,0
2014-11-18,FOODS_2,FOODS,434,0
2014-11-18,FOODS_3,FOODS,1608,0
2014-11-18,HOBBIES_1,HOBBIES,341,0
2014-11-18,HOBBIES_2,HOBBIES,78,0
2014-11-18,HOUSEHOLD_1,HOUSEHOLD,487,0
2014-11-18,HOUSEHOLD_2,HOUSEHOLD,151,0
2014-11-19,FOODS_1,FOODS,285,0
2014-11-19,FOODS_2,FOODS,410,0
2014-11-19,FOODS_3,FOODS,1466,0
2014-11-19,HOBBIES_1,HOBBIES,398,0
2014-11-19,HOBBIES_2,HOBBIES,48,0
2014-11-19,HOUSEHOLD_1,HOUSEHOLD,455,0
2014-11-19,HOUSEHOLD_2,HOUSEHOLD,136,0
2014-11-20,FOODS_1,FOODS,258,0
2014-11-20,FOODS_2,FOODS,379,0
2014-11-20,FOODS_3,FOODS,1632,0
2014-11-20,HOBBIES_1,HOBBIES,297,0
2014-11-20,HOBBIES_2,HOBBIES,49,0
2014-11-20,HOUSEHOLD_1,HOUSEHOLD,555,0
2014-11-20,HOUSEHOLD_2,HOUSEHOLD,160,0
2014-11-21,FOODS_1,FOODS,349,0
2014-11-21,FOODS_2,FOODS,466,0
2014-11-21,FOODS_3,FOODS,1978,0
2014-11-21,HOBBIES_1,HOBBIES,555,0
2014-11-21,HOBBIES_2,HOBBIES,53,0
2014-11-21,HOUSEHOLD_1,HOUSEHOLD,563,0
2014-11-21,HOUSEHOLD_2,HOUSEHOLD,179,0
2014-11-22,FOODS_1,FOODS,394,0
2014-11-22,FOODS_2,FOODS,723,0
2014-11-22,FOODS_3,FOODS,2705,0
2014-11-22,HOBBIES_1,HOBBIES,596,0
2014-11-22,HOBBIES_2,HOBBIES,63,0
2014-11-22,HOUSEHOLD_1,HOUSEHOLD,906,0
2014-11-22,HOUSEHOLD_2,HOUSEHOLD,267,0
2014-11-23,FOODS_1,FOODS,370,0
2014-11-23,FOODS_2,FOODS,669,0
2014-11-23,FOODS_3,FOODS,2593,0
2014-11-23,HOBBIES_1,HOBBIES,440,0
2014-11-23,HOBBIES_2,HOBBIES,80,0
2014-11-23,HOUSEHOLD_1,HOUSEHOLD,891,0
2014-11-23,HOUSEHOLD_2,HOUSEHOLD,256,0
2014-11-24,FOODS_1,FOODS,320,0
2014-11-24,FOODS_2,FOODS,588,0
2014-11-24,FOODS_3,FOODS,2277,0
2014-11-24,HOBBIES_1,HOBBIES,429,0
2014-11-24,HOBBIES_2,HOBBIES,43,0
2014-11-24,HOUSEHOLD_1,HOUSEHOLD,688,0
2014-11-24,HOUSEHOLD_2,HOUSEHOLD,166,0
2014-11-25,FOODS_1,FOODS,274,0
2014-11-25,FOODS_2,FOODS,453,0
2014-11-25,FOODS_3,FOODS,2297,0
2014-11-25,HOBBIES_1,HOBBIES,432,0
2014-11-25,HOBBIES_2,HOBBIES,36,0
2014-11-25,HOUSEHOLD_1,HOUSEHOLD,630,0
2014-11-25,HOUSEHOLD_2,HOUSEHOLD,153,0
2014-11-26,FOODS_1,FOODS,262,0
2014-11-26,FOODS_2,FOODS,468,0
2014-11-26,FOODS_3,FOODS,2435,0
2014-11-26,HOBBIES_1,HOBBIES,401,0
2014-11-26,HOBBIES_2,HOBBIES,61,0
2014-11-26,HOUSEHOLD_1,HOUSEHOLD,652,0
2014-11-26,HOUSEHOLD_2,HOUSEHOLD,155,0
2014-11-27,FOODS_1,FOODS,188,0
2014-11-27,FOODS_2,FOODS,156,0
2014-11-27,FOODS_3,FOODS,1628,0
2014-11-27,HOBBIES_1,HOBBIES,113,0
2014-11-27,HOBBIES_2,HOBBIES,32,0
2014-11-27,HOUSEHOLD_1,HOUSEHOLD,291,0
2014-11-27,HOUSEHOLD_2,HOUSEHOLD,81,0
2014-11-28,FOODS_1,FOODS,387,0
2014-11-28,FOODS_2,FOODS,272,0
2014-11-28,FOODS_3,FOODS,1636,0
2014-11-28,HOBBIES_1,HOBBIES,299,0
2014-11-28,HOBBIES_2,HOBBIES,62,0
2014-11-28,HOUSEHOLD_1,HOUSEHOLD,474,0
2014-11-28,HOUSEHOLD_2,HOUSEHOLD,163,0
2014-11-29,FOODS_1,FOODS,360,0
2014-11-29,FOODS_2,FOODS,407,0
2014-11-29,FOODS_3,FOODS,2216,0
2014-11-29,HOBBIES_1,HOBBIES,521,0
2014-11-29,HOBBIES_2,HOBBIES,85,0
2014-11-29,HOUSEHOLD_1,HOUSEHOLD,724,0
2014-11-29,HOUSEHOLD_2,HOUSEHOLD,191,0
2014-11-30,FOODS_1,FOODS,284,0
2014-11-30,FOODS_2,FOODS,514,0
2014-11-30,FOODS_3,FOODS,2431,0
2014-11-30,HOBBIES_1,HOBBIES,513,0
2014-11-30,HOBBIES_2,HOBBIES,50,0
2014-11-30,HOUSEHOLD_1,HOUSEHOLD,818,0
2014-11-30,HOUSEHOLD_2,HOUSEHOLD,202,0
2014-12-01,FOODS_1,FOODS,313,1
2014-12-01,FOODS_2,FOODS,601,1
2014-12-01,FOODS_3,FOODS,1953,1
2014-12-01,HOBBIES_1,HOBBIES,593,1
2014-12-01,HOBBIES_2,HOBBIES,47,1
2014-12-01,HOUSEHOLD_1,HOUSEHOLD,685,1
2014-12-01,HOUSEHOLD_2,HOUSEHOLD,161,1
2014-12-02,FOODS_1,FOODS,288,1
2014-12-02,FOODS_2,FOODS,450,1
2014-12-02,FOODS_3,FOODS,1573,1
2014-12-02,HOBBIES_1,HOBBIES,356,1
2014-12-02,HOBBIES_2,HOBBIES,68,1
2014-12-02,HOUSEHOLD_1,HOUSEHOLD,471,1
2014-12-02,HOUSEHOLD_2,HOUSEHOLD,153,1
2014-12-03,FOODS_1,FOODS,307,1
2014-12-03,FOODS_2,FOODS,473,1
2014-12-03,FOODS_3,FOODS,1557,1
2014-12-03,HOBBIES_1,HOBBIES,371,1
2014-12-03,HOBBIES_2,HOBBIES,50,1
2014-12-03,HOUSEHOLD_1,HOUSEHOLD,549,1
2014-12-03,HOUSEHOLD_2,HOUSEHOLD,137,1
2014-12-04,FOODS_1,FOODS,323,1
2014-12-04,FOODS_2,FOODS,586,1
2014-12-04,FOODS_3,FOODS,1865,1
2014-12-04,HOBBIES_1,HOBBIES,403,1
2014-12-04,HOBBIES_2,HOBBIES,76,1
2014-12-04,HOUSEHOLD_1,HOUSEHOLD,631,1
2014-12-04,HOUSEHOLD_2,HOUSEHOLD,193,1
2014-12-05,FOODS_1,FOODS,370,1
2014-12-05,FOODS_2,FOODS,502,1
2014-12-05,FOODS_3,FOODS,1858,1
2014-12-05,HOBBIES_1,HOBBIES,461,1
2014-12-05,HOBBIES_2,HOBBIES,82,1
2014-12-05,HOUSEHOLD_1,HOUSEHOLD,751,1
2014-12-05,HOUSEHOLD_2,HOUSEHOLD,185,1
2014-12-06,FOODS_1,FOODS,425,1
2014-12-06,FOODS_2,FOODS,772,1
2014-12-06,FOODS_3,FOODS,2544,1
2014-12-06,HOBBIES_1,HOBBIES,621,1
2014-12-06,HOBBIES_2,HOBBIES,86,1
2014-12-06,HOUSEHOLD_1,HOUSEHOLD,888,1
2014-12-06,HOUSEHOLD_2,HOUSEHOLD,220,1
2014-12-07,FOODS_1,FOODS,354,1
2014-12-07,FOODS_2,FOODS,798,1
2014-12-07,FOODS_3,FOODS,2599,1
2014-12-07,HOBBIES_1,HOBBIES,458,1
2014-12-07,HOBBIES_2,HOBBIES,89,1
2014-12-07,HOUSEHOLD_1,HOUSEHOLD,879,1
2014-12-07,HOUSEHOLD_2,HOUSEHOLD,227,1
2014-12-08,FOODS_1,FOODS,375,1
2014-12-08,FOODS_2,FOODS,594,1
2014-12-08,FOODS_3,FOODS,2133,1
2014-12-08,HOBBIES_1,HOBBIES,374,1
2014-12-08,HOBBIES_2,HOBBIES,62,1
2014-12-08,HOUSEHOLD_1,HOUSEHOLD,590,1
2014-12-08,HOUSEHOLD_2,HOUSEHOLD,165,1
2014-12-09,FOODS_1,FOODS,361,1
2014-12-09,FOODS_2,FOODS,560,1
2014-12-09,FOODS_3,FOODS,1766,1
2014-12-09,HOBBIES_1,HOBBIES,493,1
2014-12-09,HOBBIES_2,HOBBIES,64,1
2014-12-09,HOUSEHOLD_1,HOUSEHOLD,552,1
2014-12-09,HOUSEHOLD_2,HOUSEHOLD,142,1
2014-12-10,FOODS_1,FOODS,411,1
2014-12-10,FOODS_2,FOODS,605,1
2014-12-10,FOODS_3,FOODS,2206,1
2014-12-10,HOBBIES_1,HOBBIES,593,1
2014-12-10,HOBBIES_2,HOBBIES,56,1
2014-12-10,HOUSEHOLD_1,HOUSEHOLD,546,1
2014-12-10,HOUSEHOLD_2,HOUSEHOLD,152,1
2014-12-11,FOODS_1,FOODS,212,0
2014-12-11,FOODS_2,FOODS,305,0
2014-12-11,FOODS_3,FOODS,1148,0
2014-12-11,HOBBIES_1,HOBBIES,209,0
2014-12-11,HOBBIES_2,HOBBIES,27,0
2014-12-11,HOUSEHOLD_1,HOUSEHOLD,295,0
2014-12-11,HOUSEHOLD_2,HOUSEHOLD,102,0
2014-12-12,FOODS_1,FOODS,383,0
2014-12-12,FOODS_2,FOODS,456,0
2014-12-12,FOODS_3,FOODS,1633,0
2014-12-12,HOBBIES_1,HOBBIES,397,0
2014-12-12,HOBBIES_2,HOBBIES,56,0
2014-12-12,HOUSEHOLD_1,HOUSEHOLD,535,0
2014-12-12,HOUSEHOLD_2,HOUSEHOLD,174,0
2014-12-13,FOODS_1,FOODS,580,0
2014-12-13,FOODS_2,FOODS,565,0
2014-12-13,FOODS_3,FOODS,2165,0
2014-12-13,HOBBIES_1,HOBBIES,587,0
2014-12-13,HOBBIES_2,HOBBIES,79,0
2014-12-13,HOUSEHOLD_1,HOUSEHOLD,780,0
2014-12-13,HOUSEHOLD_2,HOUSEHOLD,283,0
2014-12-14,FOODS_1,FOODS,566,0
2014-12-14,FOODS_2,FOODS,673,0
2014-12-14,FOODS_3,FOODS,2621,0
2014-12-14,HOBBIES_1,HOBBIES,528,0
2014-12-14,HOBBIES_2,HOBBIES,68,0
2014-12-14,HOUSEHOLD_1,HOUSEHOLD,971,0
2014-12-14,HOUSEHOLD_2,HOUSEHOLD,223,0
2014-12-15,FOODS_1,FOODS,437,0
2014-12-15,FOODS_2,FOODS,481,0
2014-12-15,FOODS_3,FOODS,1695,0
2014-12-15,HOBBIES_1,HOBBIES,368,0
2014-12-15,HOBBIES_2,HOBBIES,44,0
2014-12-15,HOUSEHOLD_1,HOUSEHOLD,471,0
2014-12-15,HOUSEHOLD_2,HOUSEHOLD,136,0
2014-12-16,FOODS_1,FOODS,421,0
2014-12-16,FOODS_2,FOODS,479,0
2014-12-16,FOODS_3,FOODS,1649,0
2014-12-16,HOBBIES_1,HOBBIES,523,0
2014-12-16,HOBBIES_2,HOBBIES,65,0
2014-12-16,HOUSEHOLD_1,HOUSEHOLD,532,0
2014-12-16,HOUSEHOLD_2,HOUSEHOLD,211,0
2014-12-17,FOODS_1,FOODS,434,0
2014-12-17,FOODS_2,FOODS,402,0
2014-12-17,FOODS_3,FOODS,1687,0
2014-12-17,HOBBIES_1,HOBBIES,383,0
2014-12-17,HOBBIES_2,HOBBIES,51,0
2014-12-17,HOUSEHOLD_1,HOUSEHOLD,474,0
2014-12-17,HOUSEHOLD_2,HOUSEHOLD,180,0
2014-12-18,FOODS_1,FOODS,495,0
2014-12-18,FOODS_2,FOODS,397,0
2014-12-18,FOODS_3,FOODS,1779,0
2014-12-18,HOBBIES_1,HOBBIES,434,0
2014-12-18,HOBBIES_2,HOBBIES,68,0
2014-12-18,HOUSEHOLD_1,HOUSEHOLD,483,0
2014-12-18,HOUSEHOLD_2,HOUSEHOLD,180,0
2014-12-19,FOODS_1,FOODS,477,0
2014-12-19,FOODS_2,FOODS,391,0
2014-12-19,FOODS_3,FOODS,1800,0
2014-12-19,HOBBIES_1,HOBBIES,429,0
2014-12-19,HOBBIES_2,HOBBIES,47,0
2014-12-19,HOUSEHOLD_1,HOUSEHOLD,461,0
2014-12-19,HOUSEHOLD_2,HOUSEHOLD,227,0
2014-12-20,FOODS_1,FOODS,554,0
2014-12-20,FOODS_2,FOODS,579,0
2014-12-20,FOODS_3,FOODS,2427,0
2014-12-20,HOBBIES_1,HOBBIES,691,0
2014-12-20,HOBBIES_2,HOBBIES,45,0
2014-12-20,HOUSEHOLD_1,HOUSEHOLD,751,0
2014-12-20,HOUSEHOLD_2,HOUSEHOLD,255,0
2014-12-21,FOODS_1,FOODS,795,0
2014-12-21,FOODS_2,FOODS,599,0
2014-12-21,FOODS_3,FOODS,2464,0
2014-12-21,HOBBIES_1,HOBBIES,463,0
2014-12-21,HOBBIES_2,HOBBIES,94,0
2014-12-21,HOUSEHOLD_1,HOUSEHOLD,800,0
2014-12-21,HOUSEHOLD_2,HOUSEHOLD,249,0
2014-12-22,FOODS_1,FOODS,689,0
2014-12-22,FOODS_2,FOODS,472,0
2014-12-22,FOODS_3,FOODS,2299,0
2014-12-22,HOBBIES_1,HOBBIES,422,0
2014-12-22,HOBBIES_2,HOBBIES,51,0
2014-12-22,HOUSEHOLD_1,HOUSEHOLD,676,0
2014-12-22,HOUSEHOLD_2,HOUSEHOLD,196,0
2014-12-23,FOODS_1,FOODS,761,0
2014-12-23,FOODS_2,FOODS,422,0
2014-12-23,FOODS_3,FOODS,1996,0
2014-12-23,HOBBIES_1,HOBBIES,533,0
2014-12-23,HOBBIES_2,HOBBIES,53,0
2014-12-23,HOUSEHOLD_1,HOUSEHOLD,582,0
2014-12-23,HOUSEHOLD_2,HOUSEHOLD,184,0
2014-12-24,FOODS_1,FOODS,616,0
2014-12-24,FOODS_2,FOODS,307,0
2014-12-24,FOODS_3,FOODS,1687,0
2014-12-24,HOBBIES_1,HOBBIES,259,0
2014-12-24,HOBBIES_2,HOBBIES,18,0
2014-12-24,HOUSEHOLD_1,HOUSEHOLD,433,0
2014-12-24,HOUSEHOLD_2,HOUSEHOLD,167,0
2014-12-25,FOODS_1,FOODS,0,0
2014-12-25,FOODS_2,FOODS,0,0
2014-12-25,FOODS_3,FOODS,0,0
2014-12-25,HOBBIES_1,HOBBIES,0,0
2014-12-25,HOBBIES_2,HOBBIES,0,0
2014-12-25,HOUSEHOLD_1,HOUSEHOLD,0,0
2014-12-25,HOUSEHOLD_2,HOUSEHOLD,0,0
2014-12-26,FOODS_1,FOODS,283,0
2014-12-26,FOODS_2,FOODS,366,0
2014-12-26,FOODS_3,FOODS,1716,0
2014-12-26,HOBBIES_1,HOBBIES,462,0
2014-12-26,HOBBIES_2,HOBBIES,29,0
2014-12-26,HOUSEHOLD_1,HOUSEHOLD,597,0
2014-12-26,HOUSEHOLD_2,HOUSEHOLD,140,0
2014-12-27,FOODS_1,FOODS,386,0
2014-12-27,FOODS_2,FOODS,472,0
2014-12-27,FOODS_3,FOODS,1886,0
2014-12-27,HOBBIES_1,HOBBIES,493,0
2014-12-27,HOBBIES_2,HOBBIES,34,0
2014-12-27,HOUSEHOLD_1,HOUSEHOLD,753,0
2014-12-27,HOUSEHOLD_2,HOUSEHOLD,202,0
2014-12-28,FOODS_1,FOODS,330,0
2014-12-28,FOODS_2,FOODS,501,0
2014-12-28,FOODS_3,FOODS,2127,0
2014-12-28,HOBBIES_1,HOBBIES,399,0
2014-12-28,HOBBIES_2,HOBBIES,35,0
2014-12-28,HOUSEHOLD_1,HOUSEHOLD,849,0
2014-12-28,HOUSEHOLD_2,HOUSEHOLD,166,0
2014-12-29,FOODS_1,FOODS,334,0
2014-12-29,FOODS_2,FOODS,483,0
2014-12-29,FOODS_3,FOODS,1743,0
2014-12-29,HOBBIES_1,HOBBIES,478,0
2014-12-29,HOBBIES_2,HOBBIES,24,0
2014-12-29,HOUSEHOLD_1,HOUSEHOLD,601,0
2014-12-29,HOUSEHOLD_2,HOUSEHOLD,162,0
2014-12-30,FOODS_1,FOODS,303,0
2014-12-30,FOODS_2,FOODS,429,0
2014-12-30,FOODS_3,FOODS,1695,0
2014-12-30,HOBBIES_1,HOBBIES,402,0
2014-12-30,HOBBIES_2,HOBBIES,32,0
2014-12-30,HOUSEHOLD_1,HOUSEHOLD,598,0
2014-12-30,HOUSEHOLD_2,HOUSEHOLD,152,0
2014-12-31,FOODS_1,FOODS,346,0
2014-12-31,FOODS_2,FOODS,485,0
2014-12-31,FOODS_3,FOODS,2064,0
2014-12-31,HOBBIES_1,HOBBIES,479,0
2014-12-31,HOBBIES_2,HOBBIES,30,0
2014-12-31,HOUSEHOLD_1,HOUSEHOLD,582,0
2014-12-31,HOUSEHOLD_2,HOUSEHOLD,140,0
2015-01-01,FOODS_1,FOODS,283,1
2015-01-01,FOODS_2,FOODS,405,1
2015-01-01,FOODS_3,FOODS,1491,1
2015-01-01,HOBBIES_1,HOBBIES,291,1
2015-01-01,HOBBIES_2,HOBBIES,35,1
2015-01-01,HOUSEHOLD_1,HOUSEHOLD,504,1
2015-01-01,HOUSEHOLD_2,HOUSEHOLD,141,1
2015-01-02,FOODS_1,FOODS,354,1
2015-01-02,FOODS_2,FOODS,620,1
2015-01-02,FOODS_3,FOODS,2198,1
2015-01-02,HOBBIES_1,HOBBIES,521,1
2015-01-02,HOBBIES_2,HOBBIES,31,1
2015-01-02,HOUSEHOLD_1,HOUSEHOLD,764,1
2015-01-02,HOUSEHOLD_2,HOUSEHOLD,175,1
2015-01-03,FOODS_1,FOODS,399,1
2015-01-03,FOODS_2,FOODS,718,1
2015-01-03,FOODS_3,FOODS,2534,1
2015-01-03,HOBBIES_1,HOBBIES,495,1
2015-01-03,HOBBIES_2,HOBBIES,35,1
2015-01-03,HOUSEHOLD_1,HOUSEHOLD,979,1
2015-01-03,HOUSEHOLD_2,HOUSEHOLD,192,1
2015-01-04,FOODS_1,FOODS,301,1
2015-01-04,FOODS_2,FOODS,696,1
2015-01-04,FOODS_3,FOODS,3171,1
2015-01-04,HOBBIES_1,HOBBIES,562,1
2015-01-04,HOBBIES_2,HOBBIES,28,1
2015-01-04,HOUSEHOLD_1,HOUSEHOLD,740,1
2015-01-04,HOUSEHOLD_2,HOUSEHOLD,168,1
2015-01-05,FOODS_1,FOODS,285,1
2015-01-05,FOODS_2,FOODS,529,1
2015-01-05,FOODS_3,FOODS,2326,1
2015-01-05,HOBBIES_1,HOBBIES,525,1
2015-01-05,HOBBIES_2,HOBBIES,40,1
2015-01-05,HOUSEHOLD_1,HOUSEHOLD,592,1
2015-01-05,HOUSEHOLD_2,HOUSEHOLD,188,1
2015-01-06,FOODS_1,FOODS,292,1
2015-01-06,FOODS_2,FOODS,472,1
2015-01-06,FOODS_3,FOODS,1833,1
2015-01-06,HOBBIES_1,HOBBIES,427,1
2015-01-06,HOBBIES_2,HOBBIES,20,1
2015-01-06,HOUSEHOLD_1,HOUSEHOLD,447,1
2015-01-06,HOUSEHOLD_2,HOUSEHOLD,125,1
2015-01-07,FOODS_1,FOODS,245,1
2015-01-07,FOODS_2,FOODS,457,1
2015-01-07,FOODS_3,FOODS,1801,1
2015-01-07,HOBBIES_1,HOBBIES,290,1
2015-01-07,HOBBIES_2,HOBBIES,41,1
2015-01-07,HOUSEHOLD_1,HOUSEHOLD,420,1
2015-01-07,HOUSEHOLD_2,HOUSEHOLD,140,1
2015-01-08,FOODS_1,FOODS,278,1
2015-01-08,FOODS_2,FOODS,401,1
2015-01-08,FOODS_3,FOODS,1831,1
2015-01-08,HOBBIES_1,HOBBIES,335,1
2015-01-08,HOBBIES_2,HOBBIES,29,1
2015-01-08,HOUSEHOLD_1,HOUSEHOLD,510,1
2015-01-08,HOUSEHOLD_2,HOUSEHOLD,133,1
2015-01-09,FOODS_1,FOODS,348,1
2015-01-09,FOODS_2,FOODS,455,1
2015-01-09,FOODS_3,FOODS,2096,1
2015-01-09,HOBBIES_1,HOBBIES,371,1
2015-01-09,HOBBIES_2,HOBBIES,56,1
2015-01-09,HOUSEHOLD_1,HOUSEHOLD,563,1
2015-01-09,HOUSEHOLD_2,HOUSEHOLD,146,1
2015-01-10,FOODS_1,FOODS,420,1
2015-01-10,FOODS_2,FOODS,662,1
2015-01-10,FOODS_3,FOODS,2917,1
2015-01-10,HOBBIES_1,HOBBIES,646,1
2015-01-10,HOBBIES_2,HOBBIES,30,1
2015-01-10,HOUSEHOLD_1,HOUSEHOLD,794,1
2015-01-10,HOUSEHOLD_2,HOUSEHOLD,236,1
2015-01-11,FOODS_1,FOODS,403,0
2015-01-11,FOODS_2,FOODS,696,0
2015-01-11,FOODS_3,FOODS,3049,0
2015-01-11,HOBBIES_1,HOBBIES,470,0
2015-01-11,HOBBIES_2,HOBBIES,60,0
2015-01-11,HOUSEHOLD_1,HOUSEHOLD,898,0
2015-01-11,HOUSEHOLD_2,HOUSEHOLD,228,0
2015-01-12,FOODS_1,FOODS,302,0
2015-01-12,FOODS_2,FOODS,493,0
2015-01-12,FOODS_3,FOODS,1990,0
2015-01-12,HOBBIES_1,HOBBIES,472,0
2015-01-12,HOBBIES_2,HOBBIES,33,0
2015-01-12,HOUSEHOLD_1,HOUSEHOLD,640,0
2015-01-12,HOUSEHOLD_2,HOUSEHOLD,153,0
2015-01-13,FOODS_1,FOODS,281,0
2015-01-13,FOODS_2,FOODS,389,0
2015-01-13,FOODS_3,FOODS,1570,0
2015-01-13,HOBBIES_1,HOBBIES,397,0
2015-01-13,HOBBIES_2,HOBBIES,21,0
2015-01-13,HOUSEHOLD_1,HOUSEHOLD,510,0
2015-01-13,HOUSEHOLD_2,HOUSEHOLD,116,0
2015-01-14,FOODS_1,FOODS,318,0
2015-01-14,FOODS_2,FOODS,346,0
2015-01-14,FOODS_3,FOODS,1523,0
2015-01-14,HOBBIES_1,HOBBIES,406,0
2015-01-14,HOBBIES_2,HOBBIES,26,0
2015-01-14,HOUSEHOLD_1,HOUSEHOLD,474,0
2015-01-14,HOUSEHOLD_2,HOUSEHOLD,132,0
2015-01-15,FOODS_1,FOODS,329,0
2015-01-15,FOODS_2,FOODS,384,0
2015-01-15,FOODS_3,FOODS,1647,0
2015-01-15,HOBBIES_1,HOBBIES,430,0
2015-01-15,HOBBIES_2,HOBBIES,17,0
2015-01-15,HOUSEHOLD_1,HOUSEHOLD,519,0
2015-01-15,HOUSEHOLD_2,HOUSEHOLD,133,0
2015-01-16,FOODS_1,FOODS,338,0
2015-01-16,FOODS_2,FOODS,473,0
2015-01-16,FOODS_3,FOODS,1934,0
2015-01-16,HOBBIES_1,HOBBIES,488,0
2015-01-16,HOBBIES_2,HOBBIES,30,0
2015-01-16,HOUSEHOLD_1,HOUSEHOLD,611,0
2015-01-16,HOUSEHOLD_2,HOUSEHOLD,149,0
2015-01-17,FOODS_1,FOODS,471,0
2015-01-17,FOODS_2,FOODS,492,0
2015-01-17,FOODS_3,FOODS,2517,0
2015-01-17,HOBBIES_1,HOBBIES,577,0
2015-01-17,HOBBIES_2,HOBBIES,54,0
2015-01-17,HOUSEHOLD_1,HOUSEHOLD,822,0
2015-01-17,HOUSEHOLD_2,HOUSEHOLD,233,0
2015-01-18,FOODS_1,FOODS,385,0
2015-01-18,FOODS_2,FOODS,612,0
2015-01-18,FOODS_3,FOODS,2661,0
2015-01-18,HOBBIES_1,HOBBIES,422,0
2015-01-18,HOBBIES_2,HOBBIES,50,0
2015-01-18,HOUSEHOLD_1,HOUSEHOLD,844,0
2015-01-18,HOUSEHOLD_2,HOUSEHOLD,221,0
2015-01-19,FOODS_1,FOODS,375,0
2015-01-19,FOODS_2,FOODS,485,0
2015-01-19,FOODS_3,FOODS,2085,0
2015-01-19,HOBBIES_1,HOBBIES,520,0
2015-01-19,HOBBIES_2,HOBBIES,50,0
2015-01-19,HOUSEHOLD_1,HOUSEHOLD,719,0
2015-01-19,HOUSEHOLD_2,HOUSEHOLD,222,0
2015-01-20,FOODS_1,FOODS,260,0
2015-01-20,FOODS_2,FOODS,350,0
2015-01-20,FOODS_3,FOODS,1692,0
2015-01-20,HOBBIES_1,HOBBIES,293,0
2015-01-20,HOBBIES_2,HOBBIES,53,0
2015-01-20,HOUSEHOLD_1,HOUSEHOLD,515,0
2015-01-20,HOUSEHOLD_2,HOUSEHOLD,137,0
2015-01-21,FOODS_1,FOODS,340,0
2015-01-21,FOODS_2,FOODS,303,0
2015-01-21,FOODS_3,FOODS,1585,0
2015-01-21,HOBBIES_1,HOBBIES,358,0
2015-01-21,HOBBIES_2,HOBBIES,29,0
2015-01-21,HOUSEHOLD_1,HOUSEHOLD,521,0
2015-01-21,HOUSEHOLD_2,HOUSEHOLD,145,0
2015-01-22,FOODS_1,FOODS,291,0
2015-01-22,FOODS_2,FOODS,296,0
2015-01-22,FOODS_3,FOODS,1459,0
2015-01-22,HOBBIES_1,HOBBIES,257,0
2015-01-22,HOBBIES_2,HOBBIES,28,0
2015-01-22,HOUSEHOLD_1,HOUSEHOLD,419,0
2015-01-22,HOUSEHOLD_2,HOUSEHOLD,151,0
2015-01-23,FOODS_1,FOODS,407,0
2015-01-23,FOODS_2,FOODS,348,0
2015-01-23,FOODS_3,FOODS,1923,0
2015-01-23,HOBBIES_1,HOBBIES,478,0
2015-01-23,HOBBIES_2,HOBBIES,27,0
2015-01-23,HOUSEHOLD_1,HOUSEHOLD,685,0
2015-01-23,HOUSEHOLD_2,HOUSEHOLD,174,0
2015-01-24,FOODS_1,FOODS,460,0
2015-01-24,FOODS_2,FOODS,568,0
2015-01-24,FOODS_3,FOODS,2680,0
2015-01-24,HOBBIES_1,HOBBIES,623,0
2015-01-24,HOBBIES_2,HOBBIES,57,0
2015-01-24,HOUSEHOLD_1,HOUSEHOLD,895,0
2015-01-24,HOUSEHOLD_2,HOUSEHOLD,254,0
2015-01-25,FOODS_1,FOODS,444,0
2015-01-25,FOODS_2,FOODS,567,0
2015-01-25,FOODS_3,FOODS,2716,0
2015-01-25,HOBBIES_1,HOBBIES,493,0
2015-01-25,HOBBIES_2,HOBBIES,65,0
2015-01-25,HOUSEHOLD_1,HOUSEHOLD,1064,0
2015-01-25,HOUSEHOLD_2,HOUSEHOLD,228,0
2015-01-26,FOODS_1,FOODS,255,0
2015-01-26,FOODS_2,FOODS,372,0
2015-01-26,FOODS_3,FOODS,1717,0
2015-01-26,HOBBIES_1,HOBBIES,327,0
2015-01-26,HOBBIES_2,HOBBIES,54,0
2015-01-26,HOUSEHOLD_1,HOUSEHOLD,531,0
2015-01-26,HOUSEHOLD_2,HOUSEHOLD,125,0
2015-01-27,FOODS_1,FOODS,273,0
2015-01-27,FOODS_2,FOODS,303,0
2015-01-27,FOODS_3,FOODS,1416,0
2015-01-27,HOBBIES_1,HOBBIES,397,0
2015-01-27,HOBBIES_2,HOBBIES,32,0
2015-01-27,HOUSEHOLD_1,HOUSEHOLD,473,0
2015-01-27,HOUSEHOLD_2,HOUSEHOLD,98,0
2015-01-28,FOODS_1,FOODS,285,0
2015-01-28,FOODS_2,FOODS,322,0
2015-01-28,FOODS_3,FOODS,1475,0
2015-01-28,HOBBIES_1,HOBBIES,400,0
2015-01-28,HOBBIES_2,HOBBIES,19,0
2015-01-28,HOUSEHOLD_1,HOUSEHOLD,457,0
2015-01-28,HOUSEHOLD_2,HOUSEHOLD,119,0
2015-01-29,FOODS_1,FOODS,397,0
2015-01-29,FOODS_2,FOODS,278,0
2015-01-29,FOODS_3,FOODS,1456,0
2015-01-29,HOBBIES_1,HOBBIES,404,0
2015-01-29,HOBBIES_2,HOBBIES,42,0
2015-01-29,HOUSEHOLD_1,HOUSEHOLD,529,0
2015-01-29,HOUSEHOLD_2,HOUSEHOLD,113,0
2015-01-30,FOODS_1,FOODS,369,0
2015-01-30,FOODS_2,FOODS,382,0
2015-01-30,FOODS_3,FOODS,1962,0
2015-01-30,HOBBIES_1,HOBBIES,535,0
2015-01-30,HOBBIES_2,HOBBIES,30,0
2015-01-30,HOUSEHOLD_1,HOUSEHOLD,729,0
2015-01-30,HOUSEHOLD_2,HOUSEHOLD,152,0
2015-01-31,FOODS_1,FOODS,497,0
2015-01-31,FOODS_2,FOODS,588,0
2015-01-31,FOODS_3,FOODS,3055,0
2015-01-31,HOBBIES_1,HOBBIES,574,0
2015-01-31,HOBBIES_2,HOBBIES,49,0
2015-01-31,HOUSEHOLD_1,HOUSEHOLD,1023,0
2015-01-31,HOUSEHOLD_2,HOUSEHOLD,285,0
2015-02-01,FOODS_1,FOODS,348,1
2015-02-01,FOODS_2,FOODS,555,1
2015-02-01,FOODS_3,FOODS,2808,1
2015-02-01,HOBBIES_1,HOBBIES,548,1
2015-02-01,HOBBIES_2,HOBBIES,71,1
2015-02-01,HOUSEHOLD_1,HOUSEHOLD,932,1
2015-02-01,HOUSEHOLD_2,HOUSEHOLD,200,1
2015-02-02,FOODS_1,FOODS,322,1
2015-02-02,FOODS_2,FOODS,402,1
2015-02-02,FOODS_3,FOODS,1916,1
2015-02-02,HOBBIES_1,HOBBIES,405,1
2015-02-02,HOBBIES_2,HOBBIES,38,1
2015-02-02,HOUSEHOLD_1,HOUSEHOLD,646,1
2015-02-02,HOUSEHOLD_2,HOUSEHOLD,157,1
2015-02-03,FOODS_1,FOODS,315,1
2015-02-03,FOODS_2,FOODS,509,1
2015-02-03,FOODS_3,FOODS,1894,1
2015-02-03,HOBBIES_1,HOBBIES,468,1
2015-02-03,HOBBIES_2,HOBBIES,27,1
2015-02-03,HOUSEHOLD_1,HOUSEHOLD,655,1
2015-02-03,HOUSEHOLD_2,HOUSEHOLD,183,1
2015-02-04,FOODS_1,FOODS,406,1
2015-02-04,FOODS_2,FOODS,420,1
2015-02-04,FOODS_3,FOODS,1762,1
2015-02-04,HOBBIES_1,HOBBIES,353,1
2015-02-04,HOBBIES_2,HOBBIES,31,1
2015-02-04,HOUSEHOLD_1,HOUSEHOLD,577,1
2015-02-04,HOUSEHOLD_2,HOUSEHOLD,124,1
2015-02-05,FOODS_1,FOODS,403,1
2015-02-05,FOODS_2,FOODS,450,1
2015-02-05,FOODS_3,FOODS,1779,1
2015-02-05,HOBBIES_1,HOBBIES,439,1
2015-02-05,HOBBIES_2,HOBBIES,14,1
2015-02-05,HOUSEHOLD_1,HOUSEHOLD,665,1
2015-02-05,HOUSEHOLD_2,HOUSEHOLD,139,1
2015-02-06,FOODS_1,FOODS,422,1
2015-02-06,FOODS_2,FOODS,419,1
2015-02-06,FOODS_3,FOODS,1956,1
2015-02-06,HOBBIES_1,HOBBIES,406,1
2015-02-06,HOBBIES_2,HOBBIES,33,1
2015-02-06,HOUSEHOLD_1,HOUSEHOLD,604,1
2015-02-06,HOUSEHOLD_2,HOUSEHOLD,178,1
2015-02-07,FOODS_1,FOODS,517,1
2015-02-07,FOODS_2,FOODS,672,1
2015-02-07,FOODS_3,FOODS,3030,1
2015-02-07,HOBBIES_1,HOBBIES,716,1
2015-02-07,HOBBIES_2,HOBBIES,61,1
2015-02-07,HOUSEHOLD_1,HOUSEHOLD,1072,1
2015-02-07,HOUSEHOLD_2,HOUSEHOLD,246,1
2015-02-08,FOODS_1,FOODS,421,1
2015-02-08,FOODS_2,FOODS,771,1
2015-02-08,FOODS_3,FOODS,2894,1
2015-02-08,HOBBIES_1,HOBBIES,471,1
2015-02-08,HOBBIES_2,HOBBIES,36,1
2015-02-08,HOUSEHOLD_1,HOUSEHOLD,1005,1
2015-02-08,HOUSEHOLD_2,HOUSEHOLD,261,1
2015-02-09,FOODS_1,FOODS,358,1
2015-02-09,FOODS_2,FOODS,624,1
2015-02-09,FOODS_3,FOODS,2469,1
2015-02-09,HOBBIES_1,HOBBIES,489,1
2015-02-09,HOBBIES_2,HOBBIES,45,1
2015-02-09,HOUSEHOLD_1,HOUSEHOLD,822,1
2015-02-09,HOUSEHOLD_2,HOUSEHOLD,170,1
2015-02-10,FOODS_1,FOODS,345,1
2015-02-10,FOODS_2,FOODS,420,1
2015-02-10,FOODS_3,FOODS,2044,1
2015-02-10,HOBBIES_1,HOBBIES,533,1
2015-02-10,HOBBIES_2,HOBBIES,33,1
2015-02-10,HOUSEHOLD_1,HOUSEHOLD,602,1
2015-02-10,HOUSEHOLD_2,HOUSEHOLD,157,1
2015-02-11,FOODS_1,FOODS,403,0
2015-02-11,FOODS_2,FOODS,416,0
2015-02-11,FOODS_3,FOODS,1926,0
2015-02-11,HOBBIES_1,HOBBIES,467,0
2015-02-11,HOBBIES_2,HOBBIES,41,0
2015-02-11,HOUSEHOLD_1,HOUSEHOLD,626,0
2015-02-11,HOUSEHOLD_2,HOUSEHOLD,161,0
2015-02-12,FOODS_1,FOODS,518,0
2015-02-12,FOODS_2,FOODS,373,0
2015-02-12,FOODS_3,FOODS,1717,0
2015-02-12,HOBBIES_1,HOBBIES,395,0
2015-02-12,HOBBIES_2,HOBBIES,43,0
2015-02-12,HOUSEHOLD_1,HOUSEHOLD,610,0
2015-02-12,HOUSEHOLD_2,HOUSEHOLD,173,0
2015-02-13,FOODS_1,FOODS,581,0
2015-02-13,FOODS_2,FOODS,409,0
2015-02-13,FOODS_3,FOODS,1934,0
2015-02-13,HOBBIES_1,HOBBIES,427,0
2015-02-13,HOBBIES_2,HOBBIES,40,0
2015-02-13,HOUSEHOLD_1,HOUSEHOLD,631,0
2015-02-13,HOUSEHOLD_2,HOUSEHOLD,161,0
2015-02-14,FOODS_1,FOODS,682,0
2015-02-14,FOODS_2,FOODS,470,0
2015-02-14,FOODS_3,FOODS,2101,0
2015-02-14,HOBBIES_1,HOBBIES,564,0
2015-02-14,HOBBIES_2,HOBBIES,36,0
2015-02-14,HOUSEHOLD_1,HOUSEHOLD,747,0
2015-02-14,HOUSEHOLD_2,HOUSEHOLD,189,0
2015-02-15,FOODS_1,FOODS,277,0
2015-02-15,FOODS_2,FOODS,566,0
2015-02-15,FOODS_3,FOODS,2375,0
2015-02-15,HOBBIES_1,HOBBIES,474,0
2015-02-15,HOBBIES_2,HOBBIES,46,0
2015-02-15,HOUSEHOLD_1,HOUSEHOLD,880,0
2015-02-15,HOUSEHOLD_2,HOUSEHOLD,206,0
2015-02-16,FOODS_1,FOODS,302,0
2015-02-16,FOODS_2,FOODS,434,0
2015-02-16,FOODS_3,FOODS,2016,0
2015-02-16,HOBBIES_1,HOBBIES,469,0
2015-02-16,HOBBIES_2,HOBBIES,38,0
2015-02-16,HOUSEHOLD_1,HOUSEHOLD,773,0
2015-02-16,HOUSEHOLD_2,HOUSEHOLD,249,0
2015-02-17,FOODS_1,FOODS,284,0
2015-02-17,FOODS_2,FOODS,339,0
2015-02-17,FOODS_3,FOODS,1579,0
2015-02-17,HOBBIES_1,HOBBIES,362,0
2015-02-17,HOBBIES_2,HOBBIES,38,0
2015-02-17,HOUSEHOLD_1,HOUSEHOLD,630,0
2015-02-17,HOUSEHOLD_2,HOUSEHOLD,180,0
2015-02-18,FOODS_1,FOODS,239,0
2015-02-18,FOODS_2,FOODS,359,0
2015-02-18,FOODS_3,FOODS,1363,0
2015-02-18,HOBBIES_1,HOBBIES,388,0
2015-02-18,HOBBIES_2,HOBBIES,45,0
2015-02-18,HOUSEHOLD_1,HOUSEHOLD,510,0
2015-02-18,HOUSEHOLD_2,HOUSEHOLD,134,0
2015-02-19,FOODS_1,FOODS,251,0
2015-02-19,FOODS_2,FOODS,338,0
2015-02-19,FOODS_3,FOODS,1483,0
2015-02-19,HOBBIES_1,HOBBIES,423,0
2015-02-19,HOBBIES_2,HOBBIES,44,0
2015-02-19,HOUSEHOLD_1,HOUSEHOLD,513,0
2015-02-19,HOUSEHOLD_2,HOUSEHOLD,128,0
2015-02-20,FOODS_1,FOODS,412,0
2015-02-20,FOODS_2,FOODS,417,0
2015-02-20,FOODS_3,FOODS,1944,0
2015-02-20,HOBBIES_1,HOBBIES,466,0
2015-02-20,HOBBIES_2,HOBBIES,34,0
2015-02-20,HOUSEHOLD_1,HOUSEHOLD,670,0
2015-02-20,HOUSEHOLD_2,HOUSEHOLD,195,0
2015-02-21,FOODS_1,FOODS,353,0
2015-02-21,FOODS_2,FOODS,503,0
2015-02-21,FOODS_3,FOODS,2256,0
2015-02-21,HOBBIES_1,HOBBIES,523,0
2015-02-21,HOBBIES_2,HOBBIES,44,0
2015-02-21,HOUSEHOLD_1,HOUSEHOLD,815,0
2015-02-21,HOUSEHOLD_2,HOUSEHOLD,273,0
2015-02-22,FOODS_1,FOODS,392,0
2015-02-22,FOODS_2,FOODS,578,0
2015-02-22,FOODS_3,FOODS,2589,0
2015-02-22,HOBBIES_1,HOBBIES,543,0
2015-02-22,HOBBIES_2,HOBBIES,48,0
2015-02-22,HOUSEHOLD_1,HOUSEHOLD,1027,0
2015-02-22,HOUSEHOLD_2,HOUSEHOLD,249,0
2015-02-23,FOODS_1,FOODS,295,0
2015-02-23,FOODS_2,FOODS,371,0
2015-02-23,FOODS_3,FOODS,1730,0
2015-02-23,HOBBIES_1,HOBBIES,325,0
2015-02-23,HOBBIES_2,HOBBIES,23,0
2015-02-23,HOUSEHOLD_1,HOUSEHOLD,636,0
2015-02-23,HOUSEHOLD_2,HOUSEHOLD,168,0
2015-02-24,FOODS_1,FOODS,285,0
2015-02-24,FOODS_2,FOODS,306,0
2015-02-24,FOODS_3,FOODS,1332,0
2015-02-24,HOBBIES_1,HOBBIES,349,0
2015-02-24,HOBBIES_2,HOBBIES,29,0
2015-02-24,HOUSEHOLD_1,HOUSEHOLD,465,0
2015-02-24,HOUSEHOLD_2,HOUSEHOLD,206,0
2015-02-25,FOODS_1,FOODS,247,0
2015-02-25,FOODS_2,FOODS,333,0
2015-02-25,FOODS_3,FOODS,1323,0
2015-02-25,HOBBIES_1,HOBBIES,501,0
2015-02-25,HOBBIES_2,HOBBIES,52,0
2015-02-25,HOUSEHOLD_1,HOUSEHOLD,497,0
2015-02-25,HOUSEHOLD_2,HOUSEHOLD,153,0
2015-02-26,FOODS_1,FOODS,277,0
2015-02-26,FOODS_2,FOODS,311,0
2015-02-26,FOODS_3,FOODS,1254,0
2015-02-26,HOBBIES_1,HOBBIES,447,0
2015-02-26,HOBBIES_2,HOBBIES,35,0
2015-02-26,HOUSEHOLD_1,HOUSEHOLD,506,0
2015-02-26,HOUSEHOLD_2,HOUSEHOLD,182,0
2015-02-27,FOODS_1,FOODS,352,0
2015-02-27,FOODS_2,FOODS,426,0
2015-02-27,FOODS_3,FOODS,1741,0
2015-02-27,HOBBIES_1,HOBBIES,681,0
2015-02-27,HOBBIES_2,HOBBIES,20,0
2015-02-27,HOUSEHOLD_1,HOUSEHOLD,680,0
2015-02-27,HOUSEHOLD_2,HOUSEHOLD,214,0
2015-02-28,FOODS_1,FOODS,464,0
2015-02-28,FOODS_2,FOODS,650,0
2015-02-28,FOODS_3,FOODS,2403,0
2015-02-28,HOBBIES_1,HOBBIES,751,0
2015-02-28,HOBBIES_2,HOBBIES,52,0
2015-02-28,HOUSEHOLD_1,HOUSEHOLD,978,0
2015-02-28,HOUSEHOLD_2,HOUSEHOLD,305,0
2015-03-01,FOODS_1,FOODS,425,1
2015-03-01,FOODS_2,FOODS,688,1
2015-03-01,FOODS_3,FOODS,2658,1
2015-03-01,HOBBIES_1,HOBBIES,700,1
2015-03-01,HOBBIES_2,HOBBIES,41,1
2015-03-01,HOUSEHOLD_1,HOUSEHOLD,956,1
2015-03-01,HOUSEHOLD_2,HOUSEHOLD,306,1
2015-03-02,FOODS_1,FOODS,277,1
2015-03-02,FOODS_2,FOODS,507,1
2015-03-02,FOODS_3,FOODS,1904,1
2015-03-02,HOBBIES_1,HOBBIES,414,1
2015-03-02,HOBBIES_2,HOBBIES,27,1
2015-03-02,HOUSEHOLD_1,HOUSEHOLD,700,1
2015-03-02,HOUSEHOLD_2,HOUSEHOLD,184,1
2015-03-03,FOODS_1,FOODS,334,1
2015-03-03,FOODS_2,FOODS,405,1
2015-03-03,FOODS_3,FOODS,1704,1
2015-03-03,HOBBIES_1,HOBBIES,473,1
2015-03-03,HOBBIES_2,HOBBIES,33,1
2015-03-03,HOUSEHOLD_1,HOUSEHOLD,704,1
2015-03-03,HOUSEHOLD_2,HOUSEHOLD,174,1
2015-03-04,FOODS_1,FOODS,230,1
2015-03-04,FOODS_2,FOODS,449,1
2015-03-04,FOODS_3,FOODS,1686,1
2015-03-04,HOBBIES_1,HOBBIES,437,1
2015-03-04,HOBBIES_2,HOBBIES,39,1
2015-03-04,HOUSEHOLD_1,HOUSEHOLD,577,1
2015-03-04,HOUSEHOLD_2,HOUSEHOLD,166,1
2015-03-05,FOODS_1,FOODS,334,1
2015-03-05,FOODS_2,FOODS,423,1
2015-03-05,FOODS_3,FOODS,1620,1
2015-03-05,HOBBIES_1,HOBBIES,513,1
2015-03-05,HOBBIES_2,HOBBIES,40,1
2015-03-05,HOUSEHOLD_1,HOUSEHOLD,534,1
2015-03-05,HOUSEHOLD_2,HOUSEHOLD,196,1
2015-03-06,FOODS_1,FOODS,315,1
2015-03-06,FOODS_2,FOODS,515,1
2015-03-06,FOODS_3,FOODS,2067,1
2015-03-06,HOBBIES_1,HOBBIES,542,1
2015-03-06,HOBBIES_2,HOBBIES,39,1
2015-03-06,HOUSEHOLD_1,HOUSEHOLD,625,1
2015-03-06,HOUSEHOLD_2,HOUSEHOLD,228,1
2015-03-07,FOODS_1,FOODS,396,1
2015-03-07,FOODS_2,FOODS,655,1
2015-03-07,FOODS_3,FOODS,2485,1
2015-03-07,HOBBIES_1,HOBBIES,584,1
2015-03-07,HOBBIES_2,HOBBIES,43,1
2015-03-07,HOUSEHOLD_1,HOUSEHOLD,809,1
2015-03-07,HOUSEHOLD_2,HOUSEHOLD,262,1
2015-03-08,FOODS_1,FOODS,357,1
2015-03-08,FOODS_2,FOODS,742,1
2015-03-08,FOODS_3,FOODS,2841,1
2015-03-08,HOBBIES_1,HOBBIES,548,1
2015-03-08,HOBBIES_2,HOBBIES,60,1
2015-03-08,HOUSEHOLD_1,HOUSEHOLD,1162,1
2015-03-08,HOUSEHOLD_2,HOUSEHOLD,261,1
2015-03-09,FOODS_1,FOODS,250,1
2015-03-09,FOODS_2,FOODS,526,1
2015-03-09,FOODS_3,FOODS,1945,1
2015-03-09,HOBBIES_1,HOBBIES,404,1
2015-03-09,HOBBIES_2,HOBBIES,32,1
2015-03-09,HOUSEHOLD_1,HOUSEHOLD,686,1
2015-03-09,HOUSEHOLD_2,HOUSEHOLD,203,1
2015-03-10,FOODS_1,FOODS,227,1
2015-03-10,FOODS_2,FOODS,471,1
2015-03-10,FOODS_3,FOODS,1710,1
2015-03-10,HOBBIES_1,HOBBIES,446,1
2015-03-10,HOBBIES_2,HOBBIES,24,1
2015-03-10,HOUSEHOLD_1,HOUSEHOLD,630,1
2015-03-10,HOUSEHOLD_2,HOUSEHOLD,202,1
2015-03-11,FOODS_1,FOODS,303,0
2015-03-11,FOODS_2,FOODS,417,0
2015-03-11,FOODS_3,FOODS,1654,0
2015-03-11,HOBBIES_1,HOBBIES,366,0
2015-03-11,HOBBIES_2,HOBBIES,44,0
2015-03-11,HOUSEHOLD_1,HOUSEHOLD,521,0
2015-03-11,HOUSEHOLD_2,HOUSEHOLD,169,0
2015-03-12,FOODS_1,FOODS,275,0
2015-03-12,FOODS_2,FOODS,384,0
2015-03-12,FOODS_3,FOODS,1660,0
2015-03-12,HOBBIES_1,HOBBIES,444,0
2015-03-12,HOBBIES_2,HOBBIES,63,0
2015-03-12,HOUSEHOLD_1,HOUSEHOLD,518,0
2015-03-12,HOUSEHOLD_2,HOUSEHOLD,175,0
2015-03-13,FOODS_1,FOODS,348,0
2015-03-13,FOODS_2,FOODS,490,0
2015-03-13,FOODS_3,FOODS,2043,0
2015-03-13,HOBBIES_1,HOBBIES,372,0
2015-03-13,HOBBIES_2,HOBBIES,40,0
2015-03-13,HOUSEHOLD_1,HOUSEHOLD,668,0
2015-03-13,HOUSEHOLD_2,HOUSEHOLD,223,0
2015-03-14,FOODS_1,FOODS,321,0
2015-03-14,FOODS_2,FOODS,470,0
2015-03-14,FOODS_3,FOODS,2479,0
2015-03-14,HOBBIES_1,HOBBIES,524,0
2015-03-14,HOBBIES_2,HOBBIES,48,0
2015-03-14,HOUSEHOLD_1,HOUSEHOLD,926,0
2015-03-14,HOUSEHOLD_2,HOUSEHOLD,247,0
2015-03-15,FOODS_1,FOODS,374,0
2015-03-15,FOODS_2,FOODS,663,0
2015-03-15,FOODS_3,FOODS,2857,0
2015-03-15,HOBBIES_1,HOBBIES,501,0
2015-03-15,HOBBIES_2,HOBBIES,62,0
2015-03-15,HOUSEHOLD_1,HOUSEHOLD,1073,0
2015-03-15,HOUSEHOLD_2,HOUSEHOLD,275,0
2015-03-16,FOODS_1,FOODS,218,0
2015-03-16,FOODS_2,FOODS,465,0
2015-03-16,FOODS_3,FOODS,1821,0
2015-03-16,HOBBIES_1,HOBBIES,616,0
2015-03-16,HOBBIES_2,HOBBIES,52,0
2015-03-16,HOUSEHOLD_1,HOUSEHOLD,656,0
2015-03-16,HOUSEHOLD_2,HOUSEHOLD,236,0
2015-03-17,FOODS_1,FOODS,279,0
2015-03-17,FOODS_2,FOODS,363,0
2015-03-17,FOODS_3,FOODS,1578,0
2015-03-17,HOBBIES_1,HOBBIES,400,0
2015-03-17,HOBBIES_2,HOBBIES,89,0
2015-03-17,HOUSEHOLD_1,HOUSEHOLD,561,0
2015-03-17,HOUSEHOLD_2,HOUSEHOLD,161,0
2015-03-18,FOODS_1,FOODS,285,0
2015-03-18,FOODS_2,FOODS,375,0
2015-03-18,FOODS_3,FOODS,1556,0
2015-03-18,HOBBIES_1,HOBBIES,420,0
2015-03-18,HOBBIES_2,HOBBIES,60,0
2015-03-18,HOUSEHOLD_1,HOUSEHOLD,588,0
2015-03-18,HOUSEHOLD_2,HOUSEHOLD,158,0
2015-03-19,FOODS_1,FOODS,300,0
2015-03-19,FOODS_2,FOODS,327,0
2015-03-19,FOODS_3,FOODS,1445,0
2015-03-19,HOBBIES_1,HOBBIES,414,0
2015-03-19,HOBBIES_2,HOBBIES,21,0
2015-03-19,HOUSEHOLD_1,HOUSEHOLD,513,0
2015-03-19,HOUSEHOLD_2,HOUSEHOLD,174,0
2015-03-20,FOODS_1,FOODS,305,0
2015-03-20,FOODS_2,FOODS,435,0
2015-03-20,FOODS_3,FOODS,1993,0
2015-03-20,HOBBIES_1,HOBBIES,454,0
2015-03-20,HOBBIES_2,HOBBIES,52,0
2015-03-20,HOUSEHOLD_1,HOUSEHOLD,673,0
2015-03-20,HOUSEHOLD_2,HOUSEHOLD,208,0
2015-03-21,FOODS_1,FOODS,390,0
2015-03-21,FOODS_2,FOODS,603,0
2015-03-21,FOODS_3,FOODS,2632,0
2015-03-21,HOBBIES_1,HOBBIES,605,0
2015-03-21,HOBBIES_2,HOBBIES,55,0
2015-03-21,HOUSEHOLD_1,HOUSEHOLD,951,0
2015-03-21,HOUSEHOLD_2,HOUSEHOLD,292,0
2015-03-22,FOODS_1,FOODS,408,0
2015-03-22,FOODS_2,FOODS,643,0
2015-03-22,FOODS_3,FOODS,2658,0
2015-03-22,HOBBIES_1,HOBBIES,443,0
2015-03-22,HOBBIES_2,HOBBIES,49,0
2015-03-22,HOUSEHOLD_1,HOUSEHOLD,1055,0
2015-03-22,HOUSEHOLD_2,HOUSEHOLD,314,0
2015-03-23,FOODS_1,FOODS,320,0
2015-03-23,FOODS_2,FOODS,445,0
2015-03-23,FOODS_3,FOODS,1687,0
2015-03-23,HOBBIES_1,HOBBIES,435,0
2015-03-23,HOBBIES_2,HOBBIES,27,0
2015-03-23,HOUSEHOLD_1,HOUSEHOLD,712,0
2015-03-23,HOUSEHOLD_2,HOUSEHOLD,192,0
2015-03-24,FOODS_1,FOODS,279,0
2015-03-24,FOODS_2,FOODS,355,0
2015-03-24,FOODS_3,FOODS,1499,0
2015-03-24,HOBBIES_1,HOBBIES,509,0
2015-03-24,HOBBIES_2,HOBBIES,31,0
2015-03-24,HOUSEHOLD_1,HOUSEHOLD,571,0
2015-03-24,HOUSEHOLD_2,HOUSEHOLD,157,0
2015-03-25,FOODS_1,FOODS,232,0
2015-03-25,FOODS_2,FOODS,377,0
2015-03-25,FOODS_3,FOODS,1473,0
2015-03-25,HOBBIES_1,HOBBIES,376,0
2015-03-25,HOBBIES_2,HOBBIES,33,0
2015-03-25,HOUSEHOLD_1,HOUSEHOLD,530,0
2015-03-25,HOUSEHOLD_2,HOUSEHOLD,172,0
2015-03-26,FOODS_1,FOODS,309,0
2015-03-26,FOODS_2,FOODS,344,0
2015-03-26,FOODS_3,FOODS,1557,0
2015-03-26,HOBBIES_1,HOBBIES,374,0
2015-03-26,HOBBIES_2,HOBBIES,40,0
2015-03-26,HOUSEHOLD_1,HOUSEHOLD,592,0
2015-03-26,HOUSEHOLD_2,HOUSEHOLD,171,0
2015-03-27,FOODS_1,FOODS,362,0
2015-03-27,FOODS_2,FOODS,445,0
2015-03-27,FOODS_3,FOODS,1877,0
2015-03-27,HOBBIES_1,HOBBIES,502,0
2015-03-27,HOBBIES_2,HOBBIES,27,0
2015-03-27,HOUSEHOLD_1,HOUSEHOLD,613,0
2015-03-27,HOUSEHOLD_2,HOUSEHOLD,215,0
2015-03-28,FOODS_1,FOODS,399,0
2015-03-28,FOODS_2,FOODS,510,0
2015-03-28,FOODS_3,FOODS,2431,0
2015-03-28,HOBBIES_1,HOBBIES,482,0
2015-03-28,HOBBIES_2,HOBBIES,46,0
2015-03-28,HOUSEHOLD_1,HOUSEHOLD,723,0
2015-03-28,HOUSEHOLD_2,HOUSEHOLD,276,0
2015-03-29,FOODS_1,FOODS,447,0
2015-03-29,FOODS_2,FOODS,604,0
2015-03-29,FOODS_3,FOODS,2858,0
2015-03-29,HOBBIES_1,HOBBIES,420,0
2015-03-29,HOBBIES_2,HOBBIES,55,0
2015-03-29,HOUSEHOLD_1,HOUSEHOLD,815,0
2015-03-29,HOUSEHOLD_2,HOUSEHOLD,254,0
2015-03-30,FOODS_1,FOODS,332,0
2015-03-30,FOODS_2,FOODS,476,0
2015-03-30,FOODS_3,FOODS,1947,0
2015-03-30,HOBBIES_1,HOBBIES,523,0
2015-03-30,HOBBIES_2,HOBBIES,56,0
2015-03-30,HOUSEHOLD_1,HOUSEHOLD,724,0
2015-03-30,HOUSEHOLD_2,HOUSEHOLD,198,0
2015-03-31,FOODS_1,FOODS,428,0
2015-03-31,FOODS_2,FOODS,442,0
2015-03-31,FOODS_3,FOODS,1784,0
2015-03-31,HOBBIES_1,HOBBIES,356,0
2015-03-31,HOBBIES_2,HOBBIES,28,0
2015-03-31,HOUSEHOLD_1,HOUSEHOLD,636,0
2015-03-31,HOUSEHOLD_2,HOUSEHOLD,203,0
2015-04-01,FOODS_1,FOODS,428,1
2015-04-01,FOODS_2,FOODS,517,1
2015-04-01,FOODS_3,FOODS,1958,1
2015-04-01,HOBBIES_1,HOBBIES,583,1
2015-04-01,HOBBIES_2,HOBBIES,49,1
2015-04-01,HOUSEHOLD_1,HOUSEHOLD,717,1
2015-04-01,HOUSEHOLD_2,HOUSEHOLD,194,1
2015-04-02,FOODS_1,FOODS,427,1
2015-04-02,FOODS_2,FOODS,432,1
2015-04-02,FOODS_3,FOODS,2121,1
2015-04-02,HOBBIES_1,HOBBIES,450,1
2015-04-02,HOBBIES_2,HOBBIES,68,1
2015-04-02,HOUSEHOLD_1,HOUSEHOLD,677,1
2015-04-02,HOUSEHOLD_2,HOUSEHOLD,220,1
2015-04-03,FOODS_1,FOODS,620,1
2015-04-03,FOODS_2,FOODS,625,1
2015-04-03,FOODS_3,FOODS,2760,1
2015-04-03,HOBBIES_1,HOBBIES,514,1
2015-04-03,HOBBIES_2,HOBBIES,42,1
2015-04-03,HOUSEHOLD_1,HOUSEHOLD,817,1
2015-04-03,HOUSEHOLD_2,HOUSEHOLD,254,1
2015-04-04,FOODS_1,FOODS,793,1
2015-04-04,FOODS_2,FOODS,686,1
2015-04-04,FOODS_3,FOODS,3209,1
2015-04-04,HOBBIES_1,HOBBIES,612,1
2015-04-04,HOBBIES_2,HOBBIES,56,1
2015-04-04,HOUSEHOLD_1,HOUSEHOLD,975,1
2015-04-04,HOUSEHOLD_2,HOUSEHOLD,305,1
2015-04-05,FOODS_1,FOODS,528,1
2015-04-05,FOODS_2,FOODS,500,1
2015-04-05,FOODS_3,FOODS,2263,1
2015-04-05,HOBBIES_1,HOBBIES,463,1
2015-04-05,HOBBIES_2,HOBBIES,39,1
2015-04-05,HOUSEHOLD_1,HOUSEHOLD,817,1
2015-04-05,HOUSEHOLD_2,HOUSEHOLD,264,1
2015-04-06,FOODS_1,FOODS,254,1
2015-04-06,FOODS_2,FOODS,539,1
2015-04-06,FOODS_3,FOODS,1870,1
2015-04-06,HOBBIES_1,HOBBIES,464,1
2015-04-06,HOBBIES_2,HOBBIES,39,1
2015-04-06,HOUSEHOLD_1,HOUSEHOLD,739,1
2015-04-06,HOUSEHOLD_2,HOUSEHOLD,196,1
2015-04-07,FOODS_1,FOODS,255,1
2015-04-07,FOODS_2,FOODS,480,1
2015-04-07,FOODS_3,FOODS,1803,1
2015-04-07,HOBBIES_1,HOBBIES,552,1
2015-04-07,HOBBIES_2,HOBBIES,40,1
2015-04-07,HOUSEHOLD_1,HOUSEHOLD,530,1
2015-04-07,HOUSEHOLD_2,HOUSEHOLD,150,1
2015-04-08,FOODS_1,FOODS,299,1
2015-04-08,FOODS_2,FOODS,474,1
2015-04-08,FOODS_3,FOODS,1837,1
2015-04-08,HOBBIES_1,HOBBIES,386,1
2015-04-08,HOBBIES_2,HOBBIES,53,1
2015-04-08,HOUSEHOLD_1,HOUSEHOLD,590,1
2015-04-08,HOUSEHOLD_2,HOUSEHOLD,170,1
2015-04-09,FOODS_1,FOODS,283,1
2015-04-09,FOODS_2,FOODS,486,1
2015-04-09,FOODS_3,FOODS,1769,1
2015-04-09,HOBBIES_1,HOBBIES,406,1
2015-04-09,HOBBIES_2,HOBBIES,42,1
2015-04-09,HOUSEHOLD_1,HOUSEHOLD,536,1
2015-04-09,HOUSEHOLD_2,HOUSEHOLD,204,1
2015-04-10,FOODS_1,FOODS,329,1
2015-04-10,FOODS_2,FOODS,579,1
2015-04-10,FOODS_3,FOODS,2267,1
2015-04-10,HOBBIES_1,HOBBIES,453,1
2015-04-10,HOBBIES_2,HOBBIES,39,1
2015-04-10,HOUSEHOLD_1,HOUSEHOLD,698,1
2015-04-10,HOUSEHOLD_2,HOUSEHOLD,219,1
2015-04-11,FOODS_1,FOODS,400,0
2015-04-11,FOODS_2,FOODS,627,0
2015-04-11,FOODS_3,FOODS,2600,0
2015-04-11,HOBBIES_1,HOBBIES,629,0
2015-04-11,HOBBIES_2,HOBBIES,55,0
2015-04-11,HOUSEHOLD_1,HOUSEHOLD,890,0
2015-04-11,HOUSEHOLD_2,HOUSEHOLD,294,0
2015-04-12,FOODS_1,FOODS,440,0
2015-04-12,FOODS_2,FOODS,679,0
2015-04-12,FOODS_3,FOODS,3006,0
2015-04-12,HOBBIES_1,HOBBIES,581,0
2015-04-12,HOBBIES_2,HOBBIES,48,0
2015-04-12,HOUSEHOLD_1,HOUSEHOLD,1032,0
2015-04-12,HOUSEHOLD_2,HOUSEHOLD,307,0
2015-04-13,FOODS_1,FOODS,326,0
2015-04-13,FOODS_2,FOODS,457,0
2015-04-13,FOODS_3,FOODS,2046,0
2015-04-13,HOBBIES_1,HOBBIES,403,0
2015-04-13,HOBBIES_2,HOBBIES,29,0
2015-04-13,HOUSEHOLD_1,HOUSEHOLD,684,0
2015-04-13,HOUSEHOLD_2,HOUSEHOLD,226,0
2015-04-14,FOODS_1,FOODS,277,0
2015-04-14,FOODS_2,FOODS,379,0
2015-04-14,FOODS_3,FOODS,1698,0
2015-04-14,HOBBIES_1,HOBBIES,519,0
2015-04-14,HOBBIES_2,HOBBIES,44,0
2015-04-14,HOUSEHOLD_1,HOUSEHOLD,611,0
2015-04-14,HOUSEHOLD_2,HOUSEHOLD,174,0
2015-04-15,FOODS_1,FOODS,297,0
2015-04-15,FOODS_2,FOODS,388,0
2015-04-15,FOODS_3,FOODS,1685,0
2015-04-15,HOBBIES_1,HOBBIES,426,0
2015-04-15,HOBBIES_2,HOBBIES,65,0
2015-04-15,HOUSEHOLD_1,HOUSEHOLD,621,0
2015-04-15,HOUSEHOLD_2,HOUSEHOLD,186,0
2015-04-16,FOODS_1,FOODS,362,0
2015-04-16,FOODS_2,FOODS,343,0
2015-04-16,FOODS_3,FOODS,1759,0
2015-04-16,HOBBIES_1,HOBBIES,494,0
2015-04-16,HOBBIES_2,HOBBIES,41,0
2015-04-16,HOUSEHOLD_1,HOUSEHOLD,551,0
2015-04-16,HOUSEHOLD_2,HOUSEHOLD,182,0
2015-04-17,FOODS_1,FOODS,398,0
2015-04-17,FOODS_2,FOODS,409,0
2015-04-17,FOODS_3,FOODS,2144,0
2015-04-17,HOBBIES_1,HOBBIES,370,0
2015-04-17,HOBBIES_2,HOBBIES,42,0
2015-04-17,HOUSEHOLD_1,HOUSEHOLD,653,0
2015-04-17,HOUSEHOLD_2,HOUSEHOLD,220,0
2015-04-18,FOODS_1,FOODS,385,0
2015-04-18,FOODS_2,FOODS,576,0
2015-04-18,FOODS_3,FOODS,2690,0
2015-04-18,HOBBIES_1,HOBBIES,673,0
2015-04-18,HOBBIES_2,HOBBIES,70,0
2015-04-18,HOUSEHOLD_1,HOUSEHOLD,965,0
2015-04-18,HOUSEHOLD_2,HOUSEHOLD,292,0
2015-04-19,FOODS_1,FOODS,354,0
2015-04-19,FOODS_2,FOODS,736,0
2015-04-19,FOODS_3,FOODS,2778,0
2015-04-19,HOBBIES_1,HOBBIES,531,0
2015-04-19,HOBBIES_2,HOBBIES,67,0
2015-04-19,HOUSEHOLD_1,HOUSEHOLD,1077,0
2015-04-19,HOUSEHOLD_2,HOUSEHOLD,306,0
2015-04-20,FOODS_1,FOODS,310,0
2015-04-20,FOODS_2,FOODS,507,0
2015-04-20,FOODS_3,FOODS,1839,0
2015-04-20,HOBBIES_1,HOBBIES,417,0
2015-04-20,HOBBIES_2,HOBBIES,42,0
2015-04-20,HOUSEHOLD_1,HOUSEHOLD,805,0
2015-04-20,HOUSEHOLD_2,HOUSEHOLD,211,0
2015-04-21,FOODS_1,FOODS,261,0
2015-04-21,FOODS_2,FOODS,460,0
2015-04-21,FOODS_3,FOODS,1533,0
2015-04-21,HOBBIES_1,HOBBIES,392,0
2015-04-21,HOBBIES_2,HOBBIES,112,0
2015-04-21,HOUSEHOLD_1,HOUSEHOLD,598,0
2015-04-21,HOUSEHOLD_2,HOUSEHOLD,187,0
2015-04-22,FOODS_1,FOODS,250,0
2015-04-22,FOODS_2,FOODS,408,0
2015-04-22,FOODS_3,FOODS,1511,0
2015-04-22,HOBBIES_1,HOBBIES,439,0
2015-04-22,HOBBIES_2,HOBBIES,41,0
2015-04-22,HOUSEHOLD_1,HOUSEHOLD,598,0
2015-04-22,HOUSEHOLD_2,HOUSEHOLD,197,0
2015-04-23,FOODS_1,FOODS,292,0
2015-04-23,FOODS_2,FOODS,444,0
2015-04-23,FOODS_3,FOODS,1774,0
2015-04-23,HOBBIES_1,HOBBIES,460,0
2015-04-23,HOBBIES_2,HOBBIES,55,0
2015-04-23,HOUSEHOLD_1,HOUSEHOLD,593,0
2015-04-23,HOUSEHOLD_2,HOUSEHOLD,179,0
2015-04-24,FOODS_1,FOODS,339,0
2015-04-24,FOODS_2,FOODS,462,0
2015-04-24,FOODS_3,FOODS,1991,0
2015-04-24,HOBBIES_1,HOBBIES,553,0
2015-04-24,HOBBIES_2,HOBBIES,72,0
2015-04-24,HOUSEHOLD_1,HOUSEHOLD,688,0
2015-04-24,HOUSEHOLD_2,HOUSEHOLD,207,0
2015-04-25,FOODS_1,FOODS,480,0
2015-04-25,FOODS_2,FOODS,738,0
2015-04-25,FOODS_3,FOODS,2787,0
2015-04-25,HOBBIES_1,HOBBIES,573,0
2015-04-25,HOBBIES_2,HOBBIES,59,0
2015-04-25,HOUSEHOLD_1,HOUSEHOLD,1059,0
2015-04-25,HOUSEHOLD_2,HOUSEHOLD,323,0
2015-04-26,FOODS_1,FOODS,457,0
2015-04-26,FOODS_2,FOODS,592,0
2015-04-26,FOODS_3,FOODS,2903,0
2015-04-26,HOBBIES_1,HOBBIES,481,0
2015-04-26,HOBBIES_2,HOBBIES,108,0
2015-04-26,HOUSEHOLD_1,HOUSEHOLD,948,0
2015-04-26,HOUSEHOLD_2,HOUSEHOLD,326,0
2015-04-27,FOODS_1,FOODS,329,0
2015-04-27,FOODS_2,FOODS,449,0
2015-04-27,FOODS_3,FOODS,1934,0
2015-04-27,HOBBIES_1,HOBBIES,406,0
2015-04-27,HOBBIES_2,HOBBIES,53,0
2015-04-27,HOUSEHOLD_1,HOUSEHOLD,653,0
2015-04-27,HOUSEHOLD_2,HOUSEHOLD,171,0
2015-04-28,FOODS_1,FOODS,271,0
2015-04-28,FOODS_2,FOODS,367,0
2015-04-28,FOODS_3,FOODS,1706,0
2015-04-28,HOBBIES_1,HOBBIES,359,0
2015-04-28,HOBBIES_2,HOBBIES,35,0
2015-04-28,HOUSEHOLD_1,HOUSEHOLD,567,0
2015-04-28,HOUSEHOLD_2,HOUSEHOLD,221,0
2015-04-29,FOODS_1,FOODS,292,0
2015-04-29,FOODS_2,FOODS,409,0
2015-04-29,FOODS_3,FOODS,1699,0
2015-04-29,HOBBIES_1,HOBBIES,420,0
2015-04-29,HOBBIES_2,HOBBIES,36,0
2015-04-29,HOUSEHOLD_1,HOUSEHOLD,539,0
2015-04-29,HOUSEHOLD_2,HOUSEHOLD,165,0
2015-04-30,FOODS_1,FOODS,303,0
2015-04-30,FOODS_2,FOODS,323,0
2015-04-30,FOODS_3,FOODS,1694,0
2015-04-30,HOBBIES_1,HOBBIES,403,0
2015-04-30,HOBBIES_2,HOBBIES,24,0
2015-04-30,HOUSEHOLD_1,HOUSEHOLD,537,0
2015-04-30,HOUSEHOLD_2,HOUSEHOLD,182,0
2015-05-01,FOODS_1,FOODS,474,1
2015-05-01,FOODS_2,FOODS,572,1
2015-05-01,FOODS_3,FOODS,2533,1
2015-05-01,HOBBIES_1,HOBBIES,500,1
2015-05-01,HOBBIES_2,HOBBIES,46,1
2015-05-01,HOUSEHOLD_1,HOUSEHOLD,758,1
2015-05-01,HOUSEHOLD_2,HOUSEHOLD,238,1
2015-05-02,FOODS_1,FOODS,479,1
2015-05-02,FOODS_2,FOODS,727,1
2015-05-02,FOODS_3,FOODS,2836,1
2015-05-02,HOBBIES_1,HOBBIES,563,1
2015-05-02,HOBBIES_2,HOBBIES,51,1
2015-05-02,HOUSEHOLD_1,HOUSEHOLD,855,1
2015-05-02,HOUSEHOLD_2,HOUSEHOLD,290,1
2015-05-03,FOODS_1,FOODS,535,1
2015-05-03,FOODS_2,FOODS,745,1
2015-05-03,FOODS_3,FOODS,3146,1
2015-05-03,HOBBIES_1,HOBBIES,568,1
2015-05-03,HOBBIES_2,HOBBIES,45,1
2015-05-03,HOUSEHOLD_1,HOUSEHOLD,1126,1
2015-05-03,HOUSEHOLD_2,HOUSEHOLD,359,1
2015-05-04,FOODS_1,FOODS,327,1
2015-05-04,FOODS_2,FOODS,652,1
2015-05-04,FOODS_3,FOODS,2205,1
2015-05-04,HOBBIES_1,HOBBIES,551,1
2015-05-04,HOBBIES_2,HOBBIES,50,1
2015-05-04,HOUSEHOLD_1,HOUSEHOLD,797,1
2015-05-04,HOUSEHOLD_2,HOUSEHOLD,212,1
2015-05-05,FOODS_1,FOODS,360,1
2015-05-05,FOODS_2,FOODS,512,1
2015-05-05,FOODS_3,FOODS,2019,1
2015-05-05,HOBBIES_1,HOBBIES,440,1
2015-05-05,HOBBIES_2,HOBBIES,55,1
2015-05-05,HOUSEHOLD_1,HOUSEHOLD,588,1
2015-05-05,HOUSEHOLD_2,HOUSEHOLD,194,1
2015-05-06,FOODS_1,FOODS,372,1
2015-05-06,FOODS_2,FOODS,487,1
2015-05-06,FOODS_3,FOODS,1754,1
2015-05-06,HOBBIES_1,HOBBIES,500,1
2015-05-06,HOBBIES_2,HOBBIES,51,1
2015-05-06,HOUSEHOLD_1,HOUSEHOLD,663,1
2015-05-06,HOUSEHOLD_2,HOUSEHOLD,198,1
2015-05-07,FOODS_1,FOODS,379,1
2015-05-07,FOODS_2,FOODS,548,1
2015-05-07,FOODS_3,FOODS,1947,1
2015-05-07,HOBBIES_1,HOBBIES,451,1
2015-05-07,HOBBIES_2,HOBBIES,55,1
2015-05-07,HOUSEHOLD_1,HOUSEHOLD,612,1
2015-05-07,HOUSEHOLD_2,HOUSEHOLD,190,1
2015-05-08,FOODS_1,FOODS,425,1
2015-05-08,FOODS_2,FOODS,506,1
2015-05-08,FOODS_3,FOODS,2311,1
2015-05-08,HOBBIES_1,HOBBIES,494,1
2015-05-08,HOBBIES_2,HOBBIES,49,1
2015-05-08,HOUSEHOLD_1,HOUSEHOLD,669,1
2015-05-08,HOUSEHOLD_2,HOUSEHOLD,243,1
2015-05-09,FOODS_1,FOODS,485,1
2015-05-09,FOODS_2,FOODS,711,1
2015-05-09,FOODS_3,FOODS,2950,1
2015-05-09,HOBBIES_1,HOBBIES,528,1
2015-05-09,HOBBIES_2,HOBBIES,60,1
2015-05-09,HOUSEHOLD_1,HOUSEHOLD,819,1
2015-05-09,HOUSEHOLD_2,HOUSEHOLD,287,1
2015-05-10,FOODS_1,FOODS,347,1
2015-05-10,FOODS_2,FOODS,593,1
2015-05-10,FOODS_3,FOODS,2542,1
2015-05-10,HOBBIES_1,HOBBIES,494,1
2015-05-10,HOBBIES_2,HOBBIES,38,1
2015-05-10,HOUSEHOLD_1,HOUSEHOLD,757,1
2015-05-10,HOUSEHOLD_2,HOUSEHOLD,243,1
2015-05-11,FOODS_1,FOODS,317,0
2015-05-11,FOODS_2,FOODS,526,0
2015-05-11,FOODS_3,FOODS,2280,0
2015-05-11,HOBBIES_1,HOBBIES,586,0
2015-05-11,HOBBIES_2,HOBBIES,45,0
2015-05-11,HOUSEHOLD_1,HOUSEHOLD,655,0
2015-05-11,HOUSEHOLD_2,HOUSEHOLD,193,0
2015-05-12,FOODS_1,FOODS,292,0
2015-05-12,FOODS_2,FOODS,399,0
2015-05-12,FOODS_3,FOODS,1728,0
2015-05-12,HOBBIES_1,HOBBIES,501,0
2015-05-12,HOBBIES_2,HOBBIES,47,0
2015-05-12,HOUSEHOLD_1,HOUSEHOLD,649,0
2015-05-12,HOUSEHOLD_2,HOUSEHOLD,194,0
2015-05-13,FOODS_1,FOODS,315,0
2015-05-13,FOODS_2,FOODS,410,0
2015-05-13,FOODS_3,FOODS,1869,0
2015-05-13,HOBBIES_1,HOBBIES,487,0
2015-05-13,HOBBIES_2,HOBBIES,49,0
2015-05-13,HOUSEHOLD_1,HOUSEHOLD,616,0
2015-05-13,HOUSEHOLD_2,HOUSEHOLD,212,0
2015-05-14,FOODS_1,FOODS,381,0
2015-05-14,FOODS_2,FOODS,357,0
2015-05-14,FOODS_3,FOODS,1657,0
2015-05-14,HOBBIES_1,HOBBIES,348,0
2015-05-14,HOBBIES_2,HOBBIES,37,0
2015-05-14,HOUSEHOLD_1,HOUSEHOLD,537,0
2015-05-14,HOUSEHOLD_2,HOUSEHOLD,170,0
2015-05-15,FOODS_1,FOODS,398,0
2015-05-15,FOODS_2,FOODS,453,0
2015-05-15,FOODS_3,FOODS,2039,0
2015-05-15,HOBBIES_1,HOBBIES,523,0
2015-05-15,HOBBIES_2,HOBBIES,65,0
2015-05-15,HOUSEHOLD_1,HOUSEHOLD,670,0
2015-05-15,HOUSEHOLD_2,HOUSEHOLD,227,0
2015-05-16,FOODS_1,FOODS,595,0
2015-05-16,FOODS_2,FOODS,621,0
2015-05-16,FOODS_3,FOODS,2412,0
2015-05-16,HOBBIES_1,HOBBIES,621,0
2015-05-16,HOBBIES_2,HOBBIES,52,0
2015-05-16,HOUSEHOLD_1,HOUSEHOLD,950,0
2015-05-16,HOUSEHOLD_2,HOUSEHOLD,338,0
2015-05-17,FOODS_1,FOODS,434,0
2015-05-17,FOODS_2,FOODS,595,0
2015-05-17,FOODS_3,FOODS,2693,0
2015-05-17,HOBBIES_1,HOBBIES,524,0
2015-05-17,HOBBIES_2,HOBBIES,58,0
2015-05-17,HOUSEHOLD_1,HOUSEHOLD,974,0
2015-05-17,HOUSEHOLD_2,HOUSEHOLD,290,0
2015-05-18,FOODS_1,FOODS,353,0
2015-05-18,FOODS_2,FOODS,477,0
2015-05-18,FOODS_3,FOODS,1916,0
2015-05-18,HOBBIES_1,HOBBIES,436,0
2015-05-18,HOBBIES_2,HOBBIES,45,0
2015-05-18,HOUSEHOLD_1,HOUSEHOLD,779,0
2015-05-18,HOUSEHOLD_2,HOUSEHOLD,179,0
2015-05-19,FOODS_1,FOODS,320,0
2015-05-19,FOODS_2,FOODS,409,0
2015-05-19,FOODS_3,FOODS,1617,0
2015-05-19,HOBBIES_1,HOBBIES,467,0
2015-05-19,HOBBIES_2,HOBBIES,52,0
2015-05-19,HOUSEHOLD_1,HOUSEHOLD,564,0
2015-05-19,HOUSEHOLD_2,HOUSEHOLD,147,0
2015-05-20,FOODS_1,FOODS,285,0
2015-05-20,FOODS_2,FOODS,338,0
2015-05-20,FOODS_3,FOODS,1607,0
2015-05-20,HOBBIES_1,HOBBIES,522,0
2015-05-20,HOBBIES_2,HOBBIES,46,0
2015-05-20,HOUSEHOLD_1,HOUSEHOLD,609,0
2015-05-20,HOUSEHOLD_2,HOUSEHOLD,173,0
2015-05-21,FOODS_1,FOODS,368,0
2015-05-21,FOODS_2,FOODS,378,0
2015-05-21,FOODS_3,FOODS,1650,0
2015-05-21,HOBBIES_1,HOBBIES,408,0
2015-05-21,HOBBIES_2,HOBBIES,56,0
2015-05-21,HOUSEHOLD_1,HOUSEHOLD,583,0
2015-05-21,HOUSEHOLD_2,HOUSEHOLD,192,0
2015-05-22,FOODS_1,FOODS,421,0
2015-05-22,FOODS_2,FOODS,483,0
2015-05-22,FOODS_3,FOODS,2206,0
2015-05-22,HOBBIES_1,HOBBIES,504,0
2015-05-22,HOBBIES_2,HOBBIES,60,0
2015-05-22,HOUSEHOLD_1,HOUSEHOLD,666,0
2015-05-22,HOUSEHOLD_2,HOUSEHOLD,238,0
2015-05-23,FOODS_1,FOODS,533,0
2015-05-23,FOODS_2,FOODS,542,0
2015-05-23,FOODS_3,FOODS,2418,0
2015-05-23,HOBBIES_1,HOBBIES,631,0
2015-05-23,HOBBIES_2,HOBBIES,55,0
2015-05-23,HOUSEHOLD_1,HOUSEHOLD,959,0
2015-05-23,HOUSEHOLD_2,HOUSEHOLD,277,0
2015-05-24,FOODS_1,FOODS,502,0
2015-05-24,FOODS_2,FOODS,486,0
2015-05-24,FOODS_3,FOODS,2510,0
2015-05-24,HOBBIES_1,HOBBIES,622,0
2015-05-24,HOBBIES_2,HOBBIES,56,0
2015-05-24,HOUSEHOLD_1,HOUSEHOLD,931,0
2015-05-24,HOUSEHOLD_2,HOUSEHOLD,305,0
2015-05-25,FOODS_1,FOODS,453,0
2015-05-25,FOODS_2,FOODS,508,0
2015-05-25,FOODS_3,FOODS,2345,0
2015-05-25,HOBBIES_1,HOBBIES,414,0
2015-05-25,HOBBIES_2,HOBBIES,47,0
2015-05-25,HOUSEHOLD_1,HOUSEHOLD,870,0
2015-05-25,HOUSEHOLD_2,HOUSEHOLD,222,0
2015-05-26,FOODS_1,FOODS,288,0
2015-05-26,FOODS_2,FOODS,427,0
2015-05-26,FOODS_3,FOODS,1641,0
2015-05-26,HOBBIES_1,HOBBIES,420,0
2015-05-26,HOBBIES_2,HOBBIES,47,0
2015-05-26,HOUSEHOLD_1,HOUSEHOLD,618,0
2015-05-26,HOUSEHOLD_2,HOUSEHOLD,168,0
2015-05-27,FOODS_1,FOODS,290,0
2015-05-27,FOODS_2,FOODS,376,0
2015-05-27,FOODS_3,FOODS,1704,0
2015-05-27,HOBBIES_1,HOBBIES,541,0
2015-05-27,HOBBIES_2,HOBBIES,23,0
2015-05-27,HOUSEHOLD_1,HOUSEHOLD,591,0
2015-05-27,HOUSEHOLD_2,HOUSEHOLD,197,0
2015-05-28,FOODS_1,FOODS,318,0
2015-05-28,FOODS_2,FOODS,312,0
2015-05-28,FOODS_3,FOODS,1579,0
2015-05-28,HOBBIES_1,HOBBIES,420,0
2015-05-28,HOBBIES_2,HOBBIES,33,0
2015-05-28,HOUSEHOLD_1,HOUSEHOLD,513,0
2015-05-28,HOUSEHOLD_2,HOUSEHOLD,206,0
2015-05-29,FOODS_1,FOODS,363,0
2015-05-29,FOODS_2,FOODS,358,0
2015-05-29,FOODS_3,FOODS,1754,0
2015-05-29,HOBBIES_1,HOBBIES,420,0
2015-05-29,HOBBIES_2,HOBBIES,37,0
2015-05-29,HOUSEHOLD_1,HOUSEHOLD,636,0
2015-05-29,HOUSEHOLD_2,HOUSEHOLD,235,0
2015-05-30,FOODS_1,FOODS,478,0
2015-05-30,FOODS_2,FOODS,518,0
2015-05-30,FOODS_3,FOODS,2546,0
2015-05-30,HOBBIES_1,HOBBIES,567,0
2015-05-30,HOBBIES_2,HOBBIES,43,0
2015-05-30,HOUSEHOLD_1,HOUSEHOLD,912,0
2015-05-30,HOUSEHOLD_2,HOUSEHOLD,278,0
2015-05-31,FOODS_1,FOODS,486,0
2015-05-31,FOODS_2,FOODS,583,0
2015-05-31,FOODS_3,FOODS,2755,0
2015-05-31,HOBBIES_1,HOBBIES,667,0
2015-05-31,HOBBIES_2,HOBBIES,50,0
2015-05-31,HOUSEHOLD_1,HOUSEHOLD,1132,0
2015-05-31,HOUSEHOLD_2,HOUSEHOLD,307,0
2015-06-01,FOODS_1,FOODS,366,1
2015-06-01,FOODS_2,FOODS,552,1
2015-06-01,FOODS_3,FOODS,2207,1
2015-06-01,HOBBIES_1,HOBBIES,483,1
2015-06-01,HOBBIES_2,HOBBIES,45,1
2015-06-01,HOUSEHOLD_1,HOUSEHOLD,833,1
2015-06-01,HOUSEHOLD_2,HOUSEHOLD,216,1
2015-06-02,FOODS_1,FOODS,318,1
2015-06-02,FOODS_2,FOODS,456,1
2015-06-02,FOODS_3,FOODS,2029,1
2015-06-02,HOBBIES_1,HOBBIES,551,1
2015-06-02,HOBBIES_2,HOBBIES,34,1
2015-06-02,HOUSEHOLD_1,HOUSEHOLD,695,1
2015-06-02,HOUSEHOLD_2,HOUSEHOLD,199,1
2015-06-03,FOODS_1,FOODS,474,1
2015-06-03,FOODS_2,FOODS,412,1
2015-06-03,FOODS_3,FOODS,1771,1
2015-06-03,HOBBIES_1,HOBBIES,402,1
2015-06-03,HOBBIES_2,HOBBIES,26,1
2015-06-03,HOUSEHOLD_1,HOUSEHOLD,692,1
2015-06-03,HOUSEHOLD_2,HOUSEHOLD,230,1
2015-06-04,FOODS_1,FOODS,364,1
2015-06-04,FOODS_2,FOODS,410,1
2015-06-04,FOODS_3,FOODS,1796,1
2015-06-04,HOBBIES_1,HOBBIES,381,1
2015-06-04,HOBBIES_2,HOBBIES,33,1
2015-06-04,HOUSEHOLD_1,HOUSEHOLD,638,1
2015-06-04,HOUSEHOLD_2,HOUSEHOLD,196,1
2015-06-05,FOODS_1,FOODS,539,1
2015-06-05,FOODS_2,FOODS,480,1
2015-06-05,FOODS_3,FOODS,2202,1
2015-06-05,HOBBIES_1,HOBBIES,451,1
2015-06-05,HOBBIES_2,HOBBIES,54,1
2015-06-05,HOUSEHOLD_1,HOUSEHOLD,685,1
2015-06-05,HOUSEHOLD_2,HOUSEHOLD,235,1
2015-06-06,FOODS_1,FOODS,512,1
2015-06-06,FOODS_2,FOODS,584,1
2015-06-06,FOODS_3,FOODS,2652,1
2015-06-06,HOBBIES_1,HOBBIES,617,1
2015-06-06,HOBBIES_2,HOBBIES,48,1
2015-06-06,HOUSEHOLD_1,HOUSEHOLD,997,1
2015-06-06,HOUSEHOLD_2,HOUSEHOLD,300,1
2015-06-07,FOODS_1,FOODS,458,1
2015-06-07,FOODS_2,FOODS,646,1
2015-06-07,FOODS_3,FOODS,2828,1
2015-06-07,HOBBIES_1,HOBBIES,534,1
2015-06-07,HOBBIES_2,HOBBIES,43,1
2015-06-07,HOUSEHOLD_1,HOUSEHOLD,1023,1
2015-06-07,HOUSEHOLD_2,HOUSEHOLD,294,1
2015-06-08,FOODS_1,FOODS,373,1
2015-06-08,FOODS_2,FOODS,476,1
2015-06-08,FOODS_3,FOODS,2300,1
2015-06-08,HOBBIES_1,HOBBIES,365,1
2015-06-08,HOBBIES_2,HOBBIES,43,1
2015-06-08,HOUSEHOLD_1,HOUSEHOLD,701,1
2015-06-08,HOUSEHOLD_2,HOUSEHOLD,217,1
2015-06-09,FOODS_1,FOODS,404,1
2015-06-09,FOODS_2,FOODS,490,1
2015-06-09,FOODS_3,FOODS,2030,1
2015-06-09,HOBBIES_1,HOBBIES,344,1
2015-06-09,HOBBIES_2,HOBBIES,36,1
2015-06-09,HOUSEHOLD_1,HOUSEHOLD,649,1
2015-06-09,HOUSEHOLD_2,HOUSEHOLD,192,1
2015-06-10,FOODS_1,FOODS,405,1
2015-06-10,FOODS_2,FOODS,457,1
2015-06-10,FOODS_3,FOODS,2021,1
2015-06-10,HOBBIES_1,HOBBIES,483,1
2015-06-10,HOBBIES_2,HOBBIES,38,1
2015-06-10,HOUSEHOLD_1,HOUSEHOLD,617,1
2015-06-10,HOUSEHOLD_2,HOUSEHOLD,189,1
2015-06-11,FOODS_1,FOODS,363,0
2015-06-11,FOODS_2,FOODS,371,0
2015-06-11,FOODS_3,FOODS,1885,0
2015-06-11,HOBBIES_1,HOBBIES,365,0
2015-06-11,HOBBIES_2,HOBBIES,42,0
2015-06-11,HOUSEHOLD_1,HOUSEHOLD,636,0
2015-06-11,HOUSEHOLD_2,HOUSEHOLD,182,0
2015-06-12,FOODS_1,FOODS,487,0
2015-06-12,FOODS_2,FOODS,442,0
2015-06-12,FOODS_3,FOODS,2219,0
2015-06-12,HOBBIES_1,HOBBIES,460,0
2015-06-12,HOBBIES_2,HOBBIES,36,0
2015-06-12,HOUSEHOLD_1,HOUSEHOLD,742,0
2015-06-12,HOUSEHOLD_2,HOUSEHOLD,219,0
2015-06-13,FOODS_1,FOODS,458,0
2015-06-13,FOODS_2,FOODS,496,0
2015-06-13,FOODS_3,FOODS,2771,0
2015-06-13,HOBBIES_1,HOBBIES,544,0
2015-06-13,HOBBIES_2,HOBBIES,41,0
2015-06-13,HOUSEHOLD_1,HOUSEHOLD,933,0
2015-06-13,HOUSEHOLD_2,HOUSEHOLD,252,0
2015-06-14,FOODS_1,FOODS,441,0
2015-06-14,FOODS_2,FOODS,628,0
2015-06-14,FOODS_3,FOODS,2883,0
2015-06-14,HOBBIES_1,HOBBIES,487,0
2015-06-14,HOBBIES_2,HOBBIES,45,0
2015-06-14,HOUSEHOLD_1,HOUSEHOLD,1080,0
2015-06-14,HOUSEHOLD_2,HOUSEHOLD,280,0
2015-06-15,FOODS_1,FOODS,313,0
2015-06-15,FOODS_2,FOODS,593,0
2015-06-15,FOODS_3,FOODS,2142,0
2015-06-15,HOBBIES_1,HOBBIES,446,0
2015-06-15,HOBBIES_2,HOBBIES,27,0
2015-06-15,HOUSEHOLD_1,HOUSEHOLD,763,0
2015-06-15,HOUSEHOLD_2,HOUSEHOLD,170,0
2015-06-16,FOODS_1,FOODS,327,0
2015-06-16,FOODS_2,FOODS,380,0
2015-06-16,FOODS_3,FOODS,1783,0
2015-06-16,HOBBIES_1,HOBBIES,375,0
2015-06-16,HOBBIES_2,HOBBIES,34,0
2015-06-16,HOUSEHOLD_1,HOUSEHOLD,647,0
2015-06-16,HOUSEHOLD_2,HOUSEHOLD,246,0
2015-06-17,FOODS_1,FOODS,299,0
2015-06-17,FOODS_2,FOODS,402,0
2015-06-17,FOODS_3,FOODS,1865,0
2015-06-17,HOBBIES_1,HOBBIES,474,0
2015-06-17,HOBBIES_2,HOBBIES,42,0
2015-06-17,HOUSEHOLD_1,HOUSEHOLD,629,0
2015-06-17,HOUSEHOLD_2,HOUSEHOLD,191,0
2015-06-18,FOODS_1,FOODS,357,0
2015-06-18,FOODS_2,FOODS,376,0
2015-06-18,FOODS_3,FOODS,1859,0
2015-06-18,HOBBIES_1,HOBBIES,438,0
2015-06-18,HOBBIES_2,HOBBIES,30,0
2015-06-18,HOUSEHOLD_1,HOUSEHOLD,689,0
2015-06-18,HOUSEHOLD_2,HOUSEHOLD,269,0
2015-06-19,FOODS_1,FOODS,523,0
2015-06-19,FOODS_2,FOODS,436,0
2015-06-19,FOODS_3,FOODS,2211,0
2015-06-19,HOBBIES_1,HOBBIES,487,0
2015-06-19,HOBBIES_2,HOBBIES,56,0
2015-06-19,HOUSEHOLD_1,HOUSEHOLD,797,0
2015-06-19,HOUSEHOLD_2,HOUSEHOLD,270,0
2015-06-20,FOODS_1,FOODS,434,0
2015-06-20,FOODS_2,FOODS,471,0
2015-06-20,FOODS_3,FOODS,2747,0
2015-06-20,HOBBIES_1,HOBBIES,577,0
2015-06-20,HOBBIES_2,HOBBIES,36,0
2015-06-20,HOUSEHOLD_1,HOUSEHOLD,961,0
2015-06-20,HOUSEHOLD_2,HOUSEHOLD,280,0
2015-06-21,FOODS_1,FOODS,384,0
2015-06-21,FOODS_2,FOODS,489,0
2015-06-21,FOODS_3,FOODS,2469,0
2015-06-21,HOBBIES_1,HOBBIES,446,0
2015-06-21,HOBBIES_2,HOBBIES,53,0
2015-06-21,HOUSEHOLD_1,HOUSEHOLD,804,0
2015-06-21,HOUSEHOLD_2,HOUSEHOLD,236,0
2015-06-22,FOODS_1,FOODS,329,0
2015-06-22,FOODS_2,FOODS,470,0
2015-06-22,FOODS_3,FOODS,2064,0
2015-06-22,HOBBIES_1,HOBBIES,455,0
2015-06-22,HOBBIES_2,HOBBIES,35,0
2015-06-22,HOUSEHOLD_1,HOUSEHOLD,725,0
2015-06-22,HOUSEHOLD_2,HOUSEHOLD,185,0
2015-06-23,FOODS_1,FOODS,390,0
2015-06-23,FOODS_2,FOODS,418,0
2015-06-23,FOODS_3,FOODS,2085,0
2015-06-23,HOBBIES_1,HOBBIES,437,0
2015-06-23,HOBBIES_2,HOBBIES,43,0
2015-06-23,HOUSEHOLD_1,HOUSEHOLD,688,0
2015-06-23,HOUSEHOLD_2,HOUSEHOLD,198,0
2015-06-24,FOODS_1,FOODS,296,0
2015-06-24,FOODS_2,FOODS,350,0
2015-06-24,FOODS_3,FOODS,1810,0
2015-06-24,HOBBIES_1,HOBBIES,489,0
2015-06-24,HOBBIES_2,HOBBIES,22,0
2015-06-24,HOUSEHOLD_1,HOUSEHOLD,664,0
2015-06-24,HOUSEHOLD_2,HOUSEHOLD,220,0
2015-06-25,FOODS_1,FOODS,371,0
2015-06-25,FOODS_2,FOODS,388,0
2015-06-25,FOODS_3,FOODS,1894,0
2015-06-25,HOBBIES_1,HOBBIES,432,0
2015-06-25,HOBBIES_2,HOBBIES,39,0
2015-06-25,HOUSEHOLD_1,HOUSEHOLD,582,0
2015-06-25,HOUSEHOLD_2,HOUSEHOLD,156,0
2015-06-26,FOODS_1,FOODS,340,0
2015-06-26,FOODS_2,FOODS,424,0
2015-06-26,FOODS_3,FOODS,2012,0
2015-06-26,HOBBIES_1,HOBBIES,453,0
2015-06-26,HOBBIES_2,HOBBIES,99,0
2015-06-26,HOUSEHOLD_1,HOUSEHOLD,784,0
2015-06-26,HOUSEHOLD_2,HOUSEHOLD,241,0
2015-06-27,FOODS_1,FOODS,480,0
2015-06-27,FOODS_2,FOODS,539,0
2015-06-27,FOODS_3,FOODS,2468,0
2015-06-27,HOBBIES_1,HOBBIES,570,0
2015-06-27,HOBBIES_2,HOBBIES,33,0
2015-06-27,HOUSEHOLD_1,HOUSEHOLD,939,0
2015-06-27,HOUSEHOLD_2,HOUSEHOLD,299,0
2015-06-28,FOODS_1,FOODS,422,0
2015-06-28,FOODS_2,FOODS,547,0
2015-06-28,FOODS_3,FOODS,2692,0
2015-06-28,HOBBIES_1,HOBBIES,653,0
2015-06-28,HOBBIES_2,HOBBIES,31,0
2015-06-28,HOUSEHOLD_1,HOUSEHOLD,1130,0
2015-06-28,HOUSEHOLD_2,HOUSEHOLD,301,0
2015-06-29,FOODS_1,FOODS,319,0
2015-06-29,FOODS_2,FOODS,376,0
2015-06-29,FOODS_3,FOODS,1731,0
2015-06-29,HOBBIES_1,HOBBIES,517,0
2015-06-29,HOBBIES_2,HOBBIES,41,0
2015-06-29,HOUSEHOLD_1,HOUSEHOLD,736,0
2015-06-29,HOUSEHOLD_2,HOUSEHOLD,199,0
2015-06-30,FOODS_1,FOODS,275,0
2015-06-30,FOODS_2,FOODS,333,0
2015-06-30,FOODS_3,FOODS,2007,0
2015-06-30,HOBBIES_1,HOBBIES,457,0
2015-06-30,HOBBIES_2,HOBBIES,24,0
2015-06-30,HOUSEHOLD_1,HOUSEHOLD,696,0
2015-06-30,HOUSEHOLD_2,HOUSEHOLD,226,0
2015-07-01,FOODS_1,FOODS,312,1
2015-07-01,FOODS_2,FOODS,418,1
2015-07-01,FOODS_3,FOODS,2190,1
2015-07-01,HOBBIES_1,HOBBIES,647,1
2015-07-01,HOBBIES_2,HOBBIES,45,1
2015-07-01,HOUSEHOLD_1,HOUSEHOLD,697,1
2015-07-01,HOUSEHOLD_2,HOUSEHOLD,241,1
2015-07-02,FOODS_1,FOODS,467,1
2015-07-02,FOODS_2,FOODS,484,1
2015-07-02,FOODS_3,FOODS,2314,1
2015-07-02,HOBBIES_1,HOBBIES,551,1
2015-07-02,HOBBIES_2,HOBBIES,45,1
2015-07-02,HOUSEHOLD_1,HOUSEHOLD,770,1
2015-07-02,HOUSEHOLD_2,HOUSEHOLD,258,1
2015-07-03,FOODS_1,FOODS,526,1
2015-07-03,FOODS_2,FOODS,553,1
2015-07-03,FOODS_3,FOODS,3145,1
2015-07-03,HOBBIES_1,HOBBIES,761,1
2015-07-03,HOBBIES_2,HOBBIES,57,1
2015-07-03,HOUSEHOLD_1,HOUSEHOLD,979,1
2015-07-03,HOUSEHOLD_2,HOUSEHOLD,348,1
2015-07-04,FOODS_1,FOODS,340,1
2015-07-04,FOODS_2,FOODS,391,1
2015-07-04,FOODS_3,FOODS,2340,1
2015-07-04,HOBBIES_1,HOBBIES,445,1
2015-07-04,HOBBIES_2,HOBBIES,31,1
2015-07-04,HOUSEHOLD_1,HOUSEHOLD,674,1
2015-07-04,HOUSEHOLD_2,HOUSEHOLD,213,1
2015-07-05,FOODS_1,FOODS,442,1
2015-07-05,FOODS_2,FOODS,594,1
2015-07-05,FOODS_3,FOODS,2359,1
2015-07-05,HOBBIES_1,HOBBIES,467,1
2015-07-05,HOBBIES_2,HOBBIES,47,1
2015-07-05,HOUSEHOLD_1,HOUSEHOLD,967,1
2015-07-05,HOUSEHOLD_2,HOUSEHOLD,266,1
2015-07-06,FOODS_1,FOODS,335,1
2015-07-06,FOODS_2,FOODS,655,1
2015-07-06,FOODS_3,FOODS,2300,1
2015-07-06,HOBBIES_1,HOBBIES,514,1
2015-07-06,HOBBIES_2,HOBBIES,34,1
2015-07-06,HOUSEHOLD_1,HOUSEHOLD,858,1
2015-07-06,HOUSEHOLD_2,HOUSEHOLD,219,1
2015-07-07,FOODS_1,FOODS,380,1
2015-07-07,FOODS_2,FOODS,538,1
2015-07-07,FOODS_3,FOODS,2073,1
2015-07-07,HOBBIES_1,HOBBIES,496,1
2015-07-07,HOBBIES_2,HOBBIES,39,1
2015-07-07,HOUSEHOLD_1,HOUSEHOLD,687,1
2015-07-07,HOUSEHOLD_2,HOUSEHOLD,197,1
2015-07-08,FOODS_1,FOODS,388,1
2015-07-08,FOODS_2,FOODS,422,1
2015-07-08,FOODS_3,FOODS,1839,1
2015-07-08,HOBBIES_1,HOBBIES,484,1
2015-07-08,HOBBIES_2,HOBBIES,49,1
2015-07-08,HOUSEHOLD_1,HOUSEHOLD,667,1
2015-07-08,HOUSEHOLD_2,HOUSEHOLD,181,1
2015-07-09,FOODS_1,FOODS,451,1
2015-07-09,FOODS_2,FOODS,470,1
2015-07-09,FOODS_3,FOODS,1883,1
2015-07-09,HOBBIES_1,HOBBIES,502,1
2015-07-09,HOBBIES_2,HOBBIES,24,1
2015-07-09,HOUSEHOLD_1,HOUSEHOLD,634,1
2015-07-09,HOUSEHOLD_2,HOUSEHOLD,256,1
2015-07-10,FOODS_1,FOODS,542,1
2015-07-10,FOODS_2,FOODS,437,1
2015-07-10,FOODS_3,FOODS,2415,1
2015-07-10,HOBBIES_1,HOBBIES,624,1
2015-07-10,HOBBIES_2,HOBBIES,33,1
2015-07-10,HOUSEHOLD_1,HOUSEHOLD,822,1
2015-07-10,HOUSEHOLD_2,HOUSEHOLD,259,1
2015-07-11,FOODS_1,FOODS,570,0
2015-07-11,FOODS_2,FOODS,562,0
2015-07-11,FOODS_3,FOODS,2604,0
2015-07-11,HOBBIES_1,HOBBIES,597,0
2015-07-11,HOBBIES_2,HOBBIES,56,0
2015-07-11,HOUSEHOLD_1,HOUSEHOLD,955,0
2015-07-11,HOUSEHOLD_2,HOUSEHOLD,287,0
2015-07-12,FOODS_1,FOODS,391,0
2015-07-12,FOODS_2,FOODS,597,0
2015-07-12,FOODS_3,FOODS,2784,0
2015-07-12,HOBBIES_1,HOBBIES,631,0
2015-07-12,HOBBIES_2,HOBBIES,57,0
2015-07-12,HOUSEHOLD_1,HOUSEHOLD,1180,0
2015-07-12,HOUSEHOLD_2,HOUSEHOLD,279,0
2015-07-13,FOODS_1,FOODS,413,0
2015-07-13,FOODS_2,FOODS,479,0
2015-07-13,FOODS_3,FOODS,1935,0
2015-07-13,HOBBIES_1,HOBBIES,504,0
2015-07-13,HOBBIES_2,HOBBIES,34,0
2015-07-13,HOUSEHOLD_1,HOUSEHOLD,864,0
2015-07-13,HOUSEHOLD_2,HOUSEHOLD,195,0
2015-07-14,FOODS_1,FOODS,376,0
2015-07-14,FOODS_2,FOODS,440,0
2015-07-14,FOODS_3,FOODS,1699,0
2015-07-14,HOBBIES_1,HOBBIES,392,0
2015-07-14,HOBBIES_2,HOBBIES,25,0
2015-07-14,HOUSEHOLD_1,HOUSEHOLD,691,0
2015-07-14,HOUSEHOLD_2,HOUSEHOLD,182,0
2015-07-15,FOODS_1,FOODS,341,0
2015-07-15,FOODS_2,FOODS,451,0
2015-07-15,FOODS_3,FOODS,1742,0
2015-07-15,HOBBIES_1,HOBBIES,471,0
2015-07-15,HOBBIES_2,HOBBIES,52,0
2015-07-15,HOUSEHOLD_1,HOUSEHOLD,732,0
2015-07-15,HOUSEHOLD_2,HOUSEHOLD,182,0
2015-07-16,FOODS_1,FOODS,404,0
2015-07-16,FOODS_2,FOODS,383,0
2015-07-16,FOODS_3,FOODS,1885,0
2015-07-16,HOBBIES_1,HOBBIES,495,0
2015-07-16,HOBBIES_2,HOBBIES,30,0
2015-07-16,HOUSEHOLD_1,HOUSEHOLD,679,0
2015-07-16,HOUSEHOLD_2,HOUSEHOLD,221,0
2015-07-17,FOODS_1,FOODS,436,0
2015-07-17,FOODS_2,FOODS,420,0
2015-07-17,FOODS_3,FOODS,2140,0
2015-07-17,HOBBIES_1,HOBBIES,515,0
2015-07-17,HOBBIES_2,HOBBIES,50,0
2015-07-17,HOUSEHOLD_1,HOUSEHOLD,823,0
2015-07-17,HOUSEHOLD_2,HOUSEHOLD,214,0
2015-07-18,FOODS_1,FOODS,416,0
2015-07-18,FOODS_2,FOODS,450,0
2015-07-18,FOODS_3,FOODS,2324,0
2015-07-18,HOBBIES_1,HOBBIES,651,0
2015-07-18,HOBBIES_2,HOBBIES,52,0
2015-07-18,HOUSEHOLD_1,HOUSEHOLD,951,0
2015-07-18,HOUSEHOLD_2,HOUSEHOLD,289,0
2015-07-19,FOODS_1,FOODS,356,0
2015-07-19,FOODS_2,FOODS,559,0
2015-07-19,FOODS_3,FOODS,2538,0
2015-07-19,HOBBIES_1,HOBBIES,704,0
2015-07-19,HOBBIES_2,HOBBIES,36,0
2015-07-19,HOUSEHOLD_1,HOUSEHOLD,1170,0
2015-07-19,HOUSEHOLD_2,HOUSEHOLD,292,0
2015-07-20,FOODS_1,FOODS,298,0
2015-07-20,FOODS_2,FOODS,466,0
2015-07-20,FOODS_3,FOODS,2113,0
2015-07-20,HOBBIES_1,HOBBIES,440,0
2015-07-20,HOBBIES_2,HOBBIES,52,0
2015-07-20,HOUSEHOLD_1,HOUSEHOLD,820,0
2015-07-20,HOUSEHOLD_2,HOUSEHOLD,200,0
2015-07-21,FOODS_1,FOODS,348,0
2015-07-21,FOODS_2,FOODS,440,0
2015-07-21,FOODS_3,FOODS,1740,0
2015-07-21,HOBBIES_1,HOBBIES,397,0
2015-07-21,HOBBIES_2,HOBBIES,28,0
2015-07-21,HOUSEHOLD_1,HOUSEHOLD,663,0
2015-07-21,HOUSEHOLD_2,HOUSEHOLD,180,0
2015-07-22,FOODS_1,FOODS,374,0
2015-07-22,FOODS_2,FOODS,380,0
2015-07-22,FOODS_3,FOODS,1853,0
2015-07-22,HOBBIES_1,HOBBIES,594,0
2015-07-22,HOBBIES_2,HOBBIES,40,0
2015-07-22,HOUSEHOLD_1,HOUSEHOLD,701,0
2015-07-22,HOUSEHOLD_2,HOUSEHOLD,164,0
2015-07-23,FOODS_1,FOODS,347,0
2015-07-23,FOODS_2,FOODS,345,0
2015-07-23,FOODS_3,FOODS,1672,0
2015-07-23,HOBBIES_1,HOBBIES,463,0
2015-07-23,HOBBIES_2,HOBBIES,40,0
2015-07-23,HOUSEHOLD_1,HOUSEHOLD,772,0
2015-07-23,HOUSEHOLD_2,HOUSEHOLD,204,0
2015-07-24,FOODS_1,FOODS,384,0
2015-07-24,FOODS_2,FOODS,405,0
2015-07-24,FOODS_3,FOODS,2049,0
2015-07-24,HOBBIES_1,HOBBIES,522,0
2015-07-24,HOBBIES_2,HOBBIES,30,0
2015-07-24,HOUSEHOLD_1,HOUSEHOLD,742,0
2015-07-24,HOUSEHOLD_2,HOUSEHOLD,259,0
2015-07-25,FOODS_1,FOODS,325,0
2015-07-25,FOODS_2,FOODS,424,0
2015-07-25,FOODS_3,FOODS,2237,0
2015-07-25,HOBBIES_1,HOBBIES,524,0
2015-07-25,HOBBIES_2,HOBBIES,28,0
2015-07-25,HOUSEHOLD_1,HOUSEHOLD,834,0
2015-07-25,HOUSEHOLD_2,HOUSEHOLD,239,0
2015-07-26,FOODS_1,FOODS,357,0
2015-07-26,FOODS_2,FOODS,524,0
2015-07-26,FOODS_3,FOODS,2532,0
2015-07-26,HOBBIES_1,HOBBIES,496,0
2015-07-26,HOBBIES_2,HOBBIES,30,0
2015-07-26,HOUSEHOLD_1,HOUSEHOLD,1028,0
2015-07-26,HOUSEHOLD_2,HOUSEHOLD,287,0
2015-07-27,FOODS_1,FOODS,326,0
2015-07-27,FOODS_2,FOODS,421,0
2015-07-27,FOODS_3,FOODS,2273,0
2015-07-27,HOBBIES_1,HOBBIES,545,0
2015-07-27,HOBBIES_2,HOBBIES,34,0
2015-07-27,HOUSEHOLD_1,HOUSEHOLD,890,0
2015-07-27,HOUSEHOLD_2,HOUSEHOLD,250,0
2015-07-28,FOODS_1,FOODS,259,0
2015-07-28,FOODS_2,FOODS,404,0
2015-07-28,FOODS_3,FOODS,1852,0
2015-07-28,HOBBIES_1,HOBBIES,449,0
2015-07-28,HOBBIES_2,HOBBIES,44,0
2015-07-28,HOUSEHOLD_1,HOUSEHOLD,759,0
2015-07-28,HOUSEHOLD_2,HOUSEHOLD,184,0
2015-07-29,FOODS_1,FOODS,293,0
2015-07-29,FOODS_2,FOODS,312,0
2015-07-29,FOODS_3,FOODS,1751,0
2015-07-29,HOBBIES_1,HOBBIES,384,0
2015-07-29,HOBBIES_2,HOBBIES,28,0
2015-07-29,HOUSEHOLD_1,HOUSEHOLD,673,0
2015-07-29,HOUSEHOLD_2,HOUSEHOLD,191,0
2015-07-30,FOODS_1,FOODS,354,0
2015-07-30,FOODS_2,FOODS,413,0
2015-07-30,FOODS_3,FOODS,1949,0
2015-07-30,HOBBIES_1,HOBBIES,424,0
2015-07-30,HOBBIES_2,HOBBIES,51,0
2015-07-30,HOUSEHOLD_1,HOUSEHOLD,677,0
2015-07-30,HOUSEHOLD_2,HOUSEHOLD,204,0
2015-07-31,FOODS_1,FOODS,456,0
2015-07-31,FOODS_2,FOODS,455,0
2015-07-31,FOODS_3,FOODS,2331,0
2015-07-31,HOBBIES_1,HOBBIES,561,0
2015-07-31,HOBBIES_2,HOBBIES,40,0
2015-07-31,HOUSEHOLD_1,HOUSEHOLD,776,0
2015-07-31,HOUSEHOLD_2,HOUSEHOLD,246,0
2015-08-01,FOODS_1,FOODS,471,1
2015-08-01,FOODS_2,FOODS,538,1
2015-08-01,FOODS_3,FOODS,2795,1
2015-08-01,HOBBIES_1,HOBBIES,715,1
2015-08-01,HOBBIES_2,HOBBIES,34,1
2015-08-01,HOUSEHOLD_1,HOUSEHOLD,1052,1
2015-08-01,HOUSEHOLD_2,HOUSEHOLD,272,1
2015-08-02,FOODS_1,FOODS,406,1
2015-08-02,FOODS_2,FOODS,715,1
2015-08-02,FOODS_3,FOODS,3227,1
2015-08-02,HOBBIES_1,HOBBIES,715,1
2015-08-02,HOBBIES_2,HOBBIES,40,1
2015-08-02,HOUSEHOLD_1,HOUSEHOLD,1389,1
2015-08-02,HOUSEHOLD_2,HOUSEHOLD,276,1
2015-08-03,FOODS_1,FOODS,342,1
2015-08-03,FOODS_2,FOODS,639,1
2015-08-03,FOODS_3,FOODS,2482,1
2015-08-03,HOBBIES_1,HOBBIES,636,1
2015-08-03,HOBBIES_2,HOBBIES,46,1
2015-08-03,HOUSEHOLD_1,HOUSEHOLD,929,1
2015-08-03,HOUSEHOLD_2,HOUSEHOLD,252,1
2015-08-04,FOODS_1,FOODS,377,1
2015-08-04,FOODS_2,FOODS,542,1
2015-08-04,FOODS_3,FOODS,2019,1
2015-08-04,HOBBIES_1,HOBBIES,470,1
2015-08-04,HOBBIES_2,HOBBIES,20,1
2015-08-04,HOUSEHOLD_1,HOUSEHOLD,798,1
2015-08-04,HOUSEHOLD_2,HOUSEHOLD,192,1
2015-08-05,FOODS_1,FOODS,398,1
2015-08-05,FOODS_2,FOODS,486,1
2015-08-05,FOODS_3,FOODS,1938,1
2015-08-05,HOBBIES_1,HOBBIES,455,1
2015-08-05,HOBBIES_2,HOBBIES,32,1
2015-08-05,HOUSEHOLD_1,HOUSEHOLD,707,1
2015-08-05,HOUSEHOLD_2,HOUSEHOLD,186,1
2015-08-06,FOODS_1,FOODS,334,1
2015-08-06,FOODS_2,FOODS,492,1
2015-08-06,FOODS_3,FOODS,2093,1
2015-08-06,HOBBIES_1,HOBBIES,474,1
2015-08-06,HOBBIES_2,HOBBIES,41,1
2015-08-06,HOUSEHOLD_1,HOUSEHOLD,704,1
2015-08-06,HOUSEHOLD_2,HOUSEHOLD,194,1
2015-08-07,FOODS_1,FOODS,460,1
2015-08-07,FOODS_2,FOODS,549,1
2015-08-07,FOODS_3,FOODS,2131,1
2015-08-07,HOBBIES_1,HOBBIES,570,1
2015-08-07,HOBBIES_2,HOBBIES,52,1
2015-08-07,HOUSEHOLD_1,HOUSEHOLD,783,1
2015-08-07,HOUSEHOLD_2,HOUSEHOLD,237,1
2015-08-08,FOODS_1,FOODS,498,1
2015-08-08,FOODS_2,FOODS,683,1
2015-08-08,FOODS_3,FOODS,2745,1
2015-08-08,HOBBIES_1,HOBBIES,588,1
2015-08-08,HOBBIES_2,HOBBIES,71,1
2015-08-08,HOUSEHOLD_1,HOUSEHOLD,1121,1
2015-08-08,HOUSEHOLD_2,HOUSEHOLD,314,1
2015-08-09,FOODS_1,FOODS,387,1
2015-08-09,FOODS_2,FOODS,737,1
2015-08-09,FOODS_3,FOODS,2991,1
2015-08-09,HOBBIES_1,HOBBIES,684,1
2015-08-09,HOBBIES_2,HOBBIES,54,1
2015-08-09,HOUSEHOLD_1,HOUSEHOLD,1115,1
2015-08-09,HOUSEHOLD_2,HOUSEHOLD,284,1
2015-08-10,FOODS_1,FOODS,325,1
2015-08-10,FOODS_2,FOODS,564,1
2015-08-10,FOODS_3,FOODS,2239,1
2015-08-10,HOBBIES_1,HOBBIES,448,1
2015-08-10,HOBBIES_2,HOBBIES,51,1
2015-08-10,HOUSEHOLD_1,HOUSEHOLD,847,1
2015-08-10,HOUSEHOLD_2,HOUSEHOLD,246,1
2015-08-11,FOODS_1,FOODS,286,0
2015-08-11,FOODS_2,FOODS,494,0
2015-08-11,FOODS_3,FOODS,1849,0
2015-08-11,HOBBIES_1,HOBBIES,550,0
2015-08-11,HOBBIES_2,HOBBIES,40,0
2015-08-11,HOUSEHOLD_1,HOUSEHOLD,733,0
2015-08-11,HOUSEHOLD_2,HOUSEHOLD,195,0
2015-08-12,FOODS_1,FOODS,330,0
2015-08-12,FOODS_2,FOODS,473,0
2015-08-12,FOODS_3,FOODS,1857,0
2015-08-12,HOBBIES_1,HOBBIES,485,0
2015-08-12,HOBBIES_2,HOBBIES,43,0
2015-08-12,HOUSEHOLD_1,HOUSEHOLD,692,0
2015-08-12,HOUSEHOLD_2,HOUSEHOLD,194,0
2015-08-13,FOODS_1,FOODS,311,0
2015-08-13,FOODS_2,FOODS,389,0
2015-08-13,FOODS_3,FOODS,1684,0
2015-08-13,HOBBIES_1,HOBBIES,449,0
2015-08-13,HOBBIES_2,HOBBIES,32,0
2015-08-13,HOUSEHOLD_1,HOUSEHOLD,607,0
2015-08-13,HOUSEHOLD_2,HOUSEHOLD,199,0
2015-08-14,FOODS_1,FOODS,354,0
2015-08-14,FOODS_2,FOODS,430,0
2015-08-14,FOODS_3,FOODS,2115,0
2015-08-14,HOBBIES_1,HOBBIES,462,0
2015-08-14,HOBBIES_2,HOBBIES,48,0
2015-08-14,HOUSEHOLD_1,HOUSEHOLD,777,0
2015-08-14,HOUSEHOLD_2,HOUSEHOLD,233,0
2015-08-15,FOODS_1,FOODS,365,0
2015-08-15,FOODS_2,FOODS,490,0
2015-08-15,FOODS_3,FOODS,2588,0
2015-08-15,HOBBIES_1,HOBBIES,680,0
2015-08-15,HOBBIES_2,HOBBIES,67,0
2015-08-15,HOUSEHOLD_1,HOUSEHOLD,962,0
2015-08-15,HOUSEHOLD_2,HOUSEHOLD,256,0
2015-08-16,FOODS_1,FOODS,335,0
2015-08-16,FOODS_2,FOODS,575,0
2015-08-16,FOODS_3,FOODS,3070,0
2015-08-16,HOBBIES_1,HOBBIES,617,0
2015-08-16,HOBBIES_2,HOBBIES,49,0
2015-08-16,HOUSEHOLD_1,HOUSEHOLD,1211,0
2015-08-16,HOUSEHOLD_2,HOUSEHOLD,297,0
2015-08-17,FOODS_1,FOODS,268,0
2015-08-17,FOODS_2,FOODS,464,0
2015-08-17,FOODS_3,FOODS,2434,0
2015-08-17,HOBBIES_1,HOBBIES,488,0
2015-08-17,HOBBIES_2,HOBBIES,45,0
2015-08-17,HOUSEHOLD_1,HOUSEHOLD,843,0
2015-08-17,HOUSEHOLD_2,HOUSEHOLD,218,0
2015-08-18,FOODS_1,FOODS,264,0
2015-08-18,FOODS_2,FOODS,415,0
2015-08-18,FOODS_3,FOODS,1725,0
2015-08-18,HOBBIES_1,HOBBIES,426,0
2015-08-18,HOBBIES_2,HOBBIES,33,0
2015-08-18,HOUSEHOLD_1,HOUSEHOLD,717,0
2015-08-18,HOUSEHOLD_2,HOUSEHOLD,216,0
2015-08-19,FOODS_1,FOODS,289,0
2015-08-19,FOODS_2,FOODS,395,0
2015-08-19,FOODS_3,FOODS,1694,0
2015-08-19,HOBBIES_1,HOBBIES,624,0
2015-08-19,HOBBIES_2,HOBBIES,36,0
2015-08-19,HOUSEHOLD_1,HOUSEHOLD,647,0
2015-08-19,HOUSEHOLD_2,HOUSEHOLD,183,0
2015-08-20,FOODS_1,FOODS,305,0
2015-08-20,FOODS_2,FOODS,415,0
2015-08-20,FOODS_3,FOODS,1673,0
2015-08-20,HOBBIES_1,HOBBIES,462,0
2015-08-20,HOBBIES_2,HOBBIES,32,0
2015-08-20,HOUSEHOLD_1,HOUSEHOLD,829,0
2015-08-20,HOUSEHOLD_2,HOUSEHOLD,160,0
2015-08-21,FOODS_1,FOODS,344,0
2015-08-21,FOODS_2,FOODS,456,0
2015-08-21,FOODS_3,FOODS,1866,0
2015-08-21,HOBBIES_1,HOBBIES,520,0
2015-08-21,HOBBIES_2,HOBBIES,45,0
2015-08-21,HOUSEHOLD_1,HOUSEHOLD,751,0
2015-08-21,HOUSEHOLD_2,HOUSEHOLD,216,0
2015-08-22,FOODS_1,FOODS,376,0
2015-08-22,FOODS_2,FOODS,561,0
2015-08-22,FOODS_3,FOODS,2331,0
2015-08-22,HOBBIES_1,HOBBIES,548,0
2015-08-22,HOBBIES_2,HOBBIES,29,0
2015-08-22,HOUSEHOLD_1,HOUSEHOLD,997,0
2015-08-22,HOUSEHOLD_2,HOUSEHOLD,280,0
2015-08-23,FOODS_1,FOODS,403,0
2015-08-23,FOODS_2,FOODS,728,0
2015-08-23,FOODS_3,FOODS,2932,0
2015-08-23,HOBBIES_1,HOBBIES,568,0
2015-08-23,HOBBIES_2,HOBBIES,41,0
2015-08-23,HOUSEHOLD_1,HOUSEHOLD,1270,0
2015-08-23,HOUSEHOLD_2,HOUSEHOLD,280,0
2015-08-24,FOODS_1,FOODS,275,0
2015-08-24,FOODS_2,FOODS,485,0
2015-08-24,FOODS_3,FOODS,1787,0
2015-08-24,HOBBIES_1,HOBBIES,425,0
2015-08-24,HOBBIES_2,HOBBIES,23,0
2015-08-24,HOUSEHOLD_1,HOUSEHOLD,720,0
2015-08-24,HOUSEHOLD_2,HOUSEHOLD,173,0
2015-08-25,FOODS_1,FOODS,261,0
2015-08-25,FOODS_2,FOODS,368,0
2015-08-25,FOODS_3,FOODS,1356,0
2015-08-25,HOBBIES_1,HOBBIES,461,0
2015-08-25,HOBBIES_2,HOBBIES,41,0
2015-08-25,HOUSEHOLD_1,HOUSEHOLD,698,0
2015-08-25,HOUSEHOLD_2,HOUSEHOLD,179,0
2015-08-26,FOODS_1,FOODS,294,0
2015-08-26,FOODS_2,FOODS,309,0
2015-08-26,FOODS_3,FOODS,1549,0
2015-08-26,HOBBIES_1,HOBBIES,552,0
2015-08-26,HOBBIES_2,HOBBIES,25,0
2015-08-26,HOUSEHOLD_1,HOUSEHOLD,664,0
2015-08-26,HOUSEHOLD_2,HOUSEHOLD,165,0
2015-08-27,FOODS_1,FOODS,256,0
2015-08-27,FOODS_2,FOODS,345,0
2015-08-27,FOODS_3,FOODS,1615,0
2015-08-27,HOBBIES_1,HOBBIES,558,0
2015-08-27,HOBBIES_2,HOBBIES,39,0
2015-08-27,HOUSEHOLD_1,HOUSEHOLD,569,0
2015-08-27,HOUSEHOLD_2,HOUSEHOLD,162,0
2015-08-28,FOODS_1,FOODS,319,0
2015-08-28,FOODS_2,FOODS,441,0
2015-08-28,FOODS_3,FOODS,1900,0
2015-08-28,HOBBIES_1,HOBBIES,429,0
2015-08-28,HOBBIES_2,HOBBIES,38,0
2015-08-28,HOUSEHOLD_1,HOUSEHOLD,650,0
2015-08-28,HOUSEHOLD_2,HOUSEHOLD,224,0
2015-08-29,FOODS_1,FOODS,433,0
2015-08-29,FOODS_2,FOODS,536,0
2015-08-29,FOODS_3,FOODS,2515,0
2015-08-29,HOBBIES_1,HOBBIES,578,0
2015-08-29,HOBBIES_2,HOBBIES,28,0
2015-08-29,HOUSEHOLD_1,HOUSEHOLD,1022,0
2015-08-29,HOUSEHOLD_2,HOUSEHOLD,256,0
2015-08-30,FOODS_1,FOODS,329,0
2015-08-30,FOODS_2,FOODS,650,0
2015-08-30,FOODS_3,FOODS,2783,0
2015-08-30,HOBBIES_1,HOBBIES,519,0
2015-08-30,HOBBIES_2,HOBBIES,36,0
2015-08-30,HOUSEHOLD_1,HOUSEHOLD,1237,0
2015-08-30,HOUSEHOLD_2,HOUSEHOLD,315,0
2015-08-31,FOODS_1,FOODS,271,0
2015-08-31,FOODS_2,FOODS,463,0
2015-08-31,FOODS_3,FOODS,1876,0
2015-08-31,HOBBIES_1,HOBBIES,520,0
2015-08-31,HOBBIES_2,HOBBIES,46,0
2015-08-31,HOUSEHOLD_1,HOUSEHOLD,787,0
2015-08-31,HOUSEHOLD_2,HOUSEHOLD,201,0
2015-09-01,FOODS_1,FOODS,277,1
2015-09-01,FOODS_2,FOODS,495,1
2015-09-01,FOODS_3,FOODS,1775,1
2015-09-01,HOBBIES_1,HOBBIES,398,1
2015-09-01,HOBBIES_2,HOBBIES,15,1
2015-09-01,HOUSEHOLD_1,HOUSEHOLD,835,1
2015-09-01,HOUSEHOLD_2,HOUSEHOLD,188,1
2015-09-02,FOODS_1,FOODS,320,1
2015-09-02,FOODS_2,FOODS,461,1
2015-09-02,FOODS_3,FOODS,1621,1
2015-09-02,HOBBIES_1,HOBBIES,469,1
2015-09-02,HOBBIES_2,HOBBIES,16,1
2015-09-02,HOUSEHOLD_1,HOUSEHOLD,730,1
2015-09-02,HOUSEHOLD_2,HOUSEHOLD,168,1
2015-09-03,FOODS_1,FOODS,318,1
2015-09-03,FOODS_2,FOODS,531,1
2015-09-03,FOODS_3,FOODS,1882,1
2015-09-03,HOBBIES_1,HOBBIES,651,1
2015-09-03,HOBBIES_2,HOBBIES,30,1
2015-09-03,HOUSEHOLD_1,HOUSEHOLD,729,1
2015-09-03,HOUSEHOLD_2,HOUSEHOLD,186,1
2015-09-04,FOODS_1,FOODS,395,1
2015-09-04,FOODS_2,FOODS,611,1
2015-09-04,FOODS_3,FOODS,2207,1
2015-09-04,HOBBIES_1,HOBBIES,442,1
2015-09-04,HOBBIES_2,HOBBIES,38,1
2015-09-04,HOUSEHOLD_1,HOUSEHOLD,840,1
2015-09-04,HOUSEHOLD_2,HOUSEHOLD,195,1
2015-09-05,FOODS_1,FOODS,411,1
2015-09-05,FOODS_2,FOODS,673,1
2015-09-05,FOODS_3,FOODS,2791,1
2015-09-05,HOBBIES_1,HOBBIES,582,1
2015-09-05,HOBBIES_2,HOBBIES,46,1
2015-09-05,HOUSEHOLD_1,HOUSEHOLD,1011,1
2015-09-05,HOUSEHOLD_2,HOUSEHOLD,243,1
2015-09-06,FOODS_1,FOODS,345,1
2015-09-06,FOODS_2,FOODS,535,1
2015-09-06,FOODS_3,FOODS,2674,1
2015-09-06,HOBBIES_1,HOBBIES,595,1
2015-09-06,HOBBIES_2,HOBBIES,65,1
2015-09-06,HOUSEHOLD_1,HOUSEHOLD,996,1
2015-09-06,HOUSEHOLD_2,HOUSEHOLD,266,1
2015-09-07,FOODS_1,FOODS,365,1
2015-09-07,FOODS_2,FOODS,629,1
2015-09-07,FOODS_3,FOODS,2715,1
2015-09-07,HOBBIES_1,HOBBIES,614,1
2015-09-07,HOBBIES_2,HOBBIES,35,1
2015-09-07,HOUSEHOLD_1,HOUSEHOLD,1034,1
2015-09-07,HOUSEHOLD_2,HOUSEHOLD,244,1
2015-09-08,FOODS_1,FOODS,251,1
2015-09-08,FOODS_2,FOODS,548,1
2015-09-08,FOODS_3,FOODS,1877,1
2015-09-08,HOBBIES_1,HOBBIES,494,1
2015-09-08,HOBBIES_2,HOBBIES,38,1
2015-09-08,HOUSEHOLD_1,HOUSEHOLD,736,1
2015-09-08,HOUSEHOLD_2,HOUSEHOLD,162,1
2015-09-09,FOODS_1,FOODS,236,1
2015-09-09,FOODS_2,FOODS,486,1
2015-09-09,FOODS_3,FOODS,1916,1
2015-09-09,HOBBIES_1,HOBBIES,476,1
2015-09-09,HOBBIES_2,HOBBIES,17,1
2015-09-09,HOUSEHOLD_1,HOUSEHOLD,510,1
2015-09-09,HOUSEHOLD_2,HOUSEHOLD,172,1
2015-09-10,FOODS_1,FOODS,248,1
2015-09-10,FOODS_2,FOODS,510,1
2015-09-10,FOODS_3,FOODS,1799,1
2015-09-10,HOBBIES_1,HOBBIES,440,1
2015-09-10,HOBBIES_2,HOBBIES,19,1
2015-09-10,HOUSEHOLD_1,HOUSEHOLD,637,1
2015-09-10,HOUSEHOLD_2,HOUSEHOLD,192,1
2015-09-11,FOODS_1,FOODS,274,0
2015-09-11,FOODS_2,FOODS,516,0
2015-09-11,FOODS_3,FOODS,2073,0
2015-09-11,HOBBIES_1,HOBBIES,492,0
2015-09-11,HOBBIES_2,HOBBIES,34,0
2015-09-11,HOUSEHOLD_1,HOUSEHOLD,768,0
2015-09-11,HOUSEHOLD_2,HOUSEHOLD,223,0
2015-09-12,FOODS_1,FOODS,338,0
2015-09-12,FOODS_2,FOODS,692,0
2015-09-12,FOODS_3,FOODS,2602,0
2015-09-12,HOBBIES_1,HOBBIES,534,0
2015-09-12,HOBBIES_2,HOBBIES,47,0
2015-09-12,HOUSEHOLD_1,HOUSEHOLD,974,0
2015-09-12,HOUSEHOLD_2,HOUSEHOLD,280,0
2015-09-13,FOODS_1,FOODS,345,0
2015-09-13,FOODS_2,FOODS,752,0
2015-09-13,FOODS_3,FOODS,2904,0
2015-09-13,HOBBIES_1,HOBBIES,582,0
2015-09-13,HOBBIES_2,HOBBIES,35,0
2015-09-13,HOUSEHOLD_1,HOUSEHOLD,1162,0
2015-09-13,HOUSEHOLD_2,HOUSEHOLD,272,0
2015-09-14,FOODS_1,FOODS,327,0
2015-09-14,FOODS_2,FOODS,523,0
2015-09-14,FOODS_3,FOODS,1864,0
2015-09-14,HOBBIES_1,HOBBIES,438,0
2015-09-14,HOBBIES_2,HOBBIES,37,0
2015-09-14,HOUSEHOLD_1,HOUSEHOLD,765,0
2015-09-14,HOUSEHOLD_2,HOUSEHOLD,179,0
2015-09-15,FOODS_1,FOODS,326,0
2015-09-15,FOODS_2,FOODS,483,0
2015-09-15,FOODS_3,FOODS,1732,0
2015-09-15,HOBBIES_1,HOBBIES,439,0
2015-09-15,HOBBIES_2,HOBBIES,35,0
2015-09-15,HOUSEHOLD_1,HOUSEHOLD,738,0
2015-09-15,HOUSEHOLD_2,HOUSEHOLD,175,0
2015-09-16,FOODS_1,FOODS,189,0
2015-09-16,FOODS_2,FOODS,383,0
2015-09-16,FOODS_3,FOODS,1625,0
2015-09-16,HOBBIES_1,HOBBIES,376,0
2015-09-16,HOBBIES_2,HOBBIES,31,0
2015-09-16,HOUSEHOLD_1,HOUSEHOLD,651,0
2015-09-16,HOUSEHOLD_2,HOUSEHOLD,150,0
2015-09-17,FOODS_1,FOODS,272,0
2015-09-17,FOODS_2,FOODS,433,0
2015-09-17,FOODS_3,FOODS,1665,0
2015-09-17,HOBBIES_1,HOBBIES,574,0
2015-09-17,HOBBIES_2,HOBBIES,55,0
2015-09-17,HOUSEHOLD_1,HOUSEHOLD,592,0
2015-09-17,HOUSEHOLD_2,HOUSEHOLD,182,0
2015-09-18,FOODS_1,FOODS,337,0
2015-09-18,FOODS_2,FOODS,535,0
2015-09-18,FOODS_3,FOODS,2061,0
2015-09-18,HOBBIES_1,HOBBIES,682,0
2015-09-18,HOBBIES_2,HOBBIES,39,0
2015-09-18,HOUSEHOLD_1,HOUSEHOLD,798,0
2015-09-18,HOUSEHOLD_2,HOUSEHOLD,223,0
2015-09-19,FOODS_1,FOODS,306,0
2015-09-19,FOODS_2,FOODS,642,0
2015-09-19,FOODS_3,FOODS,2758,0
2015-09-19,HOBBIES_1,HOBBIES,584,0
2015-09-19,HOBBIES_2,HOBBIES,42,0
2015-09-19,HOUSEHOLD_1,HOUSEHOLD,1013,0
2015-09-19,HOUSEHOLD_2,HOUSEHOLD,282,0
2015-09-20,FOODS_1,FOODS,318,0
2015-09-20,FOODS_2,FOODS,706,0
2015-09-20,FOODS_3,FOODS,3076,0
2015-09-20,HOBBIES_1,HOBBIES,540,0
2015-09-20,HOBBIES_2,HOBBIES,58,0
2015-09-20,HOUSEHOLD_1,HOUSEHOLD,1160,0
2015-09-20,HOUSEHOLD_2,HOUSEHOLD,265,0
2015-09-21,FOODS_1,FOODS,248,0
2015-09-21,FOODS_2,FOODS,435,0
2015-09-21,FOODS_3,FOODS,2170,0
2015-09-21,HOBBIES_1,HOBBIES,428,0
2015-09-21,HOBBIES_2,HOBBIES,25,0
2015-09-21,HOUSEHOLD_1,HOUSEHOLD,897,0
2015-09-21,HOUSEHOLD_2,HOUSEHOLD,222,0
2015-09-22,FOODS_1,FOODS,268,0
2015-09-22,FOODS_2,FOODS,454,0
2015-09-22,FOODS_3,FOODS,1818,0
2015-09-22,HOBBIES_1,HOBBIES,437,0
2015-09-22,HOBBIES_2,HOBBIES,40,0
2015-09-22,HOUSEHOLD_1,HOUSEHOLD,720,0
2015-09-22,HOUSEHOLD_2,HOUSEHOLD,175,0
2015-09-23,FOODS_1,FOODS,266,0
2015-09-23,FOODS_2,FOODS,381,0
2015-09-23,FOODS_3,FOODS,1696,0
2015-09-23,HOBBIES_1,HOBBIES,472,0
2015-09-23,HOBBIES_2,HOBBIES,23,0
2015-09-23,HOUSEHOLD_1,HOUSEHOLD,649,0
2015-09-23,HOUSEHOLD_2,HOUSEHOLD,169,0
2015-09-24,FOODS_1,FOODS,321,0
2015-09-24,FOODS_2,FOODS,365,0
2015-09-24,FOODS_3,FOODS,1584,0
2015-09-24,HOBBIES_1,HOBBIES,359,0
2015-09-24,HOBBIES_2,HOBBIES,27,0
2015-09-24,HOUSEHOLD_1,HOUSEHOLD,626,0
2015-09-24,HOUSEHOLD_2,HOUSEHOLD,148,0
2015-09-25,FOODS_1,FOODS,313,0
2015-09-25,FOODS_2,FOODS,435,0
2015-09-25,FOODS_3,FOODS,2094,0
2015-09-25,HOBBIES_1,HOBBIES,572,0
2015-09-25,HOBBIES_2,HOBBIES,42,0
2015-09-25,HOUSEHOLD_1,HOUSEHOLD,827,0
2015-09-25,HOUSEHOLD_2,HOUSEHOLD,232,0
2015-09-26,FOODS_1,FOODS,387,0
2015-09-26,FOODS_2,FOODS,609,0
2015-09-26,FOODS_3,FOODS,2632,0
2015-09-26,HOBBIES_1,HOBBIES,554,0
2015-09-26,HOBBIES_2,HOBBIES,40,0
2015-09-26,HOUSEHOLD_1,HOUSEHOLD,965,0
2015-09-26,HOUSEHOLD_2,HOUSEHOLD,234,0
2015-09-27,FOODS_1,FOODS,299,0
2015-09-27,FOODS_2,FOODS,710,0
2015-09-27,FOODS_3,FOODS,2876,0
2015-09-27,HOBBIES_1,HOBBIES,553,0
2015-09-27,HOBBIES_2,HOBBIES,38,0
2015-09-27,HOUSEHOLD_1,HOUSEHOLD,1091,0
2015-09-27,HOUSEHOLD_2,HOUSEHOLD,271,0
2015-09-28,FOODS_1,FOODS,281,0
2015-09-28,FOODS_2,FOODS,491,0
2015-09-28,FOODS_3,FOODS,1851,0
2015-09-28,HOBBIES_1,HOBBIES,466,0
2015-09-28,HOBBIES_2,HOBBIES,17,0
2015-09-28,HOUSEHOLD_1,HOUSEHOLD,783,0
2015-09-28,HOUSEHOLD_2,HOUSEHOLD,164,0
2015-09-29,FOODS_1,FOODS,252,0
2015-09-29,FOODS_2,FOODS,470,0
2015-09-29,FOODS_3,FOODS,1364,0
2015-09-29,HOBBIES_1,HOBBIES,362,0
2015-09-29,HOBBIES_2,HOBBIES,33,0
2015-09-29,HOUSEHOLD_1,HOUSEHOLD,665,0
2015-09-29,HOUSEHOLD_2,HOUSEHOLD,147,0
2015-09-30,FOODS_1,FOODS,241,0
2015-09-30,FOODS_2,FOODS,428,0
2015-09-30,FOODS_3,FOODS,1524,0
2015-09-30,HOBBIES_1,HOBBIES,399,0
2015-09-30,HOBBIES_2,HOBBIES,31,0
2015-09-30,HOUSEHOLD_1,HOUSEHOLD,587,0
2015-09-30,HOUSEHOLD_2,HOUSEHOLD,167,0
2015-10-01,FOODS_1,FOODS,284,1
2015-10-01,FOODS_2,FOODS,480,1
2015-10-01,FOODS_3,FOODS,1733,1
2015-10-01,HOBBIES_1,HOBBIES,540,1
2015-10-01,HOBBIES_2,HOBBIES,25,1
2015-10-01,HOUSEHOLD_1,HOUSEHOLD,679,1
2015-10-01,HOUSEHOLD_2,HOUSEHOLD,200,1
2015-10-02,FOODS_1,FOODS,352,1
2015-10-02,FOODS_2,FOODS,643,1
2015-10-02,FOODS_3,FOODS,2355,1
2015-10-02,HOBBIES_1,HOBBIES,660,1
2015-10-02,HOBBIES_2,HOBBIES,32,1
2015-10-02,HOUSEHOLD_1,HOUSEHOLD,884,1
2015-10-02,HOUSEHOLD_2,HOUSEHOLD,219,1
2015-10-03,FOODS_1,FOODS,424,1
2015-10-03,FOODS_2,FOODS,785,1
2015-10-03,FOODS_3,FOODS,2995,1
2015-10-03,HOBBIES_1,HOBBIES,676,1
2015-10-03,HOBBIES_2,HOBBIES,49,1
2015-10-03,HOUSEHOLD_1,HOUSEHOLD,1222,1
2015-10-03,HOUSEHOLD_2,HOUSEHOLD,282,1
2015-10-04,FOODS_1,FOODS,380,1
2015-10-04,FOODS_2,FOODS,892,1
2015-10-04,FOODS_3,FOODS,3337,1
2015-10-04,HOBBIES_1,HOBBIES,617,1
2015-10-04,HOBBIES_2,HOBBIES,76,1
2015-10-04,HOUSEHOLD_1,HOUSEHOLD,1099,1
2015-10-04,HOUSEHOLD_2,HOUSEHOLD,267,1
2015-10-05,FOODS_1,FOODS,309,1
2015-10-05,FOODS_2,FOODS,750,1
2015-10-05,FOODS_3,FOODS,2280,1
2015-10-05,HOBBIES_1,HOBBIES,402,1
2015-10-05,HOBBIES_2,HOBBIES,35,1
2015-10-05,HOUSEHOLD_1,HOUSEHOLD,858,1
2015-10-05,HOUSEHOLD_2,HOUSEHOLD,213,1
2015-10-06,FOODS_1,FOODS,257,1
2015-10-06,FOODS_2,FOODS,649,1
2015-10-06,FOODS_3,FOODS,1908,1
2015-10-06,HOBBIES_1,HOBBIES,453,1
2015-10-06,HOBBIES_2,HOBBIES,28,1
2015-10-06,HOUSEHOLD_1,HOUSEHOLD,694,1
2015-10-06,HOUSEHOLD_2,HOUSEHOLD,149,1
2015-10-07,FOODS_1,FOODS,257,1
2015-10-07,FOODS_2,FOODS,515,1
2015-10-07,FOODS_3,FOODS,1791,1
2015-10-07,HOBBIES_1,HOBBIES,479,1
2015-10-07,HOBBIES_2,HOBBIES,49,1
2015-10-07,HOUSEHOLD_1,HOUSEHOLD,698,1
2015-10-07,HOUSEHOLD_2,HOUSEHOLD,167,1
2015-10-08,FOODS_1,FOODS,300,1
2015-10-08,FOODS_2,FOODS,431,1
2015-10-08,FOODS_3,FOODS,1909,1
2015-10-08,HOBBIES_1,HOBBIES,464,1
2015-10-08,HOBBIES_2,HOBBIES,37,1
2015-10-08,HOUSEHOLD_1,HOUSEHOLD,618,1
2015-10-08,HOUSEHOLD_2,HOUSEHOLD,233,1
2015-10-09,FOODS_1,FOODS,340,1
2015-10-09,FOODS_2,FOODS,527,1
2015-10-09,FOODS_3,FOODS,2390,1
2015-10-09,HOBBIES_1,HOBBIES,517,1
2015-10-09,HOBBIES_2,HOBBIES,40,1
2015-10-09,HOUSEHOLD_1,HOUSEHOLD,742,1
2015-10-09,HOUSEHOLD_2,HOUSEHOLD,192,1
2015-10-10,FOODS_1,FOODS,352,1
2015-10-10,FOODS_2,FOODS,667,1
2015-10-10,FOODS_3,FOODS,3043,1
2015-10-10,HOBBIES_1,HOBBIES,450,1
2015-10-10,HOBBIES_2,HOBBIES,71,1
2015-10-10,HOUSEHOLD_1,HOUSEHOLD,1070,1
2015-10-10,HOUSEHOLD_2,HOUSEHOLD,270,1
2015-10-11,FOODS_1,FOODS,293,0
2015-10-11,FOODS_2,FOODS,759,0
2015-10-11,FOODS_3,FOODS,3038,0
2015-10-11,HOBBIES_1,HOBBIES,469,0
2015-10-11,HOBBIES_2,HOBBIES,55,0
2015-10-11,HOUSEHOLD_1,HOUSEHOLD,1174,0
2015-10-11,HOUSEHOLD_2,HOUSEHOLD,237,0
2015-10-12,FOODS_1,FOODS,232,0
2015-10-12,FOODS_2,FOODS,662,0
2015-10-12,FOODS_3,FOODS,2289,0
2015-10-12,HOBBIES_1,HOBBIES,526,0
2015-10-12,HOBBIES_2,HOBBIES,38,0
2015-10-12,HOUSEHOLD_1,HOUSEHOLD,882,0
2015-10-12,HOUSEHOLD_2,HOUSEHOLD,251,0
2015-10-13,FOODS_1,FOODS,237,0
2015-10-13,FOODS_2,FOODS,460,0
2015-10-13,FOODS_3,FOODS,1906,0
2015-10-13,HOBBIES_1,HOBBIES,449,0
2015-10-13,HOBBIES_2,HOBBIES,33,0
2015-10-13,HOUSEHOLD_1,HOUSEHOLD,713,0
2015-10-13,HOUSEHOLD_2,HOUSEHOLD,179,0
2015-10-14,FOODS_1,FOODS,229,0
2015-10-14,FOODS_2,FOODS,374,0
2015-10-14,FOODS_3,FOODS,1727,0
2015-10-14,HOBBIES_1,HOBBIES,421,0
2015-10-14,HOBBIES_2,HOBBIES,53,0
2015-10-14,HOUSEHOLD_1,HOUSEHOLD,683,0
2015-10-14,HOUSEHOLD_2,HOUSEHOLD,178,0
2015-10-15,FOODS_1,FOODS,225,0
2015-10-15,FOODS_2,FOODS,411,0
2015-10-15,FOODS_3,FOODS,1725,0
2015-10-15,HOBBIES_1,HOBBIES,428,0
2015-10-15,HOBBIES_2,HOBBIES,47,0
2015-10-15,HOUSEHOLD_1,HOUSEHOLD,590,0
2015-10-15,HOUSEHOLD_2,HOUSEHOLD,185,0
2015-10-16,FOODS_1,FOODS,284,0
2015-10-16,FOODS_2,FOODS,434,0
2015-10-16,FOODS_3,FOODS,1897,0
2015-10-16,HOBBIES_1,HOBBIES,473,0
2015-10-16,HOBBIES_2,HOBBIES,94,0
2015-10-16,HOUSEHOLD_1,HOUSEHOLD,736,0
2015-10-16,HOUSEHOLD_2,HOUSEHOLD,204,0
2015-10-17,FOODS_1,FOODS,337,0
2015-10-17,FOODS_2,FOODS,694,0
2015-10-17,FOODS_3,FOODS,2611,0
2015-10-17,HOBBIES_1,HOBBIES,633,0
2015-10-17,HOBBIES_2,HOBBIES,48,0
2015-10-17,HOUSEHOLD_1,HOUSEHOLD,976,0
2015-10-17,HOUSEHOLD_2,HOUSEHOLD,283,0
2015-10-18,FOODS_1,FOODS,316,0
2015-10-18,FOODS_2,FOODS,789,0
2015-10-18,FOODS_3,FOODS,2979,0
2015-10-18,HOBBIES_1,HOBBIES,547,0
2015-10-18,HOBBIES_2,HOBBIES,83,0
2015-10-18,HOUSEHOLD_1,HOUSEHOLD,1207,0
2015-10-18,HOUSEHOLD_2,HOUSEHOLD,293,0
2015-10-19,FOODS_1,FOODS,263,0
2015-10-19,FOODS_2,FOODS,483,0
2015-10-19,FOODS_3,FOODS,1829,0
2015-10-19,HOBBIES_1,HOBBIES,488,0
2015-10-19,HOBBIES_2,HOBBIES,65,0
2015-10-19,HOUSEHOLD_1,HOUSEHOLD,768,0
2015-10-19,HOUSEHOLD_2,HOUSEHOLD,198,0
2015-10-20,FOODS_1,FOODS,189,0
2015-10-20,FOODS_2,FOODS,452,0
2015-10-20,FOODS_3,FOODS,1693,0
2015-10-20,HOBBIES_1,HOBBIES,413,0
2015-10-20,HOBBIES_2,HOBBIES,79,0
2015-10-20,HOUSEHOLD_1,HOUSEHOLD,729,0
2015-10-20,HOUSEHOLD_2,HOUSEHOLD,162,0
2015-10-21,FOODS_1,FOODS,215,0
2015-10-21,FOODS_2,FOODS,456,0
2015-10-21,FOODS_3,FOODS,1600,0
2015-10-21,HOBBIES_1,HOBBIES,536,0
2015-10-21,HOBBIES_2,HOBBIES,83,0
2015-10-21,HOUSEHOLD_1,HOUSEHOLD,651,0
2015-10-21,HOUSEHOLD_2,HOUSEHOLD,176,0
2015-10-22,FOODS_1,FOODS,207,0
2015-10-22,FOODS_2,FOODS,370,0
2015-10-22,FOODS_3,FOODS,1443,0
2015-10-22,HOBBIES_1,HOBBIES,330,0
2015-10-22,HOBBIES_2,HOBBIES,112,0
2015-10-22,HOUSEHOLD_1,HOUSEHOLD,587,0
2015-10-22,HOUSEHOLD_2,HOUSEHOLD,162,0
2015-10-23,FOODS_1,FOODS,297,0
2015-10-23,FOODS_2,FOODS,480,0
2015-10-23,FOODS_3,FOODS,1845,0
2015-10-23,HOBBIES_1,HOBBIES,531,0
2015-10-23,HOBBIES_2,HOBBIES,38,0
2015-10-23,HOUSEHOLD_1,HOUSEHOLD,681,0
2015-10-23,HOUSEHOLD_2,HOUSEHOLD,204,0
2015-10-24,FOODS_1,FOODS,362,0
2015-10-24,FOODS_2,FOODS,527,0
2015-10-24,FOODS_3,FOODS,2379,0
2015-10-24,HOBBIES_1,HOBBIES,545,0
2015-10-24,HOBBIES_2,HOBBIES,71,0
2015-10-24,HOUSEHOLD_1,HOUSEHOLD,990,0
2015-10-24,HOUSEHOLD_2,HOUSEHOLD,290,0
2015-10-25,FOODS_1,FOODS,353,0
2015-10-25,FOODS_2,FOODS,639,0
2015-10-25,FOODS_3,FOODS,2960,0
2015-10-25,HOBBIES_1,HOBBIES,633,0
2015-10-25,HOBBIES_2,HOBBIES,91,0
2015-10-25,HOUSEHOLD_1,HOUSEHOLD,1104,0
2015-10-25,HOUSEHOLD_2,HOUSEHOLD,233,0
2015-10-26,FOODS_1,FOODS,223,0
2015-10-26,FOODS_2,FOODS,535,0
2015-10-26,FOODS_3,FOODS,1760,0
2015-10-26,HOBBIES_1,HOBBIES,459,0
2015-10-26,HOBBIES_2,HOBBIES,46,0
2015-10-26,HOUSEHOLD_1,HOUSEHOLD,793,0
2015-10-26,HOUSEHOLD_2,HOUSEHOLD,137,0
2015-10-27,FOODS_1,FOODS,242,0
2015-10-27,FOODS_2,FOODS,475,0
2015-10-27,FOODS_3,FOODS,1667,0
2015-10-27,HOBBIES_1,HOBBIES,450,0
2015-10-27,HOBBIES_2,HOBBIES,52,0
2015-10-27,HOUSEHOLD_1,HOUSEHOLD,641,0
2015-10-27,HOUSEHOLD_2,HOUSEHOLD,131,0
2015-10-28,FOODS_1,FOODS,238,0
2015-10-28,FOODS_2,FOODS,342,0
2015-10-28,FOODS_3,FOODS,1522,0
2015-10-28,HOBBIES_1,HOBBIES,404,0
2015-10-28,HOBBIES_2,HOBBIES,57,0
2015-10-28,HOUSEHOLD_1,HOUSEHOLD,657,0
2015-10-28,HOUSEHOLD_2,HOUSEHOLD,180,0
2015-10-29,FOODS_1,FOODS,289,0
2015-10-29,FOODS_2,FOODS,359,0
2015-10-29,FOODS_3,FOODS,1475,0
2015-10-29,HOBBIES_1,HOBBIES,385,0
2015-10-29,HOBBIES_2,HOBBIES,65,0
2015-10-29,HOUSEHOLD_1,HOUSEHOLD,601,0
2015-10-29,HOUSEHOLD_2,HOUSEHOLD,206,0
2015-10-30,FOODS_1,FOODS,405,0
2015-10-30,FOODS_2,FOODS,489,0
2015-10-30,FOODS_3,FOODS,1999,0
2015-10-30,HOBBIES_1,HOBBIES,524,0
2015-10-30,HOBBIES_2,HOBBIES,81,0
2015-10-30,HOUSEHOLD_1,HOUSEHOLD,782,0
2015-10-30,HOUSEHOLD_2,HOUSEHOLD,243,0
2015-10-31,FOODS_1,FOODS,358,0
2015-10-31,FOODS_2,FOODS,526,0
2015-10-31,FOODS_3,FOODS,2301,0
2015-10-31,HOBBIES_1,HOBBIES,661,0
2015-10-31,HOBBIES_2,HOBBIES,76,0
2015-10-31,HOUSEHOLD_1,HOUSEHOLD,992,0
2015-10-31,HOUSEHOLD_2,HOUSEHOLD,300,0
2015-11-01,FOODS_1,FOODS,180,1
2015-11-01,FOODS_2,FOODS,688,1
2015-11-01,FOODS_3,FOODS,2439,1
2015-11-01,HOBBIES_1,HOBBIES,572,1
2015-11-01,HOBBIES_2,HOBBIES,62,1
2015-11-01,HOUSEHOLD_1,HOUSEHOLD,1081,1
2015-11-01,HOUSEHOLD_2,HOUSEHOLD,238,1
2015-11-02,FOODS_1,FOODS,144,1
2015-11-02,FOODS_2,FOODS,575,1
2015-11-02,FOODS_3,FOODS,1855,1
2015-11-02,HOBBIES_1,HOBBIES,565,1
2015-11-02,HOBBIES_2,HOBBIES,30,1
2015-11-02,HOUSEHOLD_1,HOUSEHOLD,853,1
2015-11-02,HOUSEHOLD_2,HOUSEHOLD,151,1
2015-11-03,FOODS_1,FOODS,162,1
2015-11-03,FOODS_2,FOODS,622,1
2015-11-03,FOODS_3,FOODS,1813,1
2015-11-03,HOBBIES_1,HOBBIES,444,1
2015-11-03,HOBBIES_2,HOBBIES,31,1
2015-11-03,HOUSEHOLD_1,HOUSEHOLD,823,1
2015-11-03,HOUSEHOLD_2,HOUSEHOLD,208,1
2015-11-04,FOODS_1,FOODS,182,1
2015-11-04,FOODS_2,FOODS,525,1
2015-11-04,FOODS_3,FOODS,1565,1
2015-11-04,HOBBIES_1,HOBBIES,514,1
2015-11-04,HOBBIES_2,HOBBIES,59,1
2015-11-04,HOUSEHOLD_1,HOUSEHOLD,619,1
2015-11-04,HOUSEHOLD_2,HOUSEHOLD,158,1
2015-11-05,FOODS_1,FOODS,194,1
2015-11-05,FOODS_2,FOODS,440,1
2015-11-05,FOODS_3,FOODS,1551,1
2015-11-05,HOBBIES_1,HOBBIES,504,1
2015-11-05,HOBBIES_2,HOBBIES,40,1
2015-11-05,HOUSEHOLD_1,HOUSEHOLD,668,1
2015-11-05,HOUSEHOLD_2,HOUSEHOLD,144,1
2015-11-06,FOODS_1,FOODS,207,1
2015-11-06,FOODS_2,FOODS,555,1
2015-11-06,FOODS_3,FOODS,1934,1
2015-11-06,HOBBIES_1,HOBBIES,586,1
2015-11-06,HOBBIES_2,HOBBIES,62,1
2015-11-06,HOUSEHOLD_1,HOUSEHOLD,738,1
2015-11-06,HOUSEHOLD_2,HOUSEHOLD,202,1
2015-11-07,FOODS_1,FOODS,352,1
2015-11-07,FOODS_2,FOODS,670,1
2015-11-07,FOODS_3,FOODS,2402,1
2015-11-07,HOBBIES_1,HOBBIES,597,1
2015-11-07,HOBBIES_2,HOBBIES,68,1
2015-11-07,HOUSEHOLD_1,HOUSEHOLD,1043,1
2015-11-07,HOUSEHOLD_2,HOUSEHOLD,282,1
2015-11-08,FOODS_1,FOODS,276,1
2015-11-08,FOODS_2,FOODS,749,1
2015-11-08,FOODS_3,FOODS,2695,1
2015-11-08,HOBBIES_1,HOBBIES,516,1
2015-11-08,HOBBIES_2,HOBBIES,78,1
2015-11-08,HOUSEHOLD_1,HOUSEHOLD,1042,1
2015-11-08,HOUSEHOLD_2,HOUSEHOLD,243,1
2015-11-09,FOODS_1,FOODS,194,1
2015-11-09,FOODS_2,FOODS,570,1
2015-11-09,FOODS_3,FOODS,1773,1
2015-11-09,HOBBIES_1,HOBBIES,428,1
2015-11-09,HOBBIES_2,HOBBIES,35,1
2015-11-09,HOUSEHOLD_1,HOUSEHOLD,679,1
2015-11-09,HOUSEHOLD_2,HOUSEHOLD,149,1
2015-11-10,FOODS_1,FOODS,202,1
2015-11-10,FOODS_2,FOODS,537,1
2015-11-10,FOODS_3,FOODS,1778,1
2015-11-10,HOBBIES_1,HOBBIES,482,1
2015-11-10,HOBBIES_2,HOBBIES,40,1
2015-11-10,HOUSEHOLD_1,HOUSEHOLD,713,1
2015-11-10,HOUSEHOLD_2,HOUSEHOLD,176,1
2015-11-11,FOODS_1,FOODS,264,0
2015-11-11,FOODS_2,FOODS,519,0
2015-11-11,FOODS_3,FOODS,1610,0
2015-11-11,HOBBIES_1,HOBBIES,412,0
2015-11-11,HOBBIES_2,HOBBIES,59,0
2015-11-11,HOUSEHOLD_1,HOUSEHOLD,688,0
2015-11-11,HOUSEHOLD_2,HOUSEHOLD,150,0
2015-11-12,FOODS_1,FOODS,187,0
2015-11-12,FOODS_2,FOODS,347,0
2015-11-12,FOODS_3,FOODS,1328,0
2015-11-12,HOBBIES_1,HOBBIES,437,0
2015-11-12,HOBBIES_2,HOBBIES,21,0
2015-11-12,HOUSEHOLD_1,HOUSEHOLD,529,0
2015-11-12,HOUSEHOLD_2,HOUSEHOLD,135,0
2015-11-13,FOODS_1,FOODS,234,0
2015-11-13,FOODS_2,FOODS,442,0
2015-11-13,FOODS_3,FOODS,1582,0
2015-11-13,HOBBIES_1,HOBBIES,540,0
2015-11-13,HOBBIES_2,HOBBIES,43,0
2015-11-13,HOUSEHOLD_1,HOUSEHOLD,602,0
2015-11-13,HOUSEHOLD_2,HOUSEHOLD,209,0
2015-11-14,FOODS_1,FOODS,304,0
2015-11-14,FOODS_2,FOODS,617,0
2015-11-14,FOODS_3,FOODS,2286,0
2015-11-14,HOBBIES_1,HOBBIES,548,0
2015-11-14,HOBBIES_2,HOBBIES,34,0
2015-11-14,HOUSEHOLD_1,HOUSEHOLD,889,0
2015-11-14,HOUSEHOLD_2,HOUSEHOLD,276,0
2015-11-15,FOODS_1,FOODS,331,0
2015-11-15,FOODS_2,FOODS,729,0
2015-11-15,FOODS_3,FOODS,2616,0
2015-11-15,HOBBIES_1,HOBBIES,621,0
2015-11-15,HOBBIES_2,HOBBIES,87,0
2015-11-15,HOUSEHOLD_1,HOUSEHOLD,1202,0
2015-11-15,HOUSEHOLD_2,HOUSEHOLD,231,0
2015-11-16,FOODS_1,FOODS,203,0
2015-11-16,FOODS_2,FOODS,491,0
2015-11-16,FOODS_3,FOODS,1575,0
2015-11-16,HOBBIES_1,HOBBIES,417,0
2015-11-16,HOBBIES_2,HOBBIES,48,0
2015-11-16,HOUSEHOLD_1,HOUSEHOLD,709,0
2015-11-16,HOUSEHOLD_2,HOUSEHOLD,149,0
2015-11-17,FOODS_1,FOODS,224,0
2015-11-17,FOODS_2,FOODS,385,0
2015-11-17,FOODS_3,FOODS,1461,0
2015-11-17,HOBBIES_1,HOBBIES,529,0
2015-11-17,HOBBIES_2,HOBBIES,42,0
2015-11-17,HOUSEHOLD_1,HOUSEHOLD,704,0
2015-11-17,HOUSEHOLD_2,HOUSEHOLD,158,0
2015-11-18,FOODS_1,FOODS,230,0
2015-11-18,FOODS_2,FOODS,388,0
2015-11-18,FOODS_3,FOODS,1526,0
2015-11-18,HOBBIES_1,HOBBIES,479,0
2015-11-18,HOBBIES_2,HOBBIES,65,0
2015-11-18,HOUSEHOLD_1,HOUSEHOLD,622,0
2015-11-18,HOUSEHOLD_2,HOUSEHOLD,153,0
2015-11-19,FOODS_1,FOODS,245,0
2015-11-19,FOODS_2,FOODS,375,0
2015-11-19,FOODS_3,FOODS,1331,0
2015-11-19,HOBBIES_1,HOBBIES,591,0
2015-11-19,HOBBIES_2,HOBBIES,31,0
2015-11-19,HOUSEHOLD_1,HOUSEHOLD,637,0
2015-11-19,HOUSEHOLD_2,HOUSEHOLD,149,0
2015-11-20,FOODS_1,FOODS,201,0
2015-11-20,FOODS_2,FOODS,484,0
2015-11-20,FOODS_3,FOODS,1831,0
2015-11-20,HOBBIES_1,HOBBIES,575,0
2015-11-20,HOBBIES_2,HOBBIES,39,0
2015-11-20,HOUSEHOLD_1,HOUSEHOLD,713,0
2015-11-20,HOUSEHOLD_2,HOUSEHOLD,194,0
2015-11-21,FOODS_1,FOODS,326,0
2015-11-21,FOODS_2,FOODS,548,0
2015-11-21,FOODS_3,FOODS,2332,0
2015-11-21,HOBBIES_1,HOBBIES,618,0
2015-11-21,HOBBIES_2,HOBBIES,48,0
2015-11-21,HOUSEHOLD_1,HOUSEHOLD,978,0
2015-11-21,HOUSEHOLD_2,HOUSEHOLD,265,0
2015-11-22,FOODS_1,FOODS,283,0
2015-11-22,FOODS_2,FOODS,692,0
2015-11-22,FOODS_3,FOODS,2526,0
2015-11-22,HOBBIES_1,HOBBIES,617,0
2015-11-22,HOBBIES_2,HOBBIES,60,0
2015-11-22,HOUSEHOLD_1,HOUSEHOLD,1200,0
2015-11-22,HOUSEHOLD_2,HOUSEHOLD,236,0
2015-11-23,FOODS_1,FOODS,296,0
2015-11-23,FOODS_2,FOODS,572,0
2015-11-23,FOODS_3,FOODS,2028,0
2015-11-23,HOBBIES_1,HOBBIES,591,0
2015-11-23,HOBBIES_2,HOBBIES,42,0
2015-11-23,HOUSEHOLD_1,HOUSEHOLD,880,0
2015-11-23,HOUSEHOLD_2,HOUSEHOLD,198,0
2015-11-24,FOODS_1,FOODS,281,0
2015-11-24,FOODS_2,FOODS,499,0
2015-11-24,FOODS_3,FOODS,1862,0
2015-11-24,HOBBIES_1,HOBBIES,420,0
2015-11-24,HOBBIES_2,HOBBIES,53,0
2015-11-24,HOUSEHOLD_1,HOUSEHOLD,691,0
2015-11-24,HOUSEHOLD_2,HOUSEHOLD,136,0
2015-11-25,FOODS_1,FOODS,242,0
2015-11-25,FOODS_2,FOODS,405,0
2015-11-25,FOODS_3,FOODS,2454,0
2015-11-25,HOBBIES_1,HOBBIES,427,0
2015-11-25,HOBBIES_2,HOBBIES,47,0
2015-11-25,HOUSEHOLD_1,HOUSEHOLD,707,0
2015-11-25,HOUSEHOLD_2,HOUSEHOLD,156,0
2015-11-26,FOODS_1,FOODS,136,0
2015-11-26,FOODS_2,FOODS,136,0
2015-11-26,FOODS_3,FOODS,1308,0
2015-11-26,HOBBIES_1,HOBBIES,146,0
2015-11-26,HOBBIES_2,HOBBIES,14,0
2015-11-26,HOUSEHOLD_1,HOUSEHOLD,311,0
2015-11-26,HOUSEHOLD_2,HOUSEHOLD,109,0
2015-11-27,FOODS_1,FOODS,246,0
2015-11-27,FOODS_2,FOODS,220,0
2015-11-27,FOODS_3,FOODS,1176,0
2015-11-27,HOBBIES_1,HOBBIES,345,0
2015-11-27,HOBBIES_2,HOBBIES,57,0
2015-11-27,HOUSEHOLD_1,HOUSEHOLD,518,0
2015-11-27,HOUSEHOLD_2,HOUSEHOLD,134,0
2015-11-28,FOODS_1,FOODS,235,0
2015-11-28,FOODS_2,FOODS,396,0
2015-11-28,FOODS_3,FOODS,1574,0
2015-11-28,HOBBIES_1,HOBBIES,563,0
2015-11-28,HOBBIES_2,HOBBIES,66,0
2015-11-28,HOUSEHOLD_1,HOUSEHOLD,792,0
2015-11-28,HOUSEHOLD_2,HOUSEHOLD,186,0
2015-11-29,FOODS_1,FOODS,186,0
2015-11-29,FOODS_2,FOODS,613,0
2015-11-29,FOODS_3,FOODS,2048,0
2015-11-29,HOBBIES_1,HOBBIES,509,0
2015-11-29,HOBBIES_2,HOBBIES,56,0
2015-11-29,HOUSEHOLD_1,HOUSEHOLD,948,0
2015-11-29,HOUSEHOLD_2,HOUSEHOLD,225,0
2015-11-30,FOODS_1,FOODS,197,0
2015-11-30,FOODS_2,FOODS,502,0
2015-11-30,FOODS_3,FOODS,1546,0
2015-11-30,HOBBIES_1,HOBBIES,631,0
2015-11-30,HOBBIES_2,HOBBIES,40,0
2015-11-30,HOUSEHOLD_1,HOUSEHOLD,726,0
2015-11-30,HOUSEHOLD_2,HOUSEHOLD,164,0
2015-12-01,FOODS_1,FOODS,264,1
2015-12-01,FOODS_2,FOODS,490,1
2015-12-01,FOODS_3,FOODS,1543,1
2015-12-01,HOBBIES_1,HOBBIES,662,1
2015-12-01,HOBBIES_2,HOBBIES,42,1
2015-12-01,HOUSEHOLD_1,HOUSEHOLD,687,1
2015-12-01,HOUSEHOLD_2,HOUSEHOLD,191,1
2015-12-02,FOODS_1,FOODS,256,1
2015-12-02,FOODS_2,FOODS,461,1
2015-12-02,FOODS_3,FOODS,1606,1
2015-12-02,HOBBIES_1,HOBBIES,460,1
2015-12-02,HOBBIES_2,HOBBIES,49,1
2015-12-02,HOUSEHOLD_1,HOUSEHOLD,704,1
2015-12-02,HOUSEHOLD_2,HOUSEHOLD,137,1
2015-12-03,FOODS_1,FOODS,282,1
2015-12-03,FOODS_2,FOODS,502,1
2015-12-03,FOODS_3,FOODS,1401,1
2015-12-03,HOBBIES_1,HOBBIES,534,1
2015-12-03,HOBBIES_2,HOBBIES,59,1
2015-12-03,HOUSEHOLD_1,HOUSEHOLD,723,1
2015-12-03,HOUSEHOLD_2,HOUSEHOLD,190,1
2015-12-04,FOODS_1,FOODS,253,1
2015-12-04,FOODS_2,FOODS,532,1
2015-12-04,FOODS_3,FOODS,1704,1
2015-12-04,HOBBIES_1,HOBBIES,470,1
2015-12-04,HOBBIES_2,HOBBIES,68,1
2015-12-04,HOUSEHOLD_1,HOUSEHOLD,847,1
2015-12-04,HOUSEHOLD_2,HOUSEHOLD,210,1
2015-12-05,FOODS_1,FOODS,367,1
2015-12-05,FOODS_2,FOODS,657,1
2015-12-05,FOODS_3,FOODS,2227,1
2015-12-05,HOBBIES_1,HOBBIES,660,1
2015-12-05,HOBBIES_2,HOBBIES,70,1
2015-12-05,HOUSEHOLD_1,HOUSEHOLD,1066,1
2015-12-05,HOUSEHOLD_2,HOUSEHOLD,239,1
2015-12-06,FOODS_1,FOODS,341,1
2015-12-06,FOODS_2,FOODS,729,1
2015-12-06,FOODS_3,FOODS,2367,1
2015-12-06,HOBBIES_1,HOBBIES,634,1
2015-12-06,HOBBIES_2,HOBBIES,68,1
2015-12-06,HOUSEHOLD_1,HOUSEHOLD,978,1
2015-12-06,HOUSEHOLD_2,HOUSEHOLD,235,1
2015-12-07,FOODS_1,FOODS,338,1
2015-12-07,FOODS_2,FOODS,618,1
2015-12-07,FOODS_3,FOODS,1684,1
2015-12-07,HOBBIES_1,HOBBIES,443,1
2015-12-07,HOBBIES_2,HOBBIES,47,1
2015-12-07,HOUSEHOLD_1,HOUSEHOLD,723,1
2015-12-07,HOUSEHOLD_2,HOUSEHOLD,167,1
2015-12-08,FOODS_1,FOODS,299,1
2015-12-08,FOODS_2,FOODS,438,1
2015-12-08,FOODS_3,FOODS,1523,1
2015-12-08,HOBBIES_1,HOBBIES,493,1
2015-12-08,HOBBIES_2,HOBBIES,45,1
2015-12-08,HOUSEHOLD_1,HOUSEHOLD,614,1
2015-12-08,HOUSEHOLD_2,HOUSEHOLD,148,1
2015-12-09,FOODS_1,FOODS,224,1
2015-12-09,FOODS_2,FOODS,434,1
2015-12-09,FOODS_3,FOODS,1485,1
2015-12-09,HOBBIES_1,HOBBIES,496,1
2015-12-09,HOBBIES_2,HOBBIES,42,1
2015-12-09,HOUSEHOLD_1,HOUSEHOLD,560,1
2015-12-09,HOUSEHOLD_2,HOUSEHOLD,176,1
2015-12-10,FOODS_1,FOODS,247,1
2015-12-10,FOODS_2,FOODS,406,1
2015-12-10,FOODS_3,FOODS,1377,1
2015-12-10,HOBBIES_1,HOBBIES,547,1
2015-12-10,HOBBIES_2,HOBBIES,46,1
2015-12-10,HOUSEHOLD_1,HOUSEHOLD,562,1
2015-12-10,HOUSEHOLD_2,HOUSEHOLD,162,1
2015-12-11,FOODS_1,FOODS,307,0
2015-12-11,FOODS_2,FOODS,447,0
2015-12-11,FOODS_3,FOODS,1497,0
2015-12-11,HOBBIES_1,HOBBIES,591,0
2015-12-11,HOBBIES_2,HOBBIES,46,0
2015-12-11,HOUSEHOLD_1,HOUSEHOLD,667,0
2015-12-11,HOUSEHOLD_2,HOUSEHOLD,178,0
2015-12-12,FOODS_1,FOODS,446,0
2015-12-12,FOODS_2,FOODS,522,0
2015-12-12,FOODS_3,FOODS,2144,0
2015-12-12,HOBBIES_1,HOBBIES,665,0
2015-12-12,HOBBIES_2,HOBBIES,68,0
2015-12-12,HOUSEHOLD_1,HOUSEHOLD,1021,0
2015-12-12,HOUSEHOLD_2,HOUSEHOLD,264,0
2015-12-13,FOODS_1,FOODS,367,0
2015-12-13,FOODS_2,FOODS,628,0
2015-12-13,FOODS_3,FOODS,2198,0
2015-12-13,HOBBIES_1,HOBBIES,574,0
2015-12-13,HOBBIES_2,HOBBIES,75,0
2015-12-13,HOUSEHOLD_1,HOUSEHOLD,983,0
2015-12-13,HOUSEHOLD_2,HOUSEHOLD,255,0
2015-12-14,FOODS_1,FOODS,357,0
2015-12-14,FOODS_2,FOODS,501,0
2015-12-14,FOODS_3,FOODS,1618,0
2015-12-14,HOBBIES_1,HOBBIES,487,0
2015-12-14,HOBBIES_2,HOBBIES,55,0
2015-12-14,HOUSEHOLD_1,HOUSEHOLD,758,0
2015-12-14,HOUSEHOLD_2,HOUSEHOLD,213,0
2015-12-15,FOODS_1,FOODS,373,0
2015-12-15,FOODS_2,FOODS,475,0
2015-12-15,FOODS_3,FOODS,1376,0
2015-12-15,HOBBIES_1,HOBBIES,491,0
2015-12-15,HOBBIES_2,HOBBIES,60,0
2015-12-15,HOUSEHOLD_1,HOUSEHOLD,635,0
2015-12-15,HOUSEHOLD_2,HOUSEHOLD,157,0
2015-12-16,FOODS_1,FOODS,387,0
2015-12-16,FOODS_2,FOODS,453,0
2015-12-16,FOODS_3,FOODS,1491,0
2015-12-16,HOBBIES_1,HOBBIES,426,0
2015-12-16,HOBBIES_2,HOBBIES,81,0
2015-12-16,HOUSEHOLD_1,HOUSEHOLD,555,0
2015-12-16,HOUSEHOLD_2,HOUSEHOLD,152,0
2015-12-17,FOODS_1,FOODS,489,0
2015-12-17,FOODS_2,FOODS,419,0
2015-12-17,FOODS_3,FOODS,1546,0
2015-12-17,HOBBIES_1,HOBBIES,452,0
2015-12-17,HOBBIES_2,HOBBIES,46,0
2015-12-17,HOUSEHOLD_1,HOUSEHOLD,617,0
2015-12-17,HOUSEHOLD_2,HOUSEHOLD,222,0
2015-12-18,FOODS_1,FOODS,402,0
2015-12-18,FOODS_2,FOODS,392,0
2015-12-18,FOODS_3,FOODS,1607,0
2015-12-18,HOBBIES_1,HOBBIES,525,0
2015-12-18,HOBBIES_2,HOBBIES,34,0
2015-12-18,HOUSEHOLD_1,HOUSEHOLD,685,0
2015-12-18,HOUSEHOLD_2,HOUSEHOLD,198,0
2015-12-19,FOODS_1,FOODS,508,0
2015-12-19,FOODS_2,FOODS,593,0
2015-12-19,FOODS_3,FOODS,2135,0
2015-12-19,HOBBIES_1,HOBBIES,758,0
2015-12-19,HOBBIES_2,HOBBIES,57,0
2015-12-19,HOUSEHOLD_1,HOUSEHOLD,995,0
2015-12-19,HOUSEHOLD_2,HOUSEHOLD,271,0
2015-12-20,FOODS_1,FOODS,474,0
2015-12-20,FOODS_2,FOODS,564,0
2015-12-20,FOODS_3,FOODS,2119,0
2015-12-20,HOBBIES_1,HOBBIES,603,0
2015-12-20,HOBBIES_2,HOBBIES,54,0
2015-12-20,HOUSEHOLD_1,HOUSEHOLD,1006,0
2015-12-20,HOUSEHOLD_2,HOUSEHOLD,249,0
2015-12-21,FOODS_1,FOODS,442,0
2015-12-21,FOODS_2,FOODS,448,0
2015-12-21,FOODS_3,FOODS,1840,0
2015-12-21,HOBBIES_1,HOBBIES,688,0
2015-12-21,HOBBIES_2,HOBBIES,50,0
2015-12-21,HOUSEHOLD_1,HOUSEHOLD,765,0
2015-12-21,HOUSEHOLD_2,HOUSEHOLD,218,0
2015-12-22,FOODS_1,FOODS,526,0
2015-12-22,FOODS_2,FOODS,473,0
2015-12-22,FOODS_3,FOODS,1846,0
2015-12-22,HOBBIES_1,HOBBIES,542,0
2015-12-22,HOBBIES_2,HOBBIES,44,0
2015-12-22,HOUSEHOLD_1,HOUSEHOLD,600,0
2015-12-22,HOUSEHOLD_2,HOUSEHOLD,193,0
2015-12-23,FOODS_1,FOODS,573,0
2015-12-23,FOODS_2,FOODS,398,0
2015-12-23,FOODS_3,FOODS,1987,0
2015-12-23,HOBBIES_1,HOBBIES,471,0
2015-12-23,HOBBIES_2,HOBBIES,37,0
2015-12-23,HOUSEHOLD_1,HOUSEHOLD,606,0
2015-12-23,HOUSEHOLD_2,HOUSEHOLD,228,0
2015-12-24,FOODS_1,FOODS,593,0
2015-12-24,FOODS_2,FOODS,326,0
2015-12-24,FOODS_3,FOODS,1743,0
2015-12-24,HOBBIES_1,HOBBIES,473,0
2015-12-24,HOBBIES_2,HOBBIES,32,0
2015-12-24,HOUSEHOLD_1,HOUSEHOLD,487,0
2015-12-24,HOUSEHOLD_2,HOUSEHOLD,149,0
2015-12-25,FOODS_1,FOODS,0,0
2015-12-25,FOODS_2,FOODS,0,0
2015-12-25,FOODS_3,FOODS,0,0
2015-12-25,HOBBIES_1,HOBBIES,0,0
2015-12-25,HOBBIES_2,HOBBIES,0,0
2015-12-25,HOUSEHOLD_1,HOUSEHOLD,0,0
2015-12-25,HOUSEHOLD_2,HOUSEHOLD,0,0
2015-12-26,FOODS_1,FOODS,274,0
2015-12-26,FOODS_2,FOODS,436,0
2015-12-26,FOODS_3,FOODS,1812,0
2015-12-26,HOBBIES_1,HOBBIES,496,0
2015-12-26,HOBBIES_2,HOBBIES,23,0
2015-12-26,HOUSEHOLD_1,HOUSEHOLD,896,0
2015-12-26,HOUSEHOLD_2,HOUSEHOLD,200,0
2015-12-27,FOODS_1,FOODS,250,0
2015-12-27,FOODS_2,FOODS,497,0
2015-12-27,FOODS_3,FOODS,1669,0
2015-12-27,HOBBIES_1,HOBBIES,513,0
2015-12-27,HOBBIES_2,HOBBIES,20,0
2015-12-27,HOUSEHOLD_1,HOUSEHOLD,871,0
2015-12-27,HOUSEHOLD_2,HOUSEHOLD,190,0
2015-12-28,FOODS_1,FOODS,200,0
2015-12-28,FOODS_2,FOODS,500,0
2015-12-28,FOODS_3,FOODS,1597,0
2015-12-28,HOBBIES_1,HOBBIES,516,0
2015-12-28,HOBBIES_2,HOBBIES,26,0
2015-12-28,HOUSEHOLD_1,HOUSEHOLD,836,0
2015-12-28,HOUSEHOLD_2,HOUSEHOLD,192,0
2015-12-29,FOODS_1,FOODS,275,0
2015-12-29,FOODS_2,FOODS,440,0
2015-12-29,FOODS_3,FOODS,1579,0
2015-12-29,HOBBIES_1,HOBBIES,571,0
2015-12-29,HOBBIES_2,HOBBIES,21,0
2015-12-29,HOUSEHOLD_1,HOUSEHOLD,789,0
2015-12-29,HOUSEHOLD_2,HOUSEHOLD,209,0
2015-12-30,FOODS_1,FOODS,237,0
2015-12-30,FOODS_2,FOODS,440,0
2015-12-30,FOODS_3,FOODS,1582,0
2015-12-30,HOBBIES_1,HOBBIES,475,0
2015-12-30,HOBBIES_2,HOBBIES,24,0
2015-12-30,HOUSEHOLD_1,HOUSEHOLD,696,0
2015-12-30,HOUSEHOLD_2,HOUSEHOLD,159,0
2015-12-31,FOODS_1,FOODS,245,0
2015-12-31,FOODS_2,FOODS,501,0
2015-12-31,FOODS_3,FOODS,1940,0
2015-12-31,HOBBIES_1,HOBBIES,459,0
2015-12-31,HOBBIES_2,HOBBIES,17,0
2015-12-31,HOUSEHOLD_1,HOUSEHOLD,648,0
2015-12-31,HOUSEHOLD_2,HOUSEHOLD,184,0
2016-01-01,FOODS_1,FOODS,250,1
2016-01-01,FOODS_2,FOODS,452,1
2016-01-01,FOODS_3,FOODS,1459,1
2016-01-01,HOBBIES_1,HOBBIES,457,1
2016-01-01,HOBBIES_2,HOBBIES,33,1
2016-01-01,HOUSEHOLD_1,HOUSEHOLD,594,1
2016-01-01,HOUSEHOLD_2,HOUSEHOLD,173,1
2016-01-02,FOODS_1,FOODS,271,1
2016-01-02,FOODS_2,FOODS,665,1
2016-01-02,FOODS_3,FOODS,2034,1
2016-01-02,HOBBIES_1,HOBBIES,819,1
2016-01-02,HOBBIES_2,HOBBIES,36,1
2016-01-02,HOUSEHOLD_1,HOUSEHOLD,1022,1
2016-01-02,HOUSEHOLD_2,HOUSEHOLD,238,1
2016-01-03,FOODS_1,FOODS,244,1
2016-01-03,FOODS_2,FOODS,822,1
2016-01-03,FOODS_3,FOODS,2195,1
2016-01-03,HOBBIES_1,HOBBIES,480,1
2016-01-03,HOBBIES_2,HOBBIES,35,1
2016-01-03,HOUSEHOLD_1,HOUSEHOLD,1017,1
2016-01-03,HOUSEHOLD_2,HOUSEHOLD,193,1
2016-01-04,FOODS_1,FOODS,298,1
2016-01-04,FOODS_2,FOODS,619,1
2016-01-04,FOODS_3,FOODS,1862,1
2016-01-04,HOBBIES_1,HOBBIES,441,1
2016-01-04,HOBBIES_2,HOBBIES,21,1
2016-01-04,HOUSEHOLD_1,HOUSEHOLD,810,1
2016-01-04,HOUSEHOLD_2,HOUSEHOLD,186,1
2016-01-05,FOODS_1,FOODS,187,1
2016-01-05,FOODS_2,FOODS,533,1
2016-01-05,FOODS_3,FOODS,1622,1
2016-01-05,HOBBIES_1,HOBBIES,386,1
2016-01-05,HOBBIES_2,HOBBIES,18,1
2016-01-05,HOUSEHOLD_1,HOUSEHOLD,577,1
2016-01-05,HOUSEHOLD_2,HOUSEHOLD,158,1
2016-01-06,FOODS_1,FOODS,215,1
2016-01-06,FOODS_2,FOODS,511,1
2016-01-06,FOODS_3,FOODS,1471,1
2016-01-06,HOBBIES_1,HOBBIES,367,1
2016-01-06,HOBBIES_2,HOBBIES,29,1
2016-01-06,HOUSEHOLD_1,HOUSEHOLD,526,1
2016-01-06,HOUSEHOLD_2,HOUSEHOLD,106,1
2016-01-07,FOODS_1,FOODS,211,1
2016-01-07,FOODS_2,FOODS,452,1
2016-01-07,FOODS_3,FOODS,1732,1
2016-01-07,HOBBIES_1,HOBBIES,519,1
2016-01-07,HOBBIES_2,HOBBIES,22,1
2016-01-07,HOUSEHOLD_1,HOUSEHOLD,760,1
2016-01-07,HOUSEHOLD_2,HOUSEHOLD,171,1
2016-01-08,FOODS_1,FOODS,295,1
2016-01-08,FOODS_2,FOODS,588,1
2016-01-08,FOODS_3,FOODS,1980,1
2016-01-08,HOBBIES_1,HOBBIES,565,1
2016-01-08,HOBBIES_2,HOBBIES,28,1
2016-01-08,HOUSEHOLD_1,HOUSEHOLD,750,1
2016-01-08,HOUSEHOLD_2,HOUSEHOLD,198,1
2016-01-09,FOODS_1,FOODS,383,1
2016-01-09,FOODS_2,FOODS,760,1
2016-01-09,FOODS_3,FOODS,2863,1
2016-01-09,HOBBIES_1,HOBBIES,661,1
2016-01-09,HOBBIES_2,HOBBIES,44,1
2016-01-09,HOUSEHOLD_1,HOUSEHOLD,1103,1
2016-01-09,HOUSEHOLD_2,HOUSEHOLD,263,1
2016-01-10,FOODS_1,FOODS,294,1
2016-01-10,FOODS_2,FOODS,803,1
2016-01-10,FOODS_3,FOODS,2800,1
2016-01-10,HOBBIES_1,HOBBIES,461,1
2016-01-10,HOBBIES_2,HOBBIES,28,1
2016-01-10,HOUSEHOLD_1,HOUSEHOLD,1052,1
2016-01-10,HOUSEHOLD_2,HOUSEHOLD,222,1
2016-01-11,FOODS_1,FOODS,318,0
2016-01-11,FOODS_2,FOODS,512,0
2016-01-11,FOODS_3,FOODS,1853,0
2016-01-11,HOBBIES_1,HOBBIES,473,0
2016-01-11,HOBBIES_2,HOBBIES,27,0
2016-01-11,HOUSEHOLD_1,HOUSEHOLD,686,0
2016-01-11,HOUSEHOLD_2,HOUSEHOLD,132,0
2016-01-12,FOODS_1,FOODS,236,0
2016-01-12,FOODS_2,FOODS,399,0
2016-01-12,FOODS_3,FOODS,1545,0
2016-01-12,HOBBIES_1,HOBBIES,450,0
2016-01-12,HOBBIES_2,HOBBIES,15,0
2016-01-12,HOUSEHOLD_1,HOUSEHOLD,613,0
2016-01-12,HOUSEHOLD_2,HOUSEHOLD,119,0
2016-01-13,FOODS_1,FOODS,258,0
2016-01-13,FOODS_2,FOODS,398,0
2016-01-13,FOODS_3,FOODS,1471,0
2016-01-13,HOBBIES_1,HOBBIES,349,0
2016-01-13,HOBBIES_2,HOBBIES,40,0
2016-01-13,HOUSEHOLD_1,HOUSEHOLD,577,0
2016-01-13,HOUSEHOLD_2,HOUSEHOLD,159,0
2016-01-14,FOODS_1,FOODS,273,0
2016-01-14,FOODS_2,FOODS,389,0
2016-01-14,FOODS_3,FOODS,1487,0
2016-01-14,HOBBIES_1,HOBBIES,460,0
2016-01-14,HOBBIES_2,HOBBIES,31,0
2016-01-14,HOUSEHOLD_1,HOUSEHOLD,608,0
2016-01-14,HOUSEHOLD_2,HOUSEHOLD,157,0
2016-01-15,FOODS_1,FOODS,330,0
2016-01-15,FOODS_2,FOODS,412,0
2016-01-15,FOODS_3,FOODS,1871,0
2016-01-15,HOBBIES_1,HOBBIES,502,0
2016-01-15,HOBBIES_2,HOBBIES,31,0
2016-01-15,HOUSEHOLD_1,HOUSEHOLD,716,0
2016-01-15,HOUSEHOLD_2,HOUSEHOLD,164,0
2016-01-16,FOODS_1,FOODS,450,0
2016-01-16,FOODS_2,FOODS,623,0
2016-01-16,FOODS_3,FOODS,2698,0
2016-01-16,HOBBIES_1,HOBBIES,625,0
2016-01-16,HOBBIES_2,HOBBIES,45,0
2016-01-16,HOUSEHOLD_1,HOUSEHOLD,1036,0
2016-01-16,HOUSEHOLD_2,HOUSEHOLD,268,0
2016-01-17,FOODS_1,FOODS,413,0
2016-01-17,FOODS_2,FOODS,609,0
2016-01-17,FOODS_3,FOODS,2512,0
2016-01-17,HOBBIES_1,HOBBIES,532,0
2016-01-17,HOBBIES_2,HOBBIES,51,0
2016-01-17,HOUSEHOLD_1,HOUSEHOLD,1109,0
2016-01-17,HOUSEHOLD_2,HOUSEHOLD,196,0
2016-01-18,FOODS_1,FOODS,275,0
2016-01-18,FOODS_2,FOODS,544,0
2016-01-18,FOODS_3,FOODS,2086,0
2016-01-18,HOBBIES_1,HOBBIES,564,0
2016-01-18,HOBBIES_2,HOBBIES,45,0
2016-01-18,HOUSEHOLD_1,HOUSEHOLD,801,0
2016-01-18,HOUSEHOLD_2,HOUSEHOLD,169,0
2016-01-19,FOODS_1,FOODS,202,0
2016-01-19,FOODS_2,FOODS,349,0
2016-01-19,FOODS_3,FOODS,1487,0
2016-01-19,HOBBIES_1,HOBBIES,333,0
2016-01-19,HOBBIES_2,HOBBIES,27,0
2016-01-19,HOUSEHOLD_1,HOUSEHOLD,507,0
2016-01-19,HOUSEHOLD_2,HOUSEHOLD,121,0
2016-01-20,FOODS_1,FOODS,233,0
2016-01-20,FOODS_2,FOODS,447,0
2016-01-20,FOODS_3,FOODS,1489,0
2016-01-20,HOBBIES_1,HOBBIES,478,0
2016-01-20,HOBBIES_2,HOBBIES,24,0
2016-01-20,HOUSEHOLD_1,HOUSEHOLD,711,0
2016-01-20,HOUSEHOLD_2,HOUSEHOLD,162,0
2016-01-21,FOODS_1,FOODS,288,0
2016-01-21,FOODS_2,FOODS,387,0
2016-01-21,FOODS_3,FOODS,1511,0
2016-01-21,HOBBIES_1,HOBBIES,539,0
2016-01-21,HOBBIES_2,HOBBIES,33,0
2016-01-21,HOUSEHOLD_1,HOUSEHOLD,574,0
2016-01-21,HOUSEHOLD_2,HOUSEHOLD,170,0
2016-01-22,FOODS_1,FOODS,279,0
2016-01-22,FOODS_2,FOODS,431,0
2016-01-22,FOODS_3,FOODS,1610,0
2016-01-22,HOBBIES_1,HOBBIES,430,0
2016-01-22,HOBBIES_2,HOBBIES,39,0
2016-01-22,HOUSEHOLD_1,HOUSEHOLD,655,0
2016-01-22,HOUSEHOLD_2,HOUSEHOLD,168,0
2016-01-23,FOODS_1,FOODS,430,0
2016-01-23,FOODS_2,FOODS,688,0
2016-01-23,FOODS_3,FOODS,2610,0
2016-01-23,HOBBIES_1,HOBBIES,664,0
2016-01-23,HOBBIES_2,HOBBIES,48,0
2016-01-23,HOUSEHOLD_1,HOUSEHOLD,1206,0
2016-01-23,HOUSEHOLD_2,HOUSEHOLD,277,0
2016-01-24,FOODS_1,FOODS,401,0
2016-01-24,FOODS_2,FOODS,621,0
2016-01-24,FOODS_3,FOODS,2418,0
2016-01-24,HOBBIES_1,HOBBIES,431,0
2016-01-24,HOBBIES_2,HOBBIES,44,0
2016-01-24,HOUSEHOLD_1,HOUSEHOLD,1089,0
2016-01-24,HOUSEHOLD_2,HOUSEHOLD,243,0
2016-01-25,FOODS_1,FOODS,261,0
2016-01-25,FOODS_2,FOODS,440,0
2016-01-25,FOODS_3,FOODS,1588,0
2016-01-25,HOBBIES_1,HOBBIES,482,0
2016-01-25,HOBBIES_2,HOBBIES,28,0
2016-01-25,HOUSEHOLD_1,HOUSEHOLD,765,0
2016-01-25,HOUSEHOLD_2,HOUSEHOLD,177,0
2016-01-26,FOODS_1,FOODS,222,0
2016-01-26,FOODS_2,FOODS,355,0
2016-01-26,FOODS_3,FOODS,1472,0
2016-01-26,HOBBIES_1,HOBBIES,414,0
2016-01-26,HOBBIES_2,HOBBIES,33,0
2016-01-26,HOUSEHOLD_1,HOUSEHOLD,605,0
2016-01-26,HOUSEHOLD_2,HOUSEHOLD,145,0
2016-01-27,FOODS_1,FOODS,226,0
2016-01-27,FOODS_2,FOODS,371,0
2016-01-27,FOODS_3,FOODS,1373,0
2016-01-27,HOBBIES_1,HOBBIES,376,0
2016-01-27,HOBBIES_2,HOBBIES,25,0
2016-01-27,HOUSEHOLD_1,HOUSEHOLD,538,0
2016-01-27,HOUSEHOLD_2,HOUSEHOLD,122,0
2016-01-28,FOODS_1,FOODS,255,0
2016-01-28,FOODS_2,FOODS,366,0
2016-01-28,FOODS_3,FOODS,1396,0
2016-01-28,HOBBIES_1,HOBBIES,425,0
2016-01-28,HOBBIES_2,HOBBIES,35,0
2016-01-28,HOUSEHOLD_1,HOUSEHOLD,565,0
2016-01-28,HOUSEHOLD_2,HOUSEHOLD,131,0
2016-01-29,FOODS_1,FOODS,357,0
2016-01-29,FOODS_2,FOODS,422,0
2016-01-29,FOODS_3,FOODS,1758,0
2016-01-29,HOBBIES_1,HOBBIES,437,0
2016-01-29,HOBBIES_2,HOBBIES,32,0
2016-01-29,HOUSEHOLD_1,HOUSEHOLD,677,0
2016-01-29,HOUSEHOLD_2,HOUSEHOLD,188,0
2016-01-30,FOODS_1,FOODS,380,0
2016-01-30,FOODS_2,FOODS,674,0
2016-01-30,FOODS_3,FOODS,2427,0
2016-01-30,HOBBIES_1,HOBBIES,564,0
2016-01-30,HOBBIES_2,HOBBIES,81,0
2016-01-30,HOUSEHOLD_1,HOUSEHOLD,1125,0
2016-01-30,HOUSEHOLD_2,HOUSEHOLD,247,0
2016-01-31,FOODS_1,FOODS,366,0
2016-01-31,FOODS_2,FOODS,722,0
2016-01-31,FOODS_3,FOODS,2822,0
2016-01-31,HOBBIES_1,HOBBIES,608,0
2016-01-31,HOBBIES_2,HOBBIES,66,0
2016-01-31,HOUSEHOLD_1,HOUSEHOLD,1189,0
2016-01-31,HOUSEHOLD_2,HOUSEHOLD,259,0
2016-02-01,FOODS_1,FOODS,314,1
2016-02-01,FOODS_2,FOODS,548,1
2016-02-01,FOODS_3,FOODS,1744,1
2016-02-01,HOBBIES_1,HOBBIES,498,1
2016-02-01,HOBBIES_2,HOBBIES,29,1
2016-02-01,HOUSEHOLD_1,HOUSEHOLD,781,1
2016-02-01,HOUSEHOLD_2,HOUSEHOLD,161,1
2016-02-02,FOODS_1,FOODS,276,1
2016-02-02,FOODS_2,FOODS,482,1
2016-02-02,FOODS_3,FOODS,1709,1
2016-02-02,HOBBIES_1,HOBBIES,381,1
2016-02-02,HOBBIES_2,HOBBIES,48,1
2016-02-02,HOUSEHOLD_1,HOUSEHOLD,720,1
2016-02-02,HOUSEHOLD_2,HOUSEHOLD,149,1
2016-02-03,FOODS_1,FOODS,220,1
2016-02-03,FOODS_2,FOODS,466,1
2016-02-03,FOODS_3,FOODS,1851,1
2016-02-03,HOBBIES_1,HOBBIES,589,1
2016-02-03,HOBBIES_2,HOBBIES,49,1
2016-02-03,HOUSEHOLD_1,HOUSEHOLD,670,1
2016-02-03,HOUSEHOLD_2,HOUSEHOLD,138,1
2016-02-04,FOODS_1,FOODS,313,1
2016-02-04,FOODS_2,FOODS,452,1
2016-02-04,FOODS_3,FOODS,1851,1
2016-02-04,HOBBIES_1,HOBBIES,464,1
2016-02-04,HOBBIES_2,HOBBIES,27,1
2016-02-04,HOUSEHOLD_1,HOUSEHOLD,646,1
2016-02-04,HOUSEHOLD_2,HOUSEHOLD,175,1
2016-02-05,FOODS_1,FOODS,339,1
2016-02-05,FOODS_2,FOODS,483,1
2016-02-05,FOODS_3,FOODS,2055,1
2016-02-05,HOBBIES_1,HOBBIES,466,1
2016-02-05,HOBBIES_2,HOBBIES,37,1
2016-02-05,HOUSEHOLD_1,HOUSEHOLD,779,1
2016-02-05,HOUSEHOLD_2,HOUSEHOLD,168,1
2016-02-06,FOODS_1,FOODS,481,1
2016-02-06,FOODS_2,FOODS,805,1
2016-02-06,FOODS_3,FOODS,3014,1
2016-02-06,HOBBIES_1,HOBBIES,658,1
2016-02-06,HOBBIES_2,HOBBIES,57,1
2016-02-06,HOUSEHOLD_1,HOUSEHOLD,1133,1
2016-02-06,HOUSEHOLD_2,HOUSEHOLD,264,1
2016-02-07,FOODS_1,FOODS,249,1
2016-02-07,FOODS_2,FOODS,620,1
2016-02-07,FOODS_3,FOODS,2595,1
2016-02-07,HOBBIES_1,HOBBIES,455,1
2016-02-07,HOBBIES_2,HOBBIES,26,1
2016-02-07,HOUSEHOLD_1,HOUSEHOLD,854,1
2016-02-07,HOUSEHOLD_2,HOUSEHOLD,187,1
2016-02-08,FOODS_1,FOODS,266,1
2016-02-08,FOODS_2,FOODS,462,1
2016-02-08,FOODS_3,FOODS,1864,1
2016-02-08,HOBBIES_1,HOBBIES,354,1
2016-02-08,HOBBIES_2,HOBBIES,38,1
2016-02-08,HOUSEHOLD_1,HOUSEHOLD,809,1
2016-02-08,HOUSEHOLD_2,HOUSEHOLD,140,1
2016-02-09,FOODS_1,FOODS,281,1
2016-02-09,FOODS_2,FOODS,496,1
2016-02-09,FOODS_3,FOODS,1862,1
2016-02-09,HOBBIES_1,HOBBIES,409,1
2016-02-09,HOBBIES_2,HOBBIES,51,1
2016-02-09,HOUSEHOLD_1,HOUSEHOLD,681,1
2016-02-09,HOUSEHOLD_2,HOUSEHOLD,156,1
2016-02-10,FOODS_1,FOODS,280,1
2016-02-10,FOODS_2,FOODS,499,1
2016-02-10,FOODS_3,FOODS,1895,1
2016-02-10,HOBBIES_1,HOBBIES,511,1
2016-02-10,HOBBIES_2,HOBBIES,27,1
2016-02-10,HOUSEHOLD_1,HOUSEHOLD,571,1
2016-02-10,HOUSEHOLD_2,HOUSEHOLD,212,1
2016-02-11,FOODS_1,FOODS,440,0
2016-02-11,FOODS_2,FOODS,365,0
2016-02-11,FOODS_3,FOODS,1839,0
2016-02-11,HOBBIES_1,HOBBIES,476,0
2016-02-11,HOBBIES_2,HOBBIES,49,0
2016-02-11,HOUSEHOLD_1,HOUSEHOLD,643,0
2016-02-11,HOUSEHOLD_2,HOUSEHOLD,195,0
2016-02-12,FOODS_1,FOODS,455,0
2016-02-12,FOODS_2,FOODS,478,0
2016-02-12,FOODS_3,FOODS,1938,0
2016-02-12,HOBBIES_1,HOBBIES,381,0
2016-02-12,HOBBIES_2,HOBBIES,35,0
2016-02-12,HOUSEHOLD_1,HOUSEHOLD,611,0
2016-02-12,HOUSEHOLD_2,HOUSEHOLD,213,0
2016-02-13,FOODS_1,FOODS,520,0
2016-02-13,FOODS_2,FOODS,588,0
2016-02-13,FOODS_3,FOODS,2491,0
2016-02-13,HOBBIES_1,HOBBIES,551,0
2016-02-13,HOBBIES_2,HOBBIES,47,0
2016-02-13,HOUSEHOLD_1,HOUSEHOLD,1011,0
2016-02-13,HOUSEHOLD_2,HOUSEHOLD,275,0
2016-02-14,FOODS_1,FOODS,401,0
2016-02-14,FOODS_2,FOODS,506,0
2016-02-14,FOODS_3,FOODS,2262,0
2016-02-14,HOBBIES_1,HOBBIES,503,0
2016-02-14,HOBBIES_2,HOBBIES,55,0
2016-02-14,HOUSEHOLD_1,HOUSEHOLD,882,0
2016-02-14,HOUSEHOLD_2,HOUSEHOLD,225,0
2016-02-15,FOODS_1,FOODS,246,0
2016-02-15,FOODS_2,FOODS,536,0
2016-02-15,FOODS_3,FOODS,2227,0
2016-02-15,HOBBIES_1,HOBBIES,443,0
2016-02-15,HOBBIES_2,HOBBIES,33,0
2016-02-15,HOUSEHOLD_1,HOUSEHOLD,905,0
2016-02-15,HOUSEHOLD_2,HOUSEHOLD,198,0
2016-02-16,FOODS_1,FOODS,238,0
2016-02-16,FOODS_2,FOODS,432,0
2016-02-16,FOODS_3,FOODS,1709,0
2016-02-16,HOBBIES_1,HOBBIES,478,0
2016-02-16,HOBBIES_2,HOBBIES,17,0
2016-02-16,HOUSEHOLD_1,HOUSEHOLD,633,0
2016-02-16,HOUSEHOLD_2,HOUSEHOLD,143,0
2016-02-17,FOODS_1,FOODS,252,0
2016-02-17,FOODS_2,FOODS,412,0
2016-02-17,FOODS_3,FOODS,1707,0
2016-02-17,HOBBIES_1,HOBBIES,539,0
2016-02-17,HOBBIES_2,HOBBIES,18,0
2016-02-17,HOUSEHOLD_1,HOUSEHOLD,683,0
2016-02-17,HOUSEHOLD_2,HOUSEHOLD,166,0
2016-02-18,FOODS_1,FOODS,244,0
2016-02-18,FOODS_2,FOODS,421,0
2016-02-18,FOODS_3,FOODS,1811,0
2016-02-18,HOBBIES_1,HOBBIES,471,0
2016-02-18,HOBBIES_2,HOBBIES,43,0
2016-02-18,HOUSEHOLD_1,HOUSEHOLD,696,0
2016-02-18,HOUSEHOLD_2,HOUSEHOLD,182,0
2016-02-19,FOODS_1,FOODS,339,0
2016-02-19,FOODS_2,FOODS,436,0
2016-02-19,FOODS_3,FOODS,2020,0
2016-02-19,HOBBIES_1,HOBBIES,533,0
2016-02-19,HOBBIES_2,HOBBIES,32,0
2016-02-19,HOUSEHOLD_1,HOUSEHOLD,813,0
2016-02-19,HOUSEHOLD_2,HOUSEHOLD,240,0
2016-02-20,FOODS_1,FOODS,364,0
2016-02-20,FOODS_2,FOODS,579,0
2016-02-20,FOODS_3,FOODS,2526,0
2016-02-20,HOBBIES_1,HOBBIES,548,0
2016-02-20,HOBBIES_2,HOBBIES,39,0
2016-02-20,HOUSEHOLD_1,HOUSEHOLD,976,0
2016-02-20,HOUSEHOLD_2,HOUSEHOLD,251,0
2016-02-21,FOODS_1,FOODS,345,0
2016-02-21,FOODS_2,FOODS,575,0
2016-02-21,FOODS_3,FOODS,2678,0
2016-02-21,HOBBIES_1,HOBBIES,608,0
2016-02-21,HOBBIES_2,HOBBIES,48,0
2016-02-21,HOUSEHOLD_1,HOUSEHOLD,1072,0
2016-02-21,HOUSEHOLD_2,HOUSEHOLD,281,0
2016-02-22,FOODS_1,FOODS,232,0
2016-02-22,FOODS_2,FOODS,432,0
2016-02-22,FOODS_3,FOODS,1802,0
2016-02-22,HOBBIES_1,HOBBIES,488,0
2016-02-22,HOBBIES_2,HOBBIES,51,0
2016-02-22,HOUSEHOLD_1,HOUSEHOLD,700,0
2016-02-22,HOUSEHOLD_2,HOUSEHOLD,200,0
2016-02-23,FOODS_1,FOODS,210,0
2016-02-23,FOODS_2,FOODS,471,0
2016-02-23,FOODS_3,FOODS,1725,0
2016-02-23,HOBBIES_1,HOBBIES,390,0
2016-02-23,HOBBIES_2,HOBBIES,24,0
2016-02-23,HOUSEHOLD_1,HOUSEHOLD,641,0
2016-02-23,HOUSEHOLD_2,HOUSEHOLD,152,0
2016-02-24,FOODS_1,FOODS,253,0
2016-02-24,FOODS_2,FOODS,337,0
2016-02-24,FOODS_3,FOODS,1486,0
2016-02-24,HOBBIES_1,HOBBIES,425,0
2016-02-24,HOBBIES_2,HOBBIES,48,0
2016-02-24,HOUSEHOLD_1,HOUSEHOLD,635,0
2016-02-24,HOUSEHOLD_2,HOUSEHOLD,185,0
2016-02-25,FOODS_1,FOODS,181,0
2016-02-25,FOODS_2,FOODS,337,0
2016-02-25,FOODS_3,FOODS,1658,0
2016-02-25,HOBBIES_1,HOBBIES,422,0
2016-02-25,HOBBIES_2,HOBBIES,29,0
2016-02-25,HOUSEHOLD_1,HOUSEHOLD,619,0
2016-02-25,HOUSEHOLD_2,HOUSEHOLD,150,0
2016-02-26,FOODS_1,FOODS,375,0
2016-02-26,FOODS_2,FOODS,422,0
2016-02-26,FOODS_3,FOODS,1916,0
2016-02-26,HOBBIES_1,HOBBIES,470,0
2016-02-26,HOBBIES_2,HOBBIES,55,0
2016-02-26,HOUSEHOLD_1,HOUSEHOLD,652,0
2016-02-26,HOUSEHOLD_2,HOUSEHOLD,197,0
2016-02-27,FOODS_1,FOODS,427,0
2016-02-27,FOODS_2,FOODS,637,0
2016-02-27,FOODS_3,FOODS,2395,0
2016-02-27,HOBBIES_1,HOBBIES,533,0
2016-02-27,HOBBIES_2,HOBBIES,67,0
2016-02-27,HOUSEHOLD_1,HOUSEHOLD,972,0
2016-02-27,HOUSEHOLD_2,HOUSEHOLD,298,0
2016-02-28,FOODS_1,FOODS,350,0
2016-02-28,FOODS_2,FOODS,745,0
2016-02-28,FOODS_3,FOODS,2884,0
2016-02-28,HOBBIES_1,HOBBIES,696,0
2016-02-28,HOBBIES_2,HOBBIES,44,0
2016-02-28,HOUSEHOLD_1,HOUSEHOLD,1160,0
2016-02-28,HOUSEHOLD_2,HOUSEHOLD,319,0
2016-02-29,FOODS_1,FOODS,295,0
2016-02-29,FOODS_2,FOODS,453,0
2016-02-29,FOODS_3,FOODS,1717,0
2016-02-29,HOBBIES_1,HOBBIES,381,0
2016-02-29,HOBBIES_2,HOBBIES,33,0
2016-02-29,HOUSEHOLD_1,HOUSEHOLD,735,0
2016-02-29,HOUSEHOLD_2,HOUSEHOLD,183,0
2016-03-01,FOODS_1,FOODS,252,1
2016-03-01,FOODS_2,FOODS,474,1
2016-03-01,FOODS_3,FOODS,1678,1
2016-03-01,HOBBIES_1,HOBBIES,543,1
2016-03-01,HOBBIES_2,HOBBIES,25,1
2016-03-01,HOUSEHOLD_1,HOUSEHOLD,678,1
2016-03-01,HOUSEHOLD_2,HOUSEHOLD,180,1
2016-03-02,FOODS_1,FOODS,239,1
2016-03-02,FOODS_2,FOODS,449,1
2016-03-02,FOODS_3,FOODS,1747,1
2016-03-02,HOBBIES_1,HOBBIES,441,1
2016-03-02,HOBBIES_2,HOBBIES,48,1
2016-03-02,HOUSEHOLD_1,HOUSEHOLD,652,1
2016-03-02,HOUSEHOLD_2,HOUSEHOLD,178,1
2016-03-03,FOODS_1,FOODS,278,1
2016-03-03,FOODS_2,FOODS,531,1
2016-03-03,FOODS_3,FOODS,1656,1
2016-03-03,HOBBIES_1,HOBBIES,400,1
2016-03-03,HOBBIES_2,HOBBIES,36,1
2016-03-03,HOUSEHOLD_1,HOUSEHOLD,680,1
2016-03-03,HOUSEHOLD_2,HOUSEHOLD,188,1
2016-03-04,FOODS_1,FOODS,324,1
2016-03-04,FOODS_2,FOODS,553,1
2016-03-04,FOODS_3,FOODS,1958,1
2016-03-04,HOBBIES_1,HOBBIES,405,1
2016-03-04,HOBBIES_2,HOBBIES,36,1
2016-03-04,HOUSEHOLD_1,HOUSEHOLD,711,1
2016-03-04,HOUSEHOLD_2,HOUSEHOLD,176,1
2016-03-05,FOODS_1,FOODS,410,1
2016-03-05,FOODS_2,FOODS,813,1
2016-03-05,FOODS_3,FOODS,2438,1
2016-03-05,HOBBIES_1,HOBBIES,545,1
2016-03-05,HOBBIES_2,HOBBIES,51,1
2016-03-05,HOUSEHOLD_1,HOUSEHOLD,1073,1
2016-03-05,HOUSEHOLD_2,HOUSEHOLD,300,1
2016-03-06,FOODS_1,FOODS,462,1
2016-03-06,FOODS_2,FOODS,922,1
2016-03-06,FOODS_3,FOODS,3051,1
2016-03-06,HOBBIES_1,HOBBIES,780,1
2016-03-06,HOBBIES_2,HOBBIES,46,1
2016-03-06,HOUSEHOLD_1,HOUSEHOLD,1242,1
2016-03-06,HOUSEHOLD_2,HOUSEHOLD,326,1
2016-03-07,FOODS_1,FOODS,308,1
2016-03-07,FOODS_2,FOODS,601,1
2016-03-07,FOODS_3,FOODS,2068,1
2016-03-07,HOBBIES_1,HOBBIES,425,1
2016-03-07,HOBBIES_2,HOBBIES,45,1
2016-03-07,HOUSEHOLD_1,HOUSEHOLD,791,1
2016-03-07,HOUSEHOLD_2,HOUSEHOLD,155,1
2016-03-08,FOODS_1,FOODS,299,1
2016-03-08,FOODS_2,FOODS,518,1
2016-03-08,FOODS_3,FOODS,1871,1
2016-03-08,HOBBIES_1,HOBBIES,414,1
2016-03-08,HOBBIES_2,HOBBIES,41,1
2016-03-08,HOUSEHOLD_1,HOUSEHOLD,623,1
2016-03-08,HOUSEHOLD_2,HOUSEHOLD,164,1
2016-03-09,FOODS_1,FOODS,215,1
2016-03-09,FOODS_2,FOODS,515,1
2016-03-09,FOODS_3,FOODS,1763,1
2016-03-09,HOBBIES_1,HOBBIES,440,1
2016-03-09,HOBBIES_2,HOBBIES,24,1
2016-03-09,HOUSEHOLD_1,HOUSEHOLD,559,1
2016-03-09,HOUSEHOLD_2,HOUSEHOLD,156,1
2016-03-10,FOODS_1,FOODS,302,1
2016-03-10,FOODS_2,FOODS,471,1
2016-03-10,FOODS_3,FOODS,1738,1
2016-03-10,HOBBIES_1,HOBBIES,531,1
2016-03-10,HOBBIES_2,HOBBIES,34,1
2016-03-10,HOUSEHOLD_1,HOUSEHOLD,606,1
2016-03-10,HOUSEHOLD_2,HOUSEHOLD,195,1
2016-03-11,FOODS_1,FOODS,322,0
2016-03-11,FOODS_2,FOODS,479,0
2016-03-11,FOODS_3,FOODS,2034,0
2016-03-11,HOBBIES_1,HOBBIES,335,0
2016-03-11,HOBBIES_2,HOBBIES,29,0
2016-03-11,HOUSEHOLD_1,HOUSEHOLD,653,0
2016-03-11,HOUSEHOLD_2,HOUSEHOLD,197,0
2016-03-12,FOODS_1,FOODS,496,0
2016-03-12,FOODS_2,FOODS,735,0
2016-03-12,FOODS_3,FOODS,2542,0
2016-03-12,HOBBIES_1,HOBBIES,702,0
2016-03-12,HOBBIES_2,HOBBIES,41,0
2016-03-12,HOUSEHOLD_1,HOUSEHOLD,1091,0
2016-03-12,HOUSEHOLD_2,HOUSEHOLD,326,0
2016-03-13,FOODS_1,FOODS,288,0
2016-03-13,FOODS_2,FOODS,699,0
2016-03-13,FOODS_3,FOODS,2609,0
2016-03-13,HOBBIES_1,HOBBIES,522,0
2016-03-13,HOBBIES_2,HOBBIES,75,0
2016-03-13,HOUSEHOLD_1,HOUSEHOLD,1012,0
2016-03-13,HOUSEHOLD_2,HOUSEHOLD,241,0
2016-03-14,FOODS_1,FOODS,300,0
2016-03-14,FOODS_2,FOODS,566,0
2016-03-14,FOODS_3,FOODS,1909,0
2016-03-14,HOBBIES_1,HOBBIES,409,0
2016-03-14,HOBBIES_2,HOBBIES,52,0
2016-03-14,HOUSEHOLD_1,HOUSEHOLD,802,0
2016-03-14,HOUSEHOLD_2,HOUSEHOLD,152,0
2016-03-15,FOODS_1,FOODS,222,0
2016-03-15,FOODS_2,FOODS,422,0
2016-03-15,FOODS_3,FOODS,1559,0
2016-03-15,HOBBIES_1,HOBBIES,377,0
2016-03-15,HOBBIES_2,HOBBIES,54,0
2016-03-15,HOUSEHOLD_1,HOUSEHOLD,666,0
2016-03-15,HOUSEHOLD_2,HOUSEHOLD,157,0
2016-03-16,FOODS_1,FOODS,233,0
2016-03-16,FOODS_2,FOODS,416,0
2016-03-16,FOODS_3,FOODS,1713,0
2016-03-16,HOBBIES_1,HOBBIES,433,0
2016-03-16,HOBBIES_2,HOBBIES,39,0
2016-03-16,HOUSEHOLD_1,HOUSEHOLD,561,0
2016-03-16,HOUSEHOLD_2,HOUSEHOLD,192,0
2016-03-17,FOODS_1,FOODS,236,0
2016-03-17,FOODS_2,FOODS,348,0
2016-03-17,FOODS_3,FOODS,1627,0
2016-03-17,HOBBIES_1,HOBBIES,319,0
2016-03-17,HOBBIES_2,HOBBIES,16,0
2016-03-17,HOUSEHOLD_1,HOUSEHOLD,600,0
2016-03-17,HOUSEHOLD_2,HOUSEHOLD,183,0
2016-03-18,FOODS_1,FOODS,328,0
2016-03-18,FOODS_2,FOODS,474,0
2016-03-18,FOODS_3,FOODS,1947,0
2016-03-18,HOBBIES_1,HOBBIES,533,0
2016-03-18,HOBBIES_2,HOBBIES,52,0
2016-03-18,HOUSEHOLD_1,HOUSEHOLD,775,0
2016-03-18,HOUSEHOLD_2,HOUSEHOLD,176,0
2016-03-19,FOODS_1,FOODS,417,0
2016-03-19,FOODS_2,FOODS,604,0
2016-03-19,FOODS_3,FOODS,2704,0
2016-03-19,HOBBIES_1,HOBBIES,553,0
2016-03-19,HOBBIES_2,HOBBIES,59,0
2016-03-19,HOUSEHOLD_1,HOUSEHOLD,1028,0
2016-03-19,HOUSEHOLD_2,HOUSEHOLD,294,0
2016-03-20,FOODS_1,FOODS,388,0
2016-03-20,FOODS_2,FOODS,734,0
2016-03-20,FOODS_3,FOODS,3118,0
2016-03-20,HOBBIES_1,HOBBIES,446,0
2016-03-20,HOBBIES_2,HOBBIES,47,0
2016-03-20,HOUSEHOLD_1,HOUSEHOLD,1214,0
2016-03-20,HOUSEHOLD_2,HOUSEHOLD,250,0
2016-03-21,FOODS_1,FOODS,295,0
2016-03-21,FOODS_2,FOODS,538,0
2016-03-21,FOODS_3,FOODS,1933,0
2016-03-21,HOBBIES_1,HOBBIES,483,0
2016-03-21,HOBBIES_2,HOBBIES,49,0
2016-03-21,HOUSEHOLD_1,HOUSEHOLD,736,0
2016-03-21,HOUSEHOLD_2,HOUSEHOLD,208,0
2016-03-22,FOODS_1,FOODS,358,0
2016-03-22,FOODS_2,FOODS,476,0
2016-03-22,FOODS_3,FOODS,1764,0
2016-03-22,HOBBIES_1,HOBBIES,400,0
2016-03-22,HOBBIES_2,HOBBIES,40,0
2016-03-22,HOUSEHOLD_1,HOUSEHOLD,569,0
2016-03-22,HOUSEHOLD_2,HOUSEHOLD,169,0
2016-03-23,FOODS_1,FOODS,348,0
2016-03-23,FOODS_2,FOODS,379,0
2016-03-23,FOODS_3,FOODS,1827,0
2016-03-23,HOBBIES_1,HOBBIES,413,0
2016-03-23,HOBBIES_2,HOBBIES,41,0
2016-03-23,HOUSEHOLD_1,HOUSEHOLD,578,0
2016-03-23,HOUSEHOLD_2,HOUSEHOLD,184,0
2016-03-24,FOODS_1,FOODS,335,0
2016-03-24,FOODS_2,FOODS,418,0
2016-03-24,FOODS_3,FOODS,1928,0
2016-03-24,HOBBIES_1,HOBBIES,445,0
2016-03-24,HOBBIES_2,HOBBIES,29,0
2016-03-24,HOUSEHOLD_1,HOUSEHOLD,635,0
2016-03-24,HOUSEHOLD_2,HOUSEHOLD,180,0
2016-03-25,FOODS_1,FOODS,483,0
2016-03-25,FOODS_2,FOODS,549,0
2016-03-25,FOODS_3,FOODS,2389,0
2016-03-25,HOBBIES_1,HOBBIES,407,0
2016-03-25,HOBBIES_2,HOBBIES,39,0
2016-03-25,HOUSEHOLD_1,HOUSEHOLD,789,0
2016-03-25,HOUSEHOLD_2,HOUSEHOLD,248,0
2016-03-26,FOODS_1,FOODS,612,0
2016-03-26,FOODS_2,FOODS,558,0
2016-03-26,FOODS_3,FOODS,3081,0
2016-03-26,HOBBIES_1,HOBBIES,557,0
2016-03-26,HOBBIES_2,HOBBIES,53,0
2016-03-26,HOUSEHOLD_1,HOUSEHOLD,999,0
2016-03-26,HOUSEHOLD_2,HOUSEHOLD,279,0
2016-03-27,FOODS_1,FOODS,411,0
2016-03-27,FOODS_2,FOODS,378,0
2016-03-27,FOODS_3,FOODS,2577,0
2016-03-27,HOBBIES_1,HOBBIES,338,0
2016-03-27,HOBBIES_2,HOBBIES,31,0
2016-03-27,HOUSEHOLD_1,HOUSEHOLD,732,0
2016-03-27,HOUSEHOLD_2,HOUSEHOLD,202,0
2016-03-28,FOODS_1,FOODS,233,0
2016-03-28,FOODS_2,FOODS,424,0
2016-03-28,FOODS_3,FOODS,1823,0
2016-03-28,HOBBIES_1,HOBBIES,510,0
2016-03-28,HOBBIES_2,HOBBIES,25,0
2016-03-28,HOUSEHOLD_1,HOUSEHOLD,717,0
2016-03-28,HOUSEHOLD_2,HOUSEHOLD,173,0
2016-03-29,FOODS_1,FOODS,185,0
2016-03-29,FOODS_2,FOODS,413,0
2016-03-29,FOODS_3,FOODS,1883,0
2016-03-29,HOBBIES_1,HOBBIES,460,0
2016-03-29,HOBBIES_2,HOBBIES,38,0
2016-03-29,HOUSEHOLD_1,HOUSEHOLD,630,0
2016-03-29,HOUSEHOLD_2,HOUSEHOLD,179,0
2016-03-30,FOODS_1,FOODS,215,0
2016-03-30,FOODS_2,FOODS,328,0
2016-03-30,FOODS_3,FOODS,1592,0
2016-03-30,HOBBIES_1,HOBBIES,421,0
2016-03-30,HOBBIES_2,HOBBIES,44,0
2016-03-30,HOUSEHOLD_1,HOUSEHOLD,562,0
2016-03-30,HOUSEHOLD_2,HOUSEHOLD,177,0
2016-03-31,FOODS_1,FOODS,354,0
2016-03-31,FOODS_2,FOODS,434,0
2016-03-31,FOODS_3,FOODS,1863,0
2016-03-31,HOBBIES_1,HOBBIES,486,0
2016-03-31,HOBBIES_2,HOBBIES,50,0
2016-03-31,HOUSEHOLD_1,HOUSEHOLD,679,0
2016-03-31,HOUSEHOLD_2,HOUSEHOLD,210,0
2016-04-01,FOODS_1,FOODS,320,1
2016-04-01,FOODS_2,FOODS,575,1
2016-04-01,FOODS_3,FOODS,2237,1
2016-04-01,HOBBIES_1,HOBBIES,703,1
2016-04-01,HOBBIES_2,HOBBIES,40,1
2016-04-01,HOUSEHOLD_1,HOUSEHOLD,863,1
2016-04-01,HOUSEHOLD_2,HOUSEHOLD,245,1
2016-04-02,FOODS_1,FOODS,311,1
2016-04-02,FOODS_2,FOODS,703,1
2016-04-02,FOODS_3,FOODS,2876,1
2016-04-02,HOBBIES_1,HOBBIES,543,1
2016-04-02,HOBBIES_2,HOBBIES,60,1
2016-04-02,HOUSEHOLD_1,HOUSEHOLD,1055,1
2016-04-02,HOUSEHOLD_2,HOUSEHOLD,329,1
2016-04-03,FOODS_1,FOODS,367,1
2016-04-03,FOODS_2,FOODS,803,1
2016-04-03,FOODS_3,FOODS,3056,1
2016-04-03,HOBBIES_1,HOBBIES,759,1
2016-04-03,HOBBIES_2,HOBBIES,31,1
2016-04-03,HOUSEHOLD_1,HOUSEHOLD,1143,1
2016-04-03,HOUSEHOLD_2,HOUSEHOLD,337,1
2016-04-04,FOODS_1,FOODS,238,1
2016-04-04,FOODS_2,FOODS,655,1
2016-04-04,FOODS_3,FOODS,2380,1
2016-04-04,HOBBIES_1,HOBBIES,436,1
2016-04-04,HOBBIES_2,HOBBIES,27,1
2016-04-04,HOUSEHOLD_1,HOUSEHOLD,868,1
2016-04-04,HOUSEHOLD_2,HOUSEHOLD,208,1
2016-04-05,FOODS_1,FOODS,246,1
2016-04-05,FOODS_2,FOODS,550,1
2016-04-05,FOODS_3,FOODS,1915,1
2016-04-05,HOBBIES_1,HOBBIES,520,1
2016-04-05,HOBBIES_2,HOBBIES,25,1
2016-04-05,HOUSEHOLD_1,HOUSEHOLD,642,1
2016-04-05,HOUSEHOLD_2,HOUSEHOLD,165,1
2016-04-06,FOODS_1,FOODS,214,1
2016-04-06,FOODS_2,FOODS,552,1
2016-04-06,FOODS_3,FOODS,1932,1
2016-04-06,HOBBIES_1,HOBBIES,403,1
2016-04-06,HOBBIES_2,HOBBIES,24,1
2016-04-06,HOUSEHOLD_1,HOUSEHOLD,666,1
2016-04-06,HOUSEHOLD_2,HOUSEHOLD,173,1
2016-04-07,FOODS_1,FOODS,261,1
2016-04-07,FOODS_2,FOODS,461,1
2016-04-07,FOODS_3,FOODS,1728,1
2016-04-07,HOBBIES_1,HOBBIES,338,1
2016-04-07,HOBBIES_2,HOBBIES,56,1
2016-04-07,HOUSEHOLD_1,HOUSEHOLD,618,1
2016-04-07,HOUSEHOLD_2,HOUSEHOLD,193,1
2016-04-08,FOODS_1,FOODS,319,1
2016-04-08,FOODS_2,FOODS,619,1
2016-04-08,FOODS_3,FOODS,2203,1
2016-04-08,HOBBIES_1,HOBBIES,551,1
2016-04-08,HOBBIES_2,HOBBIES,31,1
2016-04-08,HOUSEHOLD_1,HOUSEHOLD,785,1
2016-04-08,HOUSEHOLD_2,HOUSEHOLD,211,1
2016-04-09,FOODS_1,FOODS,394,1
2016-04-09,FOODS_2,FOODS,760,1
2016-04-09,FOODS_3,FOODS,2919,1
2016-04-09,HOBBIES_1,HOBBIES,535,1
2016-04-09,HOBBIES_2,HOBBIES,36,1
2016-04-09,HOUSEHOLD_1,HOUSEHOLD,1164,1
2016-04-09,HOUSEHOLD_2,HOUSEHOLD,304,1
2016-04-10,FOODS_1,FOODS,301,1
2016-04-10,FOODS_2,FOODS,748,1
2016-04-10,FOODS_3,FOODS,3012,1
2016-04-10,HOBBIES_1,HOBBIES,503,1
2016-04-10,HOBBIES_2,HOBBIES,44,1
2016-04-10,HOUSEHOLD_1,HOUSEHOLD,1044,1
2016-04-10,HOUSEHOLD_2,HOUSEHOLD,317,1
2016-04-11,FOODS_1,FOODS,257,0
2016-04-11,FOODS_2,FOODS,573,0
2016-04-11,FOODS_3,FOODS,2046,0
2016-04-11,HOBBIES_1,HOBBIES,596,0
2016-04-11,HOBBIES_2,HOBBIES,24,0
2016-04-11,HOUSEHOLD_1,HOUSEHOLD,789,0
2016-04-11,HOUSEHOLD_2,HOUSEHOLD,199,0
2016-04-12,FOODS_1,FOODS,227,0
2016-04-12,FOODS_2,FOODS,496,0
2016-04-12,FOODS_3,FOODS,1649,0
2016-04-12,HOBBIES_1,HOBBIES,370,0
2016-04-12,HOBBIES_2,HOBBIES,21,0
2016-04-12,HOUSEHOLD_1,HOUSEHOLD,667,0
2016-04-12,HOUSEHOLD_2,HOUSEHOLD,149,0
2016-04-13,FOODS_1,FOODS,213,0
2016-04-13,FOODS_2,FOODS,440,0
2016-04-13,FOODS_3,FOODS,1688,0
2016-04-13,HOBBIES_1,HOBBIES,366,0
2016-04-13,HOBBIES_2,HOBBIES,49,0
2016-04-13,HOUSEHOLD_1,HOUSEHOLD,582,0
2016-04-13,HOUSEHOLD_2,HOUSEHOLD,140,0
2016-04-14,FOODS_1,FOODS,282,0
2016-04-14,FOODS_2,FOODS,373,0
2016-04-14,FOODS_3,FOODS,1766,0
2016-04-14,HOBBIES_1,HOBBIES,411,0
2016-04-14,HOBBIES_2,HOBBIES,18,0
2016-04-14,HOUSEHOLD_1,HOUSEHOLD,621,0
2016-04-14,HOUSEHOLD_2,HOUSEHOLD,166,0
2016-04-15,FOODS_1,FOODS,293,0
2016-04-15,FOODS_2,FOODS,435,0
2016-04-15,FOODS_3,FOODS,1978,0
2016-04-15,HOBBIES_1,HOBBIES,370,0
2016-04-15,HOBBIES_2,HOBBIES,31,0
2016-04-15,HOUSEHOLD_1,HOUSEHOLD,690,0
2016-04-15,HOUSEHOLD_2,HOUSEHOLD,185,0
2016-04-16,FOODS_1,FOODS,317,0
2016-04-16,FOODS_2,FOODS,499,0
2016-04-16,FOODS_3,FOODS,2665,0
2016-04-16,HOBBIES_1,HOBBIES,690,0
2016-04-16,HOBBIES_2,HOBBIES,32,0
2016-04-16,HOUSEHOLD_1,HOUSEHOLD,979,0
2016-04-16,HOUSEHOLD_2,HOUSEHOLD,255,0
2016-04-17,FOODS_1,FOODS,268,0
2016-04-17,FOODS_2,FOODS,637,0
2016-04-17,FOODS_3,FOODS,3099,0
2016-04-17,HOBBIES_1,HOBBIES,597,0
2016-04-17,HOBBIES_2,HOBBIES,58,0
2016-04-17,HOUSEHOLD_1,HOUSEHOLD,1010,0
2016-04-17,HOUSEHOLD_2,HOUSEHOLD,285,0
2016-04-18,FOODS_1,FOODS,302,0
2016-04-18,FOODS_2,FOODS,529,0
2016-04-18,FOODS_3,FOODS,2055,0
2016-04-18,HOBBIES_1,HOBBIES,517,0
2016-04-18,HOBBIES_2,HOBBIES,25,0
2016-04-18,HOUSEHOLD_1,HOUSEHOLD,718,0
2016-04-18,HOUSEHOLD_2,HOUSEHOLD,199,0
2016-04-19,FOODS_1,FOODS,237,0
2016-04-19,FOODS_2,FOODS,391,0
2016-04-19,FOODS_3,FOODS,1860,0
2016-04-19,HOBBIES_1,HOBBIES,461,0
2016-04-19,HOBBIES_2,HOBBIES,34,0
2016-04-19,HOUSEHOLD_1,HOUSEHOLD,621,0
2016-04-19,HOUSEHOLD_2,HOUSEHOLD,189,0
2016-04-20,FOODS_1,FOODS,287,0
2016-04-20,FOODS_2,FOODS,423,0
2016-04-20,FOODS_3,FOODS,1780,0
2016-04-20,HOBBIES_1,HOBBIES,333,0
2016-04-20,HOBBIES_2,HOBBIES,30,0
2016-04-20,HOUSEHOLD_1,HOUSEHOLD,665,0
2016-04-20,HOUSEHOLD_2,HOUSEHOLD,204,0
2016-04-21,FOODS_1,FOODS,297,0
2016-04-21,FOODS_2,FOODS,365,0
2016-04-21,FOODS_3,FOODS,1871,0
2016-04-21,HOBBIES_1,HOBBIES,380,0
2016-04-21,HOBBIES_2,HOBBIES,30,0
2016-04-21,HOUSEHOLD_1,HOUSEHOLD,580,0
2016-04-21,HOUSEHOLD_2,HOUSEHOLD,186,0
2016-04-22,FOODS_1,FOODS,331,0
2016-04-22,FOODS_2,FOODS,489,0
2016-04-22,FOODS_3,FOODS,2140,0
2016-04-22,HOBBIES_1,HOBBIES,471,0
2016-04-22,HOBBIES_2,HOBBIES,56,0
2016-04-22,HOUSEHOLD_1,HOUSEHOLD,695,0
2016-04-22,HOUSEHOLD_2,HOUSEHOLD,205,0
2016-04-23,FOODS_1,FOODS,419,0
2016-04-23,FOODS_2,FOODS,590,0
2016-04-23,FOODS_3,FOODS,2646,0
2016-04-23,HOBBIES_1,HOBBIES,621,0
2016-04-23,HOBBIES_2,HOBBIES,49,0
2016-04-23,HOUSEHOLD_1,HOUSEHOLD,933,0
2016-04-23,HOUSEHOLD_2,HOUSEHOLD,319,0
2016-04-24,FOODS_1,FOODS,329,0
2016-04-24,FOODS_2,FOODS,734,0
2016-04-24,FOODS_3,FOODS,2990,0
2016-04-24,HOBBIES_1,HOBBIES,641,0
2016-04-24,HOBBIES_2,HOBBIES,73,0
2016-04-24,HOUSEHOLD_1,HOUSEHOLD,1022,0
2016-04-24,HOUSEHOLD_2,HOUSEHOLD,324,0
