date,store_id,state_id,sales,snap
2011-01-29,CA_1,CA,4337,0
2011-01-29,CA_2,CA,3494,0
2011-01-29,CA_3,CA,4739,0
2011-01-29,CA_4,CA,1625,0
2011-01-29,TX_1,TX,2556,0
2011-01-29,TX_2,TX,3852,0
2011-01-29,TX_3,TX,3030,0
2011-01-29,WI_1,WI,2704,0
2011-01-29,WI_2,WI,2256,0
2011-01-29,WI_3,WI,4038,0
2011-01-30,CA_1,CA,4155,0
2011-01-30,CA_2,CA,3046,0
2011-01-30,CA_3,CA,4827,0
2011-01-30,CA_4,CA,1777,0
2011-01-30,TX_1,TX,2687,0
2011-01-30,TX_2,TX,3937,0
2011-01-30,TX_3,TX,3006,0
2011-01-30,WI_1,WI,2194,0
2011-01-30,WI_2,WI,1922,0
2011-01-30,WI_3,WI,4198,0
2011-01-31,CA_1,CA,2816,0
2011-01-31,CA_2,CA,2121,0
2011-01-31,CA_3,CA,3785,0
2011-01-31,CA_4,CA,1386,0
2011-01-31,TX_1,TX,1822,0
2011-01-31,TX_2,TX,2731,0
2011-01-31,TX_3,TX,2225,0
2011-01-31,WI_1,WI,1562,0
2011-01-31,WI_2,WI,2018,0
2011-01-31,WI_3,WI,3317,0
2011-02-01,CA_1,CA,3051,1
2011-02-01,CA_2,CA,2324,1
2011-02-01,CA_3,CA,4232,1
2011-02-01,CA_4,CA,1440,1
2011-02-01,TX_1,TX,2258,1
2011-02-01,TX_2,TX,2954,1
2011-02-01,TX_3,TX,2169,1
2011-02-01,WI_1,WI,1251,0
2011-02-01,WI_2,WI,2522,0
2011-02-01,WI_3,WI,3211,0
2011-02-02,CA_1,CA,2630,1
2011-02-02,CA_2,CA,1942,1
2011-02-02,CA_3,CA,3817,1
2011-02-02,CA_4,CA,1536,1
2011-02-02,TX_1,TX,1694,0
2011-02-02,TX_2,TX,2492,0
2011-02-02,TX_3,TX,1726,0
2011-02-02,WI_1,WI,2,1
2011-02-02,WI_2,WI,1175,1
2011-02-02,WI_3,WI,2132,1
2011-02-03,CA_1,CA,3276,1
2011-02-03,CA_2,CA,2288,1
2011-02-03,CA_3,CA,4369,1
2011-02-03,CA_4,CA,1389,1
2011-02-03,TX_1,TX,2734,1
2011-02-03,TX_2,TX,3439,1
2011-02-03,TX_3,TX,2833,1
2011-02-03,WI_1,WI,2049,1
2011-02-03,WI_2,WI,2244,1
2011-02-03,WI_3,WI,4590,1
2011-02-04,CA_1,CA,3450,1
2011-02-04,CA_2,CA,2629,1
2011-02-04,CA_3,CA,4703,1
2011-02-04,CA_4,CA,1469,1
2011-02-04,TX_1,TX,1691,0
2011-02-04,TX_2,TX,2588,0
2011-02-04,TX_3,TX,1947,0
2011-02-04,WI_1,WI,2815,0
2011-02-04,WI_2,WI,2232,0
2011-02-04,WI_3,WI,4486,0
2011-02-05,CA_1,CA,5437,1
2011-02-05,CA_2,CA,3729,1
2011-02-05,CA_3,CA,5456,1
2011-02-05,CA_4,CA,1988,1
2011-02-05,TX_1,TX,2820,1
2011-02-05,TX_2,TX,3772,1
2011-02-05,TX_3,TX,2848,1
2011-02-05,WI_1,WI,3248,1
2011-02-05,WI_2,WI,2643,1
2011-02-05,WI_3,WI,5991,1
2011-02-06,CA_1,CA,4340,1
2011-02-06,CA_2,CA,2957,1
2011-02-06,CA_3,CA,5581,1
2011-02-06,CA_4,CA,1818,1
2011-02-06,TX_1,TX,2887,1
2011-02-06,TX_2,TX,3657,1
2011-02-06,TX_3,TX,2832,1
2011-02-06,WI_1,WI,1674,1
2011-02-06,WI_2,WI,2140,1
2011-02-06,WI_3,WI,4850,1
2011-02-07,CA_1,CA,3157,1
2011-02-07,CA_2,CA,2218,1
2011-02-07,CA_3,CA,4912,1
2011-02-07,CA_4,CA,1535,1
2011-02-07,TX_1,TX,2174,1
2011-02-07,TX_2,TX,2932,1
2011-02-07,TX_3,TX,2213,1
2011-02-07,WI_1,WI,1355,0
2011-02-07,WI_2,WI,1836,0
2011-02-07,WI_3,WI,3240,0
2011-02-08,CA_1,CA,2995,1
2011-02-08,CA_2,CA,2123,1
2011-02-08,CA_3,CA,4447,1
2011-02-08,CA_4,CA,1368,1
2011-02-08,TX_1,TX,1607,0
2011-02-08,TX_2,TX,2628,0
2011-02-08,TX_3,TX,1989,0
2011-02-08,WI_1,WI,1335,1
2011-02-08,WI_2,WI,1526,1
2011-02-08,WI_3,WI,3053,1
2011-02-09,CA_1,CA,2710,1
2011-02-09,CA_2,CA,1901,1
2011-02-09,CA_3,CA,4544,1
2011-02-09,CA_4,CA,1195,1
2011-02-09,TX_1,TX,2149,1
2011-02-09,TX_2,TX,2669,1
2011-02-09,TX_3,TX,1922,1
2011-02-09,WI_1,WI,1410,1
2011-02-09,WI_2,WI,1846,1
2011-02-09,WI_3,WI,3312,1
2011-02-10,CA_1,CA,2928,1
2011-02-10,CA_2,CA,2436,1
2011-02-10,CA_3,CA,4406,1
2011-02-10,CA_4,CA,1434,1
2011-02-10,TX_1,TX,1895,0
2011-02-10,TX_2,TX,2515,0
2011-02-10,TX_3,TX,1699,0
2011-02-10,WI_1,WI,1349,0
2011-02-10,WI_2,WI,1785,0
2011-02-10,WI_3,WI,3309,0
2011-02-11,CA_1,CA,3078,0
2011-02-11,CA_2,CA,2584,0
2011-02-11,CA_3,CA,4380,0
2011-02-11,CA_4,CA,1312,0
2011-02-11,TX_1,TX,2256,1
2011-02-11,TX_2,TX,2883,1
2011-02-11,TX_3,TX,2063,1
2011-02-11,WI_1,WI,1946,1
2011-02-11,WI_2,WI,2015,1
2011-02-11,WI_3,WI,3928,1
2011-02-12,CA_1,CA,4316,0
2011-02-12,CA_2,CA,3455,0
2011-02-12,CA_3,CA,5187,0
2011-02-12,CA_4,CA,1652,0
2011-02-12,TX_1,TX,2944,1
2011-02-12,TX_2,TX,4000,1
2011-02-12,TX_3,TX,3137,1
2011-02-12,WI_1,WI,2634,1
2011-02-12,WI_2,WI,2442,1
2011-02-12,WI_3,WI,5066,1
2011-02-13,CA_1,CA,4354,0
2011-02-13,CA_2,CA,3563,0
2011-02-13,CA_3,CA,5780,0
2011-02-13,CA_4,CA,1933,0
2011-02-13,TX_1,TX,3432,1
2011-02-13,TX_2,TX,4779,1
2011-02-13,TX_3,TX,3514,1
2011-02-13,WI_1,WI,2012,0
2011-02-13,WI_2,WI,2336,0
2011-02-13,WI_3,WI,4677,0
2011-02-14,CA_1,CA,2757,0
2011-02-14,CA_2,CA,1801,0
2011-02-14,CA_3,CA,3303,0
2011-02-14,CA_4,CA,1183,0
2011-02-14,TX_1,TX,1921,0
2011-02-14,TX_2,TX,2679,0
2011-02-14,TX_3,TX,2119,0
2011-02-14,WI_1,WI,1522,1
2011-02-14,WI_2,WI,1612,1
2011-02-14,WI_3,WI,2907,1
2011-02-15,CA_1,CA,2430,0
2011-02-15,CA_2,CA,1797,0
2011-02-15,CA_3,CA,3758,0
2011-02-15,CA_4,CA,1511,0
2011-02-15,TX_1,TX,2217,1
2011-02-15,TX_2,TX,2927,1
2011-02-15,TX_3,TX,2316,1
2011-02-15,WI_1,WI,1363,1
2011-02-15,WI_2,WI,1980,1
2011-02-15,WI_3,WI,3771,1
2011-02-16,CA_1,CA,2272,0
2011-02-16,CA_2,CA,1741,0
2011-02-16,CA_3,CA,3641,0
2011-02-16,CA_4,CA,1190,0
2011-02-16,TX_1,TX,1962,0
2011-02-16,TX_2,TX,2606,0
2011-02-16,TX_3,TX,2038,0
2011-02-16,WI_1,WI,1300,0
2011-02-16,WI_2,WI,1628,0
2011-02-16,WI_3,WI,3065,0
2011-02-17,CA_1,CA,2009,0
2011-02-17,CA_2,CA,1614,0
2011-02-17,CA_3,CA,3099,0
2011-02-17,CA_4,CA,1113,0
2011-02-17,TX_1,TX,1821,0
2011-02-17,TX_2,TX,2449,0
2011-02-17,TX_3,TX,2142,0
2011-02-17,WI_1,WI,1459,0
2011-02-17,WI_2,WI,1678,0
2011-02-17,WI_3,WI,2934,0
2011-02-18,CA_1,CA,3015,0
2011-02-18,CA_2,CA,2214,0
2011-02-18,CA_3,CA,3320,0
2011-02-18,CA_4,CA,1476,0
2011-02-18,TX_1,TX,1951,0
2011-02-18,TX_2,TX,2615,0
2011-02-18,TX_3,TX,2145,0
2011-02-18,WI_1,WI,1872,0
2011-02-18,WI_2,WI,1813,0
2011-02-18,WI_3,WI,3300,0
2011-02-19,CA_1,CA,4553,0
2011-02-19,CA_2,CA,3080,0
2011-02-19,CA_3,CA,4694,0
2011-02-19,CA_4,CA,1543,0
2011-02-19,TX_1,TX,2571,0
2011-02-19,TX_2,TX,3705,0
2011-02-19,TX_3,TX,2874,0
2011-02-19,WI_1,WI,2596,0
2011-02-19,WI_2,WI,2014,0
2011-02-19,WI_3,WI,4059,0
2011-02-20,CA_1,CA,3966,0
2011-02-20,CA_2,CA,3087,0
2011-02-20,CA_3,CA,4794,0
2011-02-20,CA_4,CA,1618,0
2011-02-20,TX_1,TX,2810,0
2011-02-20,TX_2,TX,3845,0
2011-02-20,TX_3,TX,3134,0
2011-02-20,WI_1,WI,1415,0
2011-02-20,WI_2,WI,1592,0
2011-02-20,WI_3,WI,3022,0
2011-02-21,CA_1,CA,3264,0
2011-02-21,CA_2,CA,2601,0
2011-02-21,CA_3,CA,4631,0
2011-02-21,CA_4,CA,1501,0
2011-02-21,TX_1,TX,2071,0
2011-02-21,TX_2,TX,3006,0
2011-02-21,TX_3,TX,2220,0
2011-02-21,WI_1,WI,939,0
2011-02-21,WI_2,WI,1356,0
2011-02-21,WI_3,WI,2377,0
2011-02-22,CA_1,CA,2441,0
2011-02-22,CA_2,CA,1810,0
2011-02-22,CA_3,CA,3593,0
2011-02-22,CA_4,CA,1286,0
2011-02-22,TX_1,TX,1933,0
2011-02-22,TX_2,TX,2725,0
2011-02-22,TX_3,TX,1970,0
2011-02-22,WI_1,WI,1089,0
2011-02-22,WI_2,WI,1330,0
2011-02-22,WI_3,WI,2324,0
2011-02-23,CA_1,CA,2377,0
2011-02-23,CA_2,CA,1851,0
2011-02-23,CA_3,CA,3342,0
2011-02-23,CA_4,CA,1371,0
2011-02-23,TX_1,TX,1723,0
2011-02-23,TX_2,TX,2268,0
2011-02-23,TX_3,TX,1823,0
2011-02-23,WI_1,WI,1413,0
2011-02-23,WI_2,WI,1719,0
2011-02-23,WI_3,WI,2870,0
2011-02-24,CA_1,CA,2414,0
2011-02-24,CA_2,CA,1652,0
2011-02-24,CA_3,CA,3310,0
2011-02-24,CA_4,CA,1138,0
2011-02-24,TX_1,TX,1825,0
2011-02-24,TX_2,TX,2488,0
2011-02-24,TX_3,TX,1862,0
2011-02-24,WI_1,WI,1449,0
2011-02-24,WI_2,WI,1571,0
2011-02-24,WI_3,WI,2568,0
2011-02-25,CA_1,CA,2701,0
2011-02-25,CA_2,CA,2187,0
2011-02-25,CA_3,CA,3575,0
2011-02-25,CA_4,CA,1384,0
2011-02-25,TX_1,TX,1886,0
2011-02-25,TX_2,TX,2506,0
2011-02-25,TX_3,TX,1894,0
2011-02-25,WI_1,WI,1830,0
2011-02-25,WI_2,WI,1532,0
2011-02-25,WI_3,WI,3034,0
2011-02-26,CA_1,CA,3719,0
2011-02-26,CA_2,CA,3516,0
2011-02-26,CA_3,CA,4774,0
2011-02-26,CA_4,CA,1643,0
2011-02-26,TX_1,TX,2629,0
2011-02-26,TX_2,TX,3565,0
2011-02-26,TX_3,TX,2392,0
2011-02-26,WI_1,WI,2154,0
2011-02-26,WI_2,WI,1961,0
2011-02-26,WI_3,WI,3555,0
2011-02-27,CA_1,CA,3548,0
2011-02-27,CA_2,CA,2692,0
2011-02-27,CA_3,CA,4540,0
2011-02-27,CA_4,CA,1711,0
2011-02-27,TX_1,TX,2688,0
2011-02-27,TX_2,TX,3660,0
2011-02-27,TX_3,TX,2738,0
2011-02-27,WI_1,WI,1784,0
2011-02-27,WI_2,WI,1643,0
2011-02-27,WI_3,WI,3703,0
2011-02-28,CA_1,CA,2246,0
2011-02-28,CA_2,CA,1894,0
2011-02-28,CA_3,CA,3604,0
2011-02-28,CA_4,CA,1452,0
2011-02-28,TX_1,TX,1985,0
2011-02-28,TX_2,TX,2548,0
2011-02-28,TX_3,TX,2022,0
2011-02-28,WI_1,WI,1327,0
2011-02-28,WI_2,WI,1537,0
2011-02-28,WI_3,WI,2625,0
2011-03-01,CA_1,CA,2549,1
2011-03-01,CA_2,CA,1958,1
2011-03-01,CA_3,CA,3846,1
2011-03-01,CA_4,CA,1429,1
2011-03-01,TX_1,TX,1967,1
2011-03-01,TX_2,TX,3023,1
2011-03-01,TX_3,TX,2092,1
2011-03-01,WI_1,WI,1352,0
2011-03-01,WI_2,WI,1667,0
2011-03-01,WI_3,WI,2989,0
2011-03-02,CA_1,CA,2559,1
2011-03-02,CA_2,CA,1837,1
2011-03-02,CA_3,CA,3821,1
2011-03-02,CA_4,CA,1320,1
2011-03-02,TX_1,TX,1860,0
2011-03-02,TX_2,TX,2383,0
2011-03-02,TX_3,TX,1902,0
2011-03-02,WI_1,WI,1279,1
2011-03-02,WI_2,WI,1735,1
2011-03-02,WI_3,WI,3350,1
2011-03-03,CA_1,CA,2568,1
2011-03-03,CA_2,CA,2010,1
2011-03-03,CA_3,CA,3757,1
2011-03-03,CA_4,CA,1375,1
2011-03-03,TX_1,TX,2052,1
2011-03-03,TX_2,TX,2545,1
2011-03-03,TX_3,TX,2042,1
2011-03-03,WI_1,WI,1338,1
2011-03-03,WI_2,WI,1946,1
2011-03-03,WI_3,WI,3842,1
2011-03-04,CA_1,CA,2978,1
2011-03-04,CA_2,CA,2105,1
2011-03-04,CA_3,CA,3904,1
2011-03-04,CA_4,CA,1457,1
2011-03-04,TX_1,TX,1753,0
2011-03-04,TX_2,TX,2718,0
2011-03-04,TX_3,TX,2113,0
2011-03-04,WI_1,WI,1560,0
2011-03-04,WI_2,WI,1659,0
2011-03-04,WI_3,WI,3325,0
2011-03-05,CA_1,CA,4096,1
2011-03-05,CA_2,CA,3199,1
2011-03-05,CA_3,CA,4894,1
2011-03-05,CA_4,CA,1595,1
2011-03-05,TX_1,TX,2642,1
2011-03-05,TX_2,TX,3627,1
2011-03-05,TX_3,TX,2969,1
2011-03-05,WI_1,WI,1867,1
2011-03-05,WI_2,WI,1967,1
2011-03-05,WI_3,WI,4346,1
2011-03-06,CA_1,CA,4832,1
2011-03-06,CA_2,CA,3272,1
2011-03-06,CA_3,CA,5895,1
2011-03-06,CA_4,CA,2058,1
2011-03-06,TX_1,TX,3031,1
2011-03-06,TX_2,TX,4379,1
2011-03-06,TX_3,TX,3013,1
2011-03-06,WI_1,WI,1996,1
2011-03-06,WI_2,WI,1894,1
2011-03-06,WI_3,WI,4506,1
2011-03-07,CA_1,CA,3138,1
2011-03-07,CA_2,CA,1970,1
2011-03-07,CA_3,CA,4274,1
2011-03-07,CA_4,CA,1571,1
2011-03-07,TX_1,TX,2272,1
2011-03-07,TX_2,TX,2954,1
2011-03-07,TX_3,TX,2397,1
2011-03-07,WI_1,WI,1453,0
2011-03-07,WI_2,WI,1635,0
2011-03-07,WI_3,WI,2898,0
2011-03-08,CA_1,CA,2997,1
2011-03-08,CA_2,CA,1800,1
2011-03-08,CA_3,CA,4084,1
2011-03-08,CA_4,CA,1418,1
2011-03-08,TX_1,TX,1788,0
2011-03-08,TX_2,TX,2495,0
2011-03-08,TX_3,TX,2052,0
2011-03-08,WI_1,WI,1359,1
2011-03-08,WI_2,WI,1691,1
2011-03-08,WI_3,WI,3068,1
2011-03-09,CA_1,CA,2772,1
2011-03-09,CA_2,CA,2064,1
2011-03-09,CA_3,CA,3754,1
2011-03-09,CA_4,CA,1361,1
2011-03-09,TX_1,TX,2180,1
2011-03-09,TX_2,TX,2705,1
2011-03-09,TX_3,TX,2056,1
2011-03-09,WI_1,WI,1157,1
2011-03-09,WI_2,WI,1480,1
2011-03-09,WI_3,WI,3031,1
2011-03-10,CA_1,CA,2650,1
2011-03-10,CA_2,CA,2041,1
2011-03-10,CA_3,CA,3898,1
2011-03-10,CA_4,CA,1423,1
2011-03-10,TX_1,TX,1779,0
2011-03-10,TX_2,TX,2613,0
2011-03-10,TX_3,TX,1947,0
2011-03-10,WI_1,WI,1521,0
2011-03-10,WI_2,WI,1514,0
2011-03-10,WI_3,WI,3240,0
2011-03-11,CA_1,CA,3249,0
2011-03-11,CA_2,CA,2375,0
2011-03-11,CA_3,CA,4108,0
2011-03-11,CA_4,CA,1457,0
2011-03-11,TX_1,TX,2073,1
2011-03-11,TX_2,TX,2968,1
2011-03-11,TX_3,TX,2162,1
2011-03-11,WI_1,WI,1897,1
2011-03-11,WI_2,WI,1699,1
2011-03-11,WI_3,WI,3584,1
2011-03-12,CA_1,CA,4114,0
2011-03-12,CA_2,CA,3114,0
2011-03-12,CA_3,CA,4823,0
2011-03-12,CA_4,CA,1659,0
2011-03-12,TX_1,TX,2800,1
2011-03-12,TX_2,TX,3704,1
2011-03-12,TX_3,TX,2767,1
2011-03-12,WI_1,WI,2351,1
2011-03-12,WI_2,WI,2480,1
2011-03-12,WI_3,WI,4413,1
2011-03-13,CA_1,CA,4094,0
2011-03-13,CA_2,CA,3224,0
2011-03-13,CA_3,CA,5342,0
2011-03-13,CA_4,CA,1680,0
2011-03-13,TX_1,TX,2737,1
2011-03-13,TX_2,TX,3869,1
2011-03-13,TX_3,TX,2936,1
2011-03-13,WI_1,WI,1847,0
2011-03-13,WI_2,WI,1935,0
2011-03-13,WI_3,WI,3753,0
2011-03-14,CA_1,CA,2880,0
2011-03-14,CA_2,CA,2044,0
2011-03-14,CA_3,CA,4231,0
2011-03-14,CA_4,CA,1567,0
2011-03-14,TX_1,TX,2277,0
2011-03-14,TX_2,TX,3296,0
2011-03-14,TX_3,TX,2172,0
2011-03-14,WI_1,WI,1386,1
2011-03-14,WI_2,WI,1759,1
2011-03-14,WI_3,WI,3323,1
2011-03-15,CA_1,CA,2384,0
2011-03-15,CA_2,CA,1969,0
2011-03-15,CA_3,CA,3624,0
2011-03-15,CA_4,CA,1316,0
2011-03-15,TX_1,TX,2614,1
2011-03-15,TX_2,TX,3052,1
2011-03-15,TX_3,TX,2168,1
2011-03-15,WI_1,WI,1579,1
2011-03-15,WI_2,WI,1763,1
2011-03-15,WI_3,WI,3552,1
2011-03-16,CA_1,CA,2522,0
2011-03-16,CA_2,CA,2082,0
2011-03-16,CA_3,CA,3767,0
2011-03-16,CA_4,CA,1381,0
2011-03-16,TX_1,TX,1987,0
2011-03-16,TX_2,TX,2719,0
2011-03-16,TX_3,TX,2062,0
2011-03-16,WI_1,WI,1530,0
2011-03-16,WI_2,WI,1650,0
2011-03-16,WI_3,WI,3065,0
2011-03-17,CA_1,CA,2435,0
2011-03-17,CA_2,CA,2234,0
2011-03-17,CA_3,CA,3653,0
2011-03-17,CA_4,CA,1182,0
2011-03-17,TX_1,TX,2117,0
2011-03-17,TX_2,TX,2642,0
2011-03-17,TX_3,TX,2000,0
2011-03-17,WI_1,WI,1441,0
2011-03-17,WI_2,WI,1454,0
2011-03-17,WI_3,WI,2621,0
2011-03-18,CA_1,CA,2744,0
2011-03-18,CA_2,CA,2227,0
2011-03-18,CA_3,CA,3562,0
2011-03-18,CA_4,CA,1497,0
2011-03-18,TX_1,TX,2121,0
2011-03-18,TX_2,TX,2889,0
2011-03-18,TX_3,TX,2121,0
2011-03-18,WI_1,WI,1874,0
2011-03-18,WI_2,WI,1675,0
2011-03-18,WI_3,WI,3145,0
2011-03-19,CA_1,CA,4142,0
2011-03-19,CA_2,CA,3554,0
2011-03-19,CA_3,CA,5235,0
2011-03-19,CA_4,CA,1578,0
2011-03-19,TX_1,TX,2423,0
2011-03-19,TX_2,TX,3457,0
2011-03-19,TX_3,TX,2323,0
2011-03-19,WI_1,WI,2271,0
2011-03-19,WI_2,WI,1910,0
2011-03-19,WI_3,WI,3706,0
2011-03-20,CA_1,CA,3904,0
2011-03-20,CA_2,CA,3431,0
2011-03-20,CA_3,CA,5181,0
2011-03-20,CA_4,CA,1596,0
2011-03-20,TX_1,TX,2669,0
2011-03-20,TX_2,TX,3533,0
2011-03-20,TX_3,TX,2790,0
2011-03-20,WI_1,WI,1516,0
2011-03-20,WI_2,WI,1556,0
2011-03-20,WI_3,WI,3467,0
2011-03-21,CA_1,CA,2635,0
2011-03-21,CA_2,CA,2018,0
2011-03-21,CA_3,CA,4154,0
2011-03-21,CA_4,CA,1448,0
2011-03-21,TX_1,TX,2074,0
2011-03-21,TX_2,TX,2764,0
2011-03-21,TX_3,TX,2237,0
2011-03-21,WI_1,WI,1496,0
2011-03-21,WI_2,WI,1426,0
2011-03-21,WI_3,WI,2849,0
2011-03-22,CA_1,CA,2458,0
2011-03-22,CA_2,CA,2045,0
2011-03-22,CA_3,CA,3664,0
2011-03-22,CA_4,CA,1216,0
2011-03-22,TX_1,TX,1858,0
2011-03-22,TX_2,TX,2313,0
2011-03-22,TX_3,TX,1915,0
2011-03-22,WI_1,WI,1359,0
2011-03-22,WI_2,WI,1428,0
2011-03-22,WI_3,WI,2236,0
2011-03-23,CA_1,CA,2079,0
2011-03-23,CA_2,CA,1908,0
2011-03-23,CA_3,CA,3255,0
2011-03-23,CA_4,CA,1248,0
2011-03-23,TX_1,TX,1780,0
2011-03-23,TX_2,TX,2208,0
2011-03-23,TX_3,TX,1926,0
2011-03-23,WI_1,WI,1245,0
2011-03-23,WI_2,WI,1351,0
2011-03-23,WI_3,WI,2230,0
2011-03-24,CA_1,CA,2281,0
2011-03-24,CA_2,CA,1718,0
2011-03-24,CA_3,CA,2814,0
2011-03-24,CA_4,CA,1076,0
2011-03-24,TX_1,TX,1859,0
2011-03-24,TX_2,TX,2290,0
2011-03-24,TX_3,TX,1749,0
2011-03-24,WI_1,WI,1427,0
2011-03-24,WI_2,WI,1306,0
2011-03-24,WI_3,WI,2334,0
2011-03-25,CA_1,CA,2740,0
2011-03-25,CA_2,CA,2697,0
2011-03-25,CA_3,CA,4085,0
2011-03-25,CA_4,CA,1489,0
2011-03-25,TX_1,TX,1982,0
2011-03-25,TX_2,TX,2412,0
2011-03-25,TX_3,TX,1855,0
2011-03-25,WI_1,WI,1808,0
2011-03-25,WI_2,WI,1435,0
2011-03-25,WI_3,WI,2847,0
2011-03-26,CA_1,CA,3899,0
2011-03-26,CA_2,CA,3310,0
2011-03-26,CA_3,CA,4991,0
2011-03-26,CA_4,CA,1616,0
2011-03-26,TX_1,TX,2392,0
2011-03-26,TX_2,TX,3195,0
2011-03-26,TX_3,TX,2485,0
2011-03-26,WI_1,WI,2277,0
2011-03-26,WI_2,WI,1826,0
2011-03-26,WI_3,WI,3629,0
2011-03-27,CA_1,CA,3999,0
2011-03-27,CA_2,CA,3223,0
2011-03-27,CA_3,CA,4850,0
2011-03-27,CA_4,CA,1589,0
2011-03-27,TX_1,TX,2817,0
2011-03-27,TX_2,TX,3759,0
2011-03-27,TX_3,TX,2858,0
2011-03-27,WI_1,WI,1879,0
2011-03-27,WI_2,WI,1516,0
2011-03-27,WI_3,WI,3376,0
2011-03-28,CA_1,CA,2780,0
2011-03-28,CA_2,CA,2179,0
2011-03-28,CA_3,CA,3692,0
2011-03-28,CA_4,CA,1346,0
2011-03-28,TX_1,TX,1792,0
2011-03-28,TX_2,TX,2638,0
2011-03-28,TX_3,TX,1999,0
2011-03-28,WI_1,WI,1295,0
2011-03-28,WI_2,WI,1269,0
2011-03-28,WI_3,WI,2459,0
2011-03-29,CA_1,CA,2167,0
2011-03-29,CA_2,CA,2107,0
2011-03-29,CA_3,CA,3028,0
2011-03-29,CA_4,CA,1214,0
2011-03-29,TX_1,TX,1705,0
2011-03-29,TX_2,TX,2276,0
2011-03-29,TX_3,TX,1747,0
2011-03-29,WI_1,WI,1293,0
2011-03-29,WI_2,WI,1504,0
2011-03-29,WI_3,WI,2540,0
2011-03-30,CA_1,CA,2247,0
2011-03-30,CA_2,CA,1887,0
2011-03-30,CA_3,CA,3518,0
2011-03-30,CA_4,CA,1259,0
2011-03-30,TX_1,TX,1706,0
2011-03-30,TX_2,TX,2055,0
2011-03-30,TX_3,TX,1623,0
2011-03-30,WI_1,WI,1489,0
2011-03-30,WI_2,WI,1323,0
2011-03-30,WI_3,WI,1821,0
2011-03-31,CA_1,CA,2576,0
2011-03-31,CA_2,CA,2362,0
2011-03-31,CA_3,CA,3640,0
2011-03-31,CA_4,CA,1481,0
2011-03-31,TX_1,TX,1783,0
2011-03-31,TX_2,TX,2421,0
2011-03-31,TX_3,TX,1892,0
2011-03-31,WI_1,WI,1605,0
2011-03-31,WI_2,WI,1660,0
2011-03-31,WI_3,WI,2322,0
2011-04-01,CA_1,CA,3500,1
2011-04-01,CA_2,CA,2979,1
2011-04-01,CA_3,CA,4599,1
2011-04-01,CA_4,CA,1749,1
2011-04-01,TX_1,TX,2698,1
2011-04-01,TX_2,TX,2970,1
2011-04-01,TX_3,TX,2324,1
2011-04-01,WI_1,WI,1952,0
2011-04-01,WI_2,WI,2067,0
2011-04-01,WI_3,WI,3471,0
2011-04-02,CA_1,CA,4325,1
2011-04-02,CA_2,CA,3503,1
2011-04-02,CA_3,CA,5265,1
2011-04-02,CA_4,CA,1698,1
2011-04-02,TX_1,TX,2781,0
2011-04-02,TX_2,TX,3493,0
2011-04-02,TX_3,TX,2860,0
2011-04-02,WI_1,WI,2516,1
2011-04-02,WI_2,WI,2428,1
2011-04-02,WI_3,WI,4609,1
2011-04-03,CA_1,CA,4396,1
2011-04-03,CA_2,CA,3346,1
2011-04-03,CA_3,CA,5680,1
2011-04-03,CA_4,CA,1919,1
2011-04-03,TX_1,TX,2919,1
2011-04-03,TX_2,TX,3850,1
2011-04-03,TX_3,TX,3094,1
2011-04-03,WI_1,WI,1911,1
2011-04-03,WI_2,WI,1780,1
2011-04-03,WI_3,WI,4163,1
2011-04-04,CA_1,CA,3642,1
2011-04-04,CA_2,CA,2210,1
2011-04-04,CA_3,CA,4921,1
2011-04-04,CA_4,CA,1583,1
2011-04-04,TX_1,TX,1997,0
2011-04-04,TX_2,TX,2524,0
2011-04-04,TX_3,TX,2127,0
2011-04-04,WI_1,WI,1354,0
2011-04-04,WI_2,WI,1561,0
2011-04-04,WI_3,WI,2933,0
2011-04-05,CA_1,CA,2784,1
2011-04-05,CA_2,CA,2291,1
2011-04-05,CA_3,CA,3936,1
2011-04-05,CA_4,CA,1486,1
2011-04-05,TX_1,TX,2119,1
2011-04-05,TX_2,TX,2608,1
2011-04-05,TX_3,TX,2016,1
2011-04-05,WI_1,WI,1481,1
2011-04-05,WI_2,WI,1725,1
2011-04-05,WI_3,WI,3135,1
2011-04-06,CA_1,CA,2602,1
2011-04-06,CA_2,CA,2004,1
2011-04-06,CA_3,CA,4062,1
2011-04-06,CA_4,CA,1433,1
2011-04-06,TX_1,TX,1966,1
2011-04-06,TX_2,TX,2787,1
2011-04-06,TX_3,TX,1936,1
2011-04-06,WI_1,WI,1377,1
2011-04-06,WI_2,WI,1528,1
2011-04-06,WI_3,WI,2961,1
2011-04-07,CA_1,CA,2976,1
2011-04-07,CA_2,CA,2158,1
2011-04-07,CA_3,CA,4052,1
2011-04-07,CA_4,CA,1389,1
2011-04-07,TX_1,TX,2131,1
2011-04-07,TX_2,TX,2893,1
2011-04-07,TX_3,TX,2177,1
2011-04-07,WI_1,WI,1245,0
2011-04-07,WI_2,WI,1448,0
2011-04-07,WI_3,WI,2432,0
2011-04-08,CA_1,CA,3294,1
2011-04-08,CA_2,CA,2305,1
2011-04-08,CA_3,CA,3918,1
2011-04-08,CA_4,CA,1454,1
2011-04-08,TX_1,TX,2109,0
2011-04-08,TX_2,TX,2621,0
2011-04-08,TX_3,TX,2067,0
2011-04-08,WI_1,WI,1677,1
2011-04-08,WI_2,WI,1864,1
2011-04-08,WI_3,WI,3445,1
2011-04-09,CA_1,CA,4083,1
2011-04-09,CA_2,CA,3383,1
2011-04-09,CA_3,CA,4957,1
2011-04-09,CA_4,CA,1641,1
2011-04-09,TX_1,TX,2924,1
2011-04-09,TX_2,TX,3473,1
2011-04-09,TX_3,TX,2628,1
2011-04-09,WI_1,WI,2184,1
2011-04-09,WI_2,WI,2246,1
2011-04-09,WI_3,WI,4226,1
2011-04-10,CA_1,CA,4194,1
2011-04-10,CA_2,CA,3416,1
2011-04-10,CA_3,CA,5728,1
2011-04-10,CA_4,CA,1953,1
2011-04-10,TX_1,TX,3057,0
2011-04-10,TX_2,TX,3942,0
2011-04-10,TX_3,TX,2649,0
2011-04-10,WI_1,WI,1660,0
2011-04-10,WI_2,WI,1440,0
2011-04-10,WI_3,WI,3497,0
2011-04-11,CA_1,CA,3015,0
2011-04-11,CA_2,CA,2237,0
2011-04-11,CA_3,CA,4123,0
2011-04-11,CA_4,CA,1723,0
2011-04-11,TX_1,TX,2294,1
2011-04-11,TX_2,TX,2939,1
2011-04-11,TX_3,TX,2322,1
2011-04-11,WI_1,WI,1489,1
2011-04-11,WI_2,WI,1581,1
2011-04-11,WI_3,WI,3106,1
2011-04-12,CA_1,CA,2512,0
2011-04-12,CA_2,CA,1868,0
2011-04-12,CA_3,CA,3466,0
2011-04-12,CA_4,CA,1335,0
2011-04-12,TX_1,TX,2160,1
2011-04-12,TX_2,TX,2921,1
2011-04-12,TX_3,TX,2221,1
2011-04-12,WI_1,WI,1448,1
2011-04-12,WI_2,WI,1935,1
2011-04-12,WI_3,WI,3352,1
2011-04-13,CA_1,CA,2217,0
2011-04-13,CA_2,CA,1856,0
2011-04-13,CA_3,CA,3561,0
2011-04-13,CA_4,CA,1219,0
2011-04-13,TX_1,TX,2325,1
2011-04-13,TX_2,TX,2805,1
2011-04-13,TX_3,TX,2072,1
2011-04-13,WI_1,WI,1366,0
2011-04-13,WI_2,WI,1515,0
2011-04-13,WI_3,WI,2675,0
2011-04-14,CA_1,CA,2520,0
2011-04-14,CA_2,CA,1985,0
2011-04-14,CA_3,CA,3616,0
2011-04-14,CA_4,CA,1309,0
2011-04-14,TX_1,TX,1859,0
2011-04-14,TX_2,TX,2584,0
2011-04-14,TX_3,TX,1895,0
2011-04-14,WI_1,WI,1435,1
2011-04-14,WI_2,WI,1750,1
2011-04-14,WI_3,WI,3011,1
2011-04-15,CA_1,CA,2867,0
2011-04-15,CA_2,CA,2298,0
2011-04-15,CA_3,CA,4293,0
2011-04-15,CA_4,CA,1464,0
2011-04-15,TX_1,TX,2402,1
2011-04-15,TX_2,TX,3062,1
2011-04-15,TX_3,TX,2285,1
2011-04-15,WI_1,WI,1562,1
2011-04-15,WI_2,WI,1645,1
2011-04-15,WI_3,WI,3604,1
2011-04-16,CA_1,CA,3571,0
2011-04-16,CA_2,CA,3175,0
2011-04-16,CA_3,CA,4457,0
2011-04-16,CA_4,CA,1606,0
2011-04-16,TX_1,TX,2520,0
2011-04-16,TX_2,TX,3317,0
2011-04-16,TX_3,TX,2736,0
2011-04-16,WI_1,WI,2042,0
2011-04-16,WI_2,WI,2017,0
2011-04-16,WI_3,WI,3793,0
2011-04-17,CA_1,CA,4084,0
2011-04-17,CA_2,CA,3133,0
2011-04-17,CA_3,CA,4819,0
2011-04-17,CA_4,CA,1858,0
2011-04-17,TX_1,TX,2677,0
2011-04-17,TX_2,TX,3694,0
2011-04-17,TX_3,TX,2877,0
2011-04-17,WI_1,WI,1693,0
2011-04-17,WI_2,WI,1417,0
2011-04-17,WI_3,WI,3535,0
2011-04-18,CA_1,CA,2760,0
2011-04-18,CA_2,CA,1943,0
2011-04-18,CA_3,CA,3922,0
2011-04-18,CA_4,CA,1330,0
2011-04-18,TX_1,TX,2019,0
2011-04-18,TX_2,TX,2972,0
2011-04-18,TX_3,TX,2227,0
2011-04-18,WI_1,WI,1202,0
2011-04-18,WI_2,WI,1286,0
2011-04-18,WI_3,WI,2728,0
2011-04-19,CA_1,CA,2234,0
2011-04-19,CA_2,CA,1990,0
2011-04-19,CA_3,CA,3423,0
2011-04-19,CA_4,CA,1283,0
2011-04-19,TX_1,TX,1827,0
2011-04-19,TX_2,TX,2382,0
2011-04-19,TX_3,TX,1924,0
2011-04-19,WI_1,WI,1183,0
2011-04-19,WI_2,WI,1135,0
2011-04-19,WI_3,WI,2093,0
2011-04-20,CA_1,CA,2261,0
2011-04-20,CA_2,CA,1754,0
2011-04-20,CA_3,CA,3306,0
2011-04-20,CA_4,CA,1261,0
2011-04-20,TX_1,TX,1913,0
2011-04-20,TX_2,TX,2511,0
2011-04-20,TX_3,TX,1963,0
2011-04-20,WI_1,WI,1327,0
2011-04-20,WI_2,WI,1306,0
2011-04-20,WI_3,WI,2586,0
2011-04-21,CA_1,CA,2487,0
2011-04-21,CA_2,CA,1958,0
2011-04-21,CA_3,CA,3366,0
2011-04-21,CA_4,CA,1175,0
2011-04-21,TX_1,TX,1744,0
2011-04-21,TX_2,TX,2227,0
2011-04-21,TX_3,TX,1706,0
2011-04-21,WI_1,WI,1350,0
2011-04-21,WI_2,WI,1348,0
2011-04-21,WI_3,WI,2407,0
2011-04-22,CA_1,CA,3155,0
2011-04-22,CA_2,CA,2359,0
2011-04-22,CA_3,CA,3939,0
2011-04-22,CA_4,CA,1514,0
2011-04-22,TX_1,TX,2114,0
2011-04-22,TX_2,TX,3012,0
2011-04-22,TX_3,TX,2416,0
2011-04-22,WI_1,WI,1621,0
2011-04-22,WI_2,WI,1392,0
2011-04-22,WI_3,WI,2757,0
2011-04-23,CA_1,CA,4187,0
2011-04-23,CA_2,CA,3000,0
2011-04-23,CA_3,CA,4577,0
2011-04-23,CA_4,CA,1813,0
2011-04-23,TX_1,TX,2304,0
2011-04-23,TX_2,TX,3664,0
2011-04-23,TX_3,TX,2865,0
2011-04-23,WI_1,WI,1868,0
2011-04-23,WI_2,WI,1730,0
2011-04-23,WI_3,WI,3567,0
2011-04-24,CA_1,CA,2946,0
2011-04-24,CA_2,CA,2834,0
2011-04-24,CA_3,CA,4482,0
2011-04-24,CA_4,CA,1459,0
2011-04-24,TX_1,TX,2451,0
2011-04-24,TX_2,TX,3307,0
2011-04-24,TX_3,TX,2139,0
2011-04-24,WI_1,WI,971,0
2011-04-24,WI_2,WI,949,0
2011-04-24,WI_3,WI,2480,0
2011-04-25,CA_1,CA,2439,0
2011-04-25,CA_2,CA,1952,0
2011-04-25,CA_3,CA,3336,0
2011-04-25,CA_4,CA,1138,0
2011-04-25,TX_1,TX,1832,0
2011-04-25,TX_2,TX,2572,0
2011-04-25,TX_3,TX,1935,0
2011-04-25,WI_1,WI,1295,0
2011-04-25,WI_2,WI,1245,0
2011-04-25,WI_3,WI,2260,0
2011-04-26,CA_1,CA,2085,0
2011-04-26,CA_2,CA,1845,0
2011-04-26,CA_3,CA,3145,0
2011-04-26,CA_4,CA,1101,0
2011-04-26,TX_1,TX,1777,0
2011-04-26,TX_2,TX,2077,0
2011-04-26,TX_3,TX,1681,0
2011-04-26,WI_1,WI,1203,0
2011-04-26,WI_2,WI,1219,0
2011-04-26,WI_3,WI,1980,0
2011-04-27,CA_1,CA,2096,0
2011-04-27,CA_2,CA,1851,0
2011-04-27,CA_3,CA,3062,0
2011-04-27,CA_4,CA,1126,0
2011-04-27,TX_1,TX,1653,0
2011-04-27,TX_2,TX,2112,0
2011-04-27,TX_3,TX,1604,0
2011-04-27,WI_1,WI,1125,0
2011-04-27,WI_2,WI,1288,0
2011-04-27,WI_3,WI,2012,0
2011-04-28,CA_1,CA,2086,0
2011-04-28,CA_2,CA,1810,0
2011-04-28,CA_3,CA,2930,0
2011-04-28,CA_4,CA,1125,0
2011-04-28,TX_1,TX,1438,0
2011-04-28,TX_2,TX,2225,0
2011-04-28,TX_3,TX,1709,0
2011-04-28,WI_1,WI,1390,0
2011-04-28,WI_2,WI,1254,0
2011-04-28,WI_3,WI,2178,0
2011-04-29,CA_1,CA,2675,0
2011-04-29,CA_2,CA,2309,0
2011-04-29,CA_3,CA,3240,0
2011-04-29,CA_4,CA,1506,0
2011-04-29,TX_1,TX,1848,0
2011-04-29,TX_2,TX,2764,0
2011-04-29,TX_3,TX,1820,0
2011-04-29,WI_1,WI,1803,0
2011-04-29,WI_2,WI,1675,0
2011-04-29,WI_3,WI,3095,0
2011-04-30,CA_1,CA,3560,0
2011-04-30,CA_2,CA,3051,0
2011-04-30,CA_3,CA,4247,0
2011-04-30,CA_4,CA,1570,0
2011-04-30,TX_1,TX,2577,0
2011-04-30,TX_2,TX,3375,0
2011-04-30,TX_3,TX,2288,0
2011-04-30,WI_1,WI,2168,0
2011-04-30,WI_2,WI,1877,0
2011-04-30,WI_3,WI,3388,0
2011-05-01,CA_1,CA,3668,1
2011-05-01,CA_2,CA,2958,1
2011-05-01,CA_3,CA,4569,1
2011-05-01,CA_4,CA,1802,1
2011-05-01,TX_1,TX,3053,1
2011-05-01,TX_2,TX,3931,1
2011-05-01,TX_3,TX,2660,1
2011-05-01,WI_1,WI,1726,0
2011-05-01,WI_2,WI,1639,0
2011-05-01,WI_3,WI,3039,0
2011-05-02,CA_1,CA,2911,1
2011-05-02,CA_2,CA,1958,1
2011-05-02,CA_3,CA,4245,1
2011-05-02,CA_4,CA,1543,1
2011-05-02,TX_1,TX,1857,0
2011-05-02,TX_2,TX,2443,0
2011-05-02,TX_3,TX,1825,0
2011-05-02,WI_1,WI,1261,1
2011-05-02,WI_2,WI,1615,1
2011-05-02,WI_3,WI,3179,1
2011-05-03,CA_1,CA,2839,1
2011-05-03,CA_2,CA,2002,1
2011-05-03,CA_3,CA,4349,1
2011-05-03,CA_4,CA,1479,1
2011-05-03,TX_1,TX,2125,1
2011-05-03,TX_2,TX,2587,1
2011-05-03,TX_3,TX,2225,1
2011-05-03,WI_1,WI,1466,1
2011-05-03,WI_2,WI,1697,1
2011-05-03,WI_3,WI,3311,1
2011-05-04,CA_1,CA,2610,1
2011-05-04,CA_2,CA,1826,1
2011-05-04,CA_3,CA,3822,1
2011-05-04,CA_4,CA,1338,1
2011-05-04,TX_1,TX,1679,0
2011-05-04,TX_2,TX,2400,0
2011-05-04,TX_3,TX,1692,0
2011-05-04,WI_1,WI,1291,0
2011-05-04,WI_2,WI,1623,0
2011-05-04,WI_3,WI,2480,0
2011-05-05,CA_1,CA,2384,1
2011-05-05,CA_2,CA,2010,1
2011-05-05,CA_3,CA,3611,1
2011-05-05,CA_4,CA,1276,1
2011-05-05,TX_1,TX,2058,1
2011-05-05,TX_2,TX,2452,1
2011-05-05,TX_3,TX,1862,1
2011-05-05,WI_1,WI,1406,1
2011-05-05,WI_2,WI,1460,1
2011-05-05,WI_3,WI,2665,1
2011-05-06,CA_1,CA,3125,1
2011-05-06,CA_2,CA,2223,1
2011-05-06,CA_3,CA,3772,1
2011-05-06,CA_4,CA,1497,1
2011-05-06,TX_1,TX,2939,1
2011-05-06,TX_2,TX,2804,1
2011-05-06,TX_3,TX,2181,1
2011-05-06,WI_1,WI,1469,1
2011-05-06,WI_2,WI,1424,1
2011-05-06,WI_3,WI,3052,1
2011-05-07,CA_1,CA,3816,1
2011-05-07,CA_2,CA,2607,1
2011-05-07,CA_3,CA,4455,1
2011-05-07,CA_4,CA,1508,1
2011-05-07,TX_1,TX,2865,1
2011-05-07,TX_2,TX,3417,1
2011-05-07,TX_3,TX,2581,1
2011-05-07,WI_1,WI,2006,0
2011-05-07,WI_2,WI,1770,0
2011-05-07,WI_3,WI,3387,0
2011-05-08,CA_1,CA,3033,1
2011-05-08,CA_2,CA,2656,1
2011-05-08,CA_3,CA,4217,1
2011-05-08,CA_4,CA,1325,1
2011-05-08,TX_1,TX,2412,0
2011-05-08,TX_2,TX,2798,0
2011-05-08,TX_3,TX,2230,0
2011-05-08,WI_1,WI,1210,1
2011-05-08,WI_2,WI,1276,1
2011-05-08,WI_3,WI,2531,1
2011-05-09,CA_1,CA,3069,1
2011-05-09,CA_2,CA,2064,1
2011-05-09,CA_3,CA,4498,1
2011-05-09,CA_4,CA,1633,1
2011-05-09,TX_1,TX,2482,1
2011-05-09,TX_2,TX,3246,1
2011-05-09,TX_3,TX,2273,1
2011-05-09,WI_1,WI,1169,1
2011-05-09,WI_2,WI,1573,1
2011-05-09,WI_3,WI,3017,1
2011-05-10,CA_1,CA,2985,1
2011-05-10,CA_2,CA,1831,1
2011-05-10,CA_3,CA,3993,1
2011-05-10,CA_4,CA,1621,1
2011-05-10,TX_1,TX,2178,0
2011-05-10,TX_2,TX,2515,0
2011-05-10,TX_3,TX,1830,0
2011-05-10,WI_1,WI,1339,0
2011-05-10,WI_2,WI,1456,0
2011-05-10,WI_3,WI,2483,0
2011-05-11,CA_1,CA,2629,0
2011-05-11,CA_2,CA,1837,0
2011-05-11,CA_3,CA,3657,0
2011-05-11,CA_4,CA,1447,0
2011-05-11,TX_1,TX,1957,1
2011-05-11,TX_2,TX,2570,1
2011-05-11,TX_3,TX,2228,1
2011-05-11,WI_1,WI,1260,1
2011-05-11,WI_2,WI,1497,1
2011-05-11,WI_3,WI,3083,1
2011-05-12,CA_1,CA,2277,0
2011-05-12,CA_2,CA,2045,0
2011-05-12,CA_3,CA,3696,0
2011-05-12,CA_4,CA,1294,0
2011-05-12,TX_1,TX,2093,1
2011-05-12,TX_2,TX,2540,1
2011-05-12,TX_3,TX,2075,1
2011-05-12,WI_1,WI,1432,1
2011-05-12,WI_2,WI,1790,1
2011-05-12,WI_3,WI,3171,1
2011-05-13,CA_1,CA,3008,0
2011-05-13,CA_2,CA,2416,0
2011-05-13,CA_3,CA,3934,0
2011-05-13,CA_4,CA,1620,0
2011-05-13,TX_1,TX,2581,1
2011-05-13,TX_2,TX,3069,1
2011-05-13,TX_3,TX,2581,1
2011-05-13,WI_1,WI,1815,0
2011-05-13,WI_2,WI,1556,0
2011-05-13,WI_3,WI,3068,0
2011-05-14,CA_1,CA,3754,0
2011-05-14,CA_2,CA,3072,0
2011-05-14,CA_3,CA,4094,0
2011-05-14,CA_4,CA,1576,0
2011-05-14,TX_1,TX,2590,0
2011-05-14,TX_2,TX,3572,0
2011-05-14,TX_3,TX,2501,0
2011-05-14,WI_1,WI,1926,1
2011-05-14,WI_2,WI,1923,1
2011-05-14,WI_3,WI,3728,1
2011-05-15,CA_1,CA,3822,0
2011-05-15,CA_2,CA,3047,0
2011-05-15,CA_3,CA,4897,0
2011-05-15,CA_4,CA,1783,0
2011-05-15,TX_1,TX,3136,1
2011-05-15,TX_2,TX,4038,1
2011-05-15,TX_3,TX,3063,1
2011-05-15,WI_1,WI,1838,1
2011-05-15,WI_2,WI,1628,1
2011-05-15,WI_3,WI,4068,1
2011-05-16,CA_1,CA,2582,0
2011-05-16,CA_2,CA,1872,0
2011-05-16,CA_3,CA,3806,0
2011-05-16,CA_4,CA,1282,0
2011-05-16,TX_1,TX,2248,0
2011-05-16,TX_2,TX,2745,0
2011-05-16,TX_3,TX,2148,0
2011-05-16,WI_1,WI,1384,0
2011-05-16,WI_2,WI,1361,0
2011-05-16,WI_3,WI,2785,0
2011-05-17,CA_1,CA,2144,0
2011-05-17,CA_2,CA,1794,0
2011-05-17,CA_3,CA,3297,0
2011-05-17,CA_4,CA,1257,0
2011-05-17,TX_1,TX,1956,0
2011-05-17,TX_2,TX,2365,0
2011-05-17,TX_3,TX,1858,0
2011-05-17,WI_1,WI,1327,0
2011-05-17,WI_2,WI,1331,0
2011-05-17,WI_3,WI,2284,0
2011-05-18,CA_1,CA,2174,0
2011-05-18,CA_2,CA,1718,0
2011-05-18,CA_3,CA,3173,0
2011-05-18,CA_4,CA,1193,0
2011-05-18,TX_1,TX,1706,0
2011-05-18,TX_2,TX,2341,0
2011-05-18,TX_3,TX,1740,0
2011-05-18,WI_1,WI,1404,0
2011-05-18,WI_2,WI,1258,0
2011-05-18,WI_3,WI,2063,0
2011-05-19,CA_1,CA,2168,0
2011-05-19,CA_2,CA,1876,0
2011-05-19,CA_3,CA,3172,0
2011-05-19,CA_4,CA,1194,0
2011-05-19,TX_1,TX,1691,0
2011-05-19,TX_2,TX,2273,0
2011-05-19,TX_3,TX,1716,0
2011-05-19,WI_1,WI,1206,0
2011-05-19,WI_2,WI,1201,0
2011-05-19,WI_3,WI,2187,0
2011-05-20,CA_1,CA,2664,0
2011-05-20,CA_2,CA,2213,0
2011-05-20,CA_3,CA,3551,0
2011-05-20,CA_4,CA,1381,0
2011-05-20,TX_1,TX,2054,0
2011-05-20,TX_2,TX,2341,0
2011-05-20,TX_3,TX,1942,0
2011-05-20,WI_1,WI,1553,0
2011-05-20,WI_2,WI,1389,0
2011-05-20,WI_3,WI,2561,0
2011-05-21,CA_1,CA,3463,0
2011-05-21,CA_2,CA,2742,0
2011-05-21,CA_3,CA,4247,0
2011-05-21,CA_4,CA,1555,0
2011-05-21,TX_1,TX,2507,0
2011-05-21,TX_2,TX,3161,0
2011-05-21,TX_3,TX,2620,0
2011-05-21,WI_1,WI,2070,0
2011-05-21,WI_2,WI,1656,0
2011-05-21,WI_3,WI,3091,0
2011-05-22,CA_1,CA,3597,0
2011-05-22,CA_2,CA,2600,0
2011-05-22,CA_3,CA,4475,0
2011-05-22,CA_4,CA,1629,0
2011-05-22,TX_1,TX,2472,0
2011-05-22,TX_2,TX,3454,0
2011-05-22,TX_3,TX,2592,0
2011-05-22,WI_1,WI,1473,0
2011-05-22,WI_2,WI,1144,0
2011-05-22,WI_3,WI,2810,0
2011-05-23,CA_1,CA,2461,0
2011-05-23,CA_2,CA,1877,0
2011-05-23,CA_3,CA,3637,0
2011-05-23,CA_4,CA,1371,0
2011-05-23,TX_1,TX,1889,0
2011-05-23,TX_2,TX,2659,0
2011-05-23,TX_3,TX,1997,0
2011-05-23,WI_1,WI,1264,0
2011-05-23,WI_2,WI,1315,0
2011-05-23,WI_3,WI,2484,0
2011-05-24,CA_1,CA,2160,0
2011-05-24,CA_2,CA,1691,0
2011-05-24,CA_3,CA,3364,0
2011-05-24,CA_4,CA,1326,0
2011-05-24,TX_1,TX,1633,0
2011-05-24,TX_2,TX,2204,0
2011-05-24,TX_3,TX,1976,0
2011-05-24,WI_1,WI,1266,0
2011-05-24,WI_2,WI,1270,0
2011-05-24,WI_3,WI,2313,0
2011-05-25,CA_1,CA,2251,0
2011-05-25,CA_2,CA,1786,0
2011-05-25,CA_3,CA,3429,0
2011-05-25,CA_4,CA,1369,0
2011-05-25,TX_1,TX,1809,0
2011-05-25,TX_2,TX,2300,0
2011-05-25,TX_3,TX,1849,0
2011-05-25,WI_1,WI,1208,0
2011-05-25,WI_2,WI,1233,0
2011-05-25,WI_3,WI,1824,0
2011-05-26,CA_1,CA,2296,0
2011-05-26,CA_2,CA,2081,0
2011-05-26,CA_3,CA,3501,0
2011-05-26,CA_4,CA,1298,0
2011-05-26,TX_1,TX,1769,0
2011-05-26,TX_2,TX,2424,0
2011-05-26,TX_3,TX,2090,0
2011-05-26,WI_1,WI,1351,0
2011-05-26,WI_2,WI,1446,0
2011-05-26,WI_3,WI,2224,0
2011-05-27,CA_1,CA,2642,0
2011-05-27,CA_2,CA,2476,0
2011-05-27,CA_3,CA,3707,0
2011-05-27,CA_4,CA,1406,0
2011-05-27,TX_1,TX,1809,0
2011-05-27,TX_2,TX,2508,0
2011-05-27,TX_3,TX,2026,0
2011-05-27,WI_1,WI,1548,0
2011-05-27,WI_2,WI,1556,0
2011-05-27,WI_3,WI,2803,0
2011-05-28,CA_1,CA,3214,0
2011-05-28,CA_2,CA,2459,0
2011-05-28,CA_3,CA,3920,0
2011-05-28,CA_4,CA,1366,0
2011-05-28,TX_1,TX,2245,0
2011-05-28,TX_2,TX,3383,0
2011-05-28,TX_3,TX,2658,0
2011-05-28,WI_1,WI,1835,0
2011-05-28,WI_2,WI,1588,0
2011-05-28,WI_3,WI,2859,0
2011-05-29,CA_1,CA,3202,0
2011-05-29,CA_2,CA,2539,0
2011-05-29,CA_3,CA,3951,0
2011-05-29,CA_4,CA,1423,0
2011-05-29,TX_1,TX,2286,0
2011-05-29,TX_2,TX,2670,0
2011-05-29,TX_3,TX,2295,0
2011-05-29,WI_1,WI,1335,0
2011-05-29,WI_2,WI,1126,0
2011-05-29,WI_3,WI,2622,0
2011-05-30,CA_1,CA,2884,0
2011-05-30,CA_2,CA,2336,0
2011-05-30,CA_3,CA,4103,0
2011-05-30,CA_4,CA,1445,0
2011-05-30,TX_1,TX,2072,0
2011-05-30,TX_2,TX,2743,0
2011-05-30,TX_3,TX,2337,0
2011-05-30,WI_1,WI,1158,0
2011-05-30,WI_2,WI,1243,0
2011-05-30,WI_3,WI,2217,0
2011-05-31,CA_1,CA,2156,0
2011-05-31,CA_2,CA,1693,0
2011-05-31,CA_3,CA,3569,0
2011-05-31,CA_4,CA,1325,0
2011-05-31,TX_1,TX,1769,0
2011-05-31,TX_2,TX,2175,0
2011-05-31,TX_3,TX,1921,0
2011-05-31,WI_1,WI,1273,0
2011-05-31,WI_2,WI,1443,0
2011-05-31,WI_3,WI,2231,0
2011-06-01,CA_1,CA,2529,1
2011-06-01,CA_2,CA,1720,1
2011-06-01,CA_3,CA,4210,1
2011-06-01,CA_4,CA,1203,1
2011-06-01,TX_1,TX,2528,1
2011-06-01,TX_2,TX,2906,1
2011-06-01,TX_3,TX,2346,1
2011-06-01,WI_1,WI,1404,0
2011-06-01,WI_2,WI,1728,0
2011-06-01,WI_3,WI,2591,0
2011-06-02,CA_1,CA,2652,1
2011-06-02,CA_2,CA,2022,1
2011-06-02,CA_3,CA,3896,1
2011-06-02,CA_4,CA,1319,1
2011-06-02,TX_1,TX,2036,0
2011-06-02,TX_2,TX,2540,0
2011-06-02,TX_3,TX,2086,0
2011-06-02,WI_1,WI,1349,1
2011-06-02,WI_2,WI,1636,1
2011-06-02,WI_3,WI,3145,1
2011-06-03,CA_1,CA,3200,1
2011-06-03,CA_2,CA,2276,1
2011-06-03,CA_3,CA,4681,1
2011-06-03,CA_4,CA,1631,1
2011-06-03,TX_1,TX,2641,1
2011-06-03,TX_2,TX,2864,1
2011-06-03,TX_3,TX,2625,1
2011-06-03,WI_1,WI,1748,1
2011-06-03,WI_2,WI,1975,1
2011-06-03,WI_3,WI,3140,1
2011-06-04,CA_1,CA,3942,1
2011-06-04,CA_2,CA,2737,1
2011-06-04,CA_3,CA,5390,1
2011-06-04,CA_4,CA,1661,1
2011-06-04,TX_1,TX,2661,0
2011-06-04,TX_2,TX,3355,0
2011-06-04,TX_3,TX,2737,0
2011-06-04,WI_1,WI,2078,0
2011-06-04,WI_2,WI,2148,0
2011-06-04,WI_3,WI,3601,0
2011-06-05,CA_1,CA,3871,1
2011-06-05,CA_2,CA,2961,1
2011-06-05,CA_3,CA,5440,1
2011-06-05,CA_4,CA,1725,1
2011-06-05,TX_1,TX,2916,1
2011-06-05,TX_2,TX,3871,1
2011-06-05,TX_3,TX,2925,1
2011-06-05,WI_1,WI,1672,1
2011-06-05,WI_2,WI,2176,1
2011-06-05,WI_3,WI,4047,1
2011-06-06,CA_1,CA,3056,1
2011-06-06,CA_2,CA,1940,1
2011-06-06,CA_3,CA,4502,1
2011-06-06,CA_4,CA,1673,1
2011-06-06,TX_1,TX,2403,1
2011-06-06,TX_2,TX,3370,1
2011-06-06,TX_3,TX,2882,1
2011-06-06,WI_1,WI,1476,1
2011-06-06,WI_2,WI,2129,1
2011-06-06,WI_3,WI,3254,1
2011-06-07,CA_1,CA,2763,1
2011-06-07,CA_2,CA,1973,1
2011-06-07,CA_3,CA,4292,1
2011-06-07,CA_4,CA,1461,1
2011-06-07,TX_1,TX,2509,1
2011-06-07,TX_2,TX,2941,1
2011-06-07,TX_3,TX,2505,1
2011-06-07,WI_1,WI,1472,0
2011-06-07,WI_2,WI,2110,0
2011-06-07,WI_3,WI,3063,0
2011-06-08,CA_1,CA,2884,1
2011-06-08,CA_2,CA,2027,1
2011-06-08,CA_3,CA,4427,1
2011-06-08,CA_4,CA,1268,1
2011-06-08,TX_1,TX,2156,0
2011-06-08,TX_2,TX,2833,0
2011-06-08,TX_3,TX,2420,0
2011-06-08,WI_1,WI,1356,1
2011-06-08,WI_2,WI,1907,1
2011-06-08,WI_3,WI,3175,1
2011-06-09,CA_1,CA,2787,1
2011-06-09,CA_2,CA,2135,1
2011-06-09,CA_3,CA,4008,1
2011-06-09,CA_4,CA,1336,1
2011-06-09,TX_1,TX,2446,1
2011-06-09,TX_2,TX,2884,1
2011-06-09,TX_3,TX,2442,1
2011-06-09,WI_1,WI,1427,1
2011-06-09,WI_2,WI,2038,1
2011-06-09,WI_3,WI,3279,1
2011-06-10,CA_1,CA,3420,1
2011-06-10,CA_2,CA,2534,1
2011-06-10,CA_3,CA,4662,1
2011-06-10,CA_4,CA,1572,1
2011-06-10,TX_1,TX,2263,0
2011-06-10,TX_2,TX,3189,0
2011-06-10,TX_3,TX,2371,0
2011-06-10,WI_1,WI,1606,0
2011-06-10,WI_2,WI,1725,0
2011-06-10,WI_3,WI,3077,0
2011-06-11,CA_1,CA,3588,0
2011-06-11,CA_2,CA,2824,0
2011-06-11,CA_3,CA,4438,0
2011-06-11,CA_4,CA,1684,0
2011-06-11,TX_1,TX,2829,1
2011-06-11,TX_2,TX,3603,1
2011-06-11,TX_3,TX,3196,1
2011-06-11,WI_1,WI,1999,1
2011-06-11,WI_2,WI,2090,1
2011-06-11,WI_3,WI,3689,1
2011-06-12,CA_1,CA,3569,0
2011-06-12,CA_2,CA,2988,0
2011-06-12,CA_3,CA,5380,0
2011-06-12,CA_4,CA,1679,0
2011-06-12,TX_1,TX,2999,1
2011-06-12,TX_2,TX,4267,1
2011-06-12,TX_3,TX,3304,1
2011-06-12,WI_1,WI,1623,1
2011-06-12,WI_2,WI,1724,1
2011-06-12,WI_3,WI,3561,1
2011-06-13,CA_1,CA,3149,0
2011-06-13,CA_2,CA,2185,0
2011-06-13,CA_3,CA,4419,0
2011-06-13,CA_4,CA,1531,0
2011-06-13,TX_1,TX,2597,1
2011-06-13,TX_2,TX,3434,1
2011-06-13,TX_3,TX,2700,1
2011-06-13,WI_1,WI,1288,0
2011-06-13,WI_2,WI,1479,0
2011-06-13,WI_3,WI,2970,0
2011-06-14,CA_1,CA,2894,0
2011-06-14,CA_2,CA,2102,0
2011-06-14,CA_3,CA,4034,0
2011-06-14,CA_4,CA,1370,0
2011-06-14,TX_1,TX,2174,0
2011-06-14,TX_2,TX,2675,0
2011-06-14,TX_3,TX,2471,0
2011-06-14,WI_1,WI,1548,1
2011-06-14,WI_2,WI,1780,1
2011-06-14,WI_3,WI,3107,1
2011-06-15,CA_1,CA,2679,0
2011-06-15,CA_2,CA,2086,0
2011-06-15,CA_3,CA,4133,0
2011-06-15,CA_4,CA,1482,0
2011-06-15,TX_1,TX,2347,1
2011-06-15,TX_2,TX,3134,1
2011-06-15,TX_3,TX,2661,1
2011-06-15,WI_1,WI,1441,1
2011-06-15,WI_2,WI,1918,1
2011-06-15,WI_3,WI,3377,1
2011-06-16,CA_1,CA,2535,0
2011-06-16,CA_2,CA,2288,0
2011-06-16,CA_3,CA,3831,0
2011-06-16,CA_4,CA,1282,0
2011-06-16,TX_1,TX,2002,0
2011-06-16,TX_2,TX,2609,0
2011-06-16,TX_3,TX,2330,0
2011-06-16,WI_1,WI,1517,0
2011-06-16,WI_2,WI,1608,0
2011-06-16,WI_3,WI,2704,0
2011-06-17,CA_1,CA,2971,0
2011-06-17,CA_2,CA,2362,0
2011-06-17,CA_3,CA,3935,0
2011-06-17,CA_4,CA,1393,0
2011-06-17,TX_1,TX,2279,0
2011-06-17,TX_2,TX,2998,0
2011-06-17,TX_3,TX,2599,0
2011-06-17,WI_1,WI,1549,0
2011-06-17,WI_2,WI,1557,0
2011-06-17,WI_3,WI,3069,0
2011-06-18,CA_1,CA,3896,0
2011-06-18,CA_2,CA,2759,0
2011-06-18,CA_3,CA,4537,0
2011-06-18,CA_4,CA,1553,0
2011-06-18,TX_1,TX,2581,0
2011-06-18,TX_2,TX,3494,0
2011-06-18,TX_3,TX,3005,0
2011-06-18,WI_1,WI,2087,0
2011-06-18,WI_2,WI,1793,0
2011-06-18,WI_3,WI,3120,0
2011-06-19,CA_1,CA,3109,0
2011-06-19,CA_2,CA,2568,0
2011-06-19,CA_3,CA,4656,0
2011-06-19,CA_4,CA,1489,0
2011-06-19,TX_1,TX,2549,0
2011-06-19,TX_2,TX,3178,0
2011-06-19,TX_3,TX,2794,0
2011-06-19,WI_1,WI,1633,0
2011-06-19,WI_2,WI,1318,0
2011-06-19,WI_3,WI,2812,0
2011-06-20,CA_1,CA,2848,0
2011-06-20,CA_2,CA,2307,0
2011-06-20,CA_3,CA,4538,0
2011-06-20,CA_4,CA,1480,0
2011-06-20,TX_1,TX,2395,0
2011-06-20,TX_2,TX,2992,0
2011-06-20,TX_3,TX,2297,0
2011-06-20,WI_1,WI,1406,0
2011-06-20,WI_2,WI,1595,0
2011-06-20,WI_3,WI,2403,0
2011-06-21,CA_1,CA,2936,0
2011-06-21,CA_2,CA,2064,0
2011-06-21,CA_3,CA,4255,0
2011-06-21,CA_4,CA,794,0
2011-06-21,TX_1,TX,2059,0
2011-06-21,TX_2,TX,2392,0
2011-06-21,TX_3,TX,2185,0
2011-06-21,WI_1,WI,1262,0
2011-06-21,WI_2,WI,1519,0
2011-06-21,WI_3,WI,2344,0
2011-06-22,CA_1,CA,2557,0
2011-06-22,CA_2,CA,2018,0
2011-06-22,CA_3,CA,4173,0
2011-06-22,CA_4,CA,1377,0
2011-06-22,TX_1,TX,1560,0
2011-06-22,TX_2,TX,2233,0
2011-06-22,TX_3,TX,2066,0
2011-06-22,WI_1,WI,1547,0
2011-06-22,WI_2,WI,1497,0
2011-06-22,WI_3,WI,2373,0
2011-06-23,CA_1,CA,2624,0
2011-06-23,CA_2,CA,2248,0
2011-06-23,CA_3,CA,4011,0
2011-06-23,CA_4,CA,1559,0
2011-06-23,TX_1,TX,2141,0
2011-06-23,TX_2,TX,2665,0
2011-06-23,TX_3,TX,2201,0
2011-06-23,WI_1,WI,1490,0
2011-06-23,WI_2,WI,1465,0
2011-06-23,WI_3,WI,2376,0
2011-06-24,CA_1,CA,3071,0
2011-06-24,CA_2,CA,2436,0
2011-06-24,CA_3,CA,4247,0
2011-06-24,CA_4,CA,1453,0
2011-06-24,TX_1,TX,2157,0
2011-06-24,TX_2,TX,2781,0
2011-06-24,TX_3,TX,2389,0
2011-06-24,WI_1,WI,1658,0
2011-06-24,WI_2,WI,1686,0
2011-06-24,WI_3,WI,2760,0
2011-06-25,CA_1,CA,3354,0
2011-06-25,CA_2,CA,2853,0
2011-06-25,CA_3,CA,4386,0
2011-06-25,CA_4,CA,1444,0
2011-06-25,TX_1,TX,2490,0
2011-06-25,TX_2,TX,3232,0
2011-06-25,TX_3,TX,2578,0
2011-06-25,WI_1,WI,1824,0
2011-06-25,WI_2,WI,1599,0
2011-06-25,WI_3,WI,2722,0
2011-06-26,CA_1,CA,3672,0
2011-06-26,CA_2,CA,2916,0
2011-06-26,CA_3,CA,4876,0
2011-06-26,CA_4,CA,1568,0
2011-06-26,TX_1,TX,2727,0
2011-06-26,TX_2,TX,3342,0
2011-06-26,TX_3,TX,3119,0
2011-06-26,WI_1,WI,1477,0
2011-06-26,WI_2,WI,1276,0
2011-06-26,WI_3,WI,2695,0
2011-06-27,CA_1,CA,2912,0
2011-06-27,CA_2,CA,2106,0
2011-06-27,CA_3,CA,3891,0
2011-06-27,CA_4,CA,1549,0
2011-06-27,TX_1,TX,2151,0
2011-06-27,TX_2,TX,2672,0
2011-06-27,TX_3,TX,2334,0
2011-06-27,WI_1,WI,1440,0
2011-06-27,WI_2,WI,1310,0
2011-06-27,WI_3,WI,2277,0
2011-06-28,CA_1,CA,2200,0
2011-06-28,CA_2,CA,1683,0
2011-06-28,CA_3,CA,3347,0
2011-06-28,CA_4,CA,1253,0
2011-06-28,TX_1,TX,1804,0
2011-06-28,TX_2,TX,2512,0
2011-06-28,TX_3,TX,2204,0
2011-06-28,WI_1,WI,1491,0
2011-06-28,WI_2,WI,1253,0
2011-06-28,WI_3,WI,2053,0
2011-06-29,CA_1,CA,2166,0
2011-06-29,CA_2,CA,2044,0
2011-06-29,CA_3,CA,3560,0
2011-06-29,CA_4,CA,1186,0
2011-06-29,TX_1,TX,1728,0
2011-06-29,TX_2,TX,2497,0
2011-06-29,TX_3,TX,1937,0
2011-06-29,WI_1,WI,1384,0
2011-06-29,WI_2,WI,1293,0
2011-06-29,WI_3,WI,2135,0
2011-06-30,CA_1,CA,2542,0
2011-06-30,CA_2,CA,2218,0
2011-06-30,CA_3,CA,3712,0
2011-06-30,CA_4,CA,1350,0
2011-06-30,TX_1,TX,1817,0
2011-06-30,TX_2,TX,2451,0
2011-06-30,TX_3,TX,2085,0
2011-06-30,WI_1,WI,1524,0
2011-06-30,WI_2,WI,1405,0
2011-06-30,WI_3,WI,2347,0
2011-07-01,CA_1,CA,3681,1
2011-07-01,CA_2,CA,2816,1
2011-07-01,CA_3,CA,5341,1
2011-07-01,CA_4,CA,1617,1
2011-07-01,TX_1,TX,3055,1
2011-07-01,TX_2,TX,3517,1
2011-07-01,TX_3,TX,3020,1
2011-07-01,WI_1,WI,2120,0
2011-07-01,WI_2,WI,2304,0
2011-07-01,WI_3,WI,3562,0
2011-07-02,CA_1,CA,4276,1
2011-07-02,CA_2,CA,3308,1
2011-07-02,CA_3,CA,5633,1
2011-07-02,CA_4,CA,1771,1
2011-07-02,TX_1,TX,2740,0
2011-07-02,TX_2,TX,3593,0
2011-07-02,TX_3,TX,3226,0
2011-07-02,WI_1,WI,2184,1
2011-07-02,WI_2,WI,2092,1
2011-07-02,WI_3,WI,4178,1
2011-07-03,CA_1,CA,3885,1
2011-07-03,CA_2,CA,2803,1
2011-07-03,CA_3,CA,5170,1
2011-07-03,CA_4,CA,1644,1
2011-07-03,TX_1,TX,2720,1
2011-07-03,TX_2,TX,3289,1
2011-07-03,TX_3,TX,3185,1
2011-07-03,WI_1,WI,1434,1
2011-07-03,WI_2,WI,1581,1
2011-07-03,WI_3,WI,3462,1
2011-07-04,CA_1,CA,2672,1
2011-07-04,CA_2,CA,2337,1
2011-07-04,CA_3,CA,4129,1
2011-07-04,CA_4,CA,1445,1
2011-07-04,TX_1,TX,2282,0
2011-07-04,TX_2,TX,2998,0
2011-07-04,TX_3,TX,2703,0
2011-07-04,WI_1,WI,968,0
2011-07-04,WI_2,WI,1154,0
2011-07-04,WI_3,WI,2345,0
2011-07-05,CA_1,CA,3177,1
2011-07-05,CA_2,CA,2407,1
2011-07-05,CA_3,CA,4780,1
2011-07-05,CA_4,CA,1552,1
2011-07-05,TX_1,TX,2423,1
2011-07-05,TX_2,TX,3247,1
2011-07-05,TX_3,TX,2761,1
2011-07-05,WI_1,WI,1495,1
2011-07-05,WI_2,WI,1611,1
2011-07-05,WI_3,WI,3143,1
2011-07-06,CA_1,CA,3542,1
2011-07-06,CA_2,CA,2348,1
2011-07-06,CA_3,CA,4939,1
2011-07-06,CA_4,CA,1536,1
2011-07-06,TX_1,TX,2478,1
2011-07-06,TX_2,TX,2783,1
2011-07-06,TX_3,TX,2247,1
2011-07-06,WI_1,WI,1541,1
2011-07-06,WI_2,WI,1840,1
2011-07-06,WI_3,WI,3348,1
2011-07-07,CA_1,CA,3362,1
2011-07-07,CA_2,CA,2293,1
2011-07-07,CA_3,CA,4894,1
2011-07-07,CA_4,CA,1521,1
2011-07-07,TX_1,TX,2694,1
2011-07-07,TX_2,TX,3065,1
2011-07-07,TX_3,TX,2858,1
2011-07-07,WI_1,WI,1503,0
2011-07-07,WI_2,WI,1745,0
2011-07-07,WI_3,WI,2792,0
2011-07-08,CA_1,CA,3252,1
2011-07-08,CA_2,CA,2855,1
2011-07-08,CA_3,CA,4696,1
2011-07-08,CA_4,CA,1702,1
2011-07-08,TX_1,TX,2420,0
2011-07-08,TX_2,TX,2997,0
2011-07-08,TX_3,TX,2511,0
2011-07-08,WI_1,WI,1922,1
2011-07-08,WI_2,WI,1916,1
2011-07-08,WI_3,WI,3408,1
2011-07-09,CA_1,CA,3923,1
2011-07-09,CA_2,CA,3125,1
2011-07-09,CA_3,CA,5419,1
2011-07-09,CA_4,CA,1579,1
2011-07-09,TX_1,TX,2921,1
2011-07-09,TX_2,TX,3927,1
2011-07-09,TX_3,TX,3176,1
2011-07-09,WI_1,WI,2199,1
2011-07-09,WI_2,WI,2224,1
2011-07-09,WI_3,WI,3993,1
2011-07-10,CA_1,CA,4286,1
2011-07-10,CA_2,CA,3091,1
2011-07-10,CA_3,CA,5413,1
2011-07-10,CA_4,CA,1730,1
2011-07-10,TX_1,TX,2797,0
2011-07-10,TX_2,TX,3682,0
2011-07-10,TX_3,TX,3416,0
2011-07-10,WI_1,WI,1737,0
2011-07-10,WI_2,WI,1848,0
2011-07-10,WI_3,WI,3539,0
2011-07-11,CA_1,CA,2785,0
2011-07-11,CA_2,CA,2165,0
2011-07-11,CA_3,CA,4581,0
2011-07-11,CA_4,CA,1395,0
2011-07-11,TX_1,TX,2629,1
2011-07-11,TX_2,TX,3237,1
2011-07-11,TX_3,TX,3002,1
2011-07-11,WI_1,WI,1325,1
2011-07-11,WI_2,WI,1726,1
2011-07-11,WI_3,WI,3747,1
2011-07-12,CA_1,CA,2380,0
2011-07-12,CA_2,CA,1982,0
2011-07-12,CA_3,CA,4002,0
2011-07-12,CA_4,CA,1333,0
2011-07-12,TX_1,TX,2452,1
2011-07-12,TX_2,TX,2940,1
2011-07-12,TX_3,TX,2576,1
2011-07-12,WI_1,WI,1469,1
2011-07-12,WI_2,WI,1977,1
2011-07-12,WI_3,WI,3521,1
2011-07-13,CA_1,CA,2501,0
2011-07-13,CA_2,CA,2036,0
2011-07-13,CA_3,CA,3718,0
2011-07-13,CA_4,CA,1298,0
2011-07-13,TX_1,TX,2539,1
2011-07-13,TX_2,TX,3027,1
2011-07-13,TX_3,TX,2521,1
2011-07-13,WI_1,WI,1417,0
2011-07-13,WI_2,WI,1705,0
2011-07-13,WI_3,WI,2683,0
2011-07-14,CA_1,CA,2467,0
2011-07-14,CA_2,CA,2132,0
2011-07-14,CA_3,CA,3845,0
2011-07-14,CA_4,CA,1356,0
2011-07-14,TX_1,TX,2059,0
2011-07-14,TX_2,TX,2798,0
2011-07-14,TX_3,TX,2368,0
2011-07-14,WI_1,WI,1330,1
2011-07-14,WI_2,WI,1836,1
2011-07-14,WI_3,WI,3256,1
2011-07-15,CA_1,CA,2922,0
2011-07-15,CA_2,CA,2471,0
2011-07-15,CA_3,CA,4043,0
2011-07-15,CA_4,CA,1495,0
2011-07-15,TX_1,TX,2683,1
2011-07-15,TX_2,TX,3347,1
2011-07-15,TX_3,TX,2779,1
2011-07-15,WI_1,WI,1646,1
2011-07-15,WI_2,WI,2116,1
2011-07-15,WI_3,WI,3847,1
2011-07-16,CA_1,CA,3688,0
2011-07-16,CA_2,CA,3204,0
2011-07-16,CA_3,CA,4931,0
2011-07-16,CA_4,CA,1615,0
2011-07-16,TX_1,TX,2747,0
2011-07-16,TX_2,TX,3638,0
2011-07-16,TX_3,TX,3156,0
2011-07-16,WI_1,WI,2029,0
2011-07-16,WI_2,WI,2087,0
2011-07-16,WI_3,WI,3774,0
2011-07-17,CA_1,CA,3587,0
2011-07-17,CA_2,CA,3005,0
2011-07-17,CA_3,CA,5104,0
2011-07-17,CA_4,CA,1788,0
2011-07-17,TX_1,TX,2902,0
2011-07-17,TX_2,TX,3602,0
2011-07-17,TX_3,TX,3254,0
2011-07-17,WI_1,WI,1719,0
2011-07-17,WI_2,WI,1808,0
2011-07-17,WI_3,WI,3565,0
2011-07-18,CA_1,CA,2936,0
2011-07-18,CA_2,CA,2336,0
2011-07-18,CA_3,CA,4060,0
2011-07-18,CA_4,CA,1502,0
2011-07-18,TX_1,TX,2313,0
2011-07-18,TX_2,TX,2773,0
2011-07-18,TX_3,TX,2708,0
2011-07-18,WI_1,WI,1358,0
2011-07-18,WI_2,WI,1627,0
2011-07-18,WI_3,WI,3026,0
2011-07-19,CA_1,CA,2373,0
2011-07-19,CA_2,CA,1976,0
2011-07-19,CA_3,CA,3715,0
2011-07-19,CA_4,CA,1342,0
2011-07-19,TX_1,TX,2117,0
2011-07-19,TX_2,TX,2491,0
2011-07-19,TX_3,TX,1969,0
2011-07-19,WI_1,WI,1381,0
2011-07-19,WI_2,WI,1726,0
2011-07-19,WI_3,WI,2841,0
2011-07-20,CA_1,CA,2511,0
2011-07-20,CA_2,CA,2087,0
2011-07-20,CA_3,CA,3850,0
2011-07-20,CA_4,CA,1482,0
2011-07-20,TX_1,TX,1937,0
2011-07-20,TX_2,TX,2878,0
2011-07-20,TX_3,TX,2135,0
2011-07-20,WI_1,WI,1385,0
2011-07-20,WI_2,WI,1643,0
2011-07-20,WI_3,WI,2579,0
2011-07-21,CA_1,CA,2585,0
2011-07-21,CA_2,CA,2360,0
2011-07-21,CA_3,CA,3879,0
2011-07-21,CA_4,CA,1385,0
2011-07-21,TX_1,TX,1951,0
2011-07-21,TX_2,TX,2612,0
2011-07-21,TX_3,TX,2322,0
2011-07-21,WI_1,WI,1502,0
2011-07-21,WI_2,WI,1571,0
2011-07-21,WI_3,WI,2611,0
2011-07-22,CA_1,CA,3069,0
2011-07-22,CA_2,CA,2561,0
2011-07-22,CA_3,CA,4516,0
2011-07-22,CA_4,CA,1475,0
2011-07-22,TX_1,TX,2278,0
2011-07-22,TX_2,TX,3047,0
2011-07-22,TX_3,TX,2464,0
2011-07-22,WI_1,WI,1737,0
2011-07-22,WI_2,WI,1784,0
2011-07-22,WI_3,WI,3425,0
2011-07-23,CA_1,CA,3851,0
2011-07-23,CA_2,CA,3244,0
2011-07-23,CA_3,CA,5212,0
2011-07-23,CA_4,CA,1520,0
2011-07-23,TX_1,TX,2573,0
2011-07-23,TX_2,TX,3706,0
2011-07-23,TX_3,TX,2854,0
2011-07-23,WI_1,WI,1994,0
2011-07-23,WI_2,WI,1956,0
2011-07-23,WI_3,WI,3374,0
2011-07-24,CA_1,CA,3773,0
2011-07-24,CA_2,CA,3111,0
2011-07-24,CA_3,CA,5023,0
2011-07-24,CA_4,CA,1560,0
2011-07-24,TX_1,TX,2641,0
2011-07-24,TX_2,TX,3557,0
2011-07-24,TX_3,TX,3112,0
2011-07-24,WI_1,WI,1462,0
2011-07-24,WI_2,WI,1516,0
2011-07-24,WI_3,WI,3044,0
2011-07-25,CA_1,CA,2762,0
2011-07-25,CA_2,CA,2119,0
2011-07-25,CA_3,CA,3804,0
2011-07-25,CA_4,CA,1398,0
2011-07-25,TX_1,TX,2100,0
2011-07-25,TX_2,TX,2888,0
2011-07-25,TX_3,TX,2548,0
2011-07-25,WI_1,WI,1408,0
2011-07-25,WI_2,WI,1442,0
2011-07-25,WI_3,WI,2426,0
2011-07-26,CA_1,CA,2322,0
2011-07-26,CA_2,CA,1988,0
2011-07-26,CA_3,CA,3671,0
2011-07-26,CA_4,CA,1396,0
2011-07-26,TX_1,TX,1983,0
2011-07-26,TX_2,TX,2490,0
2011-07-26,TX_3,TX,2109,0
2011-07-26,WI_1,WI,1272,0
2011-07-26,WI_2,WI,1649,0
2011-07-26,WI_3,WI,2315,0
2011-07-27,CA_1,CA,2337,0
2011-07-27,CA_2,CA,2209,0
2011-07-27,CA_3,CA,3548,0
2011-07-27,CA_4,CA,1285,0
2011-07-27,TX_1,TX,1843,0
2011-07-27,TX_2,TX,2428,0
2011-07-27,TX_3,TX,2176,0
2011-07-27,WI_1,WI,1285,0
2011-07-27,WI_2,WI,1372,0
2011-07-27,WI_3,WI,2021,0
2011-07-28,CA_1,CA,2518,0
2011-07-28,CA_2,CA,2088,0
2011-07-28,CA_3,CA,3636,0
2011-07-28,CA_4,CA,1306,0
2011-07-28,TX_1,TX,1902,0
2011-07-28,TX_2,TX,2511,0
2011-07-28,TX_3,TX,2184,0
2011-07-28,WI_1,WI,1402,0
2011-07-28,WI_2,WI,1424,0
2011-07-28,WI_3,WI,2272,0
2011-07-29,CA_1,CA,2915,0
2011-07-29,CA_2,CA,2639,0
2011-07-29,CA_3,CA,3956,0
2011-07-29,CA_4,CA,1575,0
2011-07-29,TX_1,TX,2112,0
2011-07-29,TX_2,TX,2936,0
2011-07-29,TX_3,TX,2246,0
2011-07-29,WI_1,WI,1556,0
2011-07-29,WI_2,WI,1641,0
2011-07-29,WI_3,WI,2966,0
2011-07-30,CA_1,CA,2930,0
2011-07-30,CA_2,CA,3218,0
2011-07-30,CA_3,CA,4923,0
2011-07-30,CA_4,CA,1726,0
2011-07-30,TX_1,TX,2336,0
2011-07-30,TX_2,TX,3609,0
2011-07-30,TX_3,TX,2923,0
2011-07-30,WI_1,WI,2052,0
2011-07-30,WI_2,WI,1889,0
2011-07-30,WI_3,WI,3347,0
2011-07-31,CA_1,CA,3493,0
2011-07-31,CA_2,CA,2742,0
2011-07-31,CA_3,CA,4946,0
2011-07-31,CA_4,CA,1660,0
2011-07-31,TX_1,TX,2625,0
2011-07-31,TX_2,TX,3463,0
2011-07-31,TX_3,TX,3291,0
2011-07-31,WI_1,WI,1615,0
2011-07-31,WI_2,WI,1616,0
2011-07-31,WI_3,WI,3226,0
2011-08-01,CA_1,CA,2860,1
2011-08-01,CA_2,CA,2385,1
2011-08-01,CA_3,CA,4609,1
2011-08-01,CA_4,CA,1527,1
2011-08-01,TX_1,TX,2635,1
2011-08-01,TX_2,TX,3439,1
2011-08-01,TX_3,TX,3065,1
2011-08-01,WI_1,WI,1367,0
2011-08-01,WI_2,WI,1709,0
2011-08-01,WI_3,WI,3011,0
2011-08-02,CA_1,CA,3018,1
2011-08-02,CA_2,CA,2117,1
2011-08-02,CA_3,CA,4684,1
2011-08-02,CA_4,CA,1417,1
2011-08-02,TX_1,TX,2210,0
2011-08-02,TX_2,TX,2641,0
2011-08-02,TX_3,TX,2516,0
2011-08-02,WI_1,WI,1429,1
2011-08-02,WI_2,WI,1791,1
2011-08-02,WI_3,WI,3652,1
2011-08-03,CA_1,CA,2919,1
2011-08-03,CA_2,CA,2245,1
2011-08-03,CA_3,CA,4721,1
2011-08-03,CA_4,CA,1395,1
2011-08-03,TX_1,TX,2650,1
2011-08-03,TX_2,TX,3132,1
2011-08-03,TX_3,TX,2753,1
2011-08-03,WI_1,WI,1426,1
2011-08-03,WI_2,WI,1936,1
2011-08-03,WI_3,WI,4060,1
2011-08-04,CA_1,CA,3003,1
2011-08-04,CA_2,CA,1948,1
2011-08-04,CA_3,CA,4252,1
2011-08-04,CA_4,CA,1296,1
2011-08-04,TX_1,TX,2209,0
2011-08-04,TX_2,TX,2832,0
2011-08-04,TX_3,TX,2577,0
2011-08-04,WI_1,WI,1292,0
2011-08-04,WI_2,WI,1589,0
2011-08-04,WI_3,WI,2715,0
2011-08-05,CA_1,CA,3450,1
2011-08-05,CA_2,CA,2400,1
2011-08-05,CA_3,CA,4320,1
2011-08-05,CA_4,CA,1324,1
2011-08-05,TX_1,TX,2570,1
2011-08-05,TX_2,TX,3093,1
2011-08-05,TX_3,TX,2717,1
2011-08-05,WI_1,WI,1398,1
2011-08-05,WI_2,WI,1914,1
2011-08-05,WI_3,WI,3408,1
2011-08-06,CA_1,CA,3818,1
2011-08-06,CA_2,CA,2992,1
2011-08-06,CA_3,CA,4990,1
2011-08-06,CA_4,CA,1571,1
2011-08-06,TX_1,TX,3315,1
2011-08-06,TX_2,TX,4020,1
2011-08-06,TX_3,TX,3170,1
2011-08-06,WI_1,WI,1802,1
2011-08-06,WI_2,WI,1894,1
2011-08-06,WI_3,WI,4387,1
2011-08-07,CA_1,CA,3930,1
2011-08-07,CA_2,CA,2853,1
2011-08-07,CA_3,CA,5728,1
2011-08-07,CA_4,CA,1600,1
2011-08-07,TX_1,TX,3244,1
2011-08-07,TX_2,TX,4181,1
2011-08-07,TX_3,TX,3721,1
2011-08-07,WI_1,WI,1659,0
2011-08-07,WI_2,WI,1471,0
2011-08-07,WI_3,WI,3619,0
2011-08-08,CA_1,CA,3246,1
2011-08-08,CA_2,CA,2092,1
2011-08-08,CA_3,CA,5012,1
2011-08-08,CA_4,CA,1463,1
2011-08-08,TX_1,TX,2368,0
2011-08-08,TX_2,TX,3262,0
2011-08-08,TX_3,TX,2672,0
2011-08-08,WI_1,WI,1252,1
2011-08-08,WI_2,WI,1580,1
2011-08-08,WI_3,WI,3407,1
2011-08-09,CA_1,CA,2862,1
2011-08-09,CA_2,CA,2166,1
2011-08-09,CA_3,CA,5011,1
2011-08-09,CA_4,CA,1402,1
2011-08-09,TX_1,TX,2520,1
2011-08-09,TX_2,TX,3188,1
2011-08-09,TX_3,TX,2470,1
2011-08-09,WI_1,WI,1407,1
2011-08-09,WI_2,WI,1743,1
2011-08-09,WI_3,WI,3444,1
2011-08-10,CA_1,CA,2699,1
2011-08-10,CA_2,CA,2208,1
2011-08-10,CA_3,CA,5365,1
2011-08-10,CA_4,CA,1284,1
2011-08-10,TX_1,TX,2119,0
2011-08-10,TX_2,TX,2931,0
2011-08-10,TX_3,TX,2216,0
2011-08-10,WI_1,WI,1526,0
2011-08-10,WI_2,WI,1518,0
2011-08-10,WI_3,WI,2712,0
2011-08-11,CA_1,CA,2728,0
2011-08-11,CA_2,CA,2193,0
2011-08-11,CA_3,CA,4019,0
2011-08-11,CA_4,CA,1430,0
2011-08-11,TX_1,TX,2375,1
2011-08-11,TX_2,TX,3070,1
2011-08-11,TX_3,TX,2505,1
2011-08-11,WI_1,WI,1408,1
2011-08-11,WI_2,WI,1753,1
2011-08-11,WI_3,WI,3227,1
2011-08-12,CA_1,CA,3292,0
2011-08-12,CA_2,CA,2538,0
2011-08-12,CA_3,CA,4507,0
2011-08-12,CA_4,CA,1581,0
2011-08-12,TX_1,TX,2810,1
2011-08-12,TX_2,TX,3711,1
2011-08-12,TX_3,TX,2817,1
2011-08-12,WI_1,WI,1489,1
2011-08-12,WI_2,WI,1749,1
2011-08-12,WI_3,WI,4050,1
2011-08-13,CA_1,CA,4077,0
2011-08-13,CA_2,CA,3183,0
2011-08-13,CA_3,CA,5190,0
2011-08-13,CA_4,CA,1777,0
2011-08-13,TX_1,TX,3636,1
2011-08-13,TX_2,TX,4225,1
2011-08-13,TX_3,TX,3593,1
2011-08-13,WI_1,WI,2026,0
2011-08-13,WI_2,WI,1690,0
2011-08-13,WI_3,WI,3606,0
2011-08-14,CA_1,CA,4202,0
2011-08-14,CA_2,CA,3151,0
2011-08-14,CA_3,CA,6062,0
2011-08-14,CA_4,CA,1841,0
2011-08-14,TX_1,TX,3223,0
2011-08-14,TX_2,TX,4221,0
2011-08-14,TX_3,TX,3858,0
2011-08-14,WI_1,WI,1592,1
2011-08-14,WI_2,WI,1808,1
2011-08-14,WI_3,WI,3951,1
2011-08-15,CA_1,CA,2879,0
2011-08-15,CA_2,CA,2244,0
2011-08-15,CA_3,CA,5048,0
2011-08-15,CA_4,CA,1552,0
2011-08-15,TX_1,TX,2762,1
2011-08-15,TX_2,TX,3844,1
2011-08-15,TX_3,TX,3219,1
2011-08-15,WI_1,WI,1405,1
2011-08-15,WI_2,WI,1734,1
2011-08-15,WI_3,WI,3824,1
2011-08-16,CA_1,CA,2718,0
2011-08-16,CA_2,CA,2195,0
2011-08-16,CA_3,CA,4799,0
2011-08-16,CA_4,CA,1325,0
2011-08-16,TX_1,TX,2411,0
2011-08-16,TX_2,TX,3213,0
2011-08-16,TX_3,TX,2528,0
2011-08-16,WI_1,WI,1388,0
2011-08-16,WI_2,WI,1515,0
2011-08-16,WI_3,WI,3174,0
2011-08-17,CA_1,CA,2577,0
2011-08-17,CA_2,CA,2071,0
2011-08-17,CA_3,CA,4061,0
2011-08-17,CA_4,CA,1454,0
2011-08-17,TX_1,TX,2430,0
2011-08-17,TX_2,TX,2964,0
2011-08-17,TX_3,TX,2433,0
2011-08-17,WI_1,WI,1492,0
2011-08-17,WI_2,WI,1449,0
2011-08-17,WI_3,WI,2750,0
2011-08-18,CA_1,CA,2574,0
2011-08-18,CA_2,CA,2147,0
2011-08-18,CA_3,CA,4081,0
2011-08-18,CA_4,CA,1480,0
2011-08-18,TX_1,TX,2308,0
2011-08-18,TX_2,TX,2926,0
2011-08-18,TX_3,TX,2536,0
2011-08-18,WI_1,WI,1289,0
2011-08-18,WI_2,WI,1446,0
2011-08-18,WI_3,WI,2589,0
2011-08-19,CA_1,CA,3080,0
2011-08-19,CA_2,CA,2366,0
2011-08-19,CA_3,CA,4498,0
2011-08-19,CA_4,CA,1507,0
2011-08-19,TX_1,TX,2592,0
2011-08-19,TX_2,TX,3402,0
2011-08-19,TX_3,TX,2835,0
2011-08-19,WI_1,WI,1679,0
2011-08-19,WI_2,WI,1612,0
2011-08-19,WI_3,WI,3433,0
2011-08-20,CA_1,CA,3702,0
2011-08-20,CA_2,CA,3142,0
2011-08-20,CA_3,CA,5444,0
2011-08-20,CA_4,CA,1737,0
2011-08-20,TX_1,TX,3366,0
2011-08-20,TX_2,TX,4309,0
2011-08-20,TX_3,TX,3495,0
2011-08-20,WI_1,WI,1863,0
2011-08-20,WI_2,WI,1747,0
2011-08-20,WI_3,WI,3453,0
2011-08-21,CA_1,CA,4462,0
2011-08-21,CA_2,CA,3323,0
2011-08-21,CA_3,CA,5680,0
2011-08-21,CA_4,CA,1950,0
2011-08-21,TX_1,TX,3882,0
2011-08-21,TX_2,TX,4454,0
2011-08-21,TX_3,TX,4004,0
2011-08-21,WI_1,WI,1492,0
2011-08-21,WI_2,WI,1537,0
2011-08-21,WI_3,WI,3189,0
2011-08-22,CA_1,CA,2722,0
2011-08-22,CA_2,CA,2100,0
2011-08-22,CA_3,CA,4769,0
2011-08-22,CA_4,CA,1575,0
2011-08-22,TX_1,TX,2551,0
2011-08-22,TX_2,TX,3217,0
2011-08-22,TX_3,TX,2816,0
2011-08-22,WI_1,WI,1174,0
2011-08-22,WI_2,WI,1549,0
2011-08-22,WI_3,WI,2851,0
2011-08-23,CA_1,CA,2217,0
2011-08-23,CA_2,CA,2197,0
2011-08-23,CA_3,CA,4244,0
2011-08-23,CA_4,CA,1368,0
2011-08-23,TX_1,TX,2125,0
2011-08-23,TX_2,TX,2844,0
2011-08-23,TX_3,TX,2514,0
2011-08-23,WI_1,WI,1326,0
2011-08-23,WI_2,WI,1433,0
2011-08-23,WI_3,WI,2349,0
2011-08-24,CA_1,CA,2440,0
2011-08-24,CA_2,CA,2006,0
2011-08-24,CA_3,CA,4066,0
2011-08-24,CA_4,CA,1409,0
2011-08-24,TX_1,TX,2029,0
2011-08-24,TX_2,TX,2384,0
2011-08-24,TX_3,TX,2117,0
2011-08-24,WI_1,WI,1398,0
2011-08-24,WI_2,WI,1579,0
2011-08-24,WI_3,WI,2507,0
2011-08-25,CA_1,CA,2483,0
2011-08-25,CA_2,CA,1968,0
2011-08-25,CA_3,CA,3618,0
2011-08-25,CA_4,CA,1458,0
2011-08-25,TX_1,TX,1877,0
2011-08-25,TX_2,TX,2583,0
2011-08-25,TX_3,TX,2004,0
2011-08-25,WI_1,WI,1494,0
2011-08-25,WI_2,WI,1526,0
2011-08-25,WI_3,WI,2403,0
2011-08-26,CA_1,CA,2873,0
2011-08-26,CA_2,CA,2378,0
2011-08-26,CA_3,CA,4172,0
2011-08-26,CA_4,CA,1556,0
2011-08-26,TX_1,TX,2014,0
2011-08-26,TX_2,TX,2798,0
2011-08-26,TX_3,TX,2372,0
2011-08-26,WI_1,WI,1558,0
2011-08-26,WI_2,WI,1614,0
2011-08-26,WI_3,WI,2933,0
2011-08-27,CA_1,CA,3769,0
2011-08-27,CA_2,CA,3359,0
2011-08-27,CA_3,CA,4913,0
2011-08-27,CA_4,CA,1608,0
2011-08-27,TX_1,TX,2866,0
2011-08-27,TX_2,TX,3729,0
2011-08-27,TX_3,TX,3179,0
2011-08-27,WI_1,WI,1866,0
2011-08-27,WI_2,WI,1931,0
2011-08-27,WI_3,WI,3163,0
2011-08-28,CA_1,CA,3701,0
2011-08-28,CA_2,CA,3154,0
2011-08-28,CA_3,CA,5280,0
2011-08-28,CA_4,CA,1925,0
2011-08-28,TX_1,TX,3061,0
2011-08-28,TX_2,TX,3992,0
2011-08-28,TX_3,TX,3494,0
2011-08-28,WI_1,WI,1533,0
2011-08-28,WI_2,WI,1620,0
2011-08-28,WI_3,WI,2866,0
2011-08-29,CA_1,CA,2407,0
2011-08-29,CA_2,CA,2069,0
2011-08-29,CA_3,CA,3969,0
2011-08-29,CA_4,CA,1445,0
2011-08-29,TX_1,TX,1999,0
2011-08-29,TX_2,TX,2742,0
2011-08-29,TX_3,TX,2313,0
2011-08-29,WI_1,WI,1403,0
2011-08-29,WI_2,WI,1429,0
2011-08-29,WI_3,WI,2309,0
2011-08-30,CA_1,CA,2114,0
2011-08-30,CA_2,CA,1878,0
2011-08-30,CA_3,CA,3696,0
2011-08-30,CA_4,CA,1243,0
2011-08-30,TX_1,TX,1833,0
2011-08-30,TX_2,TX,2470,0
2011-08-30,TX_3,TX,1955,0
2011-08-30,WI_1,WI,1445,0
2011-08-30,WI_2,WI,1495,0
2011-08-30,WI_3,WI,2221,0
2011-08-31,CA_1,CA,2291,0
2011-08-31,CA_2,CA,2061,0
2011-08-31,CA_3,CA,3568,0
2011-08-31,CA_4,CA,1318,0
2011-08-31,TX_1,TX,1769,0
2011-08-31,TX_2,TX,2747,0
2011-08-31,TX_3,TX,1862,0
2011-08-31,WI_1,WI,1805,0
2011-08-31,WI_2,WI,1711,0
2011-08-31,WI_3,WI,2591,0
2011-09-01,CA_1,CA,2668,1
2011-09-01,CA_2,CA,2112,1
2011-09-01,CA_3,CA,4490,1
2011-09-01,CA_4,CA,1595,1
2011-09-01,TX_1,TX,2931,1
2011-09-01,TX_2,TX,3257,1
2011-09-01,TX_3,TX,2639,1
2011-09-01,WI_1,WI,1666,0
2011-09-01,WI_2,WI,2014,0
2011-09-01,WI_3,WI,2927,0
2011-09-02,CA_1,CA,3412,1
2011-09-02,CA_2,CA,2431,1
2011-09-02,CA_3,CA,5010,1
2011-09-02,CA_4,CA,1619,1
2011-09-02,TX_1,TX,2385,0
2011-09-02,TX_2,TX,3179,0
2011-09-02,TX_3,TX,2647,0
2011-09-02,WI_1,WI,2028,1
2011-09-02,WI_2,WI,2225,1
2011-09-02,WI_3,WI,4272,1
2011-09-03,CA_1,CA,4127,1
2011-09-03,CA_2,CA,3068,1
2011-09-03,CA_3,CA,5348,1
2011-09-03,CA_4,CA,2025,1
2011-09-03,TX_1,TX,3438,1
2011-09-03,TX_2,TX,4079,1
2011-09-03,TX_3,TX,3470,1
2011-09-03,WI_1,WI,2002,1
2011-09-03,WI_2,WI,1888,1
2011-09-03,WI_3,WI,4587,1
2011-09-04,CA_1,CA,3542,1
2011-09-04,CA_2,CA,2564,1
2011-09-04,CA_3,CA,5356,1
2011-09-04,CA_4,CA,1557,1
2011-09-04,TX_1,TX,2630,0
2011-09-04,TX_2,TX,2093,0
2011-09-04,TX_3,TX,2815,0
2011-09-04,WI_1,WI,1443,0
2011-09-04,WI_2,WI,1610,0
2011-09-04,WI_3,WI,3315,0
2011-09-05,CA_1,CA,3485,1
2011-09-05,CA_2,CA,2923,1
2011-09-05,CA_3,CA,5574,1
2011-09-05,CA_4,CA,1825,1
2011-09-05,TX_1,TX,2882,1
2011-09-05,TX_2,TX,3548,1
2011-09-05,TX_3,TX,2941,1
2011-09-05,WI_1,WI,1454,1
2011-09-05,WI_2,WI,1766,1
2011-09-05,WI_3,WI,3760,1
2011-09-06,CA_1,CA,3130,1
2011-09-06,CA_2,CA,1998,1
2011-09-06,CA_3,CA,5279,1
2011-09-06,CA_4,CA,1656,1
2011-09-06,TX_1,TX,2159,1
2011-09-06,TX_2,TX,2716,1
2011-09-06,TX_3,TX,2670,1
2011-09-06,WI_1,WI,1367,1
2011-09-06,WI_2,WI,1676,1
2011-09-06,WI_3,WI,3483,1
2011-09-07,CA_1,CA,2674,1
2011-09-07,CA_2,CA,1904,1
2011-09-07,CA_3,CA,4744,1
2011-09-07,CA_4,CA,1482,1
2011-09-07,TX_1,TX,2528,1
2011-09-07,TX_2,TX,2917,1
2011-09-07,TX_3,TX,2861,1
2011-09-07,WI_1,WI,1272,0
2011-09-07,WI_2,WI,1498,0
2011-09-07,WI_3,WI,2565,0
2011-09-08,CA_1,CA,2826,1
2011-09-08,CA_2,CA,2025,1
2011-09-08,CA_3,CA,4550,1
2011-09-08,CA_4,CA,1478,1
2011-09-08,TX_1,TX,2117,0
2011-09-08,TX_2,TX,2687,0
2011-09-08,TX_3,TX,2188,0
2011-09-08,WI_1,WI,1283,1
2011-09-08,WI_2,WI,1654,1
2011-09-08,WI_3,WI,3240,1
2011-09-09,CA_1,CA,3238,1
2011-09-09,CA_2,CA,2300,1
2011-09-09,CA_3,CA,5132,1
2011-09-09,CA_4,CA,1624,1
2011-09-09,TX_1,TX,2619,1
2011-09-09,TX_2,TX,3472,1
2011-09-09,TX_3,TX,2631,1
2011-09-09,WI_1,WI,1651,1
2011-09-09,WI_2,WI,1892,1
2011-09-09,WI_3,WI,3687,1
2011-09-10,CA_1,CA,3873,1
2011-09-10,CA_2,CA,3172,1
2011-09-10,CA_3,CA,5718,1
2011-09-10,CA_4,CA,1901,1
2011-09-10,TX_1,TX,3085,0
2011-09-10,TX_2,TX,4140,0
2011-09-10,TX_3,TX,3202,0
2011-09-10,WI_1,WI,2154,0
2011-09-10,WI_2,WI,2028,0
2011-09-10,WI_3,WI,3757,0
2011-09-11,CA_1,CA,4046,0
2011-09-11,CA_2,CA,3068,0
2011-09-11,CA_3,CA,6003,0
2011-09-11,CA_4,CA,1969,0
2011-09-11,TX_1,TX,3379,1
2011-09-11,TX_2,TX,4457,1
2011-09-11,TX_3,TX,3723,1
2011-09-11,WI_1,WI,1676,1
2011-09-11,WI_2,WI,2026,1
2011-09-11,WI_3,WI,4285,1
2011-09-12,CA_1,CA,2835,0
2011-09-12,CA_2,CA,2005,0
2011-09-12,CA_3,CA,4214,0
2011-09-12,CA_4,CA,1650,0
2011-09-12,TX_1,TX,2435,1
2011-09-12,TX_2,TX,3146,1
2011-09-12,TX_3,TX,2911,1
2011-09-12,WI_1,WI,1464,1
2011-09-12,WI_2,WI,1708,1
2011-09-12,WI_3,WI,3770,1
2011-09-13,CA_1,CA,2383,0
2011-09-13,CA_2,CA,2000,0
2011-09-13,CA_3,CA,4199,0
2011-09-13,CA_4,CA,1507,0
2011-09-13,TX_1,TX,2704,1
2011-09-13,TX_2,TX,3739,1
2011-09-13,TX_3,TX,2553,1
2011-09-13,WI_1,WI,1338,0
2011-09-13,WI_2,WI,1384,0
2011-09-13,WI_3,WI,2838,0
2011-09-14,CA_1,CA,2186,0
2011-09-14,CA_2,CA,1990,0
2011-09-14,CA_3,CA,4250,0
2011-09-14,CA_4,CA,1350,0
2011-09-14,TX_1,TX,2172,0
2011-09-14,TX_2,TX,2819,0
2011-09-14,TX_3,TX,2374,0
2011-09-14,WI_1,WI,1333,1
2011-09-14,WI_2,WI,1783,1
2011-09-14,WI_3,WI,3248,1
2011-09-15,CA_1,CA,2388,0
2011-09-15,CA_2,CA,2216,0
2011-09-15,CA_3,CA,3911,0
2011-09-15,CA_4,CA,1546,0
2011-09-15,TX_1,TX,2723,1
2011-09-15,TX_2,TX,3671,1
2011-09-15,TX_3,TX,2520,1
2011-09-15,WI_1,WI,1604,1
2011-09-15,WI_2,WI,1859,1
2011-09-15,WI_3,WI,3905,1
2011-09-16,CA_1,CA,2813,0
2011-09-16,CA_2,CA,2359,0
2011-09-16,CA_3,CA,4335,0
2011-09-16,CA_4,CA,1662,0
2011-09-16,TX_1,TX,2550,0
2011-09-16,TX_2,TX,3348,0
2011-09-16,TX_3,TX,2774,0
2011-09-16,WI_1,WI,1816,0
2011-09-16,WI_2,WI,1664,0
2011-09-16,WI_3,WI,3612,0
2011-09-17,CA_1,CA,3515,0
2011-09-17,CA_2,CA,3343,0
2011-09-17,CA_3,CA,4879,0
2011-09-17,CA_4,CA,1850,0
2011-09-17,TX_1,TX,3084,0
2011-09-17,TX_2,TX,4109,0
2011-09-17,TX_3,TX,3317,0
2011-09-17,WI_1,WI,2261,0
2011-09-17,WI_2,WI,1906,0
2011-09-17,WI_3,WI,3931,0
2011-09-18,CA_1,CA,3670,0
2011-09-18,CA_2,CA,3215,0
2011-09-18,CA_3,CA,5734,0
2011-09-18,CA_4,CA,2224,0
2011-09-18,TX_1,TX,2987,0
2011-09-18,TX_2,TX,4281,0
2011-09-18,TX_3,TX,3390,0
2011-09-18,WI_1,WI,1506,0
2011-09-18,WI_2,WI,1511,0
2011-09-18,WI_3,WI,3516,0
2011-09-19,CA_1,CA,2606,0
2011-09-19,CA_2,CA,2242,0
2011-09-19,CA_3,CA,4641,0
2011-09-19,CA_4,CA,1679,0
2011-09-19,TX_1,TX,2235,0
2011-09-19,TX_2,TX,3152,0
2011-09-19,TX_3,TX,2678,0
2011-09-19,WI_1,WI,1285,0
2011-09-19,WI_2,WI,1274,0
2011-09-19,WI_3,WI,2575,0
2011-09-20,CA_1,CA,2558,0
2011-09-20,CA_2,CA,2040,0
2011-09-20,CA_3,CA,4157,0
2011-09-20,CA_4,CA,1745,0
2011-09-20,TX_1,TX,2075,0
2011-09-20,TX_2,TX,2895,0
2011-09-20,TX_3,TX,2086,0
2011-09-20,WI_1,WI,1321,0
2011-09-20,WI_2,WI,1415,0
2011-09-20,WI_3,WI,2383,0
2011-09-21,CA_1,CA,2453,0
2011-09-21,CA_2,CA,2145,0
2011-09-21,CA_3,CA,4089,0
2011-09-21,CA_4,CA,1498,0
2011-09-21,TX_1,TX,1893,0
2011-09-21,TX_2,TX,2510,0
2011-09-21,TX_3,TX,2000,0
2011-09-21,WI_1,WI,1437,0
2011-09-21,WI_2,WI,1396,0
2011-09-21,WI_3,WI,2375,0
2011-09-22,CA_1,CA,2366,0
2011-09-22,CA_2,CA,2245,0
2011-09-22,CA_3,CA,3861,0
2011-09-22,CA_4,CA,1512,0
2011-09-22,TX_1,TX,1911,0
2011-09-22,TX_2,TX,2640,0
2011-09-22,TX_3,TX,2003,0
2011-09-22,WI_1,WI,1492,0
2011-09-22,WI_2,WI,1473,0
2011-09-22,WI_3,WI,2356,0
2011-09-23,CA_1,CA,3475,0
2011-09-23,CA_2,CA,2774,0
2011-09-23,CA_3,CA,4345,0
2011-09-23,CA_4,CA,1910,0
2011-09-23,TX_1,TX,2101,0
2011-09-23,TX_2,TX,3168,0
2011-09-23,TX_3,TX,2673,0
2011-09-23,WI_1,WI,1646,0
2011-09-23,WI_2,WI,1469,0
2011-09-23,WI_3,WI,3145,0
2011-09-24,CA_1,CA,4059,0
2011-09-24,CA_2,CA,3718,0
2011-09-24,CA_3,CA,5157,0
2011-09-24,CA_4,CA,1942,0
2011-09-24,TX_1,TX,2835,0
2011-09-24,TX_2,TX,4011,0
2011-09-24,TX_3,TX,3216,0
2011-09-24,WI_1,WI,2045,0
2011-09-24,WI_2,WI,1676,0
2011-09-24,WI_3,WI,3807,0
2011-09-25,CA_1,CA,4086,0
2011-09-25,CA_2,CA,3473,0
2011-09-25,CA_3,CA,5866,0
2011-09-25,CA_4,CA,2219,0
2011-09-25,TX_1,TX,3084,0
2011-09-25,TX_2,TX,4171,0
2011-09-25,TX_3,TX,3635,0
2011-09-25,WI_1,WI,1592,0
2011-09-25,WI_2,WI,1375,0
2011-09-25,WI_3,WI,3727,0
2011-09-26,CA_1,CA,2846,0
2011-09-26,CA_2,CA,2091,0
2011-09-26,CA_3,CA,4463,0
2011-09-26,CA_4,CA,1831,0
2011-09-26,TX_1,TX,2219,0
2011-09-26,TX_2,TX,2897,0
2011-09-26,TX_3,TX,2519,0
2011-09-26,WI_1,WI,1329,0
2011-09-26,WI_2,WI,1240,0
2011-09-26,WI_3,WI,2655,0
2011-09-27,CA_1,CA,2438,0
2011-09-27,CA_2,CA,2148,0
2011-09-27,CA_3,CA,4536,0
2011-09-27,CA_4,CA,1691,0
2011-09-27,TX_1,TX,2068,0
2011-09-27,TX_2,TX,2640,0
2011-09-27,TX_3,TX,2216,0
2011-09-27,WI_1,WI,1262,0
2011-09-27,WI_2,WI,1414,0
2011-09-27,WI_3,WI,2375,0
2011-09-28,CA_1,CA,2581,0
2011-09-28,CA_2,CA,2111,0
2011-09-28,CA_3,CA,4220,0
2011-09-28,CA_4,CA,1567,0
2011-09-28,TX_1,TX,1751,0
2011-09-28,TX_2,TX,2591,0
2011-09-28,TX_3,TX,2111,0
2011-09-28,WI_1,WI,1335,0
2011-09-28,WI_2,WI,1492,0
2011-09-28,WI_3,WI,2434,0
2011-09-29,CA_1,CA,2437,0
2011-09-29,CA_2,CA,2144,0
2011-09-29,CA_3,CA,3939,0
2011-09-29,CA_4,CA,1683,0
2011-09-29,TX_1,TX,1870,0
2011-09-29,TX_2,TX,2727,0
2011-09-29,TX_3,TX,2165,0
2011-09-29,WI_1,WI,1333,0
2011-09-29,WI_2,WI,1496,0
2011-09-29,WI_3,WI,2589,0
2011-09-30,CA_1,CA,3623,0
2011-09-30,CA_2,CA,2955,0
2011-09-30,CA_3,CA,4568,0
2011-09-30,CA_4,CA,1811,0
2011-09-30,TX_1,TX,2608,0
2011-09-30,TX_2,TX,3901,0
2011-09-30,TX_3,TX,2824,0
2011-09-30,WI_1,WI,2142,0
2011-09-30,WI_2,WI,1909,0
2011-09-30,WI_3,WI,3841,0
2011-10-01,CA_1,CA,5037,1
2011-10-01,CA_2,CA,4064,1
2011-10-01,CA_3,CA,6660,1
2011-10-01,CA_4,CA,2259,1
2011-10-01,TX_1,TX,3804,1
2011-10-01,TX_2,TX,5030,1
2011-10-01,TX_3,TX,3641,1
2011-10-01,WI_1,WI,2266,0
2011-10-01,WI_2,WI,2238,0
2011-10-01,WI_3,WI,4313,0
2011-10-02,CA_1,CA,4685,1
2011-10-02,CA_2,CA,3362,1
2011-10-02,CA_3,CA,6569,1
2011-10-02,CA_4,CA,2478,1
2011-10-02,TX_1,TX,3324,0
2011-10-02,TX_2,TX,4517,0
2011-10-02,TX_3,TX,3312,0
2011-10-02,WI_1,WI,1845,1
2011-10-02,WI_2,WI,2196,1
2011-10-02,WI_3,WI,4926,1
2011-10-03,CA_1,CA,3298,1
2011-10-03,CA_2,CA,2153,1
2011-10-03,CA_3,CA,5686,1
2011-10-03,CA_4,CA,1960,1
2011-10-03,TX_1,TX,2782,1
2011-10-03,TX_2,TX,3687,1
2011-10-03,TX_3,TX,2959,1
2011-10-03,WI_1,WI,1634,1
2011-10-03,WI_2,WI,2061,1
2011-10-03,WI_3,WI,4235,1
2011-10-04,CA_1,CA,3200,1
2011-10-04,CA_2,CA,2243,1
2011-10-04,CA_3,CA,5310,1
2011-10-04,CA_4,CA,1772,1
2011-10-04,TX_1,TX,2118,0
2011-10-04,TX_2,TX,2955,0
2011-10-04,TX_3,TX,2598,0
2011-10-04,WI_1,WI,1427,0
2011-10-04,WI_2,WI,1725,0
2011-10-04,WI_3,WI,2766,0
2011-10-05,CA_1,CA,2798,1
2011-10-05,CA_2,CA,2082,1
2011-10-05,CA_3,CA,4753,1
2011-10-05,CA_4,CA,1629,1
2011-10-05,TX_1,TX,2633,1
2011-10-05,TX_2,TX,2835,1
2011-10-05,TX_3,TX,2582,1
2011-10-05,WI_1,WI,1446,1
2011-10-05,WI_2,WI,1769,1
2011-10-05,WI_3,WI,3386,1
2011-10-06,CA_1,CA,2690,1
2011-10-06,CA_2,CA,2039,1
2011-10-06,CA_3,CA,4666,1
2011-10-06,CA_4,CA,1614,1
2011-10-06,TX_1,TX,2343,1
2011-10-06,TX_2,TX,3021,1
2011-10-06,TX_3,TX,2693,1
2011-10-06,WI_1,WI,1385,1
2011-10-06,WI_2,WI,1856,1
2011-10-06,WI_3,WI,3759,1
2011-10-07,CA_1,CA,3541,1
2011-10-07,CA_2,CA,2823,1
2011-10-07,CA_3,CA,5161,1
2011-10-07,CA_4,CA,1840,1
2011-10-07,TX_1,TX,2748,1
2011-10-07,TX_2,TX,3782,1
2011-10-07,TX_3,TX,3100,1
2011-10-07,WI_1,WI,1719,0
2011-10-07,WI_2,WI,1623,0
2011-10-07,WI_3,WI,3648,0
2011-10-08,CA_1,CA,4604,1
2011-10-08,CA_2,CA,3428,1
2011-10-08,CA_3,CA,6237,1
2011-10-08,CA_4,CA,2330,1
2011-10-08,TX_1,TX,2991,0
2011-10-08,TX_2,TX,4251,0
2011-10-08,TX_3,TX,2742,0
2011-10-08,WI_1,WI,2253,1
2011-10-08,WI_2,WI,2082,1
2011-10-08,WI_3,WI,5012,1
2011-10-09,CA_1,CA,4417,1
2011-10-09,CA_2,CA,3281,1
2011-10-09,CA_3,CA,6703,1
2011-10-09,CA_4,CA,2106,1
2011-10-09,TX_1,TX,3170,1
2011-10-09,TX_2,TX,3500,1
2011-10-09,TX_3,TX,3436,1
2011-10-09,WI_1,WI,1766,1
2011-10-09,WI_2,WI,1958,1
2011-10-09,WI_3,WI,5603,1
2011-10-10,CA_1,CA,3572,1
2011-10-10,CA_2,CA,2382,1
2011-10-10,CA_3,CA,5687,1
2011-10-10,CA_4,CA,1920,1
2011-10-10,TX_1,TX,2507,0
2011-10-10,TX_2,TX,3730,0
2011-10-10,TX_3,TX,3386,0
2011-10-10,WI_1,WI,1311,0
2011-10-10,WI_2,WI,1516,0
2011-10-10,WI_3,WI,3390,0
2011-10-11,CA_1,CA,3110,0
2011-10-11,CA_2,CA,2249,0
2011-10-11,CA_3,CA,4986,0
2011-10-11,CA_4,CA,1690,0
2011-10-11,TX_1,TX,2349,1
2011-10-11,TX_2,TX,3317,1
2011-10-11,TX_3,TX,2879,1
2011-10-11,WI_1,WI,1462,1
2011-10-11,WI_2,WI,1744,1
2011-10-11,WI_3,WI,3641,1
2011-10-12,CA_1,CA,2609,0
2011-10-12,CA_2,CA,2194,0
2011-10-12,CA_3,CA,4600,0
2011-10-12,CA_4,CA,1663,0
2011-10-12,TX_1,TX,2611,1
2011-10-12,TX_2,TX,3467,1
2011-10-12,TX_3,TX,3115,1
2011-10-12,WI_1,WI,1364,1
2011-10-12,WI_2,WI,1914,1
2011-10-12,WI_3,WI,3877,1
2011-10-13,CA_1,CA,2859,0
2011-10-13,CA_2,CA,2168,0
2011-10-13,CA_3,CA,4501,0
2011-10-13,CA_4,CA,1716,0
2011-10-13,TX_1,TX,2494,1
2011-10-13,TX_2,TX,3365,1
2011-10-13,TX_3,TX,2773,1
2011-10-13,WI_1,WI,1628,0
2011-10-13,WI_2,WI,1548,0
2011-10-13,WI_3,WI,3064,0
2011-10-14,CA_1,CA,3337,0
2011-10-14,CA_2,CA,2815,0
2011-10-14,CA_3,CA,5229,0
2011-10-14,CA_4,CA,1957,0
2011-10-14,TX_1,TX,2473,0
2011-10-14,TX_2,TX,3303,0
2011-10-14,TX_3,TX,2712,0
2011-10-14,WI_1,WI,1884,1
2011-10-14,WI_2,WI,1965,1
2011-10-14,WI_3,WI,4210,1
2011-10-15,CA_1,CA,4253,0
2011-10-15,CA_2,CA,3543,0
2011-10-15,CA_3,CA,6274,0
2011-10-15,CA_4,CA,2215,0
2011-10-15,TX_1,TX,3507,1
2011-10-15,TX_2,TX,4866,1
2011-10-15,TX_3,TX,3426,1
2011-10-15,WI_1,WI,2411,1
2011-10-15,WI_2,WI,2312,1
2011-10-15,WI_3,WI,5619,1
2011-10-16,CA_1,CA,4250,0
2011-10-16,CA_2,CA,3384,0
2011-10-16,CA_3,CA,6370,0
2011-10-16,CA_4,CA,2285,0
2011-10-16,TX_1,TX,3469,0
2011-10-16,TX_2,TX,4872,0
2011-10-16,TX_3,TX,3523,0
2011-10-16,WI_1,WI,1785,0
2011-10-16,WI_2,WI,1893,0
2011-10-16,WI_3,WI,4296,0
2011-10-17,CA_1,CA,2761,0
2011-10-17,CA_2,CA,2176,0
2011-10-17,CA_3,CA,5434,0
2011-10-17,CA_4,CA,2002,0
2011-10-17,TX_1,TX,2615,0
2011-10-17,TX_2,TX,3243,0
2011-10-17,TX_3,TX,2983,0
2011-10-17,WI_1,WI,1491,0
2011-10-17,WI_2,WI,1505,0
2011-10-17,WI_3,WI,3382,0
2011-10-18,CA_1,CA,2494,0
2011-10-18,CA_2,CA,2049,0
2011-10-18,CA_3,CA,4463,0
2011-10-18,CA_4,CA,1742,0
2011-10-18,TX_1,TX,2225,0
2011-10-18,TX_2,TX,3208,0
2011-10-18,TX_3,TX,2393,0
2011-10-18,WI_1,WI,1414,0
2011-10-18,WI_2,WI,1379,0
2011-10-18,WI_3,WI,2835,0
2011-10-19,CA_1,CA,2540,0
2011-10-19,CA_2,CA,2026,0
2011-10-19,CA_3,CA,4105,0
2011-10-19,CA_4,CA,1576,0
2011-10-19,TX_1,TX,1980,0
2011-10-19,TX_2,TX,2793,0
2011-10-19,TX_3,TX,2309,0
2011-10-19,WI_1,WI,1448,0
2011-10-19,WI_2,WI,1263,0
2011-10-19,WI_3,WI,2401,0
2011-10-20,CA_1,CA,2654,0
2011-10-20,CA_2,CA,1978,0
2011-10-20,CA_3,CA,4097,0
2011-10-20,CA_4,CA,1621,0
2011-10-20,TX_1,TX,1864,0
2011-10-20,TX_2,TX,2847,0
2011-10-20,TX_3,TX,2139,0
2011-10-20,WI_1,WI,1482,0
2011-10-20,WI_2,WI,1240,0
2011-10-20,WI_3,WI,2480,0
2011-10-21,CA_1,CA,3438,0
2011-10-21,CA_2,CA,2958,0
2011-10-21,CA_3,CA,4497,0
2011-10-21,CA_4,CA,1707,0
2011-10-21,TX_1,TX,2210,0
2011-10-21,TX_2,TX,3247,0
2011-10-21,TX_3,TX,2485,0
2011-10-21,WI_1,WI,1770,0
2011-10-21,WI_2,WI,1535,0
2011-10-21,WI_3,WI,3283,0
2011-10-22,CA_1,CA,4243,0
2011-10-22,CA_2,CA,3402,0
2011-10-22,CA_3,CA,5939,0
2011-10-22,CA_4,CA,1971,0
2011-10-22,TX_1,TX,2789,0
2011-10-22,TX_2,TX,4246,0
2011-10-22,TX_3,TX,2947,0
2011-10-22,WI_1,WI,2050,0
2011-10-22,WI_2,WI,1851,0
2011-10-22,WI_3,WI,3713,0
2011-10-23,CA_1,CA,4319,0
2011-10-23,CA_2,CA,3124,0
2011-10-23,CA_3,CA,6004,0
2011-10-23,CA_4,CA,2262,0
2011-10-23,TX_1,TX,2883,0
2011-10-23,TX_2,TX,4277,0
2011-10-23,TX_3,TX,3267,0
2011-10-23,WI_1,WI,1800,0
2011-10-23,WI_2,WI,1531,0
2011-10-23,WI_3,WI,3409,0
2011-10-24,CA_1,CA,2878,0
2011-10-24,CA_2,CA,2111,0
2011-10-24,CA_3,CA,4550,0
2011-10-24,CA_4,CA,1782,0
2011-10-24,TX_1,TX,2047,0
2011-10-24,TX_2,TX,3347,0
2011-10-24,TX_3,TX,2438,0
2011-10-24,WI_1,WI,1287,0
2011-10-24,WI_2,WI,1290,0
2011-10-24,WI_3,WI,2786,0
2011-10-25,CA_1,CA,2517,0
2011-10-25,CA_2,CA,1958,0
2011-10-25,CA_3,CA,4239,0
2011-10-25,CA_4,CA,1564,0
2011-10-25,TX_1,TX,1922,0
2011-10-25,TX_2,TX,2720,0
2011-10-25,TX_3,TX,2277,0
2011-10-25,WI_1,WI,1308,0
2011-10-25,WI_2,WI,1307,0
2011-10-25,WI_3,WI,2625,0
2011-10-26,CA_1,CA,2343,0
2011-10-26,CA_2,CA,1990,0
2011-10-26,CA_3,CA,3792,0
2011-10-26,CA_4,CA,1622,0
2011-10-26,TX_1,TX,2021,0
2011-10-26,TX_2,TX,2879,0
2011-10-26,TX_3,TX,2155,0
2011-10-26,WI_1,WI,1613,0
2011-10-26,WI_2,WI,1367,0
2011-10-26,WI_3,WI,2360,0
2011-10-27,CA_1,CA,2720,0
2011-10-27,CA_2,CA,2099,0
2011-10-27,CA_3,CA,4046,0
2011-10-27,CA_4,CA,1554,0
2011-10-27,TX_1,TX,1861,0
2011-10-27,TX_2,TX,2881,0
2011-10-27,TX_3,TX,2083,0
2011-10-27,WI_1,WI,1626,0
2011-10-27,WI_2,WI,1437,0
2011-10-27,WI_3,WI,2675,0
2011-10-28,CA_1,CA,3162,0
2011-10-28,CA_2,CA,2623,0
2011-10-28,CA_3,CA,4208,0
2011-10-28,CA_4,CA,1725,0
2011-10-28,TX_1,TX,2234,0
2011-10-28,TX_2,TX,3219,0
2011-10-28,TX_3,TX,2281,0
2011-10-28,WI_1,WI,2030,0
2011-10-28,WI_2,WI,1912,0
2011-10-28,WI_3,WI,3486,0
2011-10-29,CA_1,CA,4162,0
2011-10-29,CA_2,CA,3375,0
2011-10-29,CA_3,CA,5813,0
2011-10-29,CA_4,CA,2374,0
2011-10-29,TX_1,TX,2800,0
2011-10-29,TX_2,TX,3761,0
2011-10-29,TX_3,TX,2912,0
2011-10-29,WI_1,WI,2336,0
2011-10-29,WI_2,WI,1833,0
2011-10-29,WI_3,WI,3853,0
2011-10-30,CA_1,CA,4227,0
2011-10-30,CA_2,CA,3610,0
2011-10-30,CA_3,CA,5903,0
2011-10-30,CA_4,CA,2317,0
2011-10-30,TX_1,TX,2696,0
2011-10-30,TX_2,TX,3774,0
2011-10-30,TX_3,TX,3177,0
2011-10-30,WI_1,WI,1562,0
2011-10-30,WI_2,WI,1418,0
2011-10-30,WI_3,WI,3169,0
2011-10-31,CA_1,CA,2435,0
2011-10-31,CA_2,CA,2258,0
2011-10-31,CA_3,CA,3883,0
2011-10-31,CA_4,CA,1615,0
2011-10-31,TX_1,TX,1962,0
2011-10-31,TX_2,TX,2843,0
2011-10-31,TX_3,TX,2413,0
2011-10-31,WI_1,WI,1311,0
2011-10-31,WI_2,WI,1384,0
2011-10-31,WI_3,WI,2591,0
2011-11-01,CA_1,CA,2774,1
2011-11-01,CA_2,CA,1995,1
2011-11-01,CA_3,CA,4734,1
2011-11-01,CA_4,CA,1591,1
2011-11-01,TX_1,TX,2577,1
2011-11-01,TX_2,TX,3003,1
2011-11-01,TX_3,TX,2804,1
2011-11-01,WI_1,WI,1618,0
2011-11-01,WI_2,WI,1764,0
2011-11-01,WI_3,WI,3179,0
2011-11-02,CA_1,CA,2977,1
2011-11-02,CA_2,CA,2071,1
2011-11-02,CA_3,CA,4566,1
2011-11-02,CA_4,CA,1613,1
2011-11-02,TX_1,TX,2009,0
2011-11-02,TX_2,TX,2833,0
2011-11-02,TX_3,TX,2349,0
2011-11-02,WI_1,WI,1270,1
2011-11-02,WI_2,WI,1716,1
2011-11-02,WI_3,WI,3404,1
2011-11-03,CA_1,CA,3014,1
2011-11-03,CA_2,CA,2218,1
2011-11-03,CA_3,CA,4999,1
2011-11-03,CA_4,CA,1741,1
2011-11-03,TX_1,TX,2170,1
2011-11-03,TX_2,TX,3201,1
2011-11-03,TX_3,TX,2822,1
2011-11-03,WI_1,WI,1646,1
2011-11-03,WI_2,WI,2041,1
2011-11-03,WI_3,WI,4050,1
2011-11-04,CA_1,CA,3747,1
2011-11-04,CA_2,CA,2383,1
2011-11-04,CA_3,CA,5276,1
2011-11-04,CA_4,CA,1846,1
2011-11-04,TX_1,TX,1991,0
2011-11-04,TX_2,TX,3380,0
2011-11-04,TX_3,TX,2497,0
2011-11-04,WI_1,WI,1792,0
2011-11-04,WI_2,WI,1919,0
2011-11-04,WI_3,WI,3765,0
2011-11-05,CA_1,CA,4515,1
2011-11-05,CA_2,CA,3545,1
2011-11-05,CA_3,CA,6189,1
2011-11-05,CA_4,CA,2044,1
2011-11-05,TX_1,TX,3356,1
2011-11-05,TX_2,TX,4207,1
2011-11-05,TX_3,TX,3244,1
2011-11-05,WI_1,WI,2395,1
2011-11-05,WI_2,WI,2411,1
2011-11-05,WI_3,WI,4981,1
2011-11-06,CA_1,CA,4852,1
2011-11-06,CA_2,CA,3435,1
2011-11-06,CA_3,CA,6628,1
2011-11-06,CA_4,CA,2487,1
2011-11-06,TX_1,TX,3285,1
2011-11-06,TX_2,TX,4612,1
2011-11-06,TX_3,TX,3711,1
2011-11-06,WI_1,WI,1729,1
2011-11-06,WI_2,WI,1977,1
2011-11-06,WI_3,WI,5171,1
2011-11-07,CA_1,CA,3284,1
2011-11-07,CA_2,CA,2387,1
2011-11-07,CA_3,CA,5137,1
2011-11-07,CA_4,CA,1846,1
2011-11-07,TX_1,TX,2625,1
2011-11-07,TX_2,TX,3427,1
2011-11-07,TX_3,TX,2891,1
2011-11-07,WI_1,WI,1328,0
2011-11-07,WI_2,WI,1362,0
2011-11-07,WI_3,WI,2991,0
2011-11-08,CA_1,CA,3318,1
2011-11-08,CA_2,CA,2128,1
2011-11-08,CA_3,CA,4960,1
2011-11-08,CA_4,CA,1581,1
2011-11-08,TX_1,TX,1989,0
2011-11-08,TX_2,TX,2609,0
2011-11-08,TX_3,TX,2195,0
2011-11-08,WI_1,WI,1397,1
2011-11-08,WI_2,WI,1616,1
2011-11-08,WI_3,WI,3395,1
2011-11-09,CA_1,CA,2780,1
2011-11-09,CA_2,CA,1992,1
2011-11-09,CA_3,CA,4883,1
2011-11-09,CA_4,CA,1787,1
2011-11-09,TX_1,TX,2340,1
2011-11-09,TX_2,TX,2958,1
2011-11-09,TX_3,TX,2845,1
2011-11-09,WI_1,WI,1316,1
2011-11-09,WI_2,WI,1515,1
2011-11-09,WI_3,WI,3676,1
2011-11-10,CA_1,CA,3277,1
2011-11-10,CA_2,CA,2221,1
2011-11-10,CA_3,CA,5161,1
2011-11-10,CA_4,CA,1716,1
2011-11-10,TX_1,TX,1998,0
2011-11-10,TX_2,TX,2922,0
2011-11-10,TX_3,TX,2293,0
2011-11-10,WI_1,WI,1554,0
2011-11-10,WI_2,WI,1751,0
2011-11-10,WI_3,WI,3254,0
2011-11-11,CA_1,CA,3858,0
2011-11-11,CA_2,CA,2812,0
2011-11-11,CA_3,CA,4972,0
2011-11-11,CA_4,CA,1880,0
2011-11-11,TX_1,TX,2260,1
2011-11-11,TX_2,TX,3372,1
2011-11-11,TX_3,TX,2793,1
2011-11-11,WI_1,WI,1931,1
2011-11-11,WI_2,WI,1739,1
2011-11-11,WI_3,WI,4138,1
2011-11-12,CA_1,CA,4292,0
2011-11-12,CA_2,CA,3454,0
2011-11-12,CA_3,CA,5570,0
2011-11-12,CA_4,CA,2016,0
2011-11-12,TX_1,TX,3249,1
2011-11-12,TX_2,TX,4340,1
2011-11-12,TX_3,TX,3193,1
2011-11-12,WI_1,WI,2349,1
2011-11-12,WI_2,WI,2309,1
2011-11-12,WI_3,WI,5150,1
2011-11-13,CA_1,CA,4150,0
2011-11-13,CA_2,CA,3440,0
2011-11-13,CA_3,CA,6110,0
2011-11-13,CA_4,CA,1884,0
2011-11-13,TX_1,TX,3464,1
2011-11-13,TX_2,TX,4551,1
2011-11-13,TX_3,TX,3639,1
2011-11-13,WI_1,WI,1858,0
2011-11-13,WI_2,WI,1737,0
2011-11-13,WI_3,WI,4515,0
2011-11-14,CA_1,CA,3035,0
2011-11-14,CA_2,CA,2204,0
2011-11-14,CA_3,CA,4686,0
2011-11-14,CA_4,CA,1740,0
2011-11-14,TX_1,TX,2434,0
2011-11-14,TX_2,TX,3089,0
2011-11-14,TX_3,TX,2939,0
2011-11-14,WI_1,WI,1415,1
2011-11-14,WI_2,WI,1801,1
2011-11-14,WI_3,WI,3430,1
2011-11-15,CA_1,CA,2707,0
2011-11-15,CA_2,CA,1975,0
2011-11-15,CA_3,CA,4380,0
2011-11-15,CA_4,CA,1798,0
2011-11-15,TX_1,TX,2471,1
2011-11-15,TX_2,TX,3155,1
2011-11-15,TX_3,TX,2788,1
2011-11-15,WI_1,WI,1470,1
2011-11-15,WI_2,WI,1907,1
2011-11-15,WI_3,WI,4050,1
2011-11-16,CA_1,CA,2495,0
2011-11-16,CA_2,CA,2081,0
2011-11-16,CA_3,CA,4126,0
2011-11-16,CA_4,CA,1579,0
2011-11-16,TX_1,TX,2071,0
2011-11-16,TX_2,TX,2870,0
2011-11-16,TX_3,TX,2485,0
2011-11-16,WI_1,WI,1655,0
2011-11-16,WI_2,WI,1489,0
2011-11-16,WI_3,WI,3077,0
2011-11-17,CA_1,CA,2388,0
2011-11-17,CA_2,CA,2171,0
2011-11-17,CA_3,CA,4050,0
2011-11-17,CA_4,CA,1635,0
2011-11-17,TX_1,TX,2127,0
2011-11-17,TX_2,TX,3000,0
2011-11-17,TX_3,TX,2079,0
2011-11-17,WI_1,WI,1152,0
2011-11-17,WI_2,WI,1584,0
2011-11-17,WI_3,WI,2928,0
2011-11-18,CA_1,CA,3012,0
2011-11-18,CA_2,CA,2459,0
2011-11-18,CA_3,CA,4881,0
2011-11-18,CA_4,CA,1754,0
2011-11-18,TX_1,TX,2204,0
2011-11-18,TX_2,TX,2973,0
2011-11-18,TX_3,TX,2424,0
2011-11-18,WI_1,WI,1845,0
2011-11-18,WI_2,WI,1628,0
2011-11-18,WI_3,WI,3327,0
2011-11-19,CA_1,CA,4681,0
2011-11-19,CA_2,CA,3413,0
2011-11-19,CA_3,CA,6031,0
2011-11-19,CA_4,CA,2019,0
2011-11-19,TX_1,TX,2643,0
2011-11-19,TX_2,TX,3898,0
2011-11-19,TX_3,TX,2947,0
2011-11-19,WI_1,WI,2026,0
2011-11-19,WI_2,WI,1827,0
2011-11-19,WI_3,WI,4060,0
2011-11-20,CA_1,CA,4415,0
2011-11-20,CA_2,CA,3280,0
2011-11-20,CA_3,CA,5812,0
2011-11-20,CA_4,CA,2039,0
2011-11-20,TX_1,TX,2901,0
2011-11-20,TX_2,TX,3991,0
2011-11-20,TX_3,TX,3249,0
2011-11-20,WI_1,WI,1651,0
2011-11-20,WI_2,WI,1450,0
2011-11-20,WI_3,WI,3965,0
2011-11-21,CA_1,CA,3209,0
2011-11-21,CA_2,CA,2303,0
2011-11-21,CA_3,CA,4780,0
2011-11-21,CA_4,CA,1921,0
2011-11-21,TX_1,TX,2043,0
2011-11-21,TX_2,TX,3185,0
2011-11-21,TX_3,TX,2697,0
2011-11-21,WI_1,WI,1411,0
2011-11-21,WI_2,WI,1315,0
2011-11-21,WI_3,WI,2710,0
2011-11-22,CA_1,CA,3637,0
2011-11-22,CA_2,CA,2268,0
2011-11-22,CA_3,CA,4520,0
2011-11-22,CA_4,CA,1622,0
2011-11-22,TX_1,TX,2182,0
2011-11-22,TX_2,TX,3200,0
2011-11-22,TX_3,TX,2431,0
2011-11-22,WI_1,WI,1586,0
2011-11-22,WI_2,WI,1334,0
2011-11-22,WI_3,WI,2874,0
2011-11-23,CA_1,CA,3663,0
2011-11-23,CA_2,CA,2582,0
2011-11-23,CA_3,CA,5311,0
2011-11-23,CA_4,CA,2031,0
2011-11-23,TX_1,TX,3018,0
2011-11-23,TX_2,TX,3976,0
2011-11-23,TX_3,TX,3471,0
2011-11-23,WI_1,WI,1567,0
2011-11-23,WI_2,WI,1649,0
2011-11-23,WI_3,WI,3519,0
2011-11-24,CA_1,CA,1941,0
2011-11-24,CA_2,CA,1155,0
2011-11-24,CA_3,CA,3130,0
2011-11-24,CA_4,CA,1130,0
2011-11-24,TX_1,TX,2268,0
2011-11-24,TX_2,TX,3131,0
2011-11-24,TX_3,TX,1962,0
2011-11-24,WI_1,WI,620,0
2011-11-24,WI_2,WI,682,0
2011-11-24,WI_3,WI,2408,0
2011-11-25,CA_1,CA,3162,0
2011-11-25,CA_2,CA,2490,0
2011-11-25,CA_3,CA,3768,0
2011-11-25,CA_4,CA,1306,0
2011-11-25,TX_1,TX,1996,0
2011-11-25,TX_2,TX,2602,0
2011-11-25,TX_3,TX,2192,0
2011-11-25,WI_1,WI,1900,0
2011-11-25,WI_2,WI,1699,0
2011-11-25,WI_3,WI,2883,0
2011-11-26,CA_1,CA,3077,0
2011-11-26,CA_2,CA,2792,0
2011-11-26,CA_3,CA,4275,0
2011-11-26,CA_4,CA,1618,0
2011-11-26,TX_1,TX,1909,0
2011-11-26,TX_2,TX,2696,0
2011-11-26,TX_3,TX,2318,0
2011-11-26,WI_1,WI,2147,0
2011-11-26,WI_2,WI,1566,0
2011-11-26,WI_3,WI,2894,0
2011-11-27,CA_1,CA,3341,0
2011-11-27,CA_2,CA,2677,0
2011-11-27,CA_3,CA,4747,0
2011-11-27,CA_4,CA,1949,0
2011-11-27,TX_1,TX,2321,0
2011-11-27,TX_2,TX,3284,0
2011-11-27,TX_3,TX,2445,0
2011-11-27,WI_1,WI,1749,0
2011-11-27,WI_2,WI,1523,0
2011-11-27,WI_3,WI,3098,0
2011-11-28,CA_1,CA,2514,0
2011-11-28,CA_2,CA,2215,0
2011-11-28,CA_3,CA,3957,0
2011-11-28,CA_4,CA,1815,0
2011-11-28,TX_1,TX,1922,0
2011-11-28,TX_2,TX,2472,0
2011-11-28,TX_3,TX,1948,0
2011-11-28,WI_1,WI,1442,0
2011-11-28,WI_2,WI,1512,0
2011-11-28,WI_3,WI,2581,0
2011-11-29,CA_1,CA,2628,0
2011-11-29,CA_2,CA,2004,0
2011-11-29,CA_3,CA,3771,0
2011-11-29,CA_4,CA,1590,0
2011-11-29,TX_1,TX,1778,0
2011-11-29,TX_2,TX,2470,0
2011-11-29,TX_3,TX,2057,0
2011-11-29,WI_1,WI,1352,0
2011-11-29,WI_2,WI,1324,0
2011-11-29,WI_3,WI,2610,0
2011-11-30,CA_1,CA,2412,0
2011-11-30,CA_2,CA,2015,0
2011-11-30,CA_3,CA,3614,0
2011-11-30,CA_4,CA,1414,0
2011-11-30,TX_1,TX,1840,0
2011-11-30,TX_2,TX,2616,0
2011-11-30,TX_3,TX,1858,0
2011-11-30,WI_1,WI,1483,0
2011-11-30,WI_2,WI,1411,0
2011-11-30,WI_3,WI,2426,0
2011-12-01,CA_1,CA,2699,1
2011-12-01,CA_2,CA,2163,1
2011-12-01,CA_3,CA,4944,1
2011-12-01,CA_4,CA,1766,1
2011-12-01,TX_1,TX,2361,1
2011-12-01,TX_2,TX,3072,1
2011-12-01,TX_3,TX,2620,1
2011-12-01,WI_1,WI,1654,0
2011-12-01,WI_2,WI,2076,0
2011-12-01,WI_3,WI,2913,0
2011-12-02,CA_1,CA,3504,1
2011-12-02,CA_2,CA,2503,1
2011-12-02,CA_3,CA,5237,1
2011-12-02,CA_4,CA,2082,1
2011-12-02,TX_1,TX,2241,0
2011-12-02,TX_2,TX,3052,0
2011-12-02,TX_3,TX,2448,0
2011-12-02,WI_1,WI,1930,1
2011-12-02,WI_2,WI,2141,1
2011-12-02,WI_3,WI,4589,1
2011-12-03,CA_1,CA,4832,1
2011-12-03,CA_2,CA,3853,1
2011-12-03,CA_3,CA,6284,1
2011-12-03,CA_4,CA,2384,1
2011-12-03,TX_1,TX,3239,1
2011-12-03,TX_2,TX,4187,1
2011-12-03,TX_3,TX,3192,1
2011-12-03,WI_1,WI,2407,1
2011-12-03,WI_2,WI,2537,1
2011-12-03,WI_3,WI,5214,1
2011-12-04,CA_1,CA,4632,1
2011-12-04,CA_2,CA,3267,1
2011-12-04,CA_3,CA,6616,1
2011-12-04,CA_4,CA,2209,1
2011-12-04,TX_1,TX,2920,0
2011-12-04,TX_2,TX,3973,0
2011-12-04,TX_3,TX,3243,0
2011-12-04,WI_1,WI,1960,0
2011-12-04,WI_2,WI,1913,0
2011-12-04,WI_3,WI,4345,0
2011-12-05,CA_1,CA,3367,1
2011-12-05,CA_2,CA,2354,1
2011-12-05,CA_3,CA,5745,1
2011-12-05,CA_4,CA,1707,1
2011-12-05,TX_1,TX,2464,1
2011-12-05,TX_2,TX,3254,1
2011-12-05,TX_3,TX,2697,1
2011-12-05,WI_1,WI,1859,1
2011-12-05,WI_2,WI,1836,1
2011-12-05,WI_3,WI,3937,1
2011-12-06,CA_1,CA,2960,1
2011-12-06,CA_2,CA,2152,1
2011-12-06,CA_3,CA,4937,1
2011-12-06,CA_4,CA,1724,1
2011-12-06,TX_1,TX,2339,1
2011-12-06,TX_2,TX,3430,1
2011-12-06,TX_3,TX,2588,1
2011-12-06,WI_1,WI,1556,1
2011-12-06,WI_2,WI,1800,1
2011-12-06,WI_3,WI,3781,1
2011-12-07,CA_1,CA,2889,1
2011-12-07,CA_2,CA,2068,1
2011-12-07,CA_3,CA,4840,1
2011-12-07,CA_4,CA,1797,1
2011-12-07,TX_1,TX,2325,1
2011-12-07,TX_2,TX,3107,1
2011-12-07,TX_3,TX,2418,1
2011-12-07,WI_1,WI,1557,0
2011-12-07,WI_2,WI,1396,0
2011-12-07,WI_3,WI,3056,0
2011-12-08,CA_1,CA,3331,1
2011-12-08,CA_2,CA,2342,1
2011-12-08,CA_3,CA,4719,1
2011-12-08,CA_4,CA,1741,1
2011-12-08,TX_1,TX,1922,0
2011-12-08,TX_2,TX,2811,0
2011-12-08,TX_3,TX,1968,0
2011-12-08,WI_1,WI,1562,1
2011-12-08,WI_2,WI,1943,1
2011-12-08,WI_3,WI,4008,1
2011-12-09,CA_1,CA,3435,1
2011-12-09,CA_2,CA,2611,1
2011-12-09,CA_3,CA,5039,1
2011-12-09,CA_4,CA,1900,1
2011-12-09,TX_1,TX,2617,1
2011-12-09,TX_2,TX,3408,1
2011-12-09,TX_3,TX,2376,1
2011-12-09,WI_1,WI,1814,1
2011-12-09,WI_2,WI,1788,1
2011-12-09,WI_3,WI,4450,1
2011-12-10,CA_1,CA,4575,1
2011-12-10,CA_2,CA,3500,1
2011-12-10,CA_3,CA,6266,1
2011-12-10,CA_4,CA,1989,1
2011-12-10,TX_1,TX,2671,0
2011-12-10,TX_2,TX,3701,0
2011-12-10,TX_3,TX,2833,0
2011-12-10,WI_1,WI,2308,0
2011-12-10,WI_2,WI,2135,0
2011-12-10,WI_3,WI,4808,0
2011-12-11,CA_1,CA,4312,0
2011-12-11,CA_2,CA,3185,0
2011-12-11,CA_3,CA,6138,0
2011-12-11,CA_4,CA,2321,0
2011-12-11,TX_1,TX,3589,1
2011-12-11,TX_2,TX,4225,1
2011-12-11,TX_3,TX,3469,1
2011-12-11,WI_1,WI,1687,1
2011-12-11,WI_2,WI,1985,1
2011-12-11,WI_3,WI,4832,1
2011-12-12,CA_1,CA,3267,0
2011-12-12,CA_2,CA,2373,0
2011-12-12,CA_3,CA,5216,0
2011-12-12,CA_4,CA,1835,0
2011-12-12,TX_1,TX,2610,1
2011-12-12,TX_2,TX,3565,1
2011-12-12,TX_3,TX,3019,1
2011-12-12,WI_1,WI,1444,1
2011-12-12,WI_2,WI,1813,1
2011-12-12,WI_3,WI,4009,1
2011-12-13,CA_1,CA,2946,0
2011-12-13,CA_2,CA,2320,0
2011-12-13,CA_3,CA,4831,0
2011-12-13,CA_4,CA,1636,0
2011-12-13,TX_1,TX,2571,1
2011-12-13,TX_2,TX,3665,1
2011-12-13,TX_3,TX,2645,1
2011-12-13,WI_1,WI,1516,0
2011-12-13,WI_2,WI,1625,0
2011-12-13,WI_3,WI,3158,0
2011-12-14,CA_1,CA,2871,0
2011-12-14,CA_2,CA,2318,0
2011-12-14,CA_3,CA,4314,0
2011-12-14,CA_4,CA,1459,0
2011-12-14,TX_1,TX,2496,0
2011-12-14,TX_2,TX,3428,0
2011-12-14,TX_3,TX,2633,0
2011-12-14,WI_1,WI,1445,1
2011-12-14,WI_2,WI,1888,1
2011-12-14,WI_3,WI,3942,1
2011-12-15,CA_1,CA,3109,0
2011-12-15,CA_2,CA,2476,0
2011-12-15,CA_3,CA,4906,0
2011-12-15,CA_4,CA,1724,0
2011-12-15,TX_1,TX,2841,1
2011-12-15,TX_2,TX,3807,1
2011-12-15,TX_3,TX,2910,1
2011-12-15,WI_1,WI,1577,1
2011-12-15,WI_2,WI,2276,1
2011-12-15,WI_3,WI,4018,1
2011-12-16,CA_1,CA,3399,0
2011-12-16,CA_2,CA,2465,0
2011-12-16,CA_3,CA,4980,0
2011-12-16,CA_4,CA,1853,0
2011-12-16,TX_1,TX,2563,0
2011-12-16,TX_2,TX,3496,0
2011-12-16,TX_3,TX,2462,0
2011-12-16,WI_1,WI,1866,0
2011-12-16,WI_2,WI,1810,0
2011-12-16,WI_3,WI,3991,0
2011-12-17,CA_1,CA,4463,0
2011-12-17,CA_2,CA,3494,0
2011-12-17,CA_3,CA,5648,0
2011-12-17,CA_4,CA,1917,0
2011-12-17,TX_1,TX,3111,0
2011-12-17,TX_2,TX,4000,0
2011-12-17,TX_3,TX,2887,0
2011-12-17,WI_1,WI,2315,0
2011-12-17,WI_2,WI,2133,0
2011-12-17,WI_3,WI,4191,0
2011-12-18,CA_1,CA,4253,0
2011-12-18,CA_2,CA,3430,0
2011-12-18,CA_3,CA,5573,0
2011-12-18,CA_4,CA,2178,0
2011-12-18,TX_1,TX,2659,0
2011-12-18,TX_2,TX,3745,0
2011-12-18,TX_3,TX,2947,0
2011-12-18,WI_1,WI,1787,0
2011-12-18,WI_2,WI,1653,0
2011-12-18,WI_3,WI,3862,0
2011-12-19,CA_1,CA,3333,0
2011-12-19,CA_2,CA,2387,0
2011-12-19,CA_3,CA,4973,0
2011-12-19,CA_4,CA,1917,0
2011-12-19,TX_1,TX,2208,0
2011-12-19,TX_2,TX,3174,0
2011-12-19,TX_3,TX,2629,0
2011-12-19,WI_1,WI,1744,0
2011-12-19,WI_2,WI,1616,0
2011-12-19,WI_3,WI,3087,0
2011-12-20,CA_1,CA,3236,0
2011-12-20,CA_2,CA,2549,0
2011-12-20,CA_3,CA,4424,0
2011-12-20,CA_4,CA,1814,0
2011-12-20,TX_1,TX,2216,0
2011-12-20,TX_2,TX,3048,0
2011-12-20,TX_3,TX,2393,0
2011-12-20,WI_1,WI,1848,0
2011-12-20,WI_2,WI,1709,0
2011-12-20,WI_3,WI,3025,0
2011-12-21,CA_1,CA,3367,0
2011-12-21,CA_2,CA,2774,0
2011-12-21,CA_3,CA,4347,0
2011-12-21,CA_4,CA,1694,0
2011-12-21,TX_1,TX,2410,0
2011-12-21,TX_2,TX,3295,0
2011-12-21,TX_3,TX,2469,0
2011-12-21,WI_1,WI,1750,0
2011-12-21,WI_2,WI,1654,0
2011-12-21,WI_3,WI,2902,0
2011-12-22,CA_1,CA,3609,0
2011-12-22,CA_2,CA,2608,0
2011-12-22,CA_3,CA,4639,0
2011-12-22,CA_4,CA,1850,0
2011-12-22,TX_1,TX,2391,0
2011-12-22,TX_2,TX,3558,0
2011-12-22,TX_3,TX,2647,0
2011-12-22,WI_1,WI,1850,0
2011-12-22,WI_2,WI,1824,0
2011-12-22,WI_3,WI,3206,0
2011-12-23,CA_1,CA,4652,0
2011-12-23,CA_2,CA,3026,0
2011-12-23,CA_3,CA,5820,0
2011-12-23,CA_4,CA,2267,0
2011-12-23,TX_1,TX,2963,0
2011-12-23,TX_2,TX,4254,0
2011-12-23,TX_3,TX,2960,0
2011-12-23,WI_1,WI,2262,0
2011-12-23,WI_2,WI,2149,0
2011-12-23,WI_3,WI,4293,0
2011-12-24,CA_1,CA,3454,0
2011-12-24,CA_2,CA,2431,0
2011-12-24,CA_3,CA,4753,0
2011-12-24,CA_4,CA,1919,0
2011-12-24,TX_1,TX,3041,0
2011-12-24,TX_2,TX,3611,0
2011-12-24,TX_3,TX,3151,0
2011-12-24,WI_1,WI,1658,0
2011-12-24,WI_2,WI,1933,0
2011-12-24,WI_3,WI,4007,0
2011-12-25,CA_1,CA,0,0
2011-12-25,CA_2,CA,7,0
2011-12-25,CA_3,CA,1,0
2011-12-25,CA_4,CA,0,0
2011-12-25,TX_1,TX,0,0
2011-12-25,TX_2,TX,0,0
2011-12-25,TX_3,TX,2,0
2011-12-25,WI_1,WI,0,0
2011-12-25,WI_2,WI,3,0
2011-12-25,WI_3,WI,0,0
2011-12-26,CA_1,CA,3335,0
2011-12-26,CA_2,CA,2653,0
2011-12-26,CA_3,CA,4998,0
2011-12-26,CA_4,CA,1404,0
2011-12-26,TX_1,TX,2766,0
2011-12-26,TX_2,TX,3419,0
2011-12-26,TX_3,TX,2859,0
2011-12-26,WI_1,WI,1576,0
2011-12-26,WI_2,WI,1544,0
2011-12-26,WI_3,WI,3478,0
2011-12-27,CA_1,CA,3111,0
2011-12-27,CA_2,CA,2439,0
2011-12-27,CA_3,CA,4530,0
2011-12-27,CA_4,CA,1695,0
2011-12-27,TX_1,TX,2087,0
2011-12-27,TX_2,TX,3033,0
2011-12-27,TX_3,TX,2154,0
2011-12-27,WI_1,WI,1439,0
2011-12-27,WI_2,WI,1393,0
2011-12-27,WI_3,WI,2770,0
2011-12-28,CA_1,CA,3097,0
2011-12-28,CA_2,CA,2271,0
2011-12-28,CA_3,CA,4745,0
2011-12-28,CA_4,CA,1624,0
2011-12-28,TX_1,TX,2119,0
2011-12-28,TX_2,TX,3066,0
2011-12-28,TX_3,TX,2109,0
2011-12-28,WI_1,WI,1603,0
2011-12-28,WI_2,WI,1333,0
2011-12-28,WI_3,WI,2824,0
2011-12-29,CA_1,CA,3233,0
2011-12-29,CA_2,CA,2505,0
2011-12-29,CA_3,CA,4511,0
2011-12-29,CA_4,CA,1512,0
2011-12-29,TX_1,TX,2090,0
2011-12-29,TX_2,TX,2859,0
2011-12-29,TX_3,TX,2190,0
2011-12-29,WI_1,WI,1540,0
2011-12-29,WI_2,WI,1537,0
2011-12-29,WI_3,WI,2564,0
2011-12-30,CA_1,CA,4638,0
2011-12-30,CA_2,CA,3136,0
2011-12-30,CA_3,CA,6115,0
2011-12-30,CA_4,CA,1874,0
2011-12-30,TX_1,TX,2662,0
2011-12-30,TX_2,TX,3784,0
2011-12-30,TX_3,TX,2925,0
2011-12-30,WI_1,WI,2076,0
2011-12-30,WI_2,WI,2314,0
2011-12-30,WI_3,WI,4128,0
2011-12-31,CA_1,CA,4236,0
2011-12-31,CA_2,CA,2548,0
2011-12-31,CA_3,CA,5535,0
2011-12-31,CA_4,CA,2046,0
2011-12-31,TX_1,TX,2933,0
2011-12-31,TX_2,TX,4142,0
2011-12-31,TX_3,TX,3416,0
2011-12-31,WI_1,WI,2254,0
2011-12-31,WI_2,WI,2176,0
2011-12-31,WI_3,WI,4465,0
2012-01-01,CA_1,CA,2648,1
2012-01-01,CA_2,CA,2174,1
2012-01-01,CA_3,CA,3978,1
2012-01-01,CA_4,CA,1418,1
2012-01-01,TX_1,TX,2420,1
2012-01-01,TX_2,TX,2773,1
2012-01-01,TX_3,TX,2031,1
2012-01-01,WI_1,WI,1114,0
2012-01-01,WI_2,WI,1148,0
2012-01-01,WI_3,WI,2103,0
2012-01-02,CA_1,CA,3931,1
2012-01-02,CA_2,CA,2987,1
2012-01-02,CA_3,CA,6199,1
2012-01-02,CA_4,CA,2035,1
2012-01-02,TX_1,TX,2745,0
2012-01-02,TX_2,TX,3722,0
2012-01-02,TX_3,TX,2840,0
2012-01-02,WI_1,WI,1802,1
2012-01-02,WI_2,WI,2086,1
2012-01-02,WI_3,WI,4706,1
2012-01-03,CA_1,CA,3496,1
2012-01-03,CA_2,CA,2036,1
2012-01-03,CA_3,CA,5371,1
2012-01-03,CA_4,CA,1837,1
2012-01-03,TX_1,TX,2440,1
2012-01-03,TX_2,TX,3372,1
2012-01-03,TX_3,TX,2533,1
2012-01-03,WI_1,WI,1530,1
2012-01-03,WI_2,WI,1897,1
2012-01-03,WI_3,WI,4239,1
2012-01-04,CA_1,CA,3284,1
2012-01-04,CA_2,CA,1852,1
2012-01-04,CA_3,CA,4878,1
2012-01-04,CA_4,CA,1498,1
2012-01-04,TX_1,TX,2223,0
2012-01-04,TX_2,TX,2827,0
2012-01-04,TX_3,TX,2480,0
2012-01-04,WI_1,WI,1606,0
2012-01-04,WI_2,WI,1831,0
2012-01-04,WI_3,WI,3342,0
2012-01-05,CA_1,CA,3444,1
2012-01-05,CA_2,CA,2040,1
2012-01-05,CA_3,CA,5021,1
2012-01-05,CA_4,CA,1778,1
2012-01-05,TX_1,TX,2470,1
2012-01-05,TX_2,TX,3336,1
2012-01-05,TX_3,TX,2752,1
2012-01-05,WI_1,WI,1576,1
2012-01-05,WI_2,WI,1992,1
2012-01-05,WI_3,WI,4090,1
2012-01-06,CA_1,CA,3854,1
2012-01-06,CA_2,CA,2506,1
2012-01-06,CA_3,CA,4696,1
2012-01-06,CA_4,CA,1753,1
2012-01-06,TX_1,TX,2899,1
2012-01-06,TX_2,TX,3603,1
2012-01-06,TX_3,TX,2695,1
2012-01-06,WI_1,WI,1983,1
2012-01-06,WI_2,WI,2080,1
2012-01-06,WI_3,WI,4336,1
2012-01-07,CA_1,CA,4670,1
2012-01-07,CA_2,CA,3368,1
2012-01-07,CA_3,CA,6384,1
2012-01-07,CA_4,CA,2212,1
2012-01-07,TX_1,TX,3399,1
2012-01-07,TX_2,TX,4555,1
2012-01-07,TX_3,TX,3237,1
2012-01-07,WI_1,WI,2362,0
2012-01-07,WI_2,WI,2209,0
2012-01-07,WI_3,WI,4747,0
2012-01-08,CA_1,CA,4585,1
2012-01-08,CA_2,CA,3234,1
2012-01-08,CA_3,CA,7124,1
2012-01-08,CA_4,CA,2318,1
2012-01-08,TX_1,TX,3392,0
2012-01-08,TX_2,TX,4409,0
2012-01-08,TX_3,TX,3180,0
2012-01-08,WI_1,WI,1753,1
2012-01-08,WI_2,WI,1838,1
2012-01-08,WI_3,WI,4889,1
2012-01-09,CA_1,CA,3637,1
2012-01-09,CA_2,CA,2257,1
2012-01-09,CA_3,CA,5679,1
2012-01-09,CA_4,CA,1845,1
2012-01-09,TX_1,TX,2130,1
2012-01-09,TX_2,TX,2813,1
2012-01-09,TX_3,TX,2230,1
2012-01-09,WI_1,WI,1451,1
2012-01-09,WI_2,WI,1948,1
2012-01-09,WI_3,WI,4216,1
2012-01-10,CA_1,CA,3217,1
2012-01-10,CA_2,CA,1990,1
2012-01-10,CA_3,CA,5392,1
2012-01-10,CA_4,CA,1593,1
2012-01-10,TX_1,TX,2284,0
2012-01-10,TX_2,TX,3304,0
2012-01-10,TX_3,TX,2352,0
2012-01-10,WI_1,WI,1477,0
2012-01-10,WI_2,WI,1642,0
2012-01-10,WI_3,WI,3389,0
2012-01-11,CA_1,CA,2994,0
2012-01-11,CA_2,CA,2062,0
2012-01-11,CA_3,CA,4590,0
2012-01-11,CA_4,CA,1824,0
2012-01-11,TX_1,TX,2550,1
2012-01-11,TX_2,TX,3272,1
2012-01-11,TX_3,TX,2729,1
2012-01-11,WI_1,WI,1908,1
2012-01-11,WI_2,WI,2214,1
2012-01-11,WI_3,WI,4901,1
2012-01-12,CA_1,CA,2655,0
2012-01-12,CA_2,CA,2066,0
2012-01-12,CA_3,CA,4163,0
2012-01-12,CA_4,CA,1665,0
2012-01-12,TX_1,TX,2277,1
2012-01-12,TX_2,TX,3086,1
2012-01-12,TX_3,TX,2538,1
2012-01-12,WI_1,WI,946,1
2012-01-12,WI_2,WI,2001,1
2012-01-12,WI_3,WI,3318,1
2012-01-13,CA_1,CA,3550,0
2012-01-13,CA_2,CA,2509,0
2012-01-13,CA_3,CA,5193,0
2012-01-13,CA_4,CA,1846,0
2012-01-13,TX_1,TX,2814,1
2012-01-13,TX_2,TX,4004,1
2012-01-13,TX_3,TX,2690,1
2012-01-13,WI_1,WI,1581,0
2012-01-13,WI_2,WI,1678,0
2012-01-13,WI_3,WI,3598,0
2012-01-14,CA_1,CA,4271,0
2012-01-14,CA_2,CA,3381,0
2012-01-14,CA_3,CA,5904,0
2012-01-14,CA_4,CA,2192,0
2012-01-14,TX_1,TX,2976,0
2012-01-14,TX_2,TX,4355,0
2012-01-14,TX_3,TX,3151,0
2012-01-14,WI_1,WI,2368,1
2012-01-14,WI_2,WI,2380,1
2012-01-14,WI_3,WI,5837,1
2012-01-15,CA_1,CA,4111,0
2012-01-15,CA_2,CA,3187,0
2012-01-15,CA_3,CA,5993,0
2012-01-15,CA_4,CA,2438,0
2012-01-15,TX_1,TX,3361,1
2012-01-15,TX_2,TX,4460,1
2012-01-15,TX_3,TX,3515,1
2012-01-15,WI_1,WI,1780,1
2012-01-15,WI_2,WI,2042,1
2012-01-15,WI_3,WI,5572,1
2012-01-16,CA_1,CA,3670,0
2012-01-16,CA_2,CA,2666,0
2012-01-16,CA_3,CA,5546,0
2012-01-16,CA_4,CA,2131,0
2012-01-16,TX_1,TX,2769,0
2012-01-16,TX_2,TX,3591,0
2012-01-16,TX_3,TX,2658,0
2012-01-16,WI_1,WI,1668,0
2012-01-16,WI_2,WI,1815,0
2012-01-16,WI_3,WI,4034,0
2012-01-17,CA_1,CA,2824,0
2012-01-17,CA_2,CA,1893,0
2012-01-17,CA_3,CA,4234,0
2012-01-17,CA_4,CA,1574,0
2012-01-17,TX_1,TX,1874,0
2012-01-17,TX_2,TX,2767,0
2012-01-17,TX_3,TX,2284,0
2012-01-17,WI_1,WI,934,0
2012-01-17,WI_2,WI,1213,0
2012-01-17,WI_3,WI,2590,0
2012-01-18,CA_1,CA,2729,0
2012-01-18,CA_2,CA,2097,0
2012-01-18,CA_3,CA,4538,0
2012-01-18,CA_4,CA,1808,0
2012-01-18,TX_1,TX,2127,0
2012-01-18,TX_2,TX,2727,0
2012-01-18,TX_3,TX,2395,0
2012-01-18,WI_1,WI,1733,0
2012-01-18,WI_2,WI,1716,0
2012-01-18,WI_3,WI,3478,0
2012-01-19,CA_1,CA,2782,0
2012-01-19,CA_2,CA,2020,0
2012-01-19,CA_3,CA,4255,0
2012-01-19,CA_4,CA,1632,0
2012-01-19,TX_1,TX,2167,0
2012-01-19,TX_2,TX,2720,0
2012-01-19,TX_3,TX,2182,0
2012-01-19,WI_1,WI,1528,0
2012-01-19,WI_2,WI,1700,0
2012-01-19,WI_3,WI,3048,0
2012-01-20,CA_1,CA,3153,0
2012-01-20,CA_2,CA,2401,0
2012-01-20,CA_3,CA,4825,0
2012-01-20,CA_4,CA,1823,0
2012-01-20,TX_1,TX,2380,0
2012-01-20,TX_2,TX,3546,0
2012-01-20,TX_3,TX,2515,0
2012-01-20,WI_1,WI,1429,0
2012-01-20,WI_2,WI,2015,0
2012-01-20,WI_3,WI,3117,0
2012-01-21,CA_1,CA,5107,0
2012-01-21,CA_2,CA,4045,0
2012-01-21,CA_3,CA,6786,0
2012-01-21,CA_4,CA,2480,0
2012-01-21,TX_1,TX,3177,0
2012-01-21,TX_2,TX,4427,0
2012-01-21,TX_3,TX,3002,0
2012-01-21,WI_1,WI,2661,0
2012-01-21,WI_2,WI,2122,0
2012-01-21,WI_3,WI,4771,0
2012-01-22,CA_1,CA,3965,0
2012-01-22,CA_2,CA,2690,0
2012-01-22,CA_3,CA,5837,0
2012-01-22,CA_4,CA,2047,0
2012-01-22,TX_1,TX,2878,0
2012-01-22,TX_2,TX,4406,0
2012-01-22,TX_3,TX,3150,0
2012-01-22,WI_1,WI,1909,0
2012-01-22,WI_2,WI,1955,0
2012-01-22,WI_3,WI,3750,0
2012-01-23,CA_1,CA,2678,0
2012-01-23,CA_2,CA,2029,0
2012-01-23,CA_3,CA,4856,0
2012-01-23,CA_4,CA,1802,0
2012-01-23,TX_1,TX,2123,0
2012-01-23,TX_2,TX,3152,0
2012-01-23,TX_3,TX,2344,0
2012-01-23,WI_1,WI,1348,0
2012-01-23,WI_2,WI,1537,0
2012-01-23,WI_3,WI,2833,0
2012-01-24,CA_1,CA,2571,0
2012-01-24,CA_2,CA,2125,0
2012-01-24,CA_3,CA,4732,0
2012-01-24,CA_4,CA,1681,0
2012-01-24,TX_1,TX,1790,0
2012-01-24,TX_2,TX,2787,0
2012-01-24,TX_3,TX,2016,0
2012-01-24,WI_1,WI,1584,0
2012-01-24,WI_2,WI,1595,0
2012-01-24,WI_3,WI,2668,0
2012-01-25,CA_1,CA,2460,0
2012-01-25,CA_2,CA,2034,0
2012-01-25,CA_3,CA,4329,0
2012-01-25,CA_4,CA,1799,0
2012-01-25,TX_1,TX,1739,0
2012-01-25,TX_2,TX,2598,0
2012-01-25,TX_3,TX,1826,0
2012-01-25,WI_1,WI,1455,0
2012-01-25,WI_2,WI,1575,0
2012-01-25,WI_3,WI,2593,0
2012-01-26,CA_1,CA,2680,0
2012-01-26,CA_2,CA,2124,0
2012-01-26,CA_3,CA,4004,0
2012-01-26,CA_4,CA,1663,0
2012-01-26,TX_1,TX,1918,0
2012-01-26,TX_2,TX,2775,0
2012-01-26,TX_3,TX,2064,0
2012-01-26,WI_1,WI,1529,0
2012-01-26,WI_2,WI,1834,0
2012-01-26,WI_3,WI,2646,0
2012-01-27,CA_1,CA,3444,0
2012-01-27,CA_2,CA,2451,0
2012-01-27,CA_3,CA,4654,0
2012-01-27,CA_4,CA,1804,0
2012-01-27,TX_1,TX,2295,0
2012-01-27,TX_2,TX,3243,0
2012-01-27,TX_3,TX,2382,0
2012-01-27,WI_1,WI,1766,0
2012-01-27,WI_2,WI,1923,0
2012-01-27,WI_3,WI,3237,0
2012-01-28,CA_1,CA,4241,0
2012-01-28,CA_2,CA,3801,0
2012-01-28,CA_3,CA,5101,0
2012-01-28,CA_4,CA,2263,0
2012-01-28,TX_1,TX,2722,0
2012-01-28,TX_2,TX,4429,0
2012-01-28,TX_3,TX,3038,0
2012-01-28,WI_1,WI,2373,0
2012-01-28,WI_2,WI,2394,0
2012-01-28,WI_3,WI,4000,0
2012-01-29,CA_1,CA,4147,0
2012-01-29,CA_2,CA,3527,0
2012-01-29,CA_3,CA,6123,0
2012-01-29,CA_4,CA,2304,0
2012-01-29,TX_1,TX,2921,0
2012-01-29,TX_2,TX,4178,0
2012-01-29,TX_3,TX,3329,0
2012-01-29,WI_1,WI,1726,0
2012-01-29,WI_2,WI,1753,0
2012-01-29,WI_3,WI,3569,0
2012-01-30,CA_1,CA,2889,0
2012-01-30,CA_2,CA,2064,0
2012-01-30,CA_3,CA,4875,0
2012-01-30,CA_4,CA,1917,0
2012-01-30,TX_1,TX,2206,0
2012-01-30,TX_2,TX,3232,0
2012-01-30,TX_3,TX,2207,0
2012-01-30,WI_1,WI,1513,0
2012-01-30,WI_2,WI,1750,0
2012-01-30,WI_3,WI,2535,0
2012-01-31,CA_1,CA,2892,0
2012-01-31,CA_2,CA,2170,0
2012-01-31,CA_3,CA,5016,0
2012-01-31,CA_4,CA,1758,0
2012-01-31,TX_1,TX,1982,0
2012-01-31,TX_2,TX,2814,0
2012-01-31,TX_3,TX,2340,0
2012-01-31,WI_1,WI,1508,0
2012-01-31,WI_2,WI,1717,0
2012-01-31,WI_3,WI,2927,0
2012-02-01,CA_1,CA,3205,1
2012-02-01,CA_2,CA,2295,1
2012-02-01,CA_3,CA,5600,1
2012-02-01,CA_4,CA,1831,1
2012-02-01,TX_1,TX,2910,1
2012-02-01,TX_2,TX,3733,1
2012-02-01,TX_3,TX,2838,1
2012-02-01,WI_1,WI,1733,0
2012-02-01,WI_2,WI,2168,0
2012-02-01,WI_3,WI,3538,0
2012-02-02,CA_1,CA,3409,1
2012-02-02,CA_2,CA,2150,1
2012-02-02,CA_3,CA,5160,1
2012-02-02,CA_4,CA,2085,1
2012-02-02,TX_1,TX,2268,0
2012-02-02,TX_2,TX,2961,0
2012-02-02,TX_3,TX,2479,0
2012-02-02,WI_1,WI,1464,1
2012-02-02,WI_2,WI,2335,1
2012-02-02,WI_3,WI,4304,1
2012-02-03,CA_1,CA,4269,1
2012-02-03,CA_2,CA,2675,1
2012-02-03,CA_3,CA,6193,1
2012-02-03,CA_4,CA,2126,1
2012-02-03,TX_1,TX,2852,1
2012-02-03,TX_2,TX,4036,1
2012-02-03,TX_3,TX,3062,1
2012-02-03,WI_1,WI,2136,1
2012-02-03,WI_2,WI,2513,1
2012-02-03,WI_3,WI,5242,1
2012-02-04,CA_1,CA,5786,1
2012-02-04,CA_2,CA,3959,1
2012-02-04,CA_3,CA,7762,1
2012-02-04,CA_4,CA,2622,1
2012-02-04,TX_1,TX,3362,0
2012-02-04,TX_2,TX,5120,0
2012-02-04,TX_3,TX,3742,0
2012-02-04,WI_1,WI,2771,0
2012-02-04,WI_2,WI,2552,0
2012-02-04,WI_3,WI,5353,0
2012-02-05,CA_1,CA,4783,1
2012-02-05,CA_2,CA,3176,1
2012-02-05,CA_3,CA,6911,1
2012-02-05,CA_4,CA,2279,1
2012-02-05,TX_1,TX,3784,1
2012-02-05,TX_2,TX,5341,1
2012-02-05,TX_3,TX,4130,1
2012-02-05,WI_1,WI,1946,1
2012-02-05,WI_2,WI,2534,1
2012-02-05,WI_3,WI,5191,1
2012-02-06,CA_1,CA,3638,1
2012-02-06,CA_2,CA,2251,1
2012-02-06,CA_3,CA,5932,1
2012-02-06,CA_4,CA,1977,1
2012-02-06,TX_1,TX,2542,1
2012-02-06,TX_2,TX,3610,1
2012-02-06,TX_3,TX,2956,1
2012-02-06,WI_1,WI,1468,1
2012-02-06,WI_2,WI,2142,1
2012-02-06,WI_3,WI,4165,1
2012-02-07,CA_1,CA,3159,1
2012-02-07,CA_2,CA,2163,1
2012-02-07,CA_3,CA,5616,1
2012-02-07,CA_4,CA,1847,1
2012-02-07,TX_1,TX,2535,1
2012-02-07,TX_2,TX,3573,1
2012-02-07,TX_3,TX,2781,1
2012-02-07,WI_1,WI,1494,0
2012-02-07,WI_2,WI,1769,0
2012-02-07,WI_3,WI,3171,0
2012-02-08,CA_1,CA,3041,1
2012-02-08,CA_2,CA,2164,1
2012-02-08,CA_3,CA,5498,1
2012-02-08,CA_4,CA,1865,1
2012-02-08,TX_1,TX,2360,0
2012-02-08,TX_2,TX,3216,0
2012-02-08,TX_3,TX,2598,0
2012-02-08,WI_1,WI,1509,1
2012-02-08,WI_2,WI,2069,1
2012-02-08,WI_3,WI,4259,1
2012-02-09,CA_1,CA,3034,1
2012-02-09,CA_2,CA,2440,1
2012-02-09,CA_3,CA,5501,1
2012-02-09,CA_4,CA,1808,1
2012-02-09,TX_1,TX,2528,1
2012-02-09,TX_2,TX,3350,1
2012-02-09,TX_3,TX,2451,1
2012-02-09,WI_1,WI,1646,1
2012-02-09,WI_2,WI,2519,1
2012-02-09,WI_3,WI,4650,1
2012-02-10,CA_1,CA,3516,1
2012-02-10,CA_2,CA,2671,1
2012-02-10,CA_3,CA,6108,1
2012-02-10,CA_4,CA,2130,1
2012-02-10,TX_1,TX,2253,0
2012-02-10,TX_2,TX,3365,0
2012-02-10,TX_3,TX,2510,0
2012-02-10,WI_1,WI,1605,0
2012-02-10,WI_2,WI,2083,0
2012-02-10,WI_3,WI,3622,0
2012-02-11,CA_1,CA,5463,0
2012-02-11,CA_2,CA,3959,0
2012-02-11,CA_3,CA,7794,0
2012-02-11,CA_4,CA,2445,0
2012-02-11,TX_1,TX,3181,1
2012-02-11,TX_2,TX,5212,1
2012-02-11,TX_3,TX,3282,1
2012-02-11,WI_1,WI,2534,1
2012-02-11,WI_2,WI,2405,1
2012-02-11,WI_3,WI,5482,1
2012-02-12,CA_1,CA,5230,0
2012-02-12,CA_2,CA,3776,0
2012-02-12,CA_3,CA,7095,0
2012-02-12,CA_4,CA,2458,0
2012-02-12,TX_1,TX,3664,1
2012-02-12,TX_2,TX,5101,1
2012-02-12,TX_3,TX,3820,1
2012-02-12,WI_1,WI,2250,1
2012-02-12,WI_2,WI,2737,1
2012-02-12,WI_3,WI,5773,1
2012-02-13,CA_1,CA,3674,0
2012-02-13,CA_2,CA,2394,0
2012-02-13,CA_3,CA,5849,0
2012-02-13,CA_4,CA,2037,0
2012-02-13,TX_1,TX,2901,1
2012-02-13,TX_2,TX,4359,1
2012-02-13,TX_3,TX,3134,1
2012-02-13,WI_1,WI,1567,0
2012-02-13,WI_2,WI,1987,0
2012-02-13,WI_3,WI,3773,0
2012-02-14,CA_1,CA,2603,0
2012-02-14,CA_2,CA,1884,0
2012-02-14,CA_3,CA,4383,0
2012-02-14,CA_4,CA,1547,0
2012-02-14,TX_1,TX,2359,0
2012-02-14,TX_2,TX,3291,0
2012-02-14,TX_3,TX,2434,0
2012-02-14,WI_1,WI,1453,1
2012-02-14,WI_2,WI,1746,1
2012-02-14,WI_3,WI,3400,1
2012-02-15,CA_1,CA,2669,0
2012-02-15,CA_2,CA,1975,0
2012-02-15,CA_3,CA,4818,0
2012-02-15,CA_4,CA,1532,0
2012-02-15,TX_1,TX,2457,1
2012-02-15,TX_2,TX,3463,1
2012-02-15,TX_3,TX,2320,1
2012-02-15,WI_1,WI,1630,1
2012-02-15,WI_2,WI,1879,1
2012-02-15,WI_3,WI,4135,1
2012-02-16,CA_1,CA,2832,0
2012-02-16,CA_2,CA,2004,0
2012-02-16,CA_3,CA,4582,0
2012-02-16,CA_4,CA,1566,0
2012-02-16,TX_1,TX,2130,0
2012-02-16,TX_2,TX,3139,0
2012-02-16,TX_3,TX,2485,0
2012-02-16,WI_1,WI,1640,0
2012-02-16,WI_2,WI,1663,0
2012-02-16,WI_3,WI,3154,0
2012-02-17,CA_1,CA,3311,0
2012-02-17,CA_2,CA,2524,0
2012-02-17,CA_3,CA,5317,0
2012-02-17,CA_4,CA,1770,0
2012-02-17,TX_1,TX,2044,0
2012-02-17,TX_2,TX,3095,0
2012-02-17,TX_3,TX,2514,0
2012-02-17,WI_1,WI,1792,0
2012-02-17,WI_2,WI,1886,0
2012-02-17,WI_3,WI,3351,0
2012-02-18,CA_1,CA,4534,0
2012-02-18,CA_2,CA,3714,0
2012-02-18,CA_3,CA,6515,0
2012-02-18,CA_4,CA,2109,0
2012-02-18,TX_1,TX,2886,0
2012-02-18,TX_2,TX,4423,0
2012-02-18,TX_3,TX,3074,0
2012-02-18,WI_1,WI,2461,0
2012-02-18,WI_2,WI,2146,0
2012-02-18,WI_3,WI,4760,0
2012-02-19,CA_1,CA,4535,0
2012-02-19,CA_2,CA,3351,0
2012-02-19,CA_3,CA,6185,0
2012-02-19,CA_4,CA,2088,0
2012-02-19,TX_1,TX,3487,0
2012-02-19,TX_2,TX,5083,0
2012-02-19,TX_3,TX,3177,0
2012-02-19,WI_1,WI,2133,0
2012-02-19,WI_2,WI,1869,0
2012-02-19,WI_3,WI,4430,0
2012-02-20,CA_1,CA,3721,0
2012-02-20,CA_2,CA,2714,0
2012-02-20,CA_3,CA,6662,0
2012-02-20,CA_4,CA,1915,0
2012-02-20,TX_1,TX,2792,0
2012-02-20,TX_2,TX,3425,0
2012-02-20,TX_3,TX,2690,0
2012-02-20,WI_1,WI,1442,0
2012-02-20,WI_2,WI,1595,0
2012-02-20,WI_3,WI,3262,0
2012-02-21,CA_1,CA,2823,0
2012-02-21,CA_2,CA,2003,0
2012-02-21,CA_3,CA,5148,0
2012-02-21,CA_4,CA,1721,0
2012-02-21,TX_1,TX,2138,0
2012-02-21,TX_2,TX,3147,0
2012-02-21,TX_3,TX,2244,0
2012-02-21,WI_1,WI,1510,0
2012-02-21,WI_2,WI,1573,0
2012-02-21,WI_3,WI,2883,0
2012-02-22,CA_1,CA,2774,0
2012-02-22,CA_2,CA,2224,0
2012-02-22,CA_3,CA,4351,0
2012-02-22,CA_4,CA,1498,0
2012-02-22,TX_1,TX,2230,0
2012-02-22,TX_2,TX,2881,0
2012-02-22,TX_3,TX,1980,0
2012-02-22,WI_1,WI,1679,0
2012-02-22,WI_2,WI,1692,0
2012-02-22,WI_3,WI,2806,0
2012-02-23,CA_1,CA,2798,0
2012-02-23,CA_2,CA,2366,0
2012-02-23,CA_3,CA,4703,0
2012-02-23,CA_4,CA,1639,0
2012-02-23,TX_1,TX,2401,0
2012-02-23,TX_2,TX,3005,0
2012-02-23,TX_3,TX,2017,0
2012-02-23,WI_1,WI,1630,0
2012-02-23,WI_2,WI,1689,0
2012-02-23,WI_3,WI,2963,0
2012-02-24,CA_1,CA,3280,0
2012-02-24,CA_2,CA,2840,0
2012-02-24,CA_3,CA,5800,0
2012-02-24,CA_4,CA,1787,0
2012-02-24,TX_1,TX,2528,0
2012-02-24,TX_2,TX,3165,0
2012-02-24,TX_3,TX,2221,0
2012-02-24,WI_1,WI,1634,0
2012-02-24,WI_2,WI,1713,0
2012-02-24,WI_3,WI,2902,0
2012-02-25,CA_1,CA,4806,0
2012-02-25,CA_2,CA,3550,0
2012-02-25,CA_3,CA,6164,0
2012-02-25,CA_4,CA,2035,0
2012-02-25,TX_1,TX,2743,0
2012-02-25,TX_2,TX,4248,0
2012-02-25,TX_3,TX,2810,0
2012-02-25,WI_1,WI,2806,0
2012-02-25,WI_2,WI,2216,0
2012-02-25,WI_3,WI,4391,0
2012-02-26,CA_1,CA,4430,0
2012-02-26,CA_2,CA,3365,0
2012-02-26,CA_3,CA,6784,0
2012-02-26,CA_4,CA,2063,0
2012-02-26,TX_1,TX,3234,0
2012-02-26,TX_2,TX,4886,0
2012-02-26,TX_3,TX,3366,0
2012-02-26,WI_1,WI,2253,0
2012-02-26,WI_2,WI,1926,0
2012-02-26,WI_3,WI,3974,0
2012-02-27,CA_1,CA,2998,0
2012-02-27,CA_2,CA,2212,0
2012-02-27,CA_3,CA,5286,0
2012-02-27,CA_4,CA,1810,0
2012-02-27,TX_1,TX,2322,0
2012-02-27,TX_2,TX,3550,0
2012-02-27,TX_3,TX,2706,0
2012-02-27,WI_1,WI,1631,0
2012-02-27,WI_2,WI,1672,0
2012-02-27,WI_3,WI,3083,0
2012-02-28,CA_1,CA,2707,0
2012-02-28,CA_2,CA,1942,0
2012-02-28,CA_3,CA,4514,0
2012-02-28,CA_4,CA,1663,0
2012-02-28,TX_1,TX,2157,0
2012-02-28,TX_2,TX,3022,0
2012-02-28,TX_3,TX,2295,0
2012-02-28,WI_1,WI,1500,0
2012-02-28,WI_2,WI,1590,0
2012-02-28,WI_3,WI,2969,0
2012-02-29,CA_1,CA,2915,0
2012-02-29,CA_2,CA,2216,0
2012-02-29,CA_3,CA,4424,0
2012-02-29,CA_4,CA,1682,0
2012-02-29,TX_1,TX,2155,0
2012-02-29,TX_2,TX,3156,0
2012-02-29,TX_3,TX,2259,0
2012-02-29,WI_1,WI,1621,0
2012-02-29,WI_2,WI,1736,0
2012-02-29,WI_3,WI,2638,0
2012-03-01,CA_1,CA,3603,1
2012-03-01,CA_2,CA,2452,1
2012-03-01,CA_3,CA,5580,1
2012-03-01,CA_4,CA,1710,1
2012-03-01,TX_1,TX,2731,1
2012-03-01,TX_2,TX,3752,1
2012-03-01,TX_3,TX,2915,1
2012-03-01,WI_1,WI,1817,0
2012-03-01,WI_2,WI,2061,0
2012-03-01,WI_3,WI,3611,0
2012-03-02,CA_1,CA,4025,1
2012-03-02,CA_2,CA,2955,1
2012-03-02,CA_3,CA,6121,1
2012-03-02,CA_4,CA,1969,1
2012-03-02,TX_1,TX,2674,0
2012-03-02,TX_2,TX,3631,0
2012-03-02,TX_3,TX,2881,0
2012-03-02,WI_1,WI,1727,1
2012-03-02,WI_2,WI,2408,1
2012-03-02,WI_3,WI,4152,1
2012-03-03,CA_1,CA,5123,1
2012-03-03,CA_2,CA,3850,1
2012-03-03,CA_3,CA,7392,1
2012-03-03,CA_4,CA,2234,1
2012-03-03,TX_1,TX,3161,1
2012-03-03,TX_2,TX,4998,1
2012-03-03,TX_3,TX,3320,1
2012-03-03,WI_1,WI,2503,1
2012-03-03,WI_2,WI,2717,1
2012-03-03,WI_3,WI,6021,1
2012-03-04,CA_1,CA,5165,1
2012-03-04,CA_2,CA,3746,1
2012-03-04,CA_3,CA,8245,1
2012-03-04,CA_4,CA,2503,1
2012-03-04,TX_1,TX,3471,0
2012-03-04,TX_2,TX,4612,0
2012-03-04,TX_3,TX,3473,0
2012-03-04,WI_1,WI,2100,0
2012-03-04,WI_2,WI,2089,0
2012-03-04,WI_3,WI,4921,0
2012-03-05,CA_1,CA,3893,1
2012-03-05,CA_2,CA,2306,1
2012-03-05,CA_3,CA,6450,1
2012-03-05,CA_4,CA,1846,1
2012-03-05,TX_1,TX,2810,1
2012-03-05,TX_2,TX,4367,1
2012-03-05,TX_3,TX,2914,1
2012-03-05,WI_1,WI,1607,1
2012-03-05,WI_2,WI,2192,1
2012-03-05,WI_3,WI,4318,1
2012-03-06,CA_1,CA,3398,1
2012-03-06,CA_2,CA,2392,1
2012-03-06,CA_3,CA,5952,1
2012-03-06,CA_4,CA,1972,1
2012-03-06,TX_1,TX,2566,1
2012-03-06,TX_2,TX,3749,1
2012-03-06,TX_3,TX,2883,1
2012-03-06,WI_1,WI,1579,1
2012-03-06,WI_2,WI,2239,1
2012-03-06,WI_3,WI,4802,1
2012-03-07,CA_1,CA,3541,1
2012-03-07,CA_2,CA,2282,1
2012-03-07,CA_3,CA,5621,1
2012-03-07,CA_4,CA,2000,1
2012-03-07,TX_1,TX,2362,1
2012-03-07,TX_2,TX,3572,1
2012-03-07,TX_3,TX,2689,1
2012-03-07,WI_1,WI,1488,0
2012-03-07,WI_2,WI,1496,0
2012-03-07,WI_3,WI,3557,0
2012-03-08,CA_1,CA,3392,1
2012-03-08,CA_2,CA,2400,1
2012-03-08,CA_3,CA,5892,1
2012-03-08,CA_4,CA,1826,1
2012-03-08,TX_1,TX,2454,0
2012-03-08,TX_2,TX,3340,0
2012-03-08,TX_3,TX,2526,0
2012-03-08,WI_1,WI,1692,1
2012-03-08,WI_2,WI,1933,1
2012-03-08,WI_3,WI,4304,1
2012-03-09,CA_1,CA,3786,1
2012-03-09,CA_2,CA,2999,1
2012-03-09,CA_3,CA,6139,1
2012-03-09,CA_4,CA,2075,1
2012-03-09,TX_1,TX,2469,1
2012-03-09,TX_2,TX,3503,1
2012-03-09,TX_3,TX,2492,1
2012-03-09,WI_1,WI,1948,1
2012-03-09,WI_2,WI,1889,1
2012-03-09,WI_3,WI,5022,1
2012-03-10,CA_1,CA,5354,1
2012-03-10,CA_2,CA,4000,1
2012-03-10,CA_3,CA,7050,1
2012-03-10,CA_4,CA,2289,1
2012-03-10,TX_1,TX,3350,0
2012-03-10,TX_2,TX,4693,0
2012-03-10,TX_3,TX,3465,0
2012-03-10,WI_1,WI,2361,0
2012-03-10,WI_2,WI,2042,0
2012-03-10,WI_3,WI,4955,0
2012-03-11,CA_1,CA,5502,0
2012-03-11,CA_2,CA,3997,0
2012-03-11,CA_3,CA,7672,0
2012-03-11,CA_4,CA,2724,0
2012-03-11,TX_1,TX,3400,1
2012-03-11,TX_2,TX,4928,1
2012-03-11,TX_3,TX,3645,1
2012-03-11,WI_1,WI,2020,1
2012-03-11,WI_2,WI,1827,1
2012-03-11,WI_3,WI,4897,1
2012-03-12,CA_1,CA,3643,0
2012-03-12,CA_2,CA,2417,0
2012-03-12,CA_3,CA,6361,0
2012-03-12,CA_4,CA,1787,0
2012-03-12,TX_1,TX,3261,1
2012-03-12,TX_2,TX,4191,1
2012-03-12,TX_3,TX,3207,1
2012-03-12,WI_1,WI,1623,1
2012-03-12,WI_2,WI,1723,1
2012-03-12,WI_3,WI,4288,1
2012-03-13,CA_1,CA,2836,0
2012-03-13,CA_2,CA,2025,0
2012-03-13,CA_3,CA,5476,0
2012-03-13,CA_4,CA,1690,0
2012-03-13,TX_1,TX,2997,1
2012-03-13,TX_2,TX,4386,1
2012-03-13,TX_3,TX,3041,1
2012-03-13,WI_1,WI,1691,0
2012-03-13,WI_2,WI,1533,0
2012-03-13,WI_3,WI,3425,0
2012-03-14,CA_1,CA,2821,0
2012-03-14,CA_2,CA,1987,0
2012-03-14,CA_3,CA,5045,0
2012-03-14,CA_4,CA,1589,0
2012-03-14,TX_1,TX,2826,0
2012-03-14,TX_2,TX,3796,0
2012-03-14,TX_3,TX,2706,0
2012-03-14,WI_1,WI,1451,1
2012-03-14,WI_2,WI,1669,1
2012-03-14,WI_3,WI,3951,1
2012-03-15,CA_1,CA,3161,0
2012-03-15,CA_2,CA,2341,0
2012-03-15,CA_3,CA,4964,0
2012-03-15,CA_4,CA,1751,0
2012-03-15,TX_1,TX,3005,1
2012-03-15,TX_2,TX,4312,1
2012-03-15,TX_3,TX,2875,1
2012-03-15,WI_1,WI,1774,1
2012-03-15,WI_2,WI,2146,1
2012-03-15,WI_3,WI,4423,1
2012-03-16,CA_1,CA,3737,0
2012-03-16,CA_2,CA,2358,0
2012-03-16,CA_3,CA,5107,0
2012-03-16,CA_4,CA,2001,0
2012-03-16,TX_1,TX,2964,0
2012-03-16,TX_2,TX,4073,0
2012-03-16,TX_3,TX,2830,0
2012-03-16,WI_1,WI,2069,0
2012-03-16,WI_2,WI,1679,0
2012-03-16,WI_3,WI,4133,0
2012-03-17,CA_1,CA,4718,0
2012-03-17,CA_2,CA,4287,0
2012-03-17,CA_3,CA,6773,0
2012-03-17,CA_4,CA,2257,0
2012-03-17,TX_1,TX,2982,0
2012-03-17,TX_2,TX,4314,0
2012-03-17,TX_3,TX,3275,0
2012-03-17,WI_1,WI,2584,0
2012-03-17,WI_2,WI,1851,0
2012-03-17,WI_3,WI,4863,0
2012-03-18,CA_1,CA,4966,0
2012-03-18,CA_2,CA,3674,0
2012-03-18,CA_3,CA,6983,0
2012-03-18,CA_4,CA,2034,0
2012-03-18,TX_1,TX,3599,0
2012-03-18,TX_2,TX,4824,0
2012-03-18,TX_3,TX,3485,0
2012-03-18,WI_1,WI,2054,0
2012-03-18,WI_2,WI,1885,0
2012-03-18,WI_3,WI,4190,0
2012-03-19,CA_1,CA,3621,0
2012-03-19,CA_2,CA,2553,0
2012-03-19,CA_3,CA,5302,0
2012-03-19,CA_4,CA,1862,0
2012-03-19,TX_1,TX,2506,0
2012-03-19,TX_2,TX,3594,0
2012-03-19,TX_3,TX,3090,0
2012-03-19,WI_1,WI,1535,0
2012-03-19,WI_2,WI,1720,0
2012-03-19,WI_3,WI,3404,0
2012-03-20,CA_1,CA,2939,0
2012-03-20,CA_2,CA,2243,0
2012-03-20,CA_3,CA,5033,0
2012-03-20,CA_4,CA,1632,0
2012-03-20,TX_1,TX,2359,0
2012-03-20,TX_2,TX,2973,0
2012-03-20,TX_3,TX,2158,0
2012-03-20,WI_1,WI,1586,0
2012-03-20,WI_2,WI,1369,0
2012-03-20,WI_3,WI,3241,0
2012-03-21,CA_1,CA,2764,0
2012-03-21,CA_2,CA,2063,0
2012-03-21,CA_3,CA,4909,0
2012-03-21,CA_4,CA,1750,0
2012-03-21,TX_1,TX,2454,0
2012-03-21,TX_2,TX,3292,0
2012-03-21,TX_3,TX,2361,0
2012-03-21,WI_1,WI,1808,0
2012-03-21,WI_2,WI,1575,0
2012-03-21,WI_3,WI,3251,0
2012-03-22,CA_1,CA,3103,0
2012-03-22,CA_2,CA,2187,0
2012-03-22,CA_3,CA,4885,0
2012-03-22,CA_4,CA,1676,0
2012-03-22,TX_1,TX,2389,0
2012-03-22,TX_2,TX,3280,0
2012-03-22,TX_3,TX,2459,0
2012-03-22,WI_1,WI,1722,0
2012-03-22,WI_2,WI,1375,0
2012-03-22,WI_3,WI,2939,0
2012-03-23,CA_1,CA,3414,0
2012-03-23,CA_2,CA,2998,0
2012-03-23,CA_3,CA,5082,0
2012-03-23,CA_4,CA,1845,0
2012-03-23,TX_1,TX,2587,0
2012-03-23,TX_2,TX,3792,0
2012-03-23,TX_3,TX,2616,0
2012-03-23,WI_1,WI,1792,0
2012-03-23,WI_2,WI,1445,0
2012-03-23,WI_3,WI,3484,0
2012-03-24,CA_1,CA,5211,0
2012-03-24,CA_2,CA,3462,0
2012-03-24,CA_3,CA,6117,0
2012-03-24,CA_4,CA,2081,0
2012-03-24,TX_1,TX,3103,0
2012-03-24,TX_2,TX,4826,0
2012-03-24,TX_3,TX,3204,0
2012-03-24,WI_1,WI,2556,0
2012-03-24,WI_2,WI,2032,0
2012-03-24,WI_3,WI,4497,0
2012-03-25,CA_1,CA,5240,0
2012-03-25,CA_2,CA,3497,0
2012-03-25,CA_3,CA,7209,0
2012-03-25,CA_4,CA,2456,0
2012-03-25,TX_1,TX,3383,0
2012-03-25,TX_2,TX,4834,0
2012-03-25,TX_3,TX,3447,0
2012-03-25,WI_1,WI,2003,0
2012-03-25,WI_2,WI,1775,0
2012-03-25,WI_3,WI,3999,0
2012-03-26,CA_1,CA,3167,0
2012-03-26,CA_2,CA,2359,0
2012-03-26,CA_3,CA,5463,0
2012-03-26,CA_4,CA,1920,0
2012-03-26,TX_1,TX,2480,0
2012-03-26,TX_2,TX,3549,0
2012-03-26,TX_3,TX,2566,0
2012-03-26,WI_1,WI,1239,0
2012-03-26,WI_2,WI,1374,0
2012-03-26,WI_3,WI,3065,0
2012-03-27,CA_1,CA,2889,0
2012-03-27,CA_2,CA,2079,0
2012-03-27,CA_3,CA,4239,0
2012-03-27,CA_4,CA,1661,0
2012-03-27,TX_1,TX,2175,0
2012-03-27,TX_2,TX,3219,0
2012-03-27,TX_3,TX,2505,0
2012-03-27,WI_1,WI,1572,0
2012-03-27,WI_2,WI,1528,0
2012-03-27,WI_3,WI,2782,0
2012-03-28,CA_1,CA,2768,0
2012-03-28,CA_2,CA,2417,0
2012-03-28,CA_3,CA,4771,0
2012-03-28,CA_4,CA,1864,0
2012-03-28,TX_1,TX,2161,0
2012-03-28,TX_2,TX,2932,0
2012-03-28,TX_3,TX,2218,0
2012-03-28,WI_1,WI,1590,0
2012-03-28,WI_2,WI,1449,0
2012-03-28,WI_3,WI,2613,0
2012-03-29,CA_1,CA,2625,0
2012-03-29,CA_2,CA,2267,0
2012-03-29,CA_3,CA,4415,0
2012-03-29,CA_4,CA,1595,0
2012-03-29,TX_1,TX,2123,0
2012-03-29,TX_2,TX,2918,0
2012-03-29,TX_3,TX,2263,0
2012-03-29,WI_1,WI,1554,0
2012-03-29,WI_2,WI,1517,0
2012-03-29,WI_3,WI,2602,0
2012-03-30,CA_1,CA,4255,0
2012-03-30,CA_2,CA,2703,0
2012-03-30,CA_3,CA,5549,0
2012-03-30,CA_4,CA,1961,0
2012-03-30,TX_1,TX,2582,0
2012-03-30,TX_2,TX,3732,0
2012-03-30,TX_3,TX,2698,0
2012-03-30,WI_1,WI,1900,0
2012-03-30,WI_2,WI,1893,0
2012-03-30,WI_3,WI,3459,0
2012-03-31,CA_1,CA,4902,0
2012-03-31,CA_2,CA,3705,0
2012-03-31,CA_3,CA,6413,0
2012-03-31,CA_4,CA,2686,0
2012-03-31,TX_1,TX,2956,0
2012-03-31,TX_2,TX,4861,0
2012-03-31,TX_3,TX,3200,0
2012-03-31,WI_1,WI,2688,0
2012-03-31,WI_2,WI,2384,0
2012-03-31,WI_3,WI,4668,0
2012-04-01,CA_1,CA,5181,1
2012-04-01,CA_2,CA,3757,1
2012-04-01,CA_3,CA,6959,1
2012-04-01,CA_4,CA,2467,1
2012-04-01,TX_1,TX,3927,1
2012-04-01,TX_2,TX,5636,1
2012-04-01,TX_3,TX,3864,1
2012-04-01,WI_1,WI,2032,0
2012-04-01,WI_2,WI,1827,0
2012-04-01,WI_3,WI,4133,0
2012-04-02,CA_1,CA,3825,1
2012-04-02,CA_2,CA,2509,1
2012-04-02,CA_3,CA,6008,1
2012-04-02,CA_4,CA,2067,1
2012-04-02,TX_1,TX,2442,0
2012-04-02,TX_2,TX,3539,0
2012-04-02,TX_3,TX,2736,0
2012-04-02,WI_1,WI,1609,1
2012-04-02,WI_2,WI,1986,1
2012-04-02,WI_3,WI,4638,1
2012-04-03,CA_1,CA,4005,1
2012-04-03,CA_2,CA,2635,1
2012-04-03,CA_3,CA,6124,1
2012-04-03,CA_4,CA,1921,1
2012-04-03,TX_1,TX,3349,1
2012-04-03,TX_2,TX,3831,1
2012-04-03,TX_3,TX,3033,1
2012-04-03,WI_1,WI,1658,1
2012-04-03,WI_2,WI,2151,1
2012-04-03,WI_3,WI,4326,1
2012-04-04,CA_1,CA,3493,1
2012-04-04,CA_2,CA,2423,1
2012-04-04,CA_3,CA,5300,1
2012-04-04,CA_4,CA,1994,1
2012-04-04,TX_1,TX,2494,0
2012-04-04,TX_2,TX,3411,0
2012-04-04,TX_3,TX,2467,0
2012-04-04,WI_1,WI,1548,0
2012-04-04,WI_2,WI,1736,0
2012-04-04,WI_3,WI,3452,0
2012-04-05,CA_1,CA,3973,1
2012-04-05,CA_2,CA,2441,1
2012-04-05,CA_3,CA,5677,1
2012-04-05,CA_4,CA,1989,1
2012-04-05,TX_1,TX,2984,1
2012-04-05,TX_2,TX,3681,1
2012-04-05,TX_3,TX,2917,1
2012-04-05,WI_1,WI,1666,1
2012-04-05,WI_2,WI,1836,1
2012-04-05,WI_3,WI,4204,1
2012-04-06,CA_1,CA,5085,1
2012-04-06,CA_2,CA,2904,1
2012-04-06,CA_3,CA,6341,1
2012-04-06,CA_4,CA,2237,1
2012-04-06,TX_1,TX,3585,1
2012-04-06,TX_2,TX,4856,1
2012-04-06,TX_3,TX,3300,1
2012-04-06,WI_1,WI,2274,1
2012-04-06,WI_2,WI,2184,1
2012-04-06,WI_3,WI,4779,1
2012-04-07,CA_1,CA,6035,1
2012-04-07,CA_2,CA,4306,1
2012-04-07,CA_3,CA,8069,1
2012-04-07,CA_4,CA,2922,1
2012-04-07,TX_1,TX,4307,1
2012-04-07,TX_2,TX,5775,1
2012-04-07,TX_3,TX,4249,1
2012-04-07,WI_1,WI,2922,0
2012-04-07,WI_2,WI,2029,0
2012-04-07,WI_3,WI,5024,0
2012-04-08,CA_1,CA,3962,1
2012-04-08,CA_2,CA,3506,1
2012-04-08,CA_3,CA,6992,1
2012-04-08,CA_4,CA,2257,1
2012-04-08,TX_1,TX,4292,0
2012-04-08,TX_2,TX,4896,0
2012-04-08,TX_3,TX,3189,0
2012-04-08,WI_1,WI,1516,1
2012-04-08,WI_2,WI,1448,1
2012-04-08,WI_3,WI,4152,1
2012-04-09,CA_1,CA,3984,1
2012-04-09,CA_2,CA,2499,1
2012-04-09,CA_3,CA,6250,1
2012-04-09,CA_4,CA,2065,1
2012-04-09,TX_1,TX,2786,1
2012-04-09,TX_2,TX,3946,1
2012-04-09,TX_3,TX,2821,1
2012-04-09,WI_1,WI,1626,1
2012-04-09,WI_2,WI,1901,1
2012-04-09,WI_3,WI,4115,1
2012-04-10,CA_1,CA,3859,1
2012-04-10,CA_2,CA,2105,1
2012-04-10,CA_3,CA,5565,1
2012-04-10,CA_4,CA,1736,1
2012-04-10,TX_1,TX,2483,0
2012-04-10,TX_2,TX,3858,0
2012-04-10,TX_3,TX,2416,0
2012-04-10,WI_1,WI,1674,0
2012-04-10,WI_2,WI,1762,0
2012-04-10,WI_3,WI,3342,0
2012-04-11,CA_1,CA,3310,0
2012-04-11,CA_2,CA,2467,0
2012-04-11,CA_3,CA,5225,0
2012-04-11,CA_4,CA,1766,0
2012-04-11,TX_1,TX,2883,1
2012-04-11,TX_2,TX,3798,1
2012-04-11,TX_3,TX,2691,1
2012-04-11,WI_1,WI,1588,1
2012-04-11,WI_2,WI,1788,1
2012-04-11,WI_3,WI,4059,1
2012-04-12,CA_1,CA,3293,0
2012-04-12,CA_2,CA,2452,0
2012-04-12,CA_3,CA,4662,0
2012-04-12,CA_4,CA,1563,0
2012-04-12,TX_1,TX,2769,1
2012-04-12,TX_2,TX,3486,1
2012-04-12,TX_3,TX,2743,1
2012-04-12,WI_1,WI,1720,1
2012-04-12,WI_2,WI,1756,1
2012-04-12,WI_3,WI,4124,1
2012-04-13,CA_1,CA,4136,0
2012-04-13,CA_2,CA,2722,0
2012-04-13,CA_3,CA,5106,0
2012-04-13,CA_4,CA,1845,0
2012-04-13,TX_1,TX,3131,1
2012-04-13,TX_2,TX,4182,1
2012-04-13,TX_3,TX,2942,1
2012-04-13,WI_1,WI,2111,0
2012-04-13,WI_2,WI,1725,0
2012-04-13,WI_3,WI,4038,0
2012-04-14,CA_1,CA,5114,0
2012-04-14,CA_2,CA,3791,0
2012-04-14,CA_3,CA,6165,0
2012-04-14,CA_4,CA,2270,0
2012-04-14,TX_1,TX,3529,0
2012-04-14,TX_2,TX,4956,0
2012-04-14,TX_3,TX,3232,0
2012-04-14,WI_1,WI,2214,1
2012-04-14,WI_2,WI,1970,1
2012-04-14,WI_3,WI,5305,1
2012-04-15,CA_1,CA,4950,0
2012-04-15,CA_2,CA,3603,0
2012-04-15,CA_3,CA,5851,0
2012-04-15,CA_4,CA,2257,0
2012-04-15,TX_1,TX,3993,1
2012-04-15,TX_2,TX,5435,1
2012-04-15,TX_3,TX,3876,1
2012-04-15,WI_1,WI,1967,1
2012-04-15,WI_2,WI,1798,1
2012-04-15,WI_3,WI,4977,1
2012-04-16,CA_1,CA,3279,0
2012-04-16,CA_2,CA,2362,0
2012-04-16,CA_3,CA,5119,0
2012-04-16,CA_4,CA,1892,0
2012-04-16,TX_1,TX,2633,0
2012-04-16,TX_2,TX,3321,0
2012-04-16,TX_3,TX,2331,0
2012-04-16,WI_1,WI,1485,0
2012-04-16,WI_2,WI,1599,0
2012-04-16,WI_3,WI,3651,0
2012-04-17,CA_1,CA,2784,0
2012-04-17,CA_2,CA,2000,0
2012-04-17,CA_3,CA,4775,0
2012-04-17,CA_4,CA,1620,0
2012-04-17,TX_1,TX,2777,0
2012-04-17,TX_2,TX,3389,0
2012-04-17,TX_3,TX,2530,0
2012-04-17,WI_1,WI,1525,0
2012-04-17,WI_2,WI,1419,0
2012-04-17,WI_3,WI,3248,0
2012-04-18,CA_1,CA,2764,0
2012-04-18,CA_2,CA,2238,0
2012-04-18,CA_3,CA,4547,0
2012-04-18,CA_4,CA,1809,0
2012-04-18,TX_1,TX,2378,0
2012-04-18,TX_2,TX,3312,0
2012-04-18,TX_3,TX,2159,0
2012-04-18,WI_1,WI,1316,0
2012-04-18,WI_2,WI,1316,0
2012-04-18,WI_3,WI,2860,0
2012-04-19,CA_1,CA,3330,0
2012-04-19,CA_2,CA,2194,0
2012-04-19,CA_3,CA,4488,0
2012-04-19,CA_4,CA,1793,0
2012-04-19,TX_1,TX,2413,0
2012-04-19,TX_2,TX,3338,0
2012-04-19,TX_3,TX,2271,0
2012-04-19,WI_1,WI,1212,0
2012-04-19,WI_2,WI,1256,0
2012-04-19,WI_3,WI,2529,0
2012-04-20,CA_1,CA,4124,0
2012-04-20,CA_2,CA,2675,0
2012-04-20,CA_3,CA,5065,0
2012-04-20,CA_4,CA,1875,0
2012-04-20,TX_1,TX,2133,0
2012-04-20,TX_2,TX,3477,0
2012-04-20,TX_3,TX,2336,0
2012-04-20,WI_1,WI,1807,0
2012-04-20,WI_2,WI,1595,0
2012-04-20,WI_3,WI,3056,0
2012-04-21,CA_1,CA,5027,0
2012-04-21,CA_2,CA,3888,0
2012-04-21,CA_3,CA,6187,0
2012-04-21,CA_4,CA,2234,0
2012-04-21,TX_1,TX,3237,0
2012-04-21,TX_2,TX,4741,0
2012-04-21,TX_3,TX,2915,0
2012-04-21,WI_1,WI,2377,0
2012-04-21,WI_2,WI,1706,0
2012-04-21,WI_3,WI,4396,0
2012-04-22,CA_1,CA,5179,0
2012-04-22,CA_2,CA,3552,0
2012-04-22,CA_3,CA,6767,0
2012-04-22,CA_4,CA,2295,0
2012-04-22,TX_1,TX,3600,0
2012-04-22,TX_2,TX,4701,0
2012-04-22,TX_3,TX,3359,0
2012-04-22,WI_1,WI,1987,0
2012-04-22,WI_2,WI,1543,0
2012-04-22,WI_3,WI,3781,0
2012-04-23,CA_1,CA,2968,0
2012-04-23,CA_2,CA,2374,0
2012-04-23,CA_3,CA,4991,0
2012-04-23,CA_4,CA,1884,0
2012-04-23,TX_1,TX,2789,0
2012-04-23,TX_2,TX,3351,0
2012-04-23,TX_3,TX,2739,0
2012-04-23,WI_1,WI,1558,0
2012-04-23,WI_2,WI,1140,0
2012-04-23,WI_3,WI,2876,0
2012-04-24,CA_1,CA,3032,0
2012-04-24,CA_2,CA,2287,0
2012-04-24,CA_3,CA,4334,0
2012-04-24,CA_4,CA,1892,0
2012-04-24,TX_1,TX,2635,0
2012-04-24,TX_2,TX,2963,0
2012-04-24,TX_3,TX,2129,0
2012-04-24,WI_1,WI,1525,0
2012-04-24,WI_2,WI,1283,0
2012-04-24,WI_3,WI,2768,0
2012-04-25,CA_1,CA,2851,0
2012-04-25,CA_2,CA,2127,0
2012-04-25,CA_3,CA,4393,0
2012-04-25,CA_4,CA,1681,0
2012-04-25,TX_1,TX,2535,0
2012-04-25,TX_2,TX,2944,0
2012-04-25,TX_3,TX,2394,0
2012-04-25,WI_1,WI,1405,0
2012-04-25,WI_2,WI,1154,0
2012-04-25,WI_3,WI,2964,0
2012-04-26,CA_1,CA,3003,0
2012-04-26,CA_2,CA,2194,0
2012-04-26,CA_3,CA,4141,0
2012-04-26,CA_4,CA,1676,0
2012-04-26,TX_1,TX,2379,0
2012-04-26,TX_2,TX,3153,0
2012-04-26,TX_3,TX,2300,0
2012-04-26,WI_1,WI,1645,0
2012-04-26,WI_2,WI,1264,0
2012-04-26,WI_3,WI,2775,0
2012-04-27,CA_1,CA,3820,0
2012-04-27,CA_2,CA,3001,0
2012-04-27,CA_3,CA,4734,0
2012-04-27,CA_4,CA,2016,0
2012-04-27,TX_1,TX,2426,0
2012-04-27,TX_2,TX,3730,0
2012-04-27,TX_3,TX,2416,0
2012-04-27,WI_1,WI,1944,0
2012-04-27,WI_2,WI,1426,0
2012-04-27,WI_3,WI,3464,0
2012-04-28,CA_1,CA,4754,0
2012-04-28,CA_2,CA,3570,0
2012-04-28,CA_3,CA,5781,0
2012-04-28,CA_4,CA,2016,0
2012-04-28,TX_1,TX,3533,0
2012-04-28,TX_2,TX,4431,0
2012-04-28,TX_3,TX,2856,0
2012-04-28,WI_1,WI,2606,0
2012-04-28,WI_2,WI,1864,0
2012-04-28,WI_3,WI,4236,0
2012-04-29,CA_1,CA,4856,0
2012-04-29,CA_2,CA,3546,0
2012-04-29,CA_3,CA,6283,0
2012-04-29,CA_4,CA,2219,0
2012-04-29,TX_1,TX,3490,0
2012-04-29,TX_2,TX,5027,0
2012-04-29,TX_3,TX,3219,0
2012-04-29,WI_1,WI,2039,0
2012-04-29,WI_2,WI,1457,0
2012-04-29,WI_3,WI,3988,0
2012-04-30,CA_1,CA,3353,0
2012-04-30,CA_2,CA,2477,0
2012-04-30,CA_3,CA,4853,0
2012-04-30,CA_4,CA,2053,0
2012-04-30,TX_1,TX,2648,0
2012-04-30,TX_2,TX,3442,0
2012-04-30,TX_3,TX,2527,0
2012-04-30,WI_1,WI,1616,0
2012-04-30,WI_2,WI,1329,0
2012-04-30,WI_3,WI,3058,0
2012-05-01,CA_1,CA,3605,1
2012-05-01,CA_2,CA,2540,1
2012-05-01,CA_3,CA,5534,1
2012-05-01,CA_4,CA,1914,1
2012-05-01,TX_1,TX,3102,1
2012-05-01,TX_2,TX,3603,1
2012-05-01,TX_3,TX,2872,1
2012-05-01,WI_1,WI,1699,0
2012-05-01,WI_2,WI,1686,0
2012-05-01,WI_3,WI,3735,0
2012-05-02,CA_1,CA,3514,1
2012-05-02,CA_2,CA,2464,1
2012-05-02,CA_3,CA,5282,1
2012-05-02,CA_4,CA,1707,1
2012-05-02,TX_1,TX,2616,0
2012-05-02,TX_2,TX,3342,0
2012-05-02,TX_3,TX,2513,0
2012-05-02,WI_1,WI,1654,1
2012-05-02,WI_2,WI,1568,1
2012-05-02,WI_3,WI,4579,1
2012-05-03,CA_1,CA,3981,1
2012-05-03,CA_2,CA,2463,1
2012-05-03,CA_3,CA,5646,1
2012-05-03,CA_4,CA,1991,1
2012-05-03,TX_1,TX,3030,1
2012-05-03,TX_2,TX,4167,1
2012-05-03,TX_3,TX,2835,1
2012-05-03,WI_1,WI,1927,1
2012-05-03,WI_2,WI,1968,1
2012-05-03,WI_3,WI,4951,1
2012-05-04,CA_1,CA,4168,1
2012-05-04,CA_2,CA,3149,1
2012-05-04,CA_3,CA,5477,1
2012-05-04,CA_4,CA,2003,1
2012-05-04,TX_1,TX,2915,0
2012-05-04,TX_2,TX,3863,0
2012-05-04,TX_3,TX,2924,0
2012-05-04,WI_1,WI,2133,0
2012-05-04,WI_2,WI,1866,0
2012-05-04,WI_3,WI,4434,0
2012-05-05,CA_1,CA,4457,1
2012-05-05,CA_2,CA,3634,1
2012-05-05,CA_3,CA,5889,1
2012-05-05,CA_4,CA,2254,1
2012-05-05,TX_1,TX,4154,1
2012-05-05,TX_2,TX,5050,1
2012-05-05,TX_3,TX,3579,1
2012-05-05,WI_1,WI,2389,1
2012-05-05,WI_2,WI,2254,1
2012-05-05,WI_3,WI,5541,1
2012-05-06,CA_1,CA,5695,1
2012-05-06,CA_2,CA,3998,1
2012-05-06,CA_3,CA,6403,1
2012-05-06,CA_4,CA,2463,1
2012-05-06,TX_1,TX,4429,1
2012-05-06,TX_2,TX,5615,1
2012-05-06,TX_3,TX,3579,1
2012-05-06,WI_1,WI,1869,1
2012-05-06,WI_2,WI,2131,1
2012-05-06,WI_3,WI,5347,1
2012-05-07,CA_1,CA,4326,1
2012-05-07,CA_2,CA,2600,1
2012-05-07,CA_3,CA,6444,1
2012-05-07,CA_4,CA,1947,1
2012-05-07,TX_1,TX,3389,1
2012-05-07,TX_2,TX,4434,1
2012-05-07,TX_3,TX,3256,1
2012-05-07,WI_1,WI,1445,0
2012-05-07,WI_2,WI,1742,0
2012-05-07,WI_3,WI,3894,0
2012-05-08,CA_1,CA,3577,1
2012-05-08,CA_2,CA,2530,1
2012-05-08,CA_3,CA,6187,1
2012-05-08,CA_4,CA,1951,1
2012-05-08,TX_1,TX,2592,0
2012-05-08,TX_2,TX,3438,0
2012-05-08,TX_3,TX,2482,0
2012-05-08,WI_1,WI,1545,1
2012-05-08,WI_2,WI,1938,1
2012-05-08,WI_3,WI,4193,1
2012-05-09,CA_1,CA,3501,1
2012-05-09,CA_2,CA,2393,1
2012-05-09,CA_3,CA,5455,1
2012-05-09,CA_4,CA,1885,1
2012-05-09,TX_1,TX,2554,1
2012-05-09,TX_2,TX,3953,1
2012-05-09,TX_3,TX,2658,1
2012-05-09,WI_1,WI,1467,1
2012-05-09,WI_2,WI,2063,1
2012-05-09,WI_3,WI,4275,1
2012-05-10,CA_1,CA,3735,1
2012-05-10,CA_2,CA,2407,1
2012-05-10,CA_3,CA,5380,1
2012-05-10,CA_4,CA,1817,1
2012-05-10,TX_1,TX,2566,0
2012-05-10,TX_2,TX,3195,0
2012-05-10,TX_3,TX,2334,0
2012-05-10,WI_1,WI,1546,0
2012-05-10,WI_2,WI,1809,0
2012-05-10,WI_3,WI,3375,0
2012-05-11,CA_1,CA,4293,0
2012-05-11,CA_2,CA,2916,0
2012-05-11,CA_3,CA,5521,0
2012-05-11,CA_4,CA,2054,0
2012-05-11,TX_1,TX,2835,1
2012-05-11,TX_2,TX,3743,1
2012-05-11,TX_3,TX,2693,1
2012-05-11,WI_1,WI,1878,1
2012-05-11,WI_2,WI,2156,1
2012-05-11,WI_3,WI,4725,1
2012-05-12,CA_1,CA,5546,0
2012-05-12,CA_2,CA,3609,0
2012-05-12,CA_3,CA,6575,0
2012-05-12,CA_4,CA,2130,0
2012-05-12,TX_1,TX,3714,1
2012-05-12,TX_2,TX,4953,1
2012-05-12,TX_3,TX,3604,1
2012-05-12,WI_1,WI,2369,1
2012-05-12,WI_2,WI,2324,1
2012-05-12,WI_3,WI,6048,1
2012-05-13,CA_1,CA,4390,0
2012-05-13,CA_2,CA,3166,0
2012-05-13,CA_3,CA,5418,0
2012-05-13,CA_4,CA,1833,0
2012-05-13,TX_1,TX,3651,1
2012-05-13,TX_2,TX,4766,1
2012-05-13,TX_3,TX,3260,1
2012-05-13,WI_1,WI,1757,0
2012-05-13,WI_2,WI,1376,0
2012-05-13,WI_3,WI,4152,0
2012-05-14,CA_1,CA,3397,0
2012-05-14,CA_2,CA,2288,0
2012-05-14,CA_3,CA,5483,0
2012-05-14,CA_4,CA,1952,0
2012-05-14,TX_1,TX,2883,0
2012-05-14,TX_2,TX,4062,0
2012-05-14,TX_3,TX,2848,0
2012-05-14,WI_1,WI,1450,1
2012-05-14,WI_2,WI,2018,1
2012-05-14,WI_3,WI,5202,1
2012-05-15,CA_1,CA,3429,0
2012-05-15,CA_2,CA,2380,0
2012-05-15,CA_3,CA,5273,0
2012-05-15,CA_4,CA,2062,0
2012-05-15,TX_1,TX,2874,1
2012-05-15,TX_2,TX,4082,1
2012-05-15,TX_3,TX,2876,1
2012-05-15,WI_1,WI,1633,1
2012-05-15,WI_2,WI,2345,1
2012-05-15,WI_3,WI,4804,1
2012-05-16,CA_1,CA,3570,0
2012-05-16,CA_2,CA,2369,0
2012-05-16,CA_3,CA,4752,0
2012-05-16,CA_4,CA,1899,0
2012-05-16,TX_1,TX,2576,0
2012-05-16,TX_2,TX,3433,0
2012-05-16,TX_3,TX,2685,0
2012-05-16,WI_1,WI,1771,0
2012-05-16,WI_2,WI,1999,0
2012-05-16,WI_3,WI,3623,0
2012-05-17,CA_1,CA,3339,0
2012-05-17,CA_2,CA,2327,0
2012-05-17,CA_3,CA,4772,0
2012-05-17,CA_4,CA,1781,0
2012-05-17,TX_1,TX,2421,0
2012-05-17,TX_2,TX,3197,0
2012-05-17,TX_3,TX,2577,0
2012-05-17,WI_1,WI,1717,0
2012-05-17,WI_2,WI,1679,0
2012-05-17,WI_3,WI,3513,0
2012-05-18,CA_1,CA,4107,0
2012-05-18,CA_2,CA,2871,0
2012-05-18,CA_3,CA,5615,0
2012-05-18,CA_4,CA,2204,0
2012-05-18,TX_1,TX,2723,0
2012-05-18,TX_2,TX,3842,0
2012-05-18,TX_3,TX,2875,0
2012-05-18,WI_1,WI,1831,0
2012-05-18,WI_2,WI,2090,0
2012-05-18,WI_3,WI,4153,0
2012-05-19,CA_1,CA,4904,0
2012-05-19,CA_2,CA,4066,0
2012-05-19,CA_3,CA,6325,0
2012-05-19,CA_4,CA,2105,0
2012-05-19,TX_1,TX,3384,0
2012-05-19,TX_2,TX,4623,0
2012-05-19,TX_3,TX,3204,0
2012-05-19,WI_1,WI,2386,0
2012-05-19,WI_2,WI,2139,0
2012-05-19,WI_3,WI,4793,0
2012-05-20,CA_1,CA,5477,0
2012-05-20,CA_2,CA,3717,0
2012-05-20,CA_3,CA,6471,0
2012-05-20,CA_4,CA,2482,0
2012-05-20,TX_1,TX,3891,0
2012-05-20,TX_2,TX,4940,0
2012-05-20,TX_3,TX,3622,0
2012-05-20,WI_1,WI,2068,0
2012-05-20,WI_2,WI,2025,0
2012-05-20,WI_3,WI,4821,0
2012-05-21,CA_1,CA,3583,0
2012-05-21,CA_2,CA,2079,0
2012-05-21,CA_3,CA,5542,0
2012-05-21,CA_4,CA,2078,0
2012-05-21,TX_1,TX,2541,0
2012-05-21,TX_2,TX,3466,0
2012-05-21,TX_3,TX,2737,0
2012-05-21,WI_1,WI,1718,0
2012-05-21,WI_2,WI,1718,0
2012-05-21,WI_3,WI,3343,0
2012-05-22,CA_1,CA,2713,0
2012-05-22,CA_2,CA,2391,0
2012-05-22,CA_3,CA,5158,0
2012-05-22,CA_4,CA,1702,0
2012-05-22,TX_1,TX,2570,0
2012-05-22,TX_2,TX,3397,0
2012-05-22,TX_3,TX,2976,0
2012-05-22,WI_1,WI,1811,0
2012-05-22,WI_2,WI,1682,0
2012-05-22,WI_3,WI,3102,0
2012-05-23,CA_1,CA,2852,0
2012-05-23,CA_2,CA,2230,0
2012-05-23,CA_3,CA,4788,0
2012-05-23,CA_4,CA,1690,0
2012-05-23,TX_1,TX,2440,0
2012-05-23,TX_2,TX,3366,0
2012-05-23,TX_3,TX,2493,0
2012-05-23,WI_1,WI,1673,0
2012-05-23,WI_2,WI,1897,0
2012-05-23,WI_3,WI,3194,0
2012-05-24,CA_1,CA,3272,0
2012-05-24,CA_2,CA,2264,0
2012-05-24,CA_3,CA,4774,0
2012-05-24,CA_4,CA,1808,0
2012-05-24,TX_1,TX,2708,0
2012-05-24,TX_2,TX,3614,0
2012-05-24,TX_3,TX,2519,0
2012-05-24,WI_1,WI,1746,0
2012-05-24,WI_2,WI,1834,0
2012-05-24,WI_3,WI,3424,0
2012-05-25,CA_1,CA,4120,0
2012-05-25,CA_2,CA,2783,0
2012-05-25,CA_3,CA,5567,0
2012-05-25,CA_4,CA,1941,0
2012-05-25,TX_1,TX,2632,0
2012-05-25,TX_2,TX,4104,0
2012-05-25,TX_3,TX,3050,0
2012-05-25,WI_1,WI,2119,0
2012-05-25,WI_2,WI,2519,0
2012-05-25,WI_3,WI,3962,0
2012-05-26,CA_1,CA,4700,0
2012-05-26,CA_2,CA,3303,0
2012-05-26,CA_3,CA,5647,0
2012-05-26,CA_4,CA,2103,0
2012-05-26,TX_1,TX,3444,0
2012-05-26,TX_2,TX,5175,0
2012-05-26,TX_3,TX,3286,0
2012-05-26,WI_1,WI,2405,0
2012-05-26,WI_2,WI,2560,0
2012-05-26,WI_3,WI,4616,0
2012-05-27,CA_1,CA,4572,0
2012-05-27,CA_2,CA,3164,0
2012-05-27,CA_3,CA,5273,0
2012-05-27,CA_4,CA,1757,0
2012-05-27,TX_1,TX,3500,0
2012-05-27,TX_2,TX,4692,0
2012-05-27,TX_3,TX,3190,0
2012-05-27,WI_1,WI,1841,0
2012-05-27,WI_2,WI,2069,0
2012-05-27,WI_3,WI,3795,0
2012-05-28,CA_1,CA,4070,0
2012-05-28,CA_2,CA,3278,0
2012-05-28,CA_3,CA,5588,0
2012-05-28,CA_4,CA,2061,0
2012-05-28,TX_1,TX,3344,0
2012-05-28,TX_2,TX,4732,0
2012-05-28,TX_3,TX,3178,0
2012-05-28,WI_1,WI,1633,0
2012-05-28,WI_2,WI,2010,0
2012-05-28,WI_3,WI,3513,0
2012-05-29,CA_1,CA,3277,0
2012-05-29,CA_2,CA,2409,0
2012-05-29,CA_3,CA,5033,0
2012-05-29,CA_4,CA,2215,0
2012-05-29,TX_1,TX,2808,0
2012-05-29,TX_2,TX,3636,0
2012-05-29,TX_3,TX,2728,0
2012-05-29,WI_1,WI,1594,0
2012-05-29,WI_2,WI,1804,0
2012-05-29,WI_3,WI,3116,0
2012-05-30,CA_1,CA,2977,0
2012-05-30,CA_2,CA,2239,0
2012-05-30,CA_3,CA,5055,0
2012-05-30,CA_4,CA,1807,0
2012-05-30,TX_1,TX,2578,0
2012-05-30,TX_2,TX,3388,0
2012-05-30,TX_3,TX,2475,0
2012-05-30,WI_1,WI,1517,0
2012-05-30,WI_2,WI,2145,0
2012-05-30,WI_3,WI,2969,0
2012-05-31,CA_1,CA,3546,0
2012-05-31,CA_2,CA,2687,0
2012-05-31,CA_3,CA,5189,0
2012-05-31,CA_4,CA,2079,0
2012-05-31,TX_1,TX,2258,0
2012-05-31,TX_2,TX,3383,0
2012-05-31,TX_3,TX,2449,0
2012-05-31,WI_1,WI,1872,0
2012-05-31,WI_2,WI,2487,0
2012-05-31,WI_3,WI,2859,0
2012-06-01,CA_1,CA,4575,1
2012-06-01,CA_2,CA,3244,1
2012-06-01,CA_3,CA,6874,1
2012-06-01,CA_4,CA,2113,1
2012-06-01,TX_1,TX,3569,1
2012-06-01,TX_2,TX,4735,1
2012-06-01,TX_3,TX,3942,1
2012-06-01,WI_1,WI,2421,0
2012-06-01,WI_2,WI,3551,0
2012-06-01,WI_3,WI,4505,0
2012-06-02,CA_1,CA,5652,1
2012-06-02,CA_2,CA,4165,1
2012-06-02,CA_3,CA,7155,1
2012-06-02,CA_4,CA,2488,1
2012-06-02,TX_1,TX,3626,0
2012-06-02,TX_2,TX,5148,0
2012-06-02,TX_3,TX,3942,0
2012-06-02,WI_1,WI,2413,1
2012-06-02,WI_2,WI,4289,1
2012-06-02,WI_3,WI,6065,1
2012-06-03,CA_1,CA,5336,1
2012-06-03,CA_2,CA,3703,1
2012-06-03,CA_3,CA,7322,1
2012-06-03,CA_4,CA,2775,1
2012-06-03,TX_1,TX,3907,1
2012-06-03,TX_2,TX,5374,1
2012-06-03,TX_3,TX,3990,1
2012-06-03,WI_1,WI,2165,1
2012-06-03,WI_2,WI,3629,1
2012-06-03,WI_3,WI,5709,1
2012-06-04,CA_1,CA,3993,1
2012-06-04,CA_2,CA,2514,1
2012-06-04,CA_3,CA,6243,1
2012-06-04,CA_4,CA,1931,1
2012-06-04,TX_1,TX,2979,0
2012-06-04,TX_2,TX,4098,0
2012-06-04,TX_3,TX,3139,0
2012-06-04,WI_1,WI,1534,0
2012-06-04,WI_2,WI,2664,0
2012-06-04,WI_3,WI,4199,0
2012-06-05,CA_1,CA,3772,1
2012-06-05,CA_2,CA,2408,1
2012-06-05,CA_3,CA,6080,1
2012-06-05,CA_4,CA,2039,1
2012-06-05,TX_1,TX,2972,1
2012-06-05,TX_2,TX,4179,1
2012-06-05,TX_3,TX,3059,1
2012-06-05,WI_1,WI,1740,1
2012-06-05,WI_2,WI,3578,1
2012-06-05,WI_3,WI,4179,1
2012-06-06,CA_1,CA,3558,1
2012-06-06,CA_2,CA,2337,1
2012-06-06,CA_3,CA,5698,1
2012-06-06,CA_4,CA,2070,1
2012-06-06,TX_1,TX,3133,1
2012-06-06,TX_2,TX,4070,1
2012-06-06,TX_3,TX,2981,1
2012-06-06,WI_1,WI,1647,1
2012-06-06,WI_2,WI,3683,1
2012-06-06,WI_3,WI,4410,1
2012-06-07,CA_1,CA,3724,1
2012-06-07,CA_2,CA,2338,1
2012-06-07,CA_3,CA,6014,1
2012-06-07,CA_4,CA,2026,1
2012-06-07,TX_1,TX,3054,1
2012-06-07,TX_2,TX,4446,1
2012-06-07,TX_3,TX,3084,1
2012-06-07,WI_1,WI,1714,0
2012-06-07,WI_2,WI,2571,0
2012-06-07,WI_3,WI,3564,0
2012-06-08,CA_1,CA,4448,1
2012-06-08,CA_2,CA,3066,1
2012-06-08,CA_3,CA,6173,1
2012-06-08,CA_4,CA,2096,1
2012-06-08,TX_1,TX,2935,0
2012-06-08,TX_2,TX,4284,0
2012-06-08,TX_3,TX,2788,0
2012-06-08,WI_1,WI,2372,1
2012-06-08,WI_2,WI,3532,1
2012-06-08,WI_3,WI,5207,1
2012-06-09,CA_1,CA,4946,1
2012-06-09,CA_2,CA,3501,1
2012-06-09,CA_3,CA,7035,1
2012-06-09,CA_4,CA,2359,1
2012-06-09,TX_1,TX,3515,1
2012-06-09,TX_2,TX,5383,1
2012-06-09,TX_3,TX,4066,1
2012-06-09,WI_1,WI,2359,1
2012-06-09,WI_2,WI,4226,1
2012-06-09,WI_3,WI,5919,1
2012-06-10,CA_1,CA,5484,1
2012-06-10,CA_2,CA,4081,1
2012-06-10,CA_3,CA,8064,1
2012-06-10,CA_4,CA,2645,1
2012-06-10,TX_1,TX,4061,0
2012-06-10,TX_2,TX,5707,0
2012-06-10,TX_3,TX,4093,0
2012-06-10,WI_1,WI,2121,0
2012-06-10,WI_2,WI,3516,0
2012-06-10,WI_3,WI,5172,0
2012-06-11,CA_1,CA,4310,0
2012-06-11,CA_2,CA,3001,0
2012-06-11,CA_3,CA,7092,0
2012-06-11,CA_4,CA,2372,0
2012-06-11,TX_1,TX,3497,1
2012-06-11,TX_2,TX,5002,1
2012-06-11,TX_3,TX,3501,1
2012-06-11,WI_1,WI,1895,1
2012-06-11,WI_2,WI,3919,1
2012-06-11,WI_3,WI,5047,1
2012-06-12,CA_1,CA,3845,0
2012-06-12,CA_2,CA,2915,0
2012-06-12,CA_3,CA,5999,0
2012-06-12,CA_4,CA,1917,0
2012-06-12,TX_1,TX,3196,1
2012-06-12,TX_2,TX,4050,1
2012-06-12,TX_3,TX,2805,1
2012-06-12,WI_1,WI,2034,1
2012-06-12,WI_2,WI,4013,1
2012-06-12,WI_3,WI,4300,1
2012-06-13,CA_1,CA,3734,0
2012-06-13,CA_2,CA,2799,0
2012-06-13,CA_3,CA,5454,0
2012-06-13,CA_4,CA,1953,0
2012-06-13,TX_1,TX,2935,1
2012-06-13,TX_2,TX,4179,1
2012-06-13,TX_3,TX,3314,1
2012-06-13,WI_1,WI,1857,0
2012-06-13,WI_2,WI,2983,0
2012-06-13,WI_3,WI,3722,0
2012-06-14,CA_1,CA,3838,0
2012-06-14,CA_2,CA,2773,0
2012-06-14,CA_3,CA,5816,0
2012-06-14,CA_4,CA,1966,0
2012-06-14,TX_1,TX,2749,0
2012-06-14,TX_2,TX,3696,0
2012-06-14,TX_3,TX,3025,0
2012-06-14,WI_1,WI,1822,1
2012-06-14,WI_2,WI,3180,1
2012-06-14,WI_3,WI,4917,1
2012-06-15,CA_1,CA,4683,0
2012-06-15,CA_2,CA,3605,0
2012-06-15,CA_3,CA,6588,0
2012-06-15,CA_4,CA,2211,0
2012-06-15,TX_1,TX,3822,1
2012-06-15,TX_2,TX,4812,1
2012-06-15,TX_3,TX,3642,1
2012-06-15,WI_1,WI,2613,1
2012-06-15,WI_2,WI,4055,1
2012-06-15,WI_3,WI,5767,1
2012-06-16,CA_1,CA,5587,0
2012-06-16,CA_2,CA,4044,0
2012-06-16,CA_3,CA,7331,0
2012-06-16,CA_4,CA,2569,0
2012-06-16,TX_1,TX,3658,0
2012-06-16,TX_2,TX,5497,0
2012-06-16,TX_3,TX,3918,0
2012-06-16,WI_1,WI,2861,0
2012-06-16,WI_2,WI,3638,0
2012-06-16,WI_3,WI,5335,0
2012-06-17,CA_1,CA,4618,0
2012-06-17,CA_2,CA,3711,0
2012-06-17,CA_3,CA,6872,0
2012-06-17,CA_4,CA,2144,0
2012-06-17,TX_1,TX,3771,0
2012-06-17,TX_2,TX,4987,0
2012-06-17,TX_3,TX,3772,0
2012-06-17,WI_1,WI,1944,0
2012-06-17,WI_2,WI,2563,0
2012-06-17,WI_3,WI,4657,0
2012-06-18,CA_1,CA,3740,0
2012-06-18,CA_2,CA,3000,0
2012-06-18,CA_3,CA,6379,0
2012-06-18,CA_4,CA,2022,0
2012-06-18,TX_1,TX,3270,0
2012-06-18,TX_2,TX,4031,0
2012-06-18,TX_3,TX,3036,0
2012-06-18,WI_1,WI,1969,0
2012-06-18,WI_2,WI,2698,0
2012-06-18,WI_3,WI,3955,0
2012-06-19,CA_1,CA,3486,0
2012-06-19,CA_2,CA,2663,0
2012-06-19,CA_3,CA,5838,0
2012-06-19,CA_4,CA,2091,0
2012-06-19,TX_1,TX,2578,0
2012-06-19,TX_2,TX,3861,0
2012-06-19,TX_3,TX,2398,0
2012-06-19,WI_1,WI,2109,0
2012-06-19,WI_2,WI,2759,0
2012-06-19,WI_3,WI,4184,0
2012-06-20,CA_1,CA,3427,0
2012-06-20,CA_2,CA,2691,0
2012-06-20,CA_3,CA,5697,0
2012-06-20,CA_4,CA,1802,0
2012-06-20,TX_1,TX,2752,0
2012-06-20,TX_2,TX,3844,0
2012-06-20,TX_3,TX,2681,0
2012-06-20,WI_1,WI,2092,0
2012-06-20,WI_2,WI,2720,0
2012-06-20,WI_3,WI,3762,0
2012-06-21,CA_1,CA,3580,0
2012-06-21,CA_2,CA,2809,0
2012-06-21,CA_3,CA,5133,0
2012-06-21,CA_4,CA,1982,0
2012-06-21,TX_1,TX,2673,0
2012-06-21,TX_2,TX,3569,0
2012-06-21,TX_3,TX,2694,0
2012-06-21,WI_1,WI,1961,0
2012-06-21,WI_2,WI,2645,0
2012-06-21,WI_3,WI,3718,0
2012-06-22,CA_1,CA,4760,0
2012-06-22,CA_2,CA,3390,0
2012-06-22,CA_3,CA,5896,0
2012-06-22,CA_4,CA,2009,0
2012-06-22,TX_1,TX,3076,0
2012-06-22,TX_2,TX,4314,0
2012-06-22,TX_3,TX,3288,0
2012-06-22,WI_1,WI,2471,0
2012-06-22,WI_2,WI,2987,0
2012-06-22,WI_3,WI,4286,0
2012-06-23,CA_1,CA,4891,0
2012-06-23,CA_2,CA,3889,0
2012-06-23,CA_3,CA,6975,0
2012-06-23,CA_4,CA,2038,0
2012-06-23,TX_1,TX,3430,0
2012-06-23,TX_2,TX,4857,0
2012-06-23,TX_3,TX,3722,0
2012-06-23,WI_1,WI,2336,0
2012-06-23,WI_2,WI,3269,0
2012-06-23,WI_3,WI,4603,0
2012-06-24,CA_1,CA,5226,0
2012-06-24,CA_2,CA,3769,0
2012-06-24,CA_3,CA,7095,0
2012-06-24,CA_4,CA,2246,0
2012-06-24,TX_1,TX,3647,0
2012-06-24,TX_2,TX,4984,0
2012-06-24,TX_3,TX,3887,0
2012-06-24,WI_1,WI,2048,0
2012-06-24,WI_2,WI,3016,0
2012-06-24,WI_3,WI,4591,0
2012-06-25,CA_1,CA,3654,0
2012-06-25,CA_2,CA,2634,0
2012-06-25,CA_3,CA,5574,0
2012-06-25,CA_4,CA,1931,0
2012-06-25,TX_1,TX,2936,0
2012-06-25,TX_2,TX,4136,0
2012-06-25,TX_3,TX,3179,0
2012-06-25,WI_1,WI,1676,0
2012-06-25,WI_2,WI,2588,0
2012-06-25,WI_3,WI,3539,0
2012-06-26,CA_1,CA,3181,0
2012-06-26,CA_2,CA,2265,0
2012-06-26,CA_3,CA,5021,0
2012-06-26,CA_4,CA,1901,0
2012-06-26,TX_1,TX,2527,0
2012-06-26,TX_2,TX,3679,0
2012-06-26,TX_3,TX,2947,0
2012-06-26,WI_1,WI,1842,0
2012-06-26,WI_2,WI,2604,0
2012-06-26,WI_3,WI,3404,0
2012-06-27,CA_1,CA,3253,0
2012-06-27,CA_2,CA,2398,0
2012-06-27,CA_3,CA,5025,0
2012-06-27,CA_4,CA,1845,0
2012-06-27,TX_1,TX,2506,0
2012-06-27,TX_2,TX,3599,0
2012-06-27,TX_3,TX,2679,0
2012-06-27,WI_1,WI,1937,0
2012-06-27,WI_2,WI,2438,0
2012-06-27,WI_3,WI,3205,0
2012-06-28,CA_1,CA,3555,0
2012-06-28,CA_2,CA,2566,0
2012-06-28,CA_3,CA,5244,0
2012-06-28,CA_4,CA,2001,0
2012-06-28,TX_1,TX,2075,0
2012-06-28,TX_2,TX,3646,0
2012-06-28,TX_3,TX,2618,0
2012-06-28,WI_1,WI,1809,0
2012-06-28,WI_2,WI,2720,0
2012-06-28,WI_3,WI,3351,0
2012-06-29,CA_1,CA,4280,0
2012-06-29,CA_2,CA,3372,0
2012-06-29,CA_3,CA,5745,0
2012-06-29,CA_4,CA,2124,0
2012-06-29,TX_1,TX,2922,0
2012-06-29,TX_2,TX,4305,0
2012-06-29,TX_3,TX,3158,0
2012-06-29,WI_1,WI,2326,0
2012-06-29,WI_2,WI,3409,0
2012-06-29,WI_3,WI,4736,0
2012-06-30,CA_1,CA,5356,0
2012-06-30,CA_2,CA,3883,0
2012-06-30,CA_3,CA,6425,0
2012-06-30,CA_4,CA,2297,0
2012-06-30,TX_1,TX,3075,0
2012-06-30,TX_2,TX,4637,0
2012-06-30,TX_3,TX,3477,0
2012-06-30,WI_1,WI,2635,0
2012-06-30,WI_2,WI,3719,0
2012-06-30,WI_3,WI,5090,0
2012-07-01,CA_1,CA,5548,1
2012-07-01,CA_2,CA,3790,1
2012-07-01,CA_3,CA,6924,1
2012-07-01,CA_4,CA,2315,1
2012-07-01,TX_1,TX,4031,1
2012-07-01,TX_2,TX,4772,1
2012-07-01,TX_3,TX,3454,1
2012-07-01,WI_1,WI,2091,0
2012-07-01,WI_2,WI,3175,0
2012-07-01,WI_3,WI,4599,0
2012-07-02,CA_1,CA,4155,1
2012-07-02,CA_2,CA,2689,1
2012-07-02,CA_3,CA,6482,1
2012-07-02,CA_4,CA,1912,1
2012-07-02,TX_1,TX,2705,0
2012-07-02,TX_2,TX,4055,0
2012-07-02,TX_3,TX,2784,0
2012-07-02,WI_1,WI,1844,1
2012-07-02,WI_2,WI,4074,1
2012-07-02,WI_3,WI,5163,1
2012-07-03,CA_1,CA,4609,1
2012-07-03,CA_2,CA,2852,1
2012-07-03,CA_3,CA,6616,1
2012-07-03,CA_4,CA,2070,1
2012-07-03,TX_1,TX,3255,1
2012-07-03,TX_2,TX,4312,1
2012-07-03,TX_3,TX,3258,1
2012-07-03,WI_1,WI,2121,1
2012-07-03,WI_2,WI,4639,1
2012-07-03,WI_3,WI,5810,1
2012-07-04,CA_1,CA,3497,1
2012-07-04,CA_2,CA,2721,1
2012-07-04,CA_3,CA,5978,1
2012-07-04,CA_4,CA,1748,1
2012-07-04,TX_1,TX,2913,0
2012-07-04,TX_2,TX,4052,0
2012-07-04,TX_3,TX,2895,0
2012-07-04,WI_1,WI,1735,0
2012-07-04,WI_2,WI,2894,0
2012-07-04,WI_3,WI,4223,0
2012-07-05,CA_1,CA,3455,1
2012-07-05,CA_2,CA,2700,1
2012-07-05,CA_3,CA,5773,1
2012-07-05,CA_4,CA,1747,1
2012-07-05,TX_1,TX,2690,1
2012-07-05,TX_2,TX,4022,1
2012-07-05,TX_3,TX,2914,1
2012-07-05,WI_1,WI,1979,1
2012-07-05,WI_2,WI,4188,1
2012-07-05,WI_3,WI,4940,1
2012-07-06,CA_1,CA,4426,1
2012-07-06,CA_2,CA,3130,1
2012-07-06,CA_3,CA,6620,1
2012-07-06,CA_4,CA,2008,1
2012-07-06,TX_1,TX,3381,1
2012-07-06,TX_2,TX,4434,1
2012-07-06,TX_3,TX,3504,1
2012-07-06,WI_1,WI,2060,1
2012-07-06,WI_2,WI,4502,1
2012-07-06,WI_3,WI,5926,1
2012-07-07,CA_1,CA,4784,1
2012-07-07,CA_2,CA,3581,1
2012-07-07,CA_3,CA,7254,1
2012-07-07,CA_4,CA,1995,1
2012-07-07,TX_1,TX,3984,1
2012-07-07,TX_2,TX,5217,1
2012-07-07,TX_3,TX,3678,1
2012-07-07,WI_1,WI,2233,0
2012-07-07,WI_2,WI,3707,0
2012-07-07,WI_3,WI,4998,0
2012-07-08,CA_1,CA,5481,1
2012-07-08,CA_2,CA,3541,1
2012-07-08,CA_3,CA,7683,1
2012-07-08,CA_4,CA,2467,1
2012-07-08,TX_1,TX,3478,0
2012-07-08,TX_2,TX,4720,0
2012-07-08,TX_3,TX,3597,0
2012-07-08,WI_1,WI,2282,1
2012-07-08,WI_2,WI,4143,1
2012-07-08,WI_3,WI,5280,1
2012-07-09,CA_1,CA,4280,1
2012-07-09,CA_2,CA,2608,1
2012-07-09,CA_3,CA,6556,1
2012-07-09,CA_4,CA,2276,1
2012-07-09,TX_1,TX,2928,1
2012-07-09,TX_2,TX,3765,1
2012-07-09,TX_3,TX,2883,1
2012-07-09,WI_1,WI,1762,1
2012-07-09,WI_2,WI,3876,1
2012-07-09,WI_3,WI,4836,1
2012-07-10,CA_1,CA,3947,1
2012-07-10,CA_2,CA,2781,1
2012-07-10,CA_3,CA,6267,1
2012-07-10,CA_4,CA,2103,1
2012-07-10,TX_1,TX,2417,0
2012-07-10,TX_2,TX,3464,0
2012-07-10,TX_3,TX,2882,0
2012-07-10,WI_1,WI,1914,0
2012-07-10,WI_2,WI,2792,0
2012-07-10,WI_3,WI,4020,0
2012-07-11,CA_1,CA,3678,0
2012-07-11,CA_2,CA,2529,0
2012-07-11,CA_3,CA,5657,0
2012-07-11,CA_4,CA,2060,0
2012-07-11,TX_1,TX,2859,1
2012-07-11,TX_2,TX,3816,1
2012-07-11,TX_3,TX,2751,1
2012-07-11,WI_1,WI,1745,1
2012-07-11,WI_2,WI,3702,1
2012-07-11,WI_3,WI,4275,1
2012-07-12,CA_1,CA,3778,0
2012-07-12,CA_2,CA,2711,0
2012-07-12,CA_3,CA,5507,0
2012-07-12,CA_4,CA,1845,0
2012-07-12,TX_1,TX,2772,1
2012-07-12,TX_2,TX,3510,1
2012-07-12,TX_3,TX,2881,1
2012-07-12,WI_1,WI,1640,1
2012-07-12,WI_2,WI,3762,1
2012-07-12,WI_3,WI,4671,1
2012-07-13,CA_1,CA,4322,0
2012-07-13,CA_2,CA,3298,0
2012-07-13,CA_3,CA,6008,0
2012-07-13,CA_4,CA,2015,0
2012-07-13,TX_1,TX,3242,1
2012-07-13,TX_2,TX,4196,1
2012-07-13,TX_3,TX,3429,1
2012-07-13,WI_1,WI,2106,0
2012-07-13,WI_2,WI,3273,0
2012-07-13,WI_3,WI,4693,0
2012-07-14,CA_1,CA,4912,0
2012-07-14,CA_2,CA,3917,0
2012-07-14,CA_3,CA,6782,0
2012-07-14,CA_4,CA,2208,0
2012-07-14,TX_1,TX,3541,0
2012-07-14,TX_2,TX,5151,0
2012-07-14,TX_3,TX,3514,0
2012-07-14,WI_1,WI,2511,1
2012-07-14,WI_2,WI,4476,1
2012-07-14,WI_3,WI,5336,1
2012-07-15,CA_1,CA,4954,0
2012-07-15,CA_2,CA,3784,0
2012-07-15,CA_3,CA,7000,0
2012-07-15,CA_4,CA,2365,0
2012-07-15,TX_1,TX,4078,1
2012-07-15,TX_2,TX,5322,1
2012-07-15,TX_3,TX,3805,1
2012-07-15,WI_1,WI,1881,1
2012-07-15,WI_2,WI,4736,1
2012-07-15,WI_3,WI,5764,1
2012-07-16,CA_1,CA,3583,0
2012-07-16,CA_2,CA,2691,0
2012-07-16,CA_3,CA,6062,0
2012-07-16,CA_4,CA,1811,0
2012-07-16,TX_1,TX,2673,0
2012-07-16,TX_2,TX,3859,0
2012-07-16,TX_3,TX,2832,0
2012-07-16,WI_1,WI,1627,0
2012-07-16,WI_2,WI,3498,0
2012-07-16,WI_3,WI,4384,0
2012-07-17,CA_1,CA,3493,0
2012-07-17,CA_2,CA,2557,0
2012-07-17,CA_3,CA,5623,0
2012-07-17,CA_4,CA,1859,0
2012-07-17,TX_1,TX,2679,0
2012-07-17,TX_2,TX,3230,0
2012-07-17,TX_3,TX,2553,0
2012-07-17,WI_1,WI,1637,0
2012-07-17,WI_2,WI,2947,0
2012-07-17,WI_3,WI,3840,0
2012-07-18,CA_1,CA,3285,0
2012-07-18,CA_2,CA,2581,0
2012-07-18,CA_3,CA,5218,0
2012-07-18,CA_4,CA,1750,0
2012-07-18,TX_1,TX,2358,0
2012-07-18,TX_2,TX,3353,0
2012-07-18,TX_3,TX,2663,0
2012-07-18,WI_1,WI,1766,0
2012-07-18,WI_2,WI,2629,0
2012-07-18,WI_3,WI,3313,0
2012-07-19,CA_1,CA,3491,0
2012-07-19,CA_2,CA,2902,0
2012-07-19,CA_3,CA,5487,0
2012-07-19,CA_4,CA,2165,0
2012-07-19,TX_1,TX,2556,0
2012-07-19,TX_2,TX,3783,0
2012-07-19,TX_3,TX,2712,0
2012-07-19,WI_1,WI,1681,0
2012-07-19,WI_2,WI,2745,0
2012-07-19,WI_3,WI,3342,0
2012-07-20,CA_1,CA,4488,0
2012-07-20,CA_2,CA,3061,0
2012-07-20,CA_3,CA,5981,0
2012-07-20,CA_4,CA,2273,0
2012-07-20,TX_1,TX,2869,0
2012-07-20,TX_2,TX,4460,0
2012-07-20,TX_3,TX,3252,0
2012-07-20,WI_1,WI,2155,0
2012-07-20,WI_2,WI,2847,0
2012-07-20,WI_3,WI,4016,0
2012-07-21,CA_1,CA,5011,0
2012-07-21,CA_2,CA,3784,0
2012-07-21,CA_3,CA,6703,0
2012-07-21,CA_4,CA,2313,0
2012-07-21,TX_1,TX,3290,0
2012-07-21,TX_2,TX,4841,0
2012-07-21,TX_3,TX,3502,0
2012-07-21,WI_1,WI,2439,0
2012-07-21,WI_2,WI,3301,0
2012-07-21,WI_3,WI,4360,0
2012-07-22,CA_1,CA,5301,0
2012-07-22,CA_2,CA,3713,0
2012-07-22,CA_3,CA,7293,0
2012-07-22,CA_4,CA,2427,0
2012-07-22,TX_1,TX,3670,0
2012-07-22,TX_2,TX,4930,0
2012-07-22,TX_3,TX,3742,0
2012-07-22,WI_1,WI,1908,0
2012-07-22,WI_2,WI,2926,0
2012-07-22,WI_3,WI,4042,0
2012-07-23,CA_1,CA,3560,0
2012-07-23,CA_2,CA,2686,0
2012-07-23,CA_3,CA,5881,0
2012-07-23,CA_4,CA,2067,0
2012-07-23,TX_1,TX,2458,0
2012-07-23,TX_2,TX,3480,0
2012-07-23,TX_3,TX,2804,0
2012-07-23,WI_1,WI,1445,0
2012-07-23,WI_2,WI,2895,0
2012-07-23,WI_3,WI,3588,0
2012-07-24,CA_1,CA,3255,0
2012-07-24,CA_2,CA,2773,0
2012-07-24,CA_3,CA,5467,0
2012-07-24,CA_4,CA,1724,0
2012-07-24,TX_1,TX,2366,0
2012-07-24,TX_2,TX,3574,0
2012-07-24,TX_3,TX,2716,0
2012-07-24,WI_1,WI,1639,0
2012-07-24,WI_2,WI,2679,0
2012-07-24,WI_3,WI,3286,0
2012-07-25,CA_1,CA,3182,0
2012-07-25,CA_2,CA,2516,0
2012-07-25,CA_3,CA,5202,0
2012-07-25,CA_4,CA,1905,0
2012-07-25,TX_1,TX,2168,0
2012-07-25,TX_2,TX,3533,0
2012-07-25,TX_3,TX,2441,0
2012-07-25,WI_1,WI,1597,0
2012-07-25,WI_2,WI,2654,0
2012-07-25,WI_3,WI,3156,0
2012-07-26,CA_1,CA,3575,0
2012-07-26,CA_2,CA,2512,0
2012-07-26,CA_3,CA,5113,0
2012-07-26,CA_4,CA,1896,0
2012-07-26,TX_1,TX,2365,0
2012-07-26,TX_2,TX,3367,0
2012-07-26,TX_3,TX,2523,0
2012-07-26,WI_1,WI,1551,0
2012-07-26,WI_2,WI,2482,0
2012-07-26,WI_3,WI,3154,0
2012-07-27,CA_1,CA,3750,0
2012-07-27,CA_2,CA,2887,0
2012-07-27,CA_3,CA,5596,0
2012-07-27,CA_4,CA,1868,0
2012-07-27,TX_1,TX,2578,0
2012-07-27,TX_2,TX,3944,0
2012-07-27,TX_3,TX,2811,0
2012-07-27,WI_1,WI,1915,0
2012-07-27,WI_2,WI,3098,0
2012-07-27,WI_3,WI,3393,0
2012-07-28,CA_1,CA,3971,0
2012-07-28,CA_2,CA,3486,0
2012-07-28,CA_3,CA,5939,0
2012-07-28,CA_4,CA,1977,0
2012-07-28,TX_1,TX,2838,0
2012-07-28,TX_2,TX,4609,0
2012-07-28,TX_3,TX,3362,0
2012-07-28,WI_1,WI,2057,0
2012-07-28,WI_2,WI,2626,0
2012-07-28,WI_3,WI,3723,0
2012-07-29,CA_1,CA,4161,0
2012-07-29,CA_2,CA,3499,0
2012-07-29,CA_3,CA,6309,0
2012-07-29,CA_4,CA,2042,0
2012-07-29,TX_1,TX,3302,0
2012-07-29,TX_2,TX,4729,0
2012-07-29,TX_3,TX,3571,0
2012-07-29,WI_1,WI,1786,0
2012-07-29,WI_2,WI,2795,0
2012-07-29,WI_3,WI,3953,0
2012-07-30,CA_1,CA,3406,0
2012-07-30,CA_2,CA,2320,0
2012-07-30,CA_3,CA,5147,0
2012-07-30,CA_4,CA,1877,0
2012-07-30,TX_1,TX,2569,0
2012-07-30,TX_2,TX,3346,0
2012-07-30,TX_3,TX,2768,0
2012-07-30,WI_1,WI,1692,0
2012-07-30,WI_2,WI,2468,0
2012-07-30,WI_3,WI,3340,0
2012-07-31,CA_1,CA,3401,0
2012-07-31,CA_2,CA,2651,0
2012-07-31,CA_3,CA,5486,0
2012-07-31,CA_4,CA,2030,0
2012-07-31,TX_1,TX,2302,0
2012-07-31,TX_2,TX,3527,0
2012-07-31,TX_3,TX,2777,0
2012-07-31,WI_1,WI,1707,0
2012-07-31,WI_2,WI,2673,0
2012-07-31,WI_3,WI,2977,0
2012-08-01,CA_1,CA,3819,1
2012-08-01,CA_2,CA,2651,1
2012-08-01,CA_3,CA,5846,1
2012-08-01,CA_4,CA,1805,1
2012-08-01,TX_1,TX,3020,1
2012-08-01,TX_2,TX,4279,1
2012-08-01,TX_3,TX,3309,1
2012-08-01,WI_1,WI,1832,0
2012-08-01,WI_2,WI,3559,0
2012-08-01,WI_3,WI,3850,0
2012-08-02,CA_1,CA,4307,1
2012-08-02,CA_2,CA,2751,1
2012-08-02,CA_3,CA,6270,1
2012-08-02,CA_4,CA,1947,1
2012-08-02,TX_1,TX,2689,0
2012-08-02,TX_2,TX,3899,0
2012-08-02,TX_3,TX,3276,0
2012-08-02,WI_1,WI,1675,1
2012-08-02,WI_2,WI,4109,1
2012-08-02,WI_3,WI,4337,1
2012-08-03,CA_1,CA,4470,1
2012-08-03,CA_2,CA,2969,1
2012-08-03,CA_3,CA,6917,1
2012-08-03,CA_4,CA,2237,1
2012-08-03,TX_1,TX,3197,1
2012-08-03,TX_2,TX,4306,1
2012-08-03,TX_3,TX,3682,1
2012-08-03,WI_1,WI,1925,1
2012-08-03,WI_2,WI,4854,1
2012-08-03,WI_3,WI,4954,1
2012-08-04,CA_1,CA,5143,1
2012-08-04,CA_2,CA,3821,1
2012-08-04,CA_3,CA,7203,1
2012-08-04,CA_4,CA,2266,1
2012-08-04,TX_1,TX,3621,0
2012-08-04,TX_2,TX,4849,0
2012-08-04,TX_3,TX,4156,0
2012-08-04,WI_1,WI,2046,0
2012-08-04,WI_2,WI,3924,0
2012-08-04,WI_3,WI,4247,0
2012-08-05,CA_1,CA,5538,1
2012-08-05,CA_2,CA,3629,1
2012-08-05,CA_3,CA,7801,1
2012-08-05,CA_4,CA,2304,1
2012-08-05,TX_1,TX,3508,1
2012-08-05,TX_2,TX,4979,1
2012-08-05,TX_3,TX,4019,1
2012-08-05,WI_1,WI,1751,1
2012-08-05,WI_2,WI,4482,1
2012-08-05,WI_3,WI,4998,1
2012-08-06,CA_1,CA,4378,1
2012-08-06,CA_2,CA,2875,1
2012-08-06,CA_3,CA,6565,1
2012-08-06,CA_4,CA,2185,1
2012-08-06,TX_1,TX,3251,1
2012-08-06,TX_2,TX,4373,1
2012-08-06,TX_3,TX,3469,1
2012-08-06,WI_1,WI,1480,1
2012-08-06,WI_2,WI,4052,1
2012-08-06,WI_3,WI,4396,1
2012-08-07,CA_1,CA,3855,1
2012-08-07,CA_2,CA,2450,1
2012-08-07,CA_3,CA,5967,1
2012-08-07,CA_4,CA,2087,1
2012-08-07,TX_1,TX,2842,1
2012-08-07,TX_2,TX,4009,1
2012-08-07,TX_3,TX,3278,1
2012-08-07,WI_1,WI,1530,0
2012-08-07,WI_2,WI,3022,0
2012-08-07,WI_3,WI,3354,0
2012-08-08,CA_1,CA,3924,1
2012-08-08,CA_2,CA,2538,1
2012-08-08,CA_3,CA,5839,1
2012-08-08,CA_4,CA,1936,1
2012-08-08,TX_1,TX,2679,0
2012-08-08,TX_2,TX,3408,0
2012-08-08,TX_3,TX,2766,0
2012-08-08,WI_1,WI,1352,1
2012-08-08,WI_2,WI,3636,1
2012-08-08,WI_3,WI,4223,1
2012-08-09,CA_1,CA,3810,1
2012-08-09,CA_2,CA,2623,1
2012-08-09,CA_3,CA,6475,1
2012-08-09,CA_4,CA,2000,1
2012-08-09,TX_1,TX,2862,1
2012-08-09,TX_2,TX,3967,1
2012-08-09,TX_3,TX,3312,1
2012-08-09,WI_1,WI,1530,1
2012-08-09,WI_2,WI,3945,1
2012-08-09,WI_3,WI,4484,1
2012-08-10,CA_1,CA,4561,1
2012-08-10,CA_2,CA,3212,1
2012-08-10,CA_3,CA,6790,1
2012-08-10,CA_4,CA,2283,1
2012-08-10,TX_1,TX,2715,0
2012-08-10,TX_2,TX,4133,0
2012-08-10,TX_3,TX,2994,0
2012-08-10,WI_1,WI,1761,0
2012-08-10,WI_2,WI,3817,0
2012-08-10,WI_3,WI,4199,0
2012-08-11,CA_1,CA,5529,0
2012-08-11,CA_2,CA,4162,0
2012-08-11,CA_3,CA,7786,0
2012-08-11,CA_4,CA,2141,0
2012-08-11,TX_1,TX,3790,1
2012-08-11,TX_2,TX,5265,1
2012-08-11,TX_3,TX,4308,1
2012-08-11,WI_1,WI,1859,1
2012-08-11,WI_2,WI,4394,1
2012-08-11,WI_3,WI,4847,1
2012-08-12,CA_1,CA,5284,0
2012-08-12,CA_2,CA,3946,0
2012-08-12,CA_3,CA,7964,0
2012-08-12,CA_4,CA,2481,0
2012-08-12,TX_1,TX,4445,1
2012-08-12,TX_2,TX,5609,1
2012-08-12,TX_3,TX,4220,1
2012-08-12,WI_1,WI,1675,1
2012-08-12,WI_2,WI,4812,1
2012-08-12,WI_3,WI,5362,1
2012-08-13,CA_1,CA,3864,0
2012-08-13,CA_2,CA,2702,0
2012-08-13,CA_3,CA,6894,0
2012-08-13,CA_4,CA,2187,0
2012-08-13,TX_1,TX,3454,1
2012-08-13,TX_2,TX,4772,1
2012-08-13,TX_3,TX,3558,1
2012-08-13,WI_1,WI,1407,0
2012-08-13,WI_2,WI,3294,0
2012-08-13,WI_3,WI,3898,0
2012-08-14,CA_1,CA,3762,0
2012-08-14,CA_2,CA,2652,0
2012-08-14,CA_3,CA,6670,0
2012-08-14,CA_4,CA,2019,0
2012-08-14,TX_1,TX,2762,0
2012-08-14,TX_2,TX,3673,0
2012-08-14,TX_3,TX,3094,0
2012-08-14,WI_1,WI,1674,1
2012-08-14,WI_2,WI,4372,1
2012-08-14,WI_3,WI,3634,1
2012-08-15,CA_1,CA,3471,0
2012-08-15,CA_2,CA,2840,0
2012-08-15,CA_3,CA,6051,0
2012-08-15,CA_4,CA,2069,0
2012-08-15,TX_1,TX,3368,1
2012-08-15,TX_2,TX,4179,1
2012-08-15,TX_3,TX,3141,1
2012-08-15,WI_1,WI,1622,1
2012-08-15,WI_2,WI,4113,1
2012-08-15,WI_3,WI,4643,1
2012-08-16,CA_1,CA,3902,0
2012-08-16,CA_2,CA,2885,0
2012-08-16,CA_3,CA,6155,0
2012-08-16,CA_4,CA,1943,0
2012-08-16,TX_1,TX,3143,0
2012-08-16,TX_2,TX,4252,0
2012-08-16,TX_3,TX,2849,0
2012-08-16,WI_1,WI,1842,0
2012-08-16,WI_2,WI,3478,0
2012-08-16,WI_3,WI,3956,0
2012-08-17,CA_1,CA,4366,0
2012-08-17,CA_2,CA,3353,0
2012-08-17,CA_3,CA,5701,0
2012-08-17,CA_4,CA,2247,0
2012-08-17,TX_1,TX,2966,0
2012-08-17,TX_2,TX,4426,0
2012-08-17,TX_3,TX,3314,0
2012-08-17,WI_1,WI,1965,0
2012-08-17,WI_2,WI,3200,0
2012-08-17,WI_3,WI,3919,0
2012-08-18,CA_1,CA,5898,0
2012-08-18,CA_2,CA,4022,0
2012-08-18,CA_3,CA,7203,0
2012-08-18,CA_4,CA,2323,0
2012-08-18,TX_1,TX,3260,0
2012-08-18,TX_2,TX,4815,0
2012-08-18,TX_3,TX,3667,0
2012-08-18,WI_1,WI,2230,0
2012-08-18,WI_2,WI,3548,0
2012-08-18,WI_3,WI,4555,0
2012-08-19,CA_1,CA,5934,0
2012-08-19,CA_2,CA,4176,0
2012-08-19,CA_3,CA,7956,0
2012-08-19,CA_4,CA,2571,0
2012-08-19,TX_1,TX,3817,0
2012-08-19,TX_2,TX,5165,0
2012-08-19,TX_3,TX,4287,0
2012-08-19,WI_1,WI,2005,0
2012-08-19,WI_2,WI,3461,0
2012-08-19,WI_3,WI,3992,0
2012-08-20,CA_1,CA,3896,0
2012-08-20,CA_2,CA,2889,0
2012-08-20,CA_3,CA,6058,0
2012-08-20,CA_4,CA,2013,0
2012-08-20,TX_1,TX,2845,0
2012-08-20,TX_2,TX,3944,0
2012-08-20,TX_3,TX,3020,0
2012-08-20,WI_1,WI,1421,0
2012-08-20,WI_2,WI,2922,0
2012-08-20,WI_3,WI,3402,0
2012-08-21,CA_1,CA,3564,0
2012-08-21,CA_2,CA,2780,0
2012-08-21,CA_3,CA,5511,0
2012-08-21,CA_4,CA,1940,0
2012-08-21,TX_1,TX,2711,0
2012-08-21,TX_2,TX,3578,0
2012-08-21,TX_3,TX,2465,0
2012-08-21,WI_1,WI,1654,0
2012-08-21,WI_2,WI,2939,0
2012-08-21,WI_3,WI,3064,0
2012-08-22,CA_1,CA,3255,0
2012-08-22,CA_2,CA,2753,0
2012-08-22,CA_3,CA,5287,0
2012-08-22,CA_4,CA,1984,0
2012-08-22,TX_1,TX,2686,0
2012-08-22,TX_2,TX,3515,0
2012-08-22,TX_3,TX,2465,0
2012-08-22,WI_1,WI,1528,0
2012-08-22,WI_2,WI,2598,0
2012-08-22,WI_3,WI,2851,0
2012-08-23,CA_1,CA,3208,0
2012-08-23,CA_2,CA,2616,0
2012-08-23,CA_3,CA,4854,0
2012-08-23,CA_4,CA,1776,0
2012-08-23,TX_1,TX,2715,0
2012-08-23,TX_2,TX,3661,0
2012-08-23,TX_3,TX,2540,0
2012-08-23,WI_1,WI,1626,0
2012-08-23,WI_2,WI,2678,0
2012-08-23,WI_3,WI,2878,0
2012-08-24,CA_1,CA,3686,0
2012-08-24,CA_2,CA,3267,0
2012-08-24,CA_3,CA,5748,0
2012-08-24,CA_4,CA,2016,0
2012-08-24,TX_1,TX,2652,0
2012-08-24,TX_2,TX,4333,0
2012-08-24,TX_3,TX,2925,0
2012-08-24,WI_1,WI,1871,0
2012-08-24,WI_2,WI,2842,0
2012-08-24,WI_3,WI,3704,0
2012-08-25,CA_1,CA,5082,0
2012-08-25,CA_2,CA,3979,0
2012-08-25,CA_3,CA,6597,0
2012-08-25,CA_4,CA,2333,0
2012-08-25,TX_1,TX,3575,0
2012-08-25,TX_2,TX,5083,0
2012-08-25,TX_3,TX,3741,0
2012-08-25,WI_1,WI,2030,0
2012-08-25,WI_2,WI,3350,0
2012-08-25,WI_3,WI,4194,0
2012-08-26,CA_1,CA,5283,0
2012-08-26,CA_2,CA,3734,0
2012-08-26,CA_3,CA,7116,0
2012-08-26,CA_4,CA,2314,0
2012-08-26,TX_1,TX,4112,0
2012-08-26,TX_2,TX,5176,0
2012-08-26,TX_3,TX,4114,0
2012-08-26,WI_1,WI,2159,0
2012-08-26,WI_2,WI,3214,0
2012-08-26,WI_3,WI,3799,0
2012-08-27,CA_1,CA,3423,0
2012-08-27,CA_2,CA,2509,0
2012-08-27,CA_3,CA,5585,0
2012-08-27,CA_4,CA,1970,0
2012-08-27,TX_1,TX,2767,0
2012-08-27,TX_2,TX,4113,0
2012-08-27,TX_3,TX,2980,0
2012-08-27,WI_1,WI,1617,0
2012-08-27,WI_2,WI,2837,0
2012-08-27,WI_3,WI,3209,0
2012-08-28,CA_1,CA,3144,0
2012-08-28,CA_2,CA,2245,0
2012-08-28,CA_3,CA,5192,0
2012-08-28,CA_4,CA,1865,0
2012-08-28,TX_1,TX,2546,0
2012-08-28,TX_2,TX,3551,0
2012-08-28,TX_3,TX,2529,0
2012-08-28,WI_1,WI,1723,0
2012-08-28,WI_2,WI,2713,0
2012-08-28,WI_3,WI,2964,0
2012-08-29,CA_1,CA,2879,0
2012-08-29,CA_2,CA,2528,0
2012-08-29,CA_3,CA,5053,0
2012-08-29,CA_4,CA,1756,0
2012-08-29,TX_1,TX,2222,0
2012-08-29,TX_2,TX,3386,0
2012-08-29,TX_3,TX,2214,0
2012-08-29,WI_1,WI,1425,0
2012-08-29,WI_2,WI,2820,0
2012-08-29,WI_3,WI,2818,0
2012-08-30,CA_1,CA,3242,0
2012-08-30,CA_2,CA,2423,0
2012-08-30,CA_3,CA,4948,0
2012-08-30,CA_4,CA,1855,0
2012-08-30,TX_1,TX,2371,0
2012-08-30,TX_2,TX,3439,0
2012-08-30,TX_3,TX,2579,0
2012-08-30,WI_1,WI,1615,0
2012-08-30,WI_2,WI,2961,0
2012-08-30,WI_3,WI,2870,0
2012-08-31,CA_1,CA,4095,0
2012-08-31,CA_2,CA,3288,0
2012-08-31,CA_3,CA,5854,0
2012-08-31,CA_4,CA,2357,0
2012-08-31,TX_1,TX,2886,0
2012-08-31,TX_2,TX,4204,0
2012-08-31,TX_3,TX,3260,0
2012-08-31,WI_1,WI,2120,0
2012-08-31,WI_2,WI,4519,0
2012-08-31,WI_3,WI,4509,0
2012-09-01,CA_1,CA,5894,1
2012-09-01,CA_2,CA,3922,1
2012-09-01,CA_3,CA,7373,1
2012-09-01,CA_4,CA,2207,1
2012-09-01,TX_1,TX,4408,1
2012-09-01,TX_2,TX,5278,1
2012-09-01,TX_3,TX,4312,1
2012-09-01,WI_1,WI,2367,0
2012-09-01,WI_2,WI,4363,0
2012-09-01,WI_3,WI,4506,0
2012-09-02,CA_1,CA,5403,1
2012-09-02,CA_2,CA,3818,1
2012-09-02,CA_3,CA,6801,1
2012-09-02,CA_4,CA,2265,1
2012-09-02,TX_1,TX,3697,0
2012-09-02,TX_2,TX,4967,0
2012-09-02,TX_3,TX,3733,0
2012-09-02,WI_1,WI,2065,1
2012-09-02,WI_2,WI,4622,1
2012-09-02,WI_3,WI,5448,1
2012-09-03,CA_1,CA,5157,1
2012-09-03,CA_2,CA,3720,1
2012-09-03,CA_3,CA,7865,1
2012-09-03,CA_4,CA,2332,1
2012-09-03,TX_1,TX,4080,1
2012-09-03,TX_2,TX,5166,1
2012-09-03,TX_3,TX,4238,1
2012-09-03,WI_1,WI,2149,1
2012-09-03,WI_2,WI,4592,1
2012-09-03,WI_3,WI,5226,1
2012-09-04,CA_1,CA,3921,1
2012-09-04,CA_2,CA,2286,1
2012-09-04,CA_3,CA,6116,1
2012-09-04,CA_4,CA,2045,1
2012-09-04,TX_1,TX,2667,0
2012-09-04,TX_2,TX,3482,0
2012-09-04,TX_3,TX,2905,0
2012-09-04,WI_1,WI,1550,0
2012-09-04,WI_2,WI,2957,0
2012-09-04,WI_3,WI,3950,0
2012-09-05,CA_1,CA,3369,1
2012-09-05,CA_2,CA,2306,1
2012-09-05,CA_3,CA,5556,1
2012-09-05,CA_4,CA,1874,1
2012-09-05,TX_1,TX,2953,1
2012-09-05,TX_2,TX,3698,1
2012-09-05,TX_3,TX,2757,1
2012-09-05,WI_1,WI,1640,1
2012-09-05,WI_2,WI,3791,1
2012-09-05,WI_3,WI,3910,1
2012-09-06,CA_1,CA,3242,1
2012-09-06,CA_2,CA,2586,1
2012-09-06,CA_3,CA,5734,1
2012-09-06,CA_4,CA,1904,1
2012-09-06,TX_1,TX,3036,1
2012-09-06,TX_2,TX,3869,1
2012-09-06,TX_3,TX,2963,1
2012-09-06,WI_1,WI,1444,1
2012-09-06,WI_2,WI,3903,1
2012-09-06,WI_3,WI,3894,1
2012-09-07,CA_1,CA,4074,1
2012-09-07,CA_2,CA,2818,1
2012-09-07,CA_3,CA,6019,1
2012-09-07,CA_4,CA,2099,1
2012-09-07,TX_1,TX,3218,1
2012-09-07,TX_2,TX,4339,1
2012-09-07,TX_3,TX,3531,1
2012-09-07,WI_1,WI,1703,0
2012-09-07,WI_2,WI,3281,0
2012-09-07,WI_3,WI,3693,0
2012-09-08,CA_1,CA,4844,1
2012-09-08,CA_2,CA,4078,1
2012-09-08,CA_3,CA,7159,1
2012-09-08,CA_4,CA,2493,1
2012-09-08,TX_1,TX,3601,0
2012-09-08,TX_2,TX,5241,0
2012-09-08,TX_3,TX,3547,0
2012-09-08,WI_1,WI,2175,1
2012-09-08,WI_2,WI,4696,1
2012-09-08,WI_3,WI,5384,1
2012-09-09,CA_1,CA,5704,1
2012-09-09,CA_2,CA,4097,1
2012-09-09,CA_3,CA,8252,1
2012-09-09,CA_4,CA,2394,1
2012-09-09,TX_1,TX,4079,1
2012-09-09,TX_2,TX,5502,1
2012-09-09,TX_3,TX,4293,1
2012-09-09,WI_1,WI,1778,1
2012-09-09,WI_2,WI,5169,1
2012-09-09,WI_3,WI,5381,1
2012-09-10,CA_1,CA,3714,1
2012-09-10,CA_2,CA,2584,1
2012-09-10,CA_3,CA,6968,1
2012-09-10,CA_4,CA,2201,1
2012-09-10,TX_1,TX,2767,0
2012-09-10,TX_2,TX,3992,0
2012-09-10,TX_3,TX,2939,0
2012-09-10,WI_1,WI,1385,0
2012-09-10,WI_2,WI,2938,0
2012-09-10,WI_3,WI,3484,0
2012-09-11,CA_1,CA,3264,0
2012-09-11,CA_2,CA,2757,0
2012-09-11,CA_3,CA,5922,0
2012-09-11,CA_4,CA,2032,0
2012-09-11,TX_1,TX,2907,1
2012-09-11,TX_2,TX,3494,1
2012-09-11,TX_3,TX,2847,1
2012-09-11,WI_1,WI,1550,1
2012-09-11,WI_2,WI,4005,1
2012-09-11,WI_3,WI,3592,1
2012-09-12,CA_1,CA,3044,0
2012-09-12,CA_2,CA,2408,0
2012-09-12,CA_3,CA,5203,0
2012-09-12,CA_4,CA,1721,0
2012-09-12,TX_1,TX,2887,1
2012-09-12,TX_2,TX,3306,1
2012-09-12,TX_3,TX,2895,1
2012-09-12,WI_1,WI,1449,1
2012-09-12,WI_2,WI,4256,1
2012-09-12,WI_3,WI,3849,1
2012-09-13,CA_1,CA,3348,0
2012-09-13,CA_2,CA,2578,0
2012-09-13,CA_3,CA,5307,0
2012-09-13,CA_4,CA,1844,0
2012-09-13,TX_1,TX,2772,1
2012-09-13,TX_2,TX,3740,1
2012-09-13,TX_3,TX,2513,1
2012-09-13,WI_1,WI,1555,0
2012-09-13,WI_2,WI,3161,0
2012-09-13,WI_3,WI,3324,0
2012-09-14,CA_1,CA,4097,0
2012-09-14,CA_2,CA,2959,0
2012-09-14,CA_3,CA,5715,0
2012-09-14,CA_4,CA,2224,0
2012-09-14,TX_1,TX,2910,0
2012-09-14,TX_2,TX,4032,0
2012-09-14,TX_3,TX,3232,0
2012-09-14,WI_1,WI,2050,1
2012-09-14,WI_2,WI,4454,1
2012-09-14,WI_3,WI,4686,1
2012-09-15,CA_1,CA,5011,0
2012-09-15,CA_2,CA,4334,0
2012-09-15,CA_3,CA,6720,0
2012-09-15,CA_4,CA,2492,0
2012-09-15,TX_1,TX,4175,1
2012-09-15,TX_2,TX,5317,1
2012-09-15,TX_3,TX,4329,1
2012-09-15,WI_1,WI,2568,1
2012-09-15,WI_2,WI,5308,1
2012-09-15,WI_3,WI,5705,1
2012-09-16,CA_1,CA,5224,0
2012-09-16,CA_2,CA,3991,0
2012-09-16,CA_3,CA,7778,0
2012-09-16,CA_4,CA,2487,0
2012-09-16,TX_1,TX,3936,0
2012-09-16,TX_2,TX,5512,0
2012-09-16,TX_3,TX,4054,0
2012-09-16,WI_1,WI,1972,0
2012-09-16,WI_2,WI,4459,0
2012-09-16,WI_3,WI,4873,0
2012-09-17,CA_1,CA,3364,0
2012-09-17,CA_2,CA,2465,0
2012-09-17,CA_3,CA,5638,0
2012-09-17,CA_4,CA,2072,0
2012-09-17,TX_1,TX,3138,0
2012-09-17,TX_2,TX,3902,0
2012-09-17,TX_3,TX,3001,0
2012-09-17,WI_1,WI,1527,0
2012-09-17,WI_2,WI,3200,0
2012-09-17,WI_3,WI,3553,0
2012-09-18,CA_1,CA,3290,0
2012-09-18,CA_2,CA,2382,0
2012-09-18,CA_3,CA,5280,0
2012-09-18,CA_4,CA,1965,0
2012-09-18,TX_1,TX,2527,0
2012-09-18,TX_2,TX,3469,0
2012-09-18,TX_3,TX,2368,0
2012-09-18,WI_1,WI,1600,0
2012-09-18,WI_2,WI,3068,0
2012-09-18,WI_3,WI,3327,0
2012-09-19,CA_1,CA,2980,0
2012-09-19,CA_2,CA,2269,0
2012-09-19,CA_3,CA,4528,0
2012-09-19,CA_4,CA,1736,0
2012-09-19,TX_1,TX,2647,0
2012-09-19,TX_2,TX,3078,0
2012-09-19,TX_3,TX,2496,0
2012-09-19,WI_1,WI,1506,0
2012-09-19,WI_2,WI,2890,0
2012-09-19,WI_3,WI,2935,0
2012-09-20,CA_1,CA,3102,0
2012-09-20,CA_2,CA,2526,0
2012-09-20,CA_3,CA,4977,0
2012-09-20,CA_4,CA,1841,0
2012-09-20,TX_1,TX,2587,0
2012-09-20,TX_2,TX,3321,0
2012-09-20,TX_3,TX,2578,0
2012-09-20,WI_1,WI,1559,0
2012-09-20,WI_2,WI,3048,0
2012-09-20,WI_3,WI,3018,0
2012-09-21,CA_1,CA,3918,0
2012-09-21,CA_2,CA,3006,0
2012-09-21,CA_3,CA,5687,0
2012-09-21,CA_4,CA,2208,0
2012-09-21,TX_1,TX,3037,0
2012-09-21,TX_2,TX,3906,0
2012-09-21,TX_3,TX,2909,0
2012-09-21,WI_1,WI,1881,0
2012-09-21,WI_2,WI,3312,0
2012-09-21,WI_3,WI,3770,0
2012-09-22,CA_1,CA,5121,0
2012-09-22,CA_2,CA,4264,0
2012-09-22,CA_3,CA,6710,0
2012-09-22,CA_4,CA,2488,0
2012-09-22,TX_1,TX,3658,0
2012-09-22,TX_2,TX,5390,0
2012-09-22,TX_3,TX,3724,0
2012-09-22,WI_1,WI,2379,0
2012-09-22,WI_2,WI,3684,0
2012-09-22,WI_3,WI,4471,0
2012-09-23,CA_1,CA,5349,0
2012-09-23,CA_2,CA,3646,0
2012-09-23,CA_3,CA,6884,0
2012-09-23,CA_4,CA,2479,0
2012-09-23,TX_1,TX,3954,0
2012-09-23,TX_2,TX,5210,0
2012-09-23,TX_3,TX,3899,0
2012-09-23,WI_1,WI,2080,0
2012-09-23,WI_2,WI,3551,0
2012-09-23,WI_3,WI,4310,0
2012-09-24,CA_1,CA,3106,0
2012-09-24,CA_2,CA,2441,0
2012-09-24,CA_3,CA,5451,0
2012-09-24,CA_4,CA,2143,0
2012-09-24,TX_1,TX,2563,0
2012-09-24,TX_2,TX,3498,0
2012-09-24,TX_3,TX,3063,0
2012-09-24,WI_1,WI,1563,0
2012-09-24,WI_2,WI,2451,0
2012-09-24,WI_3,WI,2897,0
2012-09-25,CA_1,CA,2939,0
2012-09-25,CA_2,CA,2321,0
2012-09-25,CA_3,CA,5119,0
2012-09-25,CA_4,CA,1978,0
2012-09-25,TX_1,TX,2505,0
2012-09-25,TX_2,TX,3398,0
2012-09-25,TX_3,TX,2649,0
2012-09-25,WI_1,WI,1418,0
2012-09-25,WI_2,WI,2578,0
2012-09-25,WI_3,WI,3074,0
2012-09-26,CA_1,CA,2838,0
2012-09-26,CA_2,CA,2198,0
2012-09-26,CA_3,CA,5064,0
2012-09-26,CA_4,CA,1635,0
2012-09-26,TX_1,TX,2418,0
2012-09-26,TX_2,TX,3201,0
2012-09-26,TX_3,TX,2718,0
2012-09-26,WI_1,WI,1390,0
2012-09-26,WI_2,WI,2600,0
2012-09-26,WI_3,WI,2870,0
2012-09-27,CA_1,CA,2676,0
2012-09-27,CA_2,CA,2457,0
2012-09-27,CA_3,CA,5081,0
2012-09-27,CA_4,CA,1788,0
2012-09-27,TX_1,TX,2365,0
2012-09-27,TX_2,TX,3266,0
2012-09-27,TX_3,TX,2607,0
2012-09-27,WI_1,WI,1503,0
2012-09-27,WI_2,WI,2534,0
2012-09-27,WI_3,WI,2954,0
2012-09-28,CA_1,CA,3837,0
2012-09-28,CA_2,CA,3187,0
2012-09-28,CA_3,CA,5354,0
2012-09-28,CA_4,CA,2172,0
2012-09-28,TX_1,TX,2676,0
2012-09-28,TX_2,TX,3658,0
2012-09-28,TX_3,TX,2997,0
2012-09-28,WI_1,WI,1881,0
2012-09-28,WI_2,WI,3281,0
2012-09-28,WI_3,WI,3613,0
2012-09-29,CA_1,CA,4722,0
2012-09-29,CA_2,CA,4039,0
2012-09-29,CA_3,CA,7020,0
2012-09-29,CA_4,CA,2383,0
2012-09-29,TX_1,TX,3432,0
2012-09-29,TX_2,TX,4693,0
2012-09-29,TX_3,TX,3737,0
2012-09-29,WI_1,WI,2286,0
2012-09-29,WI_2,WI,3763,0
2012-09-29,WI_3,WI,4906,0
2012-09-30,CA_1,CA,5091,0
2012-09-30,CA_2,CA,3669,0
2012-09-30,CA_3,CA,7008,0
2012-09-30,CA_4,CA,2542,0
2012-09-30,TX_1,TX,3626,0
2012-09-30,TX_2,TX,4765,0
2012-09-30,TX_3,TX,3695,0
2012-09-30,WI_1,WI,1834,0
2012-09-30,WI_2,WI,3237,0
2012-09-30,WI_3,WI,4269,0
2012-10-01,CA_1,CA,3957,1
2012-10-01,CA_2,CA,2486,1
2012-10-01,CA_3,CA,6794,1
2012-10-01,CA_4,CA,2491,1
2012-10-01,TX_1,TX,3232,1
2012-10-01,TX_2,TX,4340,1
2012-10-01,TX_3,TX,3445,1
2012-10-01,WI_1,WI,1454,0
2012-10-01,WI_2,WI,3117,0
2012-10-01,WI_3,WI,3525,0
2012-10-02,CA_1,CA,3822,1
2012-10-02,CA_2,CA,2550,1
2012-10-02,CA_3,CA,6658,1
2012-10-02,CA_4,CA,2083,1
2012-10-02,TX_1,TX,2595,0
2012-10-02,TX_2,TX,3585,0
2012-10-02,TX_3,TX,2879,0
2012-10-02,WI_1,WI,1487,1
2012-10-02,WI_2,WI,3718,1
2012-10-02,WI_3,WI,4453,1
2012-10-03,CA_1,CA,3646,1
2012-10-03,CA_2,CA,2530,1
2012-10-03,CA_3,CA,6119,1
2012-10-03,CA_4,CA,2002,1
2012-10-03,TX_1,TX,2840,1
2012-10-03,TX_2,TX,3779,1
2012-10-03,TX_3,TX,3202,1
2012-10-03,WI_1,WI,1382,1
2012-10-03,WI_2,WI,4496,1
2012-10-03,WI_3,WI,4224,1
2012-10-04,CA_1,CA,3295,1
2012-10-04,CA_2,CA,2422,1
2012-10-04,CA_3,CA,5640,1
2012-10-04,CA_4,CA,1980,1
2012-10-04,TX_1,TX,2544,0
2012-10-04,TX_2,TX,3325,0
2012-10-04,TX_3,TX,2707,0
2012-10-04,WI_1,WI,1501,0
2012-10-04,WI_2,WI,3136,0
2012-10-04,WI_3,WI,3525,0
2012-10-05,CA_1,CA,3653,1
2012-10-05,CA_2,CA,2854,1
2012-10-05,CA_3,CA,6184,1
2012-10-05,CA_4,CA,1868,1
2012-10-05,TX_1,TX,2963,1
2012-10-05,TX_2,TX,4039,1
2012-10-05,TX_3,TX,3154,1
2012-10-05,WI_1,WI,1658,1
2012-10-05,WI_2,WI,4076,1
2012-10-05,WI_3,WI,4139,1
2012-10-06,CA_1,CA,5038,1
2012-10-06,CA_2,CA,3762,1
2012-10-06,CA_3,CA,7400,1
2012-10-06,CA_4,CA,2376,1
2012-10-06,TX_1,TX,3829,1
2012-10-06,TX_2,TX,5217,1
2012-10-06,TX_3,TX,3779,1
2012-10-06,WI_1,WI,2020,1
2012-10-06,WI_2,WI,5035,1
2012-10-06,WI_3,WI,5584,1
2012-10-07,CA_1,CA,5583,1
2012-10-07,CA_2,CA,3410,1
2012-10-07,CA_3,CA,7595,1
2012-10-07,CA_4,CA,2409,1
2012-10-07,TX_1,TX,3998,1
2012-10-07,TX_2,TX,5027,1
2012-10-07,TX_3,TX,4016,1
2012-10-07,WI_1,WI,1644,0
2012-10-07,WI_2,WI,3708,0
2012-10-07,WI_3,WI,4482,0
2012-10-08,CA_1,CA,4069,1
2012-10-08,CA_2,CA,2646,1
2012-10-08,CA_3,CA,6591,1
2012-10-08,CA_4,CA,2087,1
2012-10-08,TX_1,TX,2829,0
2012-10-08,TX_2,TX,3470,0
2012-10-08,TX_3,TX,3087,0
2012-10-08,WI_1,WI,1295,1
2012-10-08,WI_2,WI,3768,1
2012-10-08,WI_3,WI,3948,1
2012-10-09,CA_1,CA,3431,1
2012-10-09,CA_2,CA,2274,1
2012-10-09,CA_3,CA,5796,1
2012-10-09,CA_4,CA,2001,1
2012-10-09,TX_1,TX,2643,1
2012-10-09,TX_2,TX,3630,1
2012-10-09,TX_3,TX,3265,1
2012-10-09,WI_1,WI,1306,1
2012-10-09,WI_2,WI,4004,1
2012-10-09,WI_3,WI,3945,1
2012-10-10,CA_1,CA,3106,1
2012-10-10,CA_2,CA,2488,1
2012-10-10,CA_3,CA,5636,1
2012-10-10,CA_4,CA,1744,1
2012-10-10,TX_1,TX,2621,0
2012-10-10,TX_2,TX,3463,0
2012-10-10,TX_3,TX,2835,0
2012-10-10,WI_1,WI,1329,0
2012-10-10,WI_2,WI,3308,0
2012-10-10,WI_3,WI,3439,0
2012-10-11,CA_1,CA,3029,0
2012-10-11,CA_2,CA,2318,0
2012-10-11,CA_3,CA,4674,0
2012-10-11,CA_4,CA,1805,0
2012-10-11,TX_1,TX,2816,1
2012-10-11,TX_2,TX,3691,1
2012-10-11,TX_3,TX,2853,1
2012-10-11,WI_1,WI,1436,1
2012-10-11,WI_2,WI,3801,1
2012-10-11,WI_3,WI,3575,1
2012-10-12,CA_1,CA,3730,0
2012-10-12,CA_2,CA,2809,0
2012-10-12,CA_3,CA,5692,0
2012-10-12,CA_4,CA,1978,0
2012-10-12,TX_1,TX,3114,1
2012-10-12,TX_2,TX,4055,1
2012-10-12,TX_3,TX,3408,1
2012-10-12,WI_1,WI,1668,1
2012-10-12,WI_2,WI,3948,1
2012-10-12,WI_3,WI,4650,1
2012-10-13,CA_1,CA,4226,0
2012-10-13,CA_2,CA,4009,0
2012-10-13,CA_3,CA,6716,0
2012-10-13,CA_4,CA,2285,0
2012-10-13,TX_1,TX,4105,1
2012-10-13,TX_2,TX,5363,1
2012-10-13,TX_3,TX,4166,1
2012-10-13,WI_1,WI,1957,0
2012-10-13,WI_2,WI,4422,0
2012-10-13,WI_3,WI,4977,0
2012-10-14,CA_1,CA,4773,0
2012-10-14,CA_2,CA,3983,0
2012-10-14,CA_3,CA,6939,0
2012-10-14,CA_4,CA,2204,0
2012-10-14,TX_1,TX,3929,0
2012-10-14,TX_2,TX,5247,0
2012-10-14,TX_3,TX,4007,0
2012-10-14,WI_1,WI,1437,1
2012-10-14,WI_2,WI,4383,1
2012-10-14,WI_3,WI,5335,1
2012-10-15,CA_1,CA,3348,0
2012-10-15,CA_2,CA,2403,0
2012-10-15,CA_3,CA,5279,0
2012-10-15,CA_4,CA,1942,0
2012-10-15,TX_1,TX,3363,1
2012-10-15,TX_2,TX,4318,1
2012-10-15,TX_3,TX,3475,1
2012-10-15,WI_1,WI,1090,1
2012-10-15,WI_2,WI,4475,1
2012-10-15,WI_3,WI,3991,1
2012-10-16,CA_1,CA,2870,0
2012-10-16,CA_2,CA,2222,0
2012-10-16,CA_3,CA,4985,0
2012-10-16,CA_4,CA,1645,0
2012-10-16,TX_1,TX,2426,0
2012-10-16,TX_2,TX,2987,0
2012-10-16,TX_3,TX,2871,0
2012-10-16,WI_1,WI,1149,0
2012-10-16,WI_2,WI,3333,0
2012-10-16,WI_3,WI,3381,0
2012-10-17,CA_1,CA,2938,0
2012-10-17,CA_2,CA,2231,0
2012-10-17,CA_3,CA,4800,0
2012-10-17,CA_4,CA,1737,0
2012-10-17,TX_1,TX,2464,0
2012-10-17,TX_2,TX,3471,0
2012-10-17,TX_3,TX,2798,0
2012-10-17,WI_1,WI,1000,0
2012-10-17,WI_2,WI,2977,0
2012-10-17,WI_3,WI,2687,0
2012-10-18,CA_1,CA,2784,0
2012-10-18,CA_2,CA,2145,0
2012-10-18,CA_3,CA,4808,0
2012-10-18,CA_4,CA,1814,0
2012-10-18,TX_1,TX,2583,0
2012-10-18,TX_2,TX,3280,0
2012-10-18,TX_3,TX,2555,0
2012-10-18,WI_1,WI,903,0
2012-10-18,WI_2,WI,2472,0
2012-10-18,WI_3,WI,2825,0
2012-10-19,CA_1,CA,3326,0
2012-10-19,CA_2,CA,2701,0
2012-10-19,CA_3,CA,5008,0
2012-10-19,CA_4,CA,1955,0
2012-10-19,TX_1,TX,2546,0
2012-10-19,TX_2,TX,3735,0
2012-10-19,TX_3,TX,2828,0
2012-10-19,WI_1,WI,1182,0
2012-10-19,WI_2,WI,3099,0
2012-10-19,WI_3,WI,3331,0
2012-10-20,CA_1,CA,4226,0
2012-10-20,CA_2,CA,3903,0
2012-10-20,CA_3,CA,6431,0
2012-10-20,CA_4,CA,2104,0
2012-10-20,TX_1,TX,3492,0
2012-10-20,TX_2,TX,4533,0
2012-10-20,TX_3,TX,3414,0
2012-10-20,WI_1,WI,1242,0
2012-10-20,WI_2,WI,3484,0
2012-10-20,WI_3,WI,3860,0
2012-10-21,CA_1,CA,4554,0
2012-10-21,CA_2,CA,3704,0
2012-10-21,CA_3,CA,6965,0
2012-10-21,CA_4,CA,2137,0
2012-10-21,TX_1,TX,3481,0
2012-10-21,TX_2,TX,4996,0
2012-10-21,TX_3,TX,3732,0
2012-10-21,WI_1,WI,829,0
2012-10-21,WI_2,WI,2836,0
2012-10-21,WI_3,WI,3753,0
2012-10-22,CA_1,CA,3035,0
2012-10-22,CA_2,CA,2370,0
2012-10-22,CA_3,CA,5282,0
2012-10-22,CA_4,CA,1746,0
2012-10-22,TX_1,TX,2578,0
2012-10-22,TX_2,TX,3488,0
2012-10-22,TX_3,TX,2710,0
2012-10-22,WI_1,WI,582,0
2012-10-22,WI_2,WI,2299,0
2012-10-22,WI_3,WI,2622,0
2012-10-23,CA_1,CA,2845,0
2012-10-23,CA_2,CA,2303,0
2012-10-23,CA_3,CA,4456,0
2012-10-23,CA_4,CA,1645,0
2012-10-23,TX_1,TX,2324,0
2012-10-23,TX_2,TX,3213,0
2012-10-23,TX_3,TX,2630,0
2012-10-23,WI_1,WI,684,0
2012-10-23,WI_2,WI,2511,0
2012-10-23,WI_3,WI,2808,0
2012-10-24,CA_1,CA,2566,0
2012-10-24,CA_2,CA,2119,0
2012-10-24,CA_3,CA,4299,0
2012-10-24,CA_4,CA,1562,0
2012-10-24,TX_1,TX,2359,0
2012-10-24,TX_2,TX,3470,0
2012-10-24,TX_3,TX,2372,0
2012-10-24,WI_1,WI,607,0
2012-10-24,WI_2,WI,2374,0
2012-10-24,WI_3,WI,2662,0
2012-10-25,CA_1,CA,2764,0
2012-10-25,CA_2,CA,2364,0
2012-10-25,CA_3,CA,4043,0
2012-10-25,CA_4,CA,1650,0
2012-10-25,TX_1,TX,2109,0
2012-10-25,TX_2,TX,3379,0
2012-10-25,TX_3,TX,2319,0
2012-10-25,WI_1,WI,318,0
2012-10-25,WI_2,WI,2493,0
2012-10-25,WI_3,WI,2873,0
2012-10-26,CA_1,CA,3361,0
2012-10-26,CA_2,CA,2730,0
2012-10-26,CA_3,CA,4567,0
2012-10-26,CA_4,CA,1803,0
2012-10-26,TX_1,TX,2326,0
2012-10-26,TX_2,TX,3929,0
2012-10-26,TX_3,TX,2466,0
2012-10-26,WI_1,WI,3994,0
2012-10-26,WI_2,WI,3301,0
2012-10-26,WI_3,WI,3386,0
2012-10-27,CA_1,CA,4297,0
2012-10-27,CA_2,CA,3665,0
2012-10-27,CA_3,CA,5891,0
2012-10-27,CA_4,CA,2146,0
2012-10-27,TX_1,TX,2998,0
2012-10-27,TX_2,TX,4482,0
2012-10-27,TX_3,TX,2950,0
2012-10-27,WI_1,WI,4298,0
2012-10-27,WI_2,WI,3799,0
2012-10-27,WI_3,WI,4021,0
2012-10-28,CA_1,CA,4627,0
2012-10-28,CA_2,CA,3332,0
2012-10-28,CA_3,CA,6364,0
2012-10-28,CA_4,CA,2134,0
2012-10-28,TX_1,TX,3165,0
2012-10-28,TX_2,TX,4624,0
2012-10-28,TX_3,TX,3121,0
2012-10-28,WI_1,WI,3332,0
2012-10-28,WI_2,WI,2870,0
2012-10-28,WI_3,WI,3615,0
2012-10-29,CA_1,CA,3212,0
2012-10-29,CA_2,CA,2165,0
2012-10-29,CA_3,CA,4807,0
2012-10-29,CA_4,CA,1830,0
2012-10-29,TX_1,TX,2222,0
2012-10-29,TX_2,TX,3415,0
2012-10-29,TX_3,TX,2523,0
2012-10-29,WI_1,WI,2423,0
2012-10-29,WI_2,WI,2529,0
2012-10-29,WI_3,WI,2455,0
2012-10-30,CA_1,CA,2926,0
2012-10-30,CA_2,CA,2766,0
2012-10-30,CA_3,CA,4966,0
2012-10-30,CA_4,CA,1841,0
2012-10-30,TX_1,TX,2203,0
2012-10-30,TX_2,TX,3515,0
2012-10-30,TX_3,TX,2348,0
2012-10-30,WI_1,WI,2197,0
2012-10-30,WI_2,WI,2681,0
2012-10-30,WI_3,WI,2637,0
2012-10-31,CA_1,CA,2319,0
2012-10-31,CA_2,CA,2060,0
2012-10-31,CA_3,CA,4240,0
2012-10-31,CA_4,CA,1365,0
2012-10-31,TX_1,TX,2206,0
2012-10-31,TX_2,TX,3072,0
2012-10-31,TX_3,TX,2426,0
2012-10-31,WI_1,WI,2316,0
2012-10-31,WI_2,WI,2566,0
2012-10-31,WI_3,WI,2405,0
2012-11-01,CA_1,CA,3176,1
2012-11-01,CA_2,CA,2503,1
2012-11-01,CA_3,CA,5062,1
2012-11-01,CA_4,CA,1809,1
2012-11-01,TX_1,TX,2679,1
2012-11-01,TX_2,TX,3629,1
2012-11-01,TX_3,TX,2837,1
2012-11-01,WI_1,WI,2822,0
2012-11-01,WI_2,WI,3393,0
2012-11-01,WI_3,WI,3141,0
2012-11-02,CA_1,CA,3914,1
2012-11-02,CA_2,CA,2756,1
2012-11-02,CA_3,CA,5862,1
2012-11-02,CA_4,CA,1724,1
2012-11-02,TX_1,TX,2604,0
2012-11-02,TX_2,TX,3737,0
2012-11-02,TX_3,TX,2939,0
2012-11-02,WI_1,WI,3376,1
2012-11-02,WI_2,WI,4040,1
2012-11-02,WI_3,WI,4562,1
2012-11-03,CA_1,CA,4839,1
2012-11-03,CA_2,CA,4027,1
2012-11-03,CA_3,CA,7068,1
2012-11-03,CA_4,CA,2269,1
2012-11-03,TX_1,TX,3361,1
2012-11-03,TX_2,TX,4819,1
2012-11-03,TX_3,TX,3625,1
2012-11-03,WI_1,WI,4319,1
2012-11-03,WI_2,WI,5236,1
2012-11-03,WI_3,WI,5516,1
2012-11-04,CA_1,CA,5096,1
2012-11-04,CA_2,CA,3667,1
2012-11-04,CA_3,CA,7385,1
2012-11-04,CA_4,CA,2449,1
2012-11-04,TX_1,TX,3657,0
2012-11-04,TX_2,TX,4806,0
2012-11-04,TX_3,TX,3628,0
2012-11-04,WI_1,WI,3522,0
2012-11-04,WI_2,WI,3945,0
2012-11-04,WI_3,WI,4390,0
2012-11-05,CA_1,CA,3638,1
2012-11-05,CA_2,CA,2265,1
2012-11-05,CA_3,CA,5665,1
2012-11-05,CA_4,CA,1855,1
2012-11-05,TX_1,TX,2838,1
2012-11-05,TX_2,TX,3446,1
2012-11-05,TX_3,TX,3185,1
2012-11-05,WI_1,WI,2306,1
2012-11-05,WI_2,WI,4122,1
2012-11-05,WI_3,WI,3737,1
2012-11-06,CA_1,CA,3003,1
2012-11-06,CA_2,CA,2090,1
2012-11-06,CA_3,CA,5198,1
2012-11-06,CA_4,CA,1787,1
2012-11-06,TX_1,TX,2558,1
2012-11-06,TX_2,TX,3519,1
2012-11-06,TX_3,TX,2576,1
2012-11-06,WI_1,WI,2238,1
2012-11-06,WI_2,WI,4092,1
2012-11-06,WI_3,WI,3453,1
2012-11-07,CA_1,CA,3226,1
2012-11-07,CA_2,CA,1978,1
2012-11-07,CA_3,CA,5165,1
2012-11-07,CA_4,CA,1885,1
2012-11-07,TX_1,TX,2634,1
2012-11-07,TX_2,TX,3585,1
2012-11-07,TX_3,TX,2861,1
2012-11-07,WI_1,WI,2200,0
2012-11-07,WI_2,WI,3184,0
2012-11-07,WI_3,WI,2965,0
2012-11-08,CA_1,CA,3156,1
2012-11-08,CA_2,CA,2278,1
2012-11-08,CA_3,CA,5029,1
2012-11-08,CA_4,CA,1791,1
2012-11-08,TX_1,TX,2451,0
2012-11-08,TX_2,TX,3172,0
2012-11-08,TX_3,TX,2731,0
2012-11-08,WI_1,WI,2605,1
2012-11-08,WI_2,WI,3932,1
2012-11-08,WI_3,WI,3612,1
2012-11-09,CA_1,CA,3894,1
2012-11-09,CA_2,CA,2681,1
2012-11-09,CA_3,CA,5494,1
2012-11-09,CA_4,CA,1951,1
2012-11-09,TX_1,TX,3000,1
2012-11-09,TX_2,TX,4066,1
2012-11-09,TX_3,TX,2945,1
2012-11-09,WI_1,WI,3226,1
2012-11-09,WI_2,WI,4107,1
2012-11-09,WI_3,WI,4358,1
2012-11-10,CA_1,CA,5075,1
2012-11-10,CA_2,CA,3775,1
2012-11-10,CA_3,CA,7100,1
2012-11-10,CA_4,CA,2178,1
2012-11-10,TX_1,TX,3305,0
2012-11-10,TX_2,TX,4790,0
2012-11-10,TX_3,TX,3372,0
2012-11-10,WI_1,WI,4191,0
2012-11-10,WI_2,WI,4110,0
2012-11-10,WI_3,WI,4988,0
2012-11-11,CA_1,CA,4781,0
2012-11-11,CA_2,CA,3325,0
2012-11-11,CA_3,CA,6958,0
2012-11-11,CA_4,CA,2106,0
2012-11-11,TX_1,TX,3763,1
2012-11-11,TX_2,TX,5236,1
2012-11-11,TX_3,TX,3744,1
2012-11-11,WI_1,WI,3997,1
2012-11-11,WI_2,WI,4684,1
2012-11-11,WI_3,WI,4923,1
2012-11-12,CA_1,CA,3505,0
2012-11-12,CA_2,CA,2480,0
2012-11-12,CA_3,CA,5339,0
2012-11-12,CA_4,CA,1986,0
2012-11-12,TX_1,TX,2818,1
2012-11-12,TX_2,TX,3606,1
2012-11-12,TX_3,TX,3011,1
2012-11-12,WI_1,WI,2640,1
2012-11-12,WI_2,WI,3847,1
2012-11-12,WI_3,WI,3981,1
2012-11-13,CA_1,CA,2886,0
2012-11-13,CA_2,CA,1986,0
2012-11-13,CA_3,CA,4588,0
2012-11-13,CA_4,CA,1707,0
2012-11-13,TX_1,TX,2557,1
2012-11-13,TX_2,TX,3433,1
2012-11-13,TX_3,TX,2517,1
2012-11-13,WI_1,WI,2211,0
2012-11-13,WI_2,WI,3175,0
2012-11-13,WI_3,WI,3248,0
2012-11-14,CA_1,CA,2495,0
2012-11-14,CA_2,CA,1949,0
2012-11-14,CA_3,CA,4373,0
2012-11-14,CA_4,CA,1579,0
2012-11-14,TX_1,TX,2339,0
2012-11-14,TX_2,TX,3020,0
2012-11-14,TX_3,TX,2398,0
2012-11-14,WI_1,WI,2434,1
2012-11-14,WI_2,WI,3537,1
2012-11-14,WI_3,WI,3711,1
2012-11-15,CA_1,CA,2778,0
2012-11-15,CA_2,CA,2173,0
2012-11-15,CA_3,CA,4336,0
2012-11-15,CA_4,CA,1663,0
2012-11-15,TX_1,TX,2936,1
2012-11-15,TX_2,TX,3430,1
2012-11-15,TX_3,TX,2442,1
2012-11-15,WI_1,WI,2697,1
2012-11-15,WI_2,WI,3716,1
2012-11-15,WI_3,WI,3542,1
2012-11-16,CA_1,CA,3566,0
2012-11-16,CA_2,CA,2628,0
2012-11-16,CA_3,CA,4985,0
2012-11-16,CA_4,CA,1817,0
2012-11-16,TX_1,TX,2731,0
2012-11-16,TX_2,TX,3452,0
2012-11-16,TX_3,TX,2498,0
2012-11-16,WI_1,WI,2879,0
2012-11-16,WI_2,WI,3423,0
2012-11-16,WI_3,WI,3637,0
2012-11-17,CA_1,CA,4817,0
2012-11-17,CA_2,CA,3581,0
2012-11-17,CA_3,CA,6169,0
2012-11-17,CA_4,CA,2134,0
2012-11-17,TX_1,TX,3370,0
2012-11-17,TX_2,TX,4758,0
2012-11-17,TX_3,TX,3169,0
2012-11-17,WI_1,WI,4081,0
2012-11-17,WI_2,WI,4072,0
2012-11-17,WI_3,WI,4290,0
2012-11-18,CA_1,CA,4441,0
2012-11-18,CA_2,CA,3388,0
2012-11-18,CA_3,CA,6340,0
2012-11-18,CA_4,CA,2147,0
2012-11-18,TX_1,TX,3162,0
2012-11-18,TX_2,TX,4580,0
2012-11-18,TX_3,TX,3178,0
2012-11-18,WI_1,WI,3058,0
2012-11-18,WI_2,WI,3202,0
2012-11-18,WI_3,WI,4080,0
2012-11-19,CA_1,CA,3385,0
2012-11-19,CA_2,CA,2264,0
2012-11-19,CA_3,CA,5149,0
2012-11-19,CA_4,CA,1993,0
2012-11-19,TX_1,TX,2565,0
2012-11-19,TX_2,TX,3461,0
2012-11-19,TX_3,TX,2777,0
2012-11-19,WI_1,WI,2135,0
2012-11-19,WI_2,WI,2818,0
2012-11-19,WI_3,WI,2783,0
2012-11-20,CA_1,CA,3585,0
2012-11-20,CA_2,CA,2183,0
2012-11-20,CA_3,CA,5191,0
2012-11-20,CA_4,CA,2021,0
2012-11-20,TX_1,TX,2626,0
2012-11-20,TX_2,TX,3776,0
2012-11-20,TX_3,TX,2675,0
2012-11-20,WI_1,WI,2350,0
2012-11-20,WI_2,WI,2715,0
2012-11-20,WI_3,WI,3152,0
2012-11-21,CA_1,CA,3843,0
2012-11-21,CA_2,CA,2386,0
2012-11-21,CA_3,CA,5513,0
2012-11-21,CA_4,CA,2222,0
2012-11-21,TX_1,TX,3666,0
2012-11-21,TX_2,TX,4644,0
2012-11-21,TX_3,TX,3553,0
2012-11-21,WI_1,WI,2781,0
2012-11-21,WI_2,WI,3365,0
2012-11-21,WI_3,WI,3235,0
2012-11-22,CA_1,CA,2054,0
2012-11-22,CA_2,CA,1150,0
2012-11-22,CA_3,CA,3568,0
2012-11-22,CA_4,CA,1230,0
2012-11-22,TX_1,TX,2802,0
2012-11-22,TX_2,TX,3349,0
2012-11-22,TX_3,TX,2108,0
2012-11-22,WI_1,WI,1354,0
2012-11-22,WI_2,WI,1474,0
2012-11-22,WI_3,WI,2820,0
2012-11-23,CA_1,CA,2369,0
2012-11-23,CA_2,CA,2651,0
2012-11-23,CA_3,CA,3414,0
2012-11-23,CA_4,CA,1283,0
2012-11-23,TX_1,TX,2159,0
2012-11-23,TX_2,TX,2765,0
2012-11-23,TX_3,TX,2090,0
2012-11-23,WI_1,WI,2140,0
2012-11-23,WI_2,WI,2075,0
2012-11-23,WI_3,WI,2477,0
2012-11-24,CA_1,CA,2964,0
2012-11-24,CA_2,CA,2770,0
2012-11-24,CA_3,CA,4870,0
2012-11-24,CA_4,CA,1660,0
2012-11-24,TX_1,TX,2810,0
2012-11-24,TX_2,TX,3515,0
2012-11-24,TX_3,TX,2530,0
2012-11-24,WI_1,WI,3091,0
2012-11-24,WI_2,WI,2537,0
2012-11-24,WI_3,WI,3269,0
2012-11-25,CA_1,CA,3639,0
2012-11-25,CA_2,CA,2877,0
2012-11-25,CA_3,CA,5278,0
2012-11-25,CA_4,CA,1974,0
2012-11-25,TX_1,TX,2935,0
2012-11-25,TX_2,TX,3866,0
2012-11-25,TX_3,TX,2831,0
2012-11-25,WI_1,WI,3151,0
2012-11-25,WI_2,WI,2879,0
2012-11-25,WI_3,WI,3302,0
2012-11-26,CA_1,CA,2931,0
2012-11-26,CA_2,CA,2078,0
2012-11-26,CA_3,CA,4594,0
2012-11-26,CA_4,CA,1960,0
2012-11-26,TX_1,TX,2287,0
2012-11-26,TX_2,TX,3052,0
2012-11-26,TX_3,TX,2433,0
2012-11-26,WI_1,WI,2130,0
2012-11-26,WI_2,WI,2437,0
2012-11-26,WI_3,WI,2574,0
2012-11-27,CA_1,CA,2657,0
2012-11-27,CA_2,CA,2148,0
2012-11-27,CA_3,CA,3901,0
2012-11-27,CA_4,CA,1715,0
2012-11-27,TX_1,TX,2018,0
2012-11-27,TX_2,TX,2701,0
2012-11-27,TX_3,TX,2118,0
2012-11-27,WI_1,WI,2169,0
2012-11-27,WI_2,WI,2569,0
2012-11-27,WI_3,WI,2493,0
2012-11-28,CA_1,CA,2456,0
2012-11-28,CA_2,CA,1905,0
2012-11-28,CA_3,CA,3937,0
2012-11-28,CA_4,CA,1511,0
2012-11-28,TX_1,TX,1869,0
2012-11-28,TX_2,TX,2850,0
2012-11-28,TX_3,TX,2024,0
2012-11-28,WI_1,WI,2063,0
2012-11-28,WI_2,WI,2406,0
2012-11-28,WI_3,WI,2524,0
2012-11-29,CA_1,CA,2277,0
2012-11-29,CA_2,CA,2067,0
2012-11-29,CA_3,CA,3800,0
2012-11-29,CA_4,CA,1795,0
2012-11-29,TX_1,TX,1992,0
2012-11-29,TX_2,TX,2691,0
2012-11-29,TX_3,TX,2070,0
2012-11-29,WI_1,WI,2302,0
2012-11-29,WI_2,WI,2489,0
2012-11-29,WI_3,WI,2385,0
2012-11-30,CA_1,CA,3079,0
2012-11-30,CA_2,CA,2161,0
2012-11-30,CA_3,CA,4557,0
2012-11-30,CA_4,CA,1743,0
2012-11-30,TX_1,TX,2517,0
2012-11-30,TX_2,TX,3561,0
2012-11-30,TX_3,TX,2743,0
2012-11-30,WI_1,WI,2712,0
2012-11-30,WI_2,WI,3717,0
2012-11-30,WI_3,WI,3599,0
2012-12-01,CA_1,CA,5085,1
2012-12-01,CA_2,CA,3900,1
2012-12-01,CA_3,CA,6741,1
2012-12-01,CA_4,CA,2454,1
2012-12-01,TX_1,TX,3664,1
2012-12-01,TX_2,TX,4890,1
2012-12-01,TX_3,TX,3854,1
2012-12-01,WI_1,WI,3829,0
2012-12-01,WI_2,WI,3834,0
2012-12-01,WI_3,WI,4245,0
2012-12-02,CA_1,CA,4097,1
2012-12-02,CA_2,CA,3224,1
2012-12-02,CA_3,CA,6518,1
2012-12-02,CA_4,CA,1989,1
2012-12-02,TX_1,TX,3613,0
2012-12-02,TX_2,TX,4898,0
2012-12-02,TX_3,TX,3533,0
2012-12-02,WI_1,WI,3465,1
2012-12-02,WI_2,WI,4361,1
2012-12-02,WI_3,WI,5242,1
2012-12-03,CA_1,CA,3804,1
2012-12-03,CA_2,CA,2764,1
2012-12-03,CA_3,CA,5623,1
2012-12-03,CA_4,CA,2167,1
2012-12-03,TX_1,TX,2897,1
2012-12-03,TX_2,TX,4052,1
2012-12-03,TX_3,TX,3114,1
2012-12-03,WI_1,WI,2866,1
2012-12-03,WI_2,WI,3789,1
2012-12-03,WI_3,WI,4261,1
2012-12-04,CA_1,CA,2983,1
2012-12-04,CA_2,CA,2344,1
2012-12-04,CA_3,CA,5023,1
2012-12-04,CA_4,CA,1822,1
2012-12-04,TX_1,TX,2243,0
2012-12-04,TX_2,TX,2933,0
2012-12-04,TX_3,TX,2405,0
2012-12-04,WI_1,WI,2700,0
2012-12-04,WI_2,WI,3072,0
2012-12-04,WI_3,WI,3294,0
2012-12-05,CA_1,CA,2834,1
2012-12-05,CA_2,CA,2137,1
2012-12-05,CA_3,CA,4802,1
2012-12-05,CA_4,CA,1766,1
2012-12-05,TX_1,TX,2682,1
2012-12-05,TX_2,TX,3580,1
2012-12-05,TX_3,TX,2817,1
2012-12-05,WI_1,WI,2921,1
2012-12-05,WI_2,WI,3932,1
2012-12-05,WI_3,WI,3713,1
2012-12-06,CA_1,CA,3141,1
2012-12-06,CA_2,CA,2343,1
2012-12-06,CA_3,CA,4948,1
2012-12-06,CA_4,CA,1691,1
2012-12-06,TX_1,TX,2830,1
2012-12-06,TX_2,TX,3590,1
2012-12-06,TX_3,TX,2488,1
2012-12-06,WI_1,WI,2503,1
2012-12-06,WI_2,WI,3936,1
2012-12-06,WI_3,WI,3654,1
2012-12-07,CA_1,CA,3762,1
2012-12-07,CA_2,CA,2745,1
2012-12-07,CA_3,CA,5297,1
2012-12-07,CA_4,CA,1936,1
2012-12-07,TX_1,TX,3152,1
2012-12-07,TX_2,TX,4003,1
2012-12-07,TX_3,TX,2795,1
2012-12-07,WI_1,WI,3076,0
2012-12-07,WI_2,WI,3294,0
2012-12-07,WI_3,WI,3534,0
2012-12-08,CA_1,CA,4849,1
2012-12-08,CA_2,CA,3411,1
2012-12-08,CA_3,CA,6365,1
2012-12-08,CA_4,CA,2109,1
2012-12-08,TX_1,TX,3561,0
2012-12-08,TX_2,TX,4750,0
2012-12-08,TX_3,TX,3328,0
2012-12-08,WI_1,WI,3842,1
2012-12-08,WI_2,WI,4389,1
2012-12-08,WI_3,WI,4969,1
2012-12-09,CA_1,CA,4702,1
2012-12-09,CA_2,CA,3496,1
2012-12-09,CA_3,CA,6596,1
2012-12-09,CA_4,CA,2370,1
2012-12-09,TX_1,TX,3762,1
2012-12-09,TX_2,TX,5049,1
2012-12-09,TX_3,TX,3721,1
2012-12-09,WI_1,WI,3439,1
2012-12-09,WI_2,WI,4689,1
2012-12-09,WI_3,WI,4702,1
2012-12-10,CA_1,CA,3682,1
2012-12-10,CA_2,CA,2493,1
2012-12-10,CA_3,CA,5630,1
2012-12-10,CA_4,CA,2225,1
2012-12-10,TX_1,TX,2533,0
2012-12-10,TX_2,TX,3039,0
2012-12-10,TX_3,TX,2516,0
2012-12-10,WI_1,WI,2428,0
2012-12-10,WI_2,WI,3157,0
2012-12-10,WI_3,WI,3386,0
2012-12-11,CA_1,CA,3004,0
2012-12-11,CA_2,CA,2276,0
2012-12-11,CA_3,CA,5004,0
2012-12-11,CA_4,CA,1870,0
2012-12-11,TX_1,TX,2407,1
2012-12-11,TX_2,TX,3575,1
2012-12-11,TX_3,TX,2386,1
2012-12-11,WI_1,WI,2277,1
2012-12-11,WI_2,WI,3819,1
2012-12-11,WI_3,WI,3680,1
2012-12-12,CA_1,CA,2856,0
2012-12-12,CA_2,CA,2038,0
2012-12-12,CA_3,CA,4617,0
2012-12-12,CA_4,CA,1636,0
2012-12-12,TX_1,TX,2728,1
2012-12-12,TX_2,TX,3505,1
2012-12-12,TX_3,TX,2588,1
2012-12-12,WI_1,WI,2320,1
2012-12-12,WI_2,WI,4006,1
2012-12-12,WI_3,WI,3722,1
2012-12-13,CA_1,CA,2856,0
2012-12-13,CA_2,CA,2134,0
2012-12-13,CA_3,CA,4712,0
2012-12-13,CA_4,CA,1779,0
2012-12-13,TX_1,TX,2767,1
2012-12-13,TX_2,TX,3504,1
2012-12-13,TX_3,TX,2621,1
2012-12-13,WI_1,WI,2201,0
2012-12-13,WI_2,WI,3158,0
2012-12-13,WI_3,WI,2939,0
2012-12-14,CA_1,CA,3467,0
2012-12-14,CA_2,CA,2622,0
2012-12-14,CA_3,CA,4739,0
2012-12-14,CA_4,CA,1758,0
2012-12-14,TX_1,TX,2717,0
2012-12-14,TX_2,TX,3719,0
2012-12-14,TX_3,TX,2783,0
2012-12-14,WI_1,WI,3336,1
2012-12-14,WI_2,WI,4115,1
2012-12-14,WI_3,WI,3646,1
2012-12-15,CA_1,CA,4475,0
2012-12-15,CA_2,CA,3586,0
2012-12-15,CA_3,CA,6021,0
2012-12-15,CA_4,CA,2206,0
2012-12-15,TX_1,TX,3648,1
2012-12-15,TX_2,TX,5069,1
2012-12-15,TX_3,TX,3630,1
2012-12-15,WI_1,WI,4038,1
2012-12-15,WI_2,WI,4895,1
2012-12-15,WI_3,WI,4822,1
2012-12-16,CA_1,CA,4542,0
2012-12-16,CA_2,CA,3705,0
2012-12-16,CA_3,CA,6110,0
2012-12-16,CA_4,CA,2381,0
2012-12-16,TX_1,TX,3552,0
2012-12-16,TX_2,TX,4881,0
2012-12-16,TX_3,TX,3388,0
2012-12-16,WI_1,WI,3394,0
2012-12-16,WI_2,WI,3844,0
2012-12-16,WI_3,WI,4256,0
2012-12-17,CA_1,CA,3188,0
2012-12-17,CA_2,CA,2197,0
2012-12-17,CA_3,CA,5115,0
2012-12-17,CA_4,CA,1954,0
2012-12-17,TX_1,TX,2848,0
2012-12-17,TX_2,TX,4045,0
2012-12-17,TX_3,TX,2864,0
2012-12-17,WI_1,WI,2568,0
2012-12-17,WI_2,WI,2982,0
2012-12-17,WI_3,WI,3264,0
2012-12-18,CA_1,CA,3277,0
2012-12-18,CA_2,CA,2411,0
2012-12-18,CA_3,CA,5173,0
2012-12-18,CA_4,CA,1854,0
2012-12-18,TX_1,TX,2714,0
2012-12-18,TX_2,TX,3678,0
2012-12-18,TX_3,TX,2823,0
2012-12-18,WI_1,WI,2528,0
2012-12-18,WI_2,WI,2831,0
2012-12-18,WI_3,WI,2965,0
2012-12-19,CA_1,CA,2968,0
2012-12-19,CA_2,CA,2417,0
2012-12-19,CA_3,CA,4495,0
2012-12-19,CA_4,CA,1591,0
2012-12-19,TX_1,TX,2683,0
2012-12-19,TX_2,TX,3879,0
2012-12-19,TX_3,TX,2778,0
2012-12-19,WI_1,WI,3328,0
2012-12-19,WI_2,WI,3884,0
2012-12-19,WI_3,WI,3759,0
2012-12-20,CA_1,CA,3266,0
2012-12-20,CA_2,CA,2594,0
2012-12-20,CA_3,CA,4910,0
2012-12-20,CA_4,CA,1870,0
2012-12-20,TX_1,TX,2919,0
2012-12-20,TX_2,TX,3892,0
2012-12-20,TX_3,TX,2760,0
2012-12-20,WI_1,WI,2129,0
2012-12-20,WI_2,WI,3275,0
2012-12-20,WI_3,WI,3257,0
2012-12-21,CA_1,CA,3748,0
2012-12-21,CA_2,CA,2975,0
2012-12-21,CA_3,CA,4959,0
2012-12-21,CA_4,CA,2002,0
2012-12-21,TX_1,TX,2817,0
2012-12-21,TX_2,TX,3739,0
2012-12-21,TX_3,TX,2987,0
2012-12-21,WI_1,WI,3298,0
2012-12-21,WI_2,WI,2989,0
2012-12-21,WI_3,WI,3334,0
2012-12-22,CA_1,CA,4528,0
2012-12-22,CA_2,CA,3637,0
2012-12-22,CA_3,CA,6147,0
2012-12-22,CA_4,CA,2357,0
2012-12-22,TX_1,TX,3361,0
2012-12-22,TX_2,TX,4566,0
2012-12-22,TX_3,TX,3184,0
2012-12-22,WI_1,WI,4446,0
2012-12-22,WI_2,WI,3666,0
2012-12-22,WI_3,WI,4123,0
2012-12-23,CA_1,CA,4171,0
2012-12-23,CA_2,CA,3041,0
2012-12-23,CA_3,CA,5929,0
2012-12-23,CA_4,CA,2335,0
2012-12-23,TX_1,TX,3879,0
2012-12-23,TX_2,TX,4723,0
2012-12-23,TX_3,TX,3282,0
2012-12-23,WI_1,WI,3861,0
2012-12-23,WI_2,WI,3678,0
2012-12-23,WI_3,WI,4088,0
2012-12-24,CA_1,CA,3370,0
2012-12-24,CA_2,CA,2517,0
2012-12-24,CA_3,CA,5451,0
2012-12-24,CA_4,CA,2022,0
2012-12-24,TX_1,TX,3117,0
2012-12-24,TX_2,TX,4260,0
2012-12-24,TX_3,TX,3027,0
2012-12-24,WI_1,WI,2426,0
2012-12-24,WI_2,WI,3230,0
2012-12-24,WI_3,WI,3203,0
2012-12-25,CA_1,CA,0,0
2012-12-25,CA_2,CA,2,0
2012-12-25,CA_3,CA,4,0
2012-12-25,CA_4,CA,0,0
2012-12-25,TX_1,TX,0,0
2012-12-25,TX_2,TX,0,0
2012-12-25,TX_3,TX,2,0
2012-12-25,WI_1,WI,0,0
2012-12-25,WI_2,WI,3,0
2012-12-25,WI_3,WI,0,0
2012-12-26,CA_1,CA,2862,0
2012-12-26,CA_2,CA,2600,0
2012-12-26,CA_3,CA,4987,0
2012-12-26,CA_4,CA,1623,0
2012-12-26,TX_1,TX,2953,0
2012-12-26,TX_2,TX,4020,0
2012-12-26,TX_3,TX,3047,0
2012-12-26,WI_1,WI,2338,0
2012-12-26,WI_2,WI,2475,0
2012-12-26,WI_3,WI,2796,0
2012-12-27,CA_1,CA,2973,0
2012-12-27,CA_2,CA,2707,0
2012-12-27,CA_3,CA,4819,0
2012-12-27,CA_4,CA,1790,0
2012-12-27,TX_1,TX,2441,0
2012-12-27,TX_2,TX,3483,0
2012-12-27,TX_3,TX,2583,0
2012-12-27,WI_1,WI,2583,0
2012-12-27,WI_2,WI,2704,0
2012-12-27,WI_3,WI,3003,0
2012-12-28,CA_1,CA,3378,0
2012-12-28,CA_2,CA,2671,0
2012-12-28,CA_3,CA,5124,0
2012-12-28,CA_4,CA,1628,0
2012-12-28,TX_1,TX,2816,0
2012-12-28,TX_2,TX,4300,0
2012-12-28,TX_3,TX,2875,0
2012-12-28,WI_1,WI,2731,0
2012-12-28,WI_2,WI,3386,0
2012-12-28,WI_3,WI,3438,0
2012-12-29,CA_1,CA,3978,0
2012-12-29,CA_2,CA,3095,0
2012-12-29,CA_3,CA,6197,0
2012-12-29,CA_4,CA,1934,0
2012-12-29,TX_1,TX,3057,0
2012-12-29,TX_2,TX,4189,0
2012-12-29,TX_3,TX,3573,0
2012-12-29,WI_1,WI,3498,0
2012-12-29,WI_2,WI,3916,0
2012-12-29,WI_3,WI,3717,0
2012-12-30,CA_1,CA,4364,0
2012-12-30,CA_2,CA,2924,0
2012-12-30,CA_3,CA,5727,0
2012-12-30,CA_4,CA,2008,0
2012-12-30,TX_1,TX,3274,0
2012-12-30,TX_2,TX,4218,0
2012-12-30,TX_3,TX,3309,0
2012-12-30,WI_1,WI,2947,0
2012-12-30,WI_2,WI,3230,0
2012-12-30,WI_3,WI,3698,0
2012-12-31,CA_1,CA,3789,0
2012-12-31,CA_2,CA,2356,0
2012-12-31,CA_3,CA,5385,0
2012-12-31,CA_4,CA,2185,0
2012-12-31,TX_1,TX,3027,0
2012-12-31,TX_2,TX,4285,0
2012-12-31,TX_3,TX,3264,0
2012-12-31,WI_1,WI,3079,0
2012-12-31,WI_2,WI,3926,0
2012-12-31,WI_3,WI,3740,0
2013-01-01,CA_1,CA,2552,1
2013-01-01,CA_2,CA,2124,1
2013-01-01,CA_3,CA,3580,1
2013-01-01,CA_4,CA,1384,1
2013-01-01,TX_1,TX,2362,1
2013-01-01,TX_2,TX,3402,1
2013-01-01,TX_3,TX,2570,1
2013-01-01,WI_1,WI,1918,0
2013-01-01,WI_2,WI,2187,0
2013-01-01,WI_3,WI,2008,0
2013-01-02,CA_1,CA,3532,1
2013-01-02,CA_2,CA,2464,1
2013-01-02,CA_3,CA,5510,1
2013-01-02,CA_4,CA,1746,1
2013-01-02,TX_1,TX,2337,0
2013-01-02,TX_2,TX,3367,0
2013-01-02,TX_3,TX,2683,0
2013-01-02,WI_1,WI,2650,1
2013-01-02,WI_2,WI,4224,1
2013-01-02,WI_3,WI,3671,1
2013-01-03,CA_1,CA,3957,1
2013-01-03,CA_2,CA,2468,1
2013-01-03,CA_3,CA,5999,1
2013-01-03,CA_4,CA,1778,1
2013-01-03,TX_1,TX,2796,1
2013-01-03,TX_2,TX,4064,1
2013-01-03,TX_3,TX,3209,1
2013-01-03,WI_1,WI,2630,1
2013-01-03,WI_2,WI,5086,1
2013-01-03,WI_3,WI,4254,1
2013-01-04,CA_1,CA,4134,1
2013-01-04,CA_2,CA,2605,1
2013-01-04,CA_3,CA,5828,1
2013-01-04,CA_4,CA,1959,1
2013-01-04,TX_1,TX,2572,0
2013-01-04,TX_2,TX,3529,0
2013-01-04,TX_3,TX,2760,0
2013-01-04,WI_1,WI,2836,0
2013-01-04,WI_2,WI,3984,0
2013-01-04,WI_3,WI,3535,0
2013-01-05,CA_1,CA,4673,1
2013-01-05,CA_2,CA,3507,1
2013-01-05,CA_3,CA,6842,1
2013-01-05,CA_4,CA,2079,1
2013-01-05,TX_1,TX,3478,1
2013-01-05,TX_2,TX,4583,1
2013-01-05,TX_3,TX,3249,1
2013-01-05,WI_1,WI,4207,1
2013-01-05,WI_2,WI,5581,1
2013-01-05,WI_3,WI,5088,1
2013-01-06,CA_1,CA,4855,1
2013-01-06,CA_2,CA,3174,1
2013-01-06,CA_3,CA,7306,1
2013-01-06,CA_4,CA,2438,1
2013-01-06,TX_1,TX,3508,1
2013-01-06,TX_2,TX,5400,1
2013-01-06,TX_3,TX,3797,1
2013-01-06,WI_1,WI,3475,1
2013-01-06,WI_2,WI,5068,1
2013-01-06,WI_3,WI,4973,1
2013-01-07,CA_1,CA,3738,1
2013-01-07,CA_2,CA,2421,1
2013-01-07,CA_3,CA,5716,1
2013-01-07,CA_4,CA,1930,1
2013-01-07,TX_1,TX,3085,1
2013-01-07,TX_2,TX,4250,1
2013-01-07,TX_3,TX,3309,1
2013-01-07,WI_1,WI,2492,0
2013-01-07,WI_2,WI,3559,0
2013-01-07,WI_3,WI,3017,0
2013-01-08,CA_1,CA,3279,1
2013-01-08,CA_2,CA,2257,1
2013-01-08,CA_3,CA,5828,1
2013-01-08,CA_4,CA,1734,1
2013-01-08,TX_1,TX,2384,0
2013-01-08,TX_2,TX,3099,0
2013-01-08,TX_3,TX,2552,0
2013-01-08,WI_1,WI,2123,1
2013-01-08,WI_2,WI,4211,1
2013-01-08,WI_3,WI,3753,1
2013-01-09,CA_1,CA,2780,1
2013-01-09,CA_2,CA,1936,1
2013-01-09,CA_3,CA,4945,1
2013-01-09,CA_4,CA,1726,1
2013-01-09,TX_1,TX,2321,1
2013-01-09,TX_2,TX,2804,1
2013-01-09,TX_3,TX,2394,1
2013-01-09,WI_1,WI,2353,1
2013-01-09,WI_2,WI,4510,1
2013-01-09,WI_3,WI,3763,1
2013-01-10,CA_1,CA,3308,1
2013-01-10,CA_2,CA,2135,1
2013-01-10,CA_3,CA,5307,1
2013-01-10,CA_4,CA,1865,1
2013-01-10,TX_1,TX,2548,0
2013-01-10,TX_2,TX,3353,0
2013-01-10,TX_3,TX,2501,0
2013-01-10,WI_1,WI,2230,0
2013-01-10,WI_2,WI,3534,0
2013-01-10,WI_3,WI,3012,0
2013-01-11,CA_1,CA,3807,0
2013-01-11,CA_2,CA,2780,0
2013-01-11,CA_3,CA,5169,0
2013-01-11,CA_4,CA,1731,0
2013-01-11,TX_1,TX,2692,1
2013-01-11,TX_2,TX,3800,1
2013-01-11,TX_3,TX,3029,1
2013-01-11,WI_1,WI,3091,1
2013-01-11,WI_2,WI,4271,1
2013-01-11,WI_3,WI,4106,1
2013-01-12,CA_1,CA,4781,0
2013-01-12,CA_2,CA,3689,0
2013-01-12,CA_3,CA,6913,0
2013-01-12,CA_4,CA,2398,0
2013-01-12,TX_1,TX,3532,1
2013-01-12,TX_2,TX,5611,1
2013-01-12,TX_3,TX,3809,1
2013-01-12,WI_1,WI,3893,1
2013-01-12,WI_2,WI,5810,1
2013-01-12,WI_3,WI,5442,1
2013-01-13,CA_1,CA,4465,0
2013-01-13,CA_2,CA,3544,0
2013-01-13,CA_3,CA,7073,0
2013-01-13,CA_4,CA,2178,0
2013-01-13,TX_1,TX,3751,1
2013-01-13,TX_2,TX,4906,1
2013-01-13,TX_3,TX,3712,1
2013-01-13,WI_1,WI,2982,0
2013-01-13,WI_2,WI,3861,0
2013-01-13,WI_3,WI,3735,0
2013-01-14,CA_1,CA,3048,0
2013-01-14,CA_2,CA,2249,0
2013-01-14,CA_3,CA,5048,0
2013-01-14,CA_4,CA,1806,0
2013-01-14,TX_1,TX,2282,0
2013-01-14,TX_2,TX,3304,0
2013-01-14,TX_3,TX,2821,0
2013-01-14,WI_1,WI,2393,1
2013-01-14,WI_2,WI,4317,1
2013-01-14,WI_3,WI,3346,1
2013-01-15,CA_1,CA,2891,0
2013-01-15,CA_2,CA,2347,0
2013-01-15,CA_3,CA,4618,0
2013-01-15,CA_4,CA,1778,0
2013-01-15,TX_1,TX,2498,1
2013-01-15,TX_2,TX,3212,1
2013-01-15,TX_3,TX,2603,1
2013-01-15,WI_1,WI,2599,1
2013-01-15,WI_2,WI,4776,1
2013-01-15,WI_3,WI,3579,1
2013-01-16,CA_1,CA,2731,0
2013-01-16,CA_2,CA,2264,0
2013-01-16,CA_3,CA,4922,0
2013-01-16,CA_4,CA,1681,0
2013-01-16,TX_1,TX,2322,0
2013-01-16,TX_2,TX,3408,0
2013-01-16,TX_3,TX,2462,0
2013-01-16,WI_1,WI,2180,0
2013-01-16,WI_2,WI,3522,0
2013-01-16,WI_3,WI,3310,0
2013-01-17,CA_1,CA,2891,0
2013-01-17,CA_2,CA,2412,0
2013-01-17,CA_3,CA,4713,0
2013-01-17,CA_4,CA,1838,0
2013-01-17,TX_1,TX,2125,0
2013-01-17,TX_2,TX,3348,0
2013-01-17,TX_3,TX,2450,0
2013-01-17,WI_1,WI,2589,0
2013-01-17,WI_2,WI,3108,0
2013-01-17,WI_3,WI,2896,0
2013-01-18,CA_1,CA,3698,0
2013-01-18,CA_2,CA,2747,0
2013-01-18,CA_3,CA,5134,0
2013-01-18,CA_4,CA,1916,0
2013-01-18,TX_1,TX,2646,0
2013-01-18,TX_2,TX,3616,0
2013-01-18,TX_3,TX,2948,0
2013-01-18,WI_1,WI,2967,0
2013-01-18,WI_2,WI,3297,0
2013-01-18,WI_3,WI,3843,0
2013-01-19,CA_1,CA,4801,0
2013-01-19,CA_2,CA,3805,0
2013-01-19,CA_3,CA,6535,0
2013-01-19,CA_4,CA,2530,0
2013-01-19,TX_1,TX,3300,0
2013-01-19,TX_2,TX,4806,0
2013-01-19,TX_3,TX,3335,0
2013-01-19,WI_1,WI,4241,0
2013-01-19,WI_2,WI,4251,0
2013-01-19,WI_3,WI,4663,0
2013-01-20,CA_1,CA,4084,0
2013-01-20,CA_2,CA,3034,0
2013-01-20,CA_3,CA,6065,0
2013-01-20,CA_4,CA,2016,0
2013-01-20,TX_1,TX,3505,0
2013-01-20,TX_2,TX,4793,0
2013-01-20,TX_3,TX,3195,0
2013-01-20,WI_1,WI,3452,0
2013-01-20,WI_2,WI,3322,0
2013-01-20,WI_3,WI,3575,0
2013-01-21,CA_1,CA,3566,0
2013-01-21,CA_2,CA,2789,0
2013-01-21,CA_3,CA,5458,0
2013-01-21,CA_4,CA,2036,0
2013-01-21,TX_1,TX,2662,0
2013-01-21,TX_2,TX,3758,0
2013-01-21,TX_3,TX,2802,0
2013-01-21,WI_1,WI,2148,0
2013-01-21,WI_2,WI,3001,0
2013-01-21,WI_3,WI,2667,0
2013-01-22,CA_1,CA,2764,0
2013-01-22,CA_2,CA,2029,0
2013-01-22,CA_3,CA,4816,0
2013-01-22,CA_4,CA,1759,0
2013-01-22,TX_1,TX,2191,0
2013-01-22,TX_2,TX,2928,0
2013-01-22,TX_3,TX,2397,0
2013-01-22,WI_1,WI,1712,0
2013-01-22,WI_2,WI,2521,0
2013-01-22,WI_3,WI,2439,0
2013-01-23,CA_1,CA,2652,0
2013-01-23,CA_2,CA,1959,0
2013-01-23,CA_3,CA,4354,0
2013-01-23,CA_4,CA,1704,0
2013-01-23,TX_1,TX,2218,0
2013-01-23,TX_2,TX,3022,0
2013-01-23,TX_3,TX,2156,0
2013-01-23,WI_1,WI,2206,0
2013-01-23,WI_2,WI,2761,0
2013-01-23,WI_3,WI,2562,0
2013-01-24,CA_1,CA,2778,0
2013-01-24,CA_2,CA,1791,0
2013-01-24,CA_3,CA,3872,0
2013-01-24,CA_4,CA,1636,0
2013-01-24,TX_1,TX,2112,0
2013-01-24,TX_2,TX,2945,0
2013-01-24,TX_3,TX,2437,0
2013-01-24,WI_1,WI,2102,0
2013-01-24,WI_2,WI,2431,0
2013-01-24,WI_3,WI,2863,0
2013-01-25,CA_1,CA,3278,0
2013-01-25,CA_2,CA,2925,0
2013-01-25,CA_3,CA,4937,0
2013-01-25,CA_4,CA,1994,0
2013-01-25,TX_1,TX,2421,0
2013-01-25,TX_2,TX,3328,0
2013-01-25,TX_3,TX,2475,0
2013-01-25,WI_1,WI,2496,0
2013-01-25,WI_2,WI,2829,0
2013-01-25,WI_3,WI,3169,0
2013-01-26,CA_1,CA,4742,0
2013-01-26,CA_2,CA,4104,0
2013-01-26,CA_3,CA,6517,0
2013-01-26,CA_4,CA,2295,0
2013-01-26,TX_1,TX,3306,0
2013-01-26,TX_2,TX,4268,0
2013-01-26,TX_3,TX,3414,0
2013-01-26,WI_1,WI,3920,0
2013-01-26,WI_2,WI,3910,0
2013-01-26,WI_3,WI,4217,0
2013-01-27,CA_1,CA,4444,0
2013-01-27,CA_2,CA,3664,0
2013-01-27,CA_3,CA,6582,0
2013-01-27,CA_4,CA,2516,0
2013-01-27,TX_1,TX,3323,0
2013-01-27,TX_2,TX,4662,0
2013-01-27,TX_3,TX,3237,0
2013-01-27,WI_1,WI,2744,0
2013-01-27,WI_2,WI,3471,0
2013-01-27,WI_3,WI,3784,0
2013-01-28,CA_1,CA,3054,0
2013-01-28,CA_2,CA,2099,0
2013-01-28,CA_3,CA,4716,0
2013-01-28,CA_4,CA,2055,0
2013-01-28,TX_1,TX,2571,0
2013-01-28,TX_2,TX,3117,0
2013-01-28,TX_3,TX,2660,0
2013-01-28,WI_1,WI,2016,0
2013-01-28,WI_2,WI,2913,0
2013-01-28,WI_3,WI,2595,0
2013-01-29,CA_1,CA,2869,0
2013-01-29,CA_2,CA,2037,0
2013-01-29,CA_3,CA,4615,0
2013-01-29,CA_4,CA,1737,0
2013-01-29,TX_1,TX,1983,0
2013-01-29,TX_2,TX,3068,0
2013-01-29,TX_3,TX,2153,0
2013-01-29,WI_1,WI,1749,0
2013-01-29,WI_2,WI,2698,0
2013-01-29,WI_3,WI,2640,0
2013-01-30,CA_1,CA,2389,0
2013-01-30,CA_2,CA,2235,0
2013-01-30,CA_3,CA,3996,0
2013-01-30,CA_4,CA,1643,0
2013-01-30,TX_1,TX,2015,0
2013-01-30,TX_2,TX,2787,0
2013-01-30,TX_3,TX,2269,0
2013-01-30,WI_1,WI,1571,0
2013-01-30,WI_2,WI,2486,0
2013-01-30,WI_3,WI,2132,0
2013-01-31,CA_1,CA,2984,0
2013-01-31,CA_2,CA,2549,0
2013-01-31,CA_3,CA,4376,0
2013-01-31,CA_4,CA,1876,0
2013-01-31,TX_1,TX,2213,0
2013-01-31,TX_2,TX,2957,0
2013-01-31,TX_3,TX,2307,0
2013-01-31,WI_1,WI,2087,0
2013-01-31,WI_2,WI,2794,0
2013-01-31,WI_3,WI,2608,0
2013-02-01,CA_1,CA,4526,1
2013-02-01,CA_2,CA,3206,1
2013-02-01,CA_3,CA,5718,1
2013-02-01,CA_4,CA,2373,1
2013-02-01,TX_1,TX,3356,1
2013-02-01,TX_2,TX,4537,1
2013-02-01,TX_3,TX,3389,1
2013-02-01,WI_1,WI,2852,0
2013-02-01,WI_2,WI,4785,0
2013-02-01,WI_3,WI,4334,0
2013-02-02,CA_1,CA,6232,1
2013-02-02,CA_2,CA,4463,1
2013-02-02,CA_3,CA,7934,1
2013-02-02,CA_4,CA,3102,1
2013-02-02,TX_1,TX,3774,0
2013-02-02,TX_2,TX,5703,0
2013-02-02,TX_3,TX,3865,0
2013-02-02,WI_1,WI,4488,1
2013-02-02,WI_2,WI,5660,1
2013-02-02,WI_3,WI,5811,1
2013-02-03,CA_1,CA,4018,1
2013-02-03,CA_2,CA,2799,1
2013-02-03,CA_3,CA,6098,1
2013-02-03,CA_4,CA,2450,1
2013-02-03,TX_1,TX,3958,1
2013-02-03,TX_2,TX,4995,1
2013-02-03,TX_3,TX,3721,1
2013-02-03,WI_1,WI,3349,1
2013-02-03,WI_2,WI,5002,1
2013-02-03,WI_3,WI,5168,1
2013-02-04,CA_1,CA,3092,1
2013-02-04,CA_2,CA,2051,1
2013-02-04,CA_3,CA,5364,1
2013-02-04,CA_4,CA,2041,1
2013-02-04,TX_1,TX,2291,0
2013-02-04,TX_2,TX,3437,0
2013-02-04,TX_3,TX,2933,0
2013-02-04,WI_1,WI,1680,0
2013-02-04,WI_2,WI,3020,0
2013-02-04,WI_3,WI,3083,0
2013-02-05,CA_1,CA,2966,1
2013-02-05,CA_2,CA,2385,1
2013-02-05,CA_3,CA,4705,1
2013-02-05,CA_4,CA,1854,1
2013-02-05,TX_1,TX,2835,1
2013-02-05,TX_2,TX,3867,1
2013-02-05,TX_3,TX,2731,1
2013-02-05,WI_1,WI,2242,1
2013-02-05,WI_2,WI,4093,1
2013-02-05,WI_3,WI,3955,1
2013-02-06,CA_1,CA,3097,1
2013-02-06,CA_2,CA,2124,1
2013-02-06,CA_3,CA,4765,1
2013-02-06,CA_4,CA,1938,1
2013-02-06,TX_1,TX,2675,1
2013-02-06,TX_2,TX,3364,1
2013-02-06,TX_3,TX,2738,1
2013-02-06,WI_1,WI,2616,1
2013-02-06,WI_2,WI,4392,1
2013-02-06,WI_3,WI,4228,1
2013-02-07,CA_1,CA,3294,1
2013-02-07,CA_2,CA,2242,1
2013-02-07,CA_3,CA,5046,1
2013-02-07,CA_4,CA,1846,1
2013-02-07,TX_1,TX,2804,1
2013-02-07,TX_2,TX,4175,1
2013-02-07,TX_3,TX,2951,1
2013-02-07,WI_1,WI,1557,0
2013-02-07,WI_2,WI,3143,0
2013-02-07,WI_3,WI,2641,0
2013-02-08,CA_1,CA,3879,1
2013-02-08,CA_2,CA,2664,1
2013-02-08,CA_3,CA,5450,1
2013-02-08,CA_4,CA,1993,1
2013-02-08,TX_1,TX,2964,0
2013-02-08,TX_2,TX,4124,0
2013-02-08,TX_3,TX,3193,0
2013-02-08,WI_1,WI,2596,1
2013-02-08,WI_2,WI,4611,1
2013-02-08,WI_3,WI,4072,1
2013-02-09,CA_1,CA,5346,1
2013-02-09,CA_2,CA,3793,1
2013-02-09,CA_3,CA,6153,1
2013-02-09,CA_4,CA,2196,1
2013-02-09,TX_1,TX,3671,1
2013-02-09,TX_2,TX,5503,1
2013-02-09,TX_3,TX,3920,1
2013-02-09,WI_1,WI,4156,1
2013-02-09,WI_2,WI,5380,1
2013-02-09,WI_3,WI,5734,1
2013-02-10,CA_1,CA,5499,1
2013-02-10,CA_2,CA,3856,1
2013-02-10,CA_3,CA,5449,1
2013-02-10,CA_4,CA,2568,1
2013-02-10,TX_1,TX,4019,0
2013-02-10,TX_2,TX,5674,0
2013-02-10,TX_3,TX,4027,0
2013-02-10,WI_1,WI,3611,0
2013-02-10,WI_2,WI,4654,0
2013-02-10,WI_3,WI,4553,0
2013-02-11,CA_1,CA,4054,0
2013-02-11,CA_2,CA,2590,0
2013-02-11,CA_3,CA,6264,0
2013-02-11,CA_4,CA,1956,0
2013-02-11,TX_1,TX,2803,1
2013-02-11,TX_2,TX,4269,1
2013-02-11,TX_3,TX,2974,1
2013-02-11,WI_1,WI,2344,1
2013-02-11,WI_2,WI,5070,1
2013-02-11,WI_3,WI,4293,1
2013-02-12,CA_1,CA,3242,0
2013-02-12,CA_2,CA,2451,0
2013-02-12,CA_3,CA,5705,0
2013-02-12,CA_4,CA,1893,0
2013-02-12,TX_1,TX,2741,1
2013-02-12,TX_2,TX,4419,1
2013-02-12,TX_3,TX,3246,1
2013-02-12,WI_1,WI,2368,1
2013-02-12,WI_2,WI,5447,1
2013-02-12,WI_3,WI,4629,1
2013-02-13,CA_1,CA,3514,0
2013-02-13,CA_2,CA,2674,0
2013-02-13,CA_3,CA,5925,0
2013-02-13,CA_4,CA,2034,0
2013-02-13,TX_1,TX,3483,1
2013-02-13,TX_2,TX,5124,1
2013-02-13,TX_3,TX,3402,1
2013-02-13,WI_1,WI,2936,0
2013-02-13,WI_2,WI,4906,0
2013-02-13,WI_3,WI,4553,0
2013-02-14,CA_1,CA,2820,0
2013-02-14,CA_2,CA,2324,0
2013-02-14,CA_3,CA,4276,0
2013-02-14,CA_4,CA,1776,0
2013-02-14,TX_1,TX,2525,0
2013-02-14,TX_2,TX,3533,0
2013-02-14,TX_3,TX,2522,0
2013-02-14,WI_1,WI,2377,1
2013-02-14,WI_2,WI,4498,1
2013-02-14,WI_3,WI,3558,1
2013-02-15,CA_1,CA,4121,0
2013-02-15,CA_2,CA,2814,0
2013-02-15,CA_3,CA,5196,0
2013-02-15,CA_4,CA,2047,0
2013-02-15,TX_1,TX,3222,1
2013-02-15,TX_2,TX,4240,1
2013-02-15,TX_3,TX,3169,1
2013-02-15,WI_1,WI,3094,1
2013-02-15,WI_2,WI,5605,1
2013-02-15,WI_3,WI,4752,1
2013-02-16,CA_1,CA,4931,0
2013-02-16,CA_2,CA,3943,0
2013-02-16,CA_3,CA,6403,0
2013-02-16,CA_4,CA,2286,0
2013-02-16,TX_1,TX,3856,0
2013-02-16,TX_2,TX,5122,0
2013-02-16,TX_3,TX,3807,0
2013-02-16,WI_1,WI,4249,0
2013-02-16,WI_2,WI,5427,0
2013-02-16,WI_3,WI,5133,0
2013-02-17,CA_1,CA,4884,0
2013-02-17,CA_2,CA,3367,0
2013-02-17,CA_3,CA,6663,0
2013-02-17,CA_4,CA,2336,0
2013-02-17,TX_1,TX,4003,0
2013-02-17,TX_2,TX,5962,0
2013-02-17,TX_3,TX,4129,0
2013-02-17,WI_1,WI,3966,0
2013-02-17,WI_2,WI,4496,0
2013-02-17,WI_3,WI,4847,0
2013-02-18,CA_1,CA,3947,0
2013-02-18,CA_2,CA,2908,0
2013-02-18,CA_3,CA,6040,0
2013-02-18,CA_4,CA,2181,0
2013-02-18,TX_1,TX,3109,0
2013-02-18,TX_2,TX,4042,0
2013-02-18,TX_3,TX,3335,0
2013-02-18,WI_1,WI,2332,0
2013-02-18,WI_2,WI,3423,0
2013-02-18,WI_3,WI,3321,0
2013-02-19,CA_1,CA,2867,0
2013-02-19,CA_2,CA,2091,0
2013-02-19,CA_3,CA,4805,0
2013-02-19,CA_4,CA,1846,0
2013-02-19,TX_1,TX,2683,0
2013-02-19,TX_2,TX,3696,0
2013-02-19,TX_3,TX,2790,0
2013-02-19,WI_1,WI,1938,0
2013-02-19,WI_2,WI,2743,0
2013-02-19,WI_3,WI,2789,0
2013-02-20,CA_1,CA,3232,0
2013-02-20,CA_2,CA,2489,0
2013-02-20,CA_3,CA,4766,0
2013-02-20,CA_4,CA,1746,0
2013-02-20,TX_1,TX,2741,0
2013-02-20,TX_2,TX,3490,0
2013-02-20,TX_3,TX,2619,0
2013-02-20,WI_1,WI,2358,0
2013-02-20,WI_2,WI,3557,0
2013-02-20,WI_3,WI,3203,0
2013-02-21,CA_1,CA,3408,0
2013-02-21,CA_2,CA,2375,0
2013-02-21,CA_3,CA,4856,0
2013-02-21,CA_4,CA,1619,0
2013-02-21,TX_1,TX,2872,0
2013-02-21,TX_2,TX,3682,0
2013-02-21,TX_3,TX,2743,0
2013-02-21,WI_1,WI,2597,0
2013-02-21,WI_2,WI,3985,0
2013-02-21,WI_3,WI,3271,0
2013-02-22,CA_1,CA,4098,0
2013-02-22,CA_2,CA,2934,0
2013-02-22,CA_3,CA,5303,0
2013-02-22,CA_4,CA,1836,0
2013-02-22,TX_1,TX,2776,0
2013-02-22,TX_2,TX,4097,0
2013-02-22,TX_3,TX,2792,0
2013-02-22,WI_1,WI,2137,0
2013-02-22,WI_2,WI,3712,0
2013-02-22,WI_3,WI,2878,0
2013-02-23,CA_1,CA,4835,0
2013-02-23,CA_2,CA,4521,0
2013-02-23,CA_3,CA,6667,0
2013-02-23,CA_4,CA,2325,0
2013-02-23,TX_1,TX,3559,0
2013-02-23,TX_2,TX,4987,0
2013-02-23,TX_3,TX,3520,0
2013-02-23,WI_1,WI,4059,0
2013-02-23,WI_2,WI,4272,0
2013-02-23,WI_3,WI,4286,0
2013-02-24,CA_1,CA,4711,0
2013-02-24,CA_2,CA,3961,0
2013-02-24,CA_3,CA,7109,0
2013-02-24,CA_4,CA,2577,0
2013-02-24,TX_1,TX,4063,0
2013-02-24,TX_2,TX,5909,0
2013-02-24,TX_3,TX,3722,0
2013-02-24,WI_1,WI,3667,0
2013-02-24,WI_2,WI,4130,0
2013-02-24,WI_3,WI,4293,0
2013-02-25,CA_1,CA,3416,0
2013-02-25,CA_2,CA,2596,0
2013-02-25,CA_3,CA,5587,0
2013-02-25,CA_4,CA,2114,0
2013-02-25,TX_1,TX,2701,0
2013-02-25,TX_2,TX,3857,0
2013-02-25,TX_3,TX,2794,0
2013-02-25,WI_1,WI,2321,0
2013-02-25,WI_2,WI,3293,0
2013-02-25,WI_3,WI,3341,0
2013-02-26,CA_1,CA,2850,0
2013-02-26,CA_2,CA,2179,0
2013-02-26,CA_3,CA,4697,0
2013-02-26,CA_4,CA,1870,0
2013-02-26,TX_1,TX,2570,0
2013-02-26,TX_2,TX,3356,0
2013-02-26,TX_3,TX,2641,0
2013-02-26,WI_1,WI,1768,0
2013-02-26,WI_2,WI,2799,0
2013-02-26,WI_3,WI,2598,0
2013-02-27,CA_1,CA,2953,0
2013-02-27,CA_2,CA,2346,0
2013-02-27,CA_3,CA,4653,0
2013-02-27,CA_4,CA,1892,0
2013-02-27,TX_1,TX,2632,0
2013-02-27,TX_2,TX,3444,0
2013-02-27,TX_3,TX,2427,0
2013-02-27,WI_1,WI,1723,0
2013-02-27,WI_2,WI,3101,0
2013-02-27,WI_3,WI,2713,0
2013-02-28,CA_1,CA,3124,0
2013-02-28,CA_2,CA,2474,0
2013-02-28,CA_3,CA,5031,0
2013-02-28,CA_4,CA,1996,0
2013-02-28,TX_1,TX,2462,0
2013-02-28,TX_2,TX,3522,0
2013-02-28,TX_3,TX,2446,0
2013-02-28,WI_1,WI,2544,0
2013-02-28,WI_2,WI,3390,0
2013-02-28,WI_3,WI,3385,0
2013-03-01,CA_1,CA,4091,1
2013-03-01,CA_2,CA,3457,1
2013-03-01,CA_3,CA,6273,1
2013-03-01,CA_4,CA,2271,1
2013-03-01,TX_1,TX,3317,1
2013-03-01,TX_2,TX,4562,1
2013-03-01,TX_3,TX,3404,1
2013-03-01,WI_1,WI,3463,0
2013-03-01,WI_2,WI,3978,0
2013-03-01,WI_3,WI,4635,0
2013-03-02,CA_1,CA,5468,1
2013-03-02,CA_2,CA,4669,1
2013-03-02,CA_3,CA,7938,1
2013-03-02,CA_4,CA,2419,1
2013-03-02,TX_1,TX,4038,0
2013-03-02,TX_2,TX,5628,0
2013-03-02,TX_3,TX,3534,0
2013-03-02,WI_1,WI,4599,1
2013-03-02,WI_2,WI,5416,1
2013-03-02,WI_3,WI,6063,1
2013-03-03,CA_1,CA,5520,1
2013-03-03,CA_2,CA,3848,1
2013-03-03,CA_3,CA,7599,1
2013-03-03,CA_4,CA,2820,1
2013-03-03,TX_1,TX,4285,1
2013-03-03,TX_2,TX,5454,1
2013-03-03,TX_3,TX,3754,1
2013-03-03,WI_1,WI,3638,1
2013-03-03,WI_2,WI,5787,1
2013-03-03,WI_3,WI,5542,1
2013-03-04,CA_1,CA,3678,1
2013-03-04,CA_2,CA,2552,1
2013-03-04,CA_3,CA,6081,1
2013-03-04,CA_4,CA,2099,1
2013-03-04,TX_1,TX,3041,0
2013-03-04,TX_2,TX,4153,0
2013-03-04,TX_3,TX,2827,0
2013-03-04,WI_1,WI,2655,0
2013-03-04,WI_2,WI,4473,0
2013-03-04,WI_3,WI,4258,0
2013-03-05,CA_1,CA,3182,1
2013-03-05,CA_2,CA,2517,1
2013-03-05,CA_3,CA,5578,1
2013-03-05,CA_4,CA,1804,1
2013-03-05,TX_1,TX,2782,1
2013-03-05,TX_2,TX,3880,1
2013-03-05,TX_3,TX,2989,1
2013-03-05,WI_1,WI,1460,1
2013-03-05,WI_2,WI,4005,1
2013-03-05,WI_3,WI,3039,1
2013-03-06,CA_1,CA,3188,1
2013-03-06,CA_2,CA,2183,1
2013-03-06,CA_3,CA,5244,1
2013-03-06,CA_4,CA,1780,1
2013-03-06,TX_1,TX,2806,1
2013-03-06,TX_2,TX,3811,1
2013-03-06,TX_3,TX,2707,1
2013-03-06,WI_1,WI,2245,1
2013-03-06,WI_2,WI,4051,1
2013-03-06,WI_3,WI,4013,1
2013-03-07,CA_1,CA,3070,1
2013-03-07,CA_2,CA,2358,1
2013-03-07,CA_3,CA,4405,1
2013-03-07,CA_4,CA,1755,1
2013-03-07,TX_1,TX,2830,1
2013-03-07,TX_2,TX,3644,1
2013-03-07,TX_3,TX,2881,1
2013-03-07,WI_1,WI,2303,0
2013-03-07,WI_2,WI,3003,0
2013-03-07,WI_3,WI,3521,0
2013-03-08,CA_1,CA,3943,1
2013-03-08,CA_2,CA,2834,1
2013-03-08,CA_3,CA,5728,1
2013-03-08,CA_4,CA,2199,1
2013-03-08,TX_1,TX,1743,0
2013-03-08,TX_2,TX,4018,0
2013-03-08,TX_3,TX,2881,0
2013-03-08,WI_1,WI,2714,1
2013-03-08,WI_2,WI,3886,1
2013-03-08,WI_3,WI,4346,1
2013-03-09,CA_1,CA,4998,1
2013-03-09,CA_2,CA,4059,1
2013-03-09,CA_3,CA,6932,1
2013-03-09,CA_4,CA,2345,1
2013-03-09,TX_1,TX,3630,1
2013-03-09,TX_2,TX,5025,1
2013-03-09,TX_3,TX,3617,1
2013-03-09,WI_1,WI,3777,1
2013-03-09,WI_2,WI,5056,1
2013-03-09,WI_3,WI,5450,1
2013-03-10,CA_1,CA,4903,1
2013-03-10,CA_2,CA,4163,1
2013-03-10,CA_3,CA,7336,1
2013-03-10,CA_4,CA,2466,1
2013-03-10,TX_1,TX,3809,0
2013-03-10,TX_2,TX,4961,0
2013-03-10,TX_3,TX,3570,0
2013-03-10,WI_1,WI,3289,0
2013-03-10,WI_2,WI,5091,0
2013-03-10,WI_3,WI,4520,0
2013-03-11,CA_1,CA,3638,0
2013-03-11,CA_2,CA,2630,0
2013-03-11,CA_3,CA,6095,0
2013-03-11,CA_4,CA,2185,0
2013-03-11,TX_1,TX,3312,1
2013-03-11,TX_2,TX,4782,1
2013-03-11,TX_3,TX,3237,1
2013-03-11,WI_1,WI,2051,1
2013-03-11,WI_2,WI,4651,1
2013-03-11,WI_3,WI,3857,1
2013-03-12,CA_1,CA,3085,0
2013-03-12,CA_2,CA,2514,0
2013-03-12,CA_3,CA,5134,0
2013-03-12,CA_4,CA,2035,0
2013-03-12,TX_1,TX,3173,1
2013-03-12,TX_2,TX,4073,1
2013-03-12,TX_3,TX,3010,1
2013-03-12,WI_1,WI,2286,1
2013-03-12,WI_2,WI,4409,1
2013-03-12,WI_3,WI,4073,1
2013-03-13,CA_1,CA,2908,0
2013-03-13,CA_2,CA,2335,0
2013-03-13,CA_3,CA,5355,0
2013-03-13,CA_4,CA,1934,0
2013-03-13,TX_1,TX,2878,1
2013-03-13,TX_2,TX,4315,1
2013-03-13,TX_3,TX,2899,1
2013-03-13,WI_1,WI,2287,0
2013-03-13,WI_2,WI,3621,0
2013-03-13,WI_3,WI,3276,0
2013-03-14,CA_1,CA,3214,0
2013-03-14,CA_2,CA,2480,0
2013-03-14,CA_3,CA,5259,0
2013-03-14,CA_4,CA,1951,0
2013-03-14,TX_1,TX,2718,0
2013-03-14,TX_2,TX,3799,0
2013-03-14,TX_3,TX,2893,0
2013-03-14,WI_1,WI,2338,1
2013-03-14,WI_2,WI,4403,1
2013-03-14,WI_3,WI,4112,1
2013-03-15,CA_1,CA,3958,0
2013-03-15,CA_2,CA,3196,0
2013-03-15,CA_3,CA,5521,0
2013-03-15,CA_4,CA,2214,0
2013-03-15,TX_1,TX,2955,1
2013-03-15,TX_2,TX,4640,1
2013-03-15,TX_3,TX,3166,1
2013-03-15,WI_1,WI,2899,1
2013-03-15,WI_2,WI,4772,1
2013-03-15,WI_3,WI,4180,1
2013-03-16,CA_1,CA,4974,0
2013-03-16,CA_2,CA,3824,0
2013-03-16,CA_3,CA,6545,0
2013-03-16,CA_4,CA,2383,0
2013-03-16,TX_1,TX,3452,0
2013-03-16,TX_2,TX,5149,0
2013-03-16,TX_3,TX,3275,0
2013-03-16,WI_1,WI,4254,0
2013-03-16,WI_2,WI,4749,0
2013-03-16,WI_3,WI,5047,0
2013-03-17,CA_1,CA,4889,0
2013-03-17,CA_2,CA,3903,0
2013-03-17,CA_3,CA,7107,0
2013-03-17,CA_4,CA,2340,0
2013-03-17,TX_1,TX,3702,0
2013-03-17,TX_2,TX,5033,0
2013-03-17,TX_3,TX,3626,0
2013-03-17,WI_1,WI,3709,0
2013-03-17,WI_2,WI,3969,0
2013-03-17,WI_3,WI,4292,0
2013-03-18,CA_1,CA,3033,0
2013-03-18,CA_2,CA,2265,0
2013-03-18,CA_3,CA,5780,0
2013-03-18,CA_4,CA,2184,0
2013-03-18,TX_1,TX,2799,0
2013-03-18,TX_2,TX,4080,0
2013-03-18,TX_3,TX,3044,0
2013-03-18,WI_1,WI,1990,0
2013-03-18,WI_2,WI,3102,0
2013-03-18,WI_3,WI,3088,0
2013-03-19,CA_1,CA,2950,0
2013-03-19,CA_2,CA,2319,0
2013-03-19,CA_3,CA,4789,0
2013-03-19,CA_4,CA,1793,0
2013-03-19,TX_1,TX,2456,0
2013-03-19,TX_2,TX,3630,0
2013-03-19,TX_3,TX,2622,0
2013-03-19,WI_1,WI,2134,0
2013-03-19,WI_2,WI,3075,0
2013-03-19,WI_3,WI,3244,0
2013-03-20,CA_1,CA,3215,0
2013-03-20,CA_2,CA,2414,0
2013-03-20,CA_3,CA,5112,0
2013-03-20,CA_4,CA,1975,0
2013-03-20,TX_1,TX,2513,0
2013-03-20,TX_2,TX,3335,0
2013-03-20,TX_3,TX,2470,0
2013-03-20,WI_1,WI,2330,0
2013-03-20,WI_2,WI,3140,0
2013-03-20,WI_3,WI,2952,0
2013-03-21,CA_1,CA,3188,0
2013-03-21,CA_2,CA,2343,0
2013-03-21,CA_3,CA,4990,0
2013-03-21,CA_4,CA,2040,0
2013-03-21,TX_1,TX,2531,0
2013-03-21,TX_2,TX,3589,0
2013-03-21,TX_3,TX,2678,0
2013-03-21,WI_1,WI,2429,0
2013-03-21,WI_2,WI,2908,0
2013-03-21,WI_3,WI,2946,0
2013-03-22,CA_1,CA,4067,0
2013-03-22,CA_2,CA,3244,0
2013-03-22,CA_3,CA,5196,0
2013-03-22,CA_4,CA,1948,0
2013-03-22,TX_1,TX,2742,0
2013-03-22,TX_2,TX,4262,0
2013-03-22,TX_3,TX,2465,0
2013-03-22,WI_1,WI,3075,0
2013-03-22,WI_2,WI,2956,0
2013-03-22,WI_3,WI,3213,0
2013-03-23,CA_1,CA,4724,0
2013-03-23,CA_2,CA,3988,0
2013-03-23,CA_3,CA,6256,0
2013-03-23,CA_4,CA,2567,0
2013-03-23,TX_1,TX,3417,0
2013-03-23,TX_2,TX,4680,0
2013-03-23,TX_3,TX,3170,0
2013-03-23,WI_1,WI,4046,0
2013-03-23,WI_2,WI,3911,0
2013-03-23,WI_3,WI,3861,0
2013-03-24,CA_1,CA,4793,0
2013-03-24,CA_2,CA,3847,0
2013-03-24,CA_3,CA,6295,0
2013-03-24,CA_4,CA,2281,0
2013-03-24,TX_1,TX,3451,0
2013-03-24,TX_2,TX,5246,0
2013-03-24,TX_3,TX,3360,0
2013-03-24,WI_1,WI,3526,0
2013-03-24,WI_2,WI,3967,0
2013-03-24,WI_3,WI,3867,0
2013-03-25,CA_1,CA,3366,0
2013-03-25,CA_2,CA,2571,0
2013-03-25,CA_3,CA,5056,0
2013-03-25,CA_4,CA,2058,0
2013-03-25,TX_1,TX,2435,0
2013-03-25,TX_2,TX,3665,0
2013-03-25,TX_3,TX,2635,0
2013-03-25,WI_1,WI,2122,0
2013-03-25,WI_2,WI,2657,0
2013-03-25,WI_3,WI,3102,0
2013-03-26,CA_1,CA,3110,0
2013-03-26,CA_2,CA,2291,0
2013-03-26,CA_3,CA,4907,0
2013-03-26,CA_4,CA,1790,0
2013-03-26,TX_1,TX,2378,0
2013-03-26,TX_2,TX,3678,0
2013-03-26,TX_3,TX,2409,0
2013-03-26,WI_1,WI,2405,0
2013-03-26,WI_2,WI,2979,0
2013-03-26,WI_3,WI,2685,0
2013-03-27,CA_1,CA,2973,0
2013-03-27,CA_2,CA,2486,0
2013-03-27,CA_3,CA,4912,0
2013-03-27,CA_4,CA,1869,0
2013-03-27,TX_1,TX,2349,0
2013-03-27,TX_2,TX,3443,0
2013-03-27,TX_3,TX,2396,0
2013-03-27,WI_1,WI,2251,0
2013-03-27,WI_2,WI,2778,0
2013-03-27,WI_3,WI,2801,0
2013-03-28,CA_1,CA,3645,0
2013-03-28,CA_2,CA,2601,0
2013-03-28,CA_3,CA,4924,0
2013-03-28,CA_4,CA,1855,0
2013-03-28,TX_1,TX,2404,0
2013-03-28,TX_2,TX,3481,0
2013-03-28,TX_3,TX,2338,0
2013-03-28,WI_1,WI,2603,0
2013-03-28,WI_2,WI,3028,0
2013-03-28,WI_3,WI,2775,0
2013-03-29,CA_1,CA,4468,0
2013-03-29,CA_2,CA,3296,0
2013-03-29,CA_3,CA,5651,0
2013-03-29,CA_4,CA,2317,0
2013-03-29,TX_1,TX,3322,0
2013-03-29,TX_2,TX,4593,0
2013-03-29,TX_3,TX,3408,0
2013-03-29,WI_1,WI,3400,0
2013-03-29,WI_2,WI,3788,0
2013-03-29,WI_3,WI,3824,0
2013-03-30,CA_1,CA,5978,0
2013-03-30,CA_2,CA,4030,0
2013-03-30,CA_3,CA,7036,0
2013-03-30,CA_4,CA,2901,0
2013-03-30,TX_1,TX,3750,0
2013-03-30,TX_2,TX,5219,0
2013-03-30,TX_3,TX,4032,0
2013-03-30,WI_1,WI,4616,0
2013-03-30,WI_2,WI,4508,0
2013-03-30,WI_3,WI,4340,0
2013-03-31,CA_1,CA,4279,0
2013-03-31,CA_2,CA,3747,0
2013-03-31,CA_3,CA,3352,0
2013-03-31,CA_4,CA,2391,0
2013-03-31,TX_1,TX,3989,0
2013-03-31,TX_2,TX,4887,0
2013-03-31,TX_3,TX,3023,0
2013-03-31,WI_1,WI,2303,0
2013-03-31,WI_2,WI,2976,0
2013-03-31,WI_3,WI,3501,0
2013-04-01,CA_1,CA,3545,1
2013-04-01,CA_2,CA,2687,1
2013-04-01,CA_3,CA,6219,1
2013-04-01,CA_4,CA,1976,1
2013-04-01,TX_1,TX,3027,1
2013-04-01,TX_2,TX,4522,1
2013-04-01,TX_3,TX,3196,1
2013-04-01,WI_1,WI,2269,0
2013-04-01,WI_2,WI,3520,0
2013-04-01,WI_3,WI,3561,0
2013-04-02,CA_1,CA,3675,1
2013-04-02,CA_2,CA,2642,1
2013-04-02,CA_3,CA,6163,1
2013-04-02,CA_4,CA,1911,1
2013-04-02,TX_1,TX,2543,0
2013-04-02,TX_2,TX,3541,0
2013-04-02,TX_3,TX,2874,0
2013-04-02,WI_1,WI,2408,1
2013-04-02,WI_2,WI,4543,1
2013-04-02,WI_3,WI,4342,1
2013-04-03,CA_1,CA,3924,1
2013-04-03,CA_2,CA,2835,1
2013-04-03,CA_3,CA,6024,1
2013-04-03,CA_4,CA,1976,1
2013-04-03,TX_1,TX,2223,1
2013-04-03,TX_2,TX,3991,1
2013-04-03,TX_3,TX,2848,1
2013-04-03,WI_1,WI,2619,1
2013-04-03,WI_2,WI,4914,1
2013-04-03,WI_3,WI,4240,1
2013-04-04,CA_1,CA,3938,1
2013-04-04,CA_2,CA,2760,1
2013-04-04,CA_3,CA,5419,1
2013-04-04,CA_4,CA,1992,1
2013-04-04,TX_1,TX,3020,0
2013-04-04,TX_2,TX,3398,0
2013-04-04,TX_3,TX,2507,0
2013-04-04,WI_1,WI,2267,0
2013-04-04,WI_2,WI,3566,0
2013-04-04,WI_3,WI,3307,0
2013-04-05,CA_1,CA,4388,1
2013-04-05,CA_2,CA,2944,1
2013-04-05,CA_3,CA,6548,1
2013-04-05,CA_4,CA,2193,1
2013-04-05,TX_1,TX,2942,1
2013-04-05,TX_2,TX,4459,1
2013-04-05,TX_3,TX,3118,1
2013-04-05,WI_1,WI,2911,1
2013-04-05,WI_2,WI,4345,1
2013-04-05,WI_3,WI,4208,1
2013-04-06,CA_1,CA,5385,1
2013-04-06,CA_2,CA,4289,1
2013-04-06,CA_3,CA,6971,1
2013-04-06,CA_4,CA,2550,1
2013-04-06,TX_1,TX,3832,1
2013-04-06,TX_2,TX,5405,1
2013-04-06,TX_3,TX,3639,1
2013-04-06,WI_1,WI,4176,1
2013-04-06,WI_2,WI,5494,1
2013-04-06,WI_3,WI,5080,1
2013-04-07,CA_1,CA,5683,1
2013-04-07,CA_2,CA,3997,1
2013-04-07,CA_3,CA,7769,1
2013-04-07,CA_4,CA,2888,1
2013-04-07,TX_1,TX,4274,1
2013-04-07,TX_2,TX,5869,1
2013-04-07,TX_3,TX,3822,1
2013-04-07,WI_1,WI,3270,0
2013-04-07,WI_2,WI,4293,0
2013-04-07,WI_3,WI,4579,0
2013-04-08,CA_1,CA,3901,1
2013-04-08,CA_2,CA,2544,1
2013-04-08,CA_3,CA,5897,1
2013-04-08,CA_4,CA,2296,1
2013-04-08,TX_1,TX,2835,0
2013-04-08,TX_2,TX,4164,0
2013-04-08,TX_3,TX,3105,0
2013-04-08,WI_1,WI,2151,1
2013-04-08,WI_2,WI,4516,1
2013-04-08,WI_3,WI,3608,1
2013-04-09,CA_1,CA,3809,1
2013-04-09,CA_2,CA,2458,1
2013-04-09,CA_3,CA,6188,1
2013-04-09,CA_4,CA,2109,1
2013-04-09,TX_1,TX,2879,1
2013-04-09,TX_2,TX,4186,1
2013-04-09,TX_3,TX,2987,1
2013-04-09,WI_1,WI,1857,1
2013-04-09,WI_2,WI,3934,1
2013-04-09,WI_3,WI,3343,1
2013-04-10,CA_1,CA,3653,1
2013-04-10,CA_2,CA,2420,1
2013-04-10,CA_3,CA,5896,1
2013-04-10,CA_4,CA,2261,1
2013-04-10,TX_1,TX,2609,0
2013-04-10,TX_2,TX,3344,0
2013-04-10,TX_3,TX,2439,0
2013-04-10,WI_1,WI,2142,0
2013-04-10,WI_2,WI,3692,0
2013-04-10,WI_3,WI,2985,0
2013-04-11,CA_1,CA,3641,0
2013-04-11,CA_2,CA,2422,0
2013-04-11,CA_3,CA,5673,0
2013-04-11,CA_4,CA,1911,0
2013-04-11,TX_1,TX,2614,1
2013-04-11,TX_2,TX,4060,1
2013-04-11,TX_3,TX,2828,1
2013-04-11,WI_1,WI,2228,1
2013-04-11,WI_2,WI,3984,1
2013-04-11,WI_3,WI,3331,1
2013-04-12,CA_1,CA,3825,0
2013-04-12,CA_2,CA,3078,0
2013-04-12,CA_3,CA,5900,0
2013-04-12,CA_4,CA,1979,0
2013-04-12,TX_1,TX,2894,1
2013-04-12,TX_2,TX,4160,1
2013-04-12,TX_3,TX,2959,1
2013-04-12,WI_1,WI,2825,1
2013-04-12,WI_2,WI,4662,1
2013-04-12,WI_3,WI,3800,1
2013-04-13,CA_1,CA,4737,0
2013-04-13,CA_2,CA,4004,0
2013-04-13,CA_3,CA,7137,0
2013-04-13,CA_4,CA,2382,0
2013-04-13,TX_1,TX,3982,1
2013-04-13,TX_2,TX,5096,1
2013-04-13,TX_3,TX,3458,1
2013-04-13,WI_1,WI,4011,0
2013-04-13,WI_2,WI,4520,0
2013-04-13,WI_3,WI,4318,0
2013-04-14,CA_1,CA,5072,0
2013-04-14,CA_2,CA,3852,0
2013-04-14,CA_3,CA,6924,0
2013-04-14,CA_4,CA,2462,0
2013-04-14,TX_1,TX,4071,0
2013-04-14,TX_2,TX,5366,0
2013-04-14,TX_3,TX,3494,0
2013-04-14,WI_1,WI,3726,1
2013-04-14,WI_2,WI,5378,1
2013-04-14,WI_3,WI,3645,1
2013-04-15,CA_1,CA,3428,0
2013-04-15,CA_2,CA,2508,0
2013-04-15,CA_3,CA,5700,0
2013-04-15,CA_4,CA,2171,0
2013-04-15,TX_1,TX,3391,1
2013-04-15,TX_2,TX,4228,1
2013-04-15,TX_3,TX,3426,1
2013-04-15,WI_1,WI,2323,1
2013-04-15,WI_2,WI,3920,1
2013-04-15,WI_3,WI,3007,1
2013-04-16,CA_1,CA,3016,0
2013-04-16,CA_2,CA,2562,0
2013-04-16,CA_3,CA,5748,0
2013-04-16,CA_4,CA,1854,0
2013-04-16,TX_1,TX,2638,0
2013-04-16,TX_2,TX,3540,0
2013-04-16,TX_3,TX,2815,0
2013-04-16,WI_1,WI,2324,0
2013-04-16,WI_2,WI,3772,0
2013-04-16,WI_3,WI,2770,0
2013-04-17,CA_1,CA,3079,0
2013-04-17,CA_2,CA,2316,0
2013-04-17,CA_3,CA,5300,0
2013-04-17,CA_4,CA,2041,0
2013-04-17,TX_1,TX,2493,0
2013-04-17,TX_2,TX,3448,0
2013-04-17,TX_3,TX,2532,0
2013-04-17,WI_1,WI,1989,0
2013-04-17,WI_2,WI,3339,0
2013-04-17,WI_3,WI,2278,0
2013-04-18,CA_1,CA,3051,0
2013-04-18,CA_2,CA,2502,0
2013-04-18,CA_3,CA,5157,0
2013-04-18,CA_4,CA,1919,0
2013-04-18,TX_1,TX,2355,0
2013-04-18,TX_2,TX,3256,0
2013-04-18,TX_3,TX,2547,0
2013-04-18,WI_1,WI,2184,0
2013-04-18,WI_2,WI,3069,0
2013-04-18,WI_3,WI,2434,0
2013-04-19,CA_1,CA,3887,0
2013-04-19,CA_2,CA,3030,0
2013-04-19,CA_3,CA,5685,0
2013-04-19,CA_4,CA,2208,0
2013-04-19,TX_1,TX,2645,0
2013-04-19,TX_2,TX,4149,0
2013-04-19,TX_3,TX,2841,0
2013-04-19,WI_1,WI,2301,0
2013-04-19,WI_2,WI,3344,0
2013-04-19,WI_3,WI,2739,0
2013-04-20,CA_1,CA,4923,0
2013-04-20,CA_2,CA,4078,0
2013-04-20,CA_3,CA,6862,0
2013-04-20,CA_4,CA,2330,0
2013-04-20,TX_1,TX,3503,0
2013-04-20,TX_2,TX,5106,0
2013-04-20,TX_3,TX,3277,0
2013-04-20,WI_1,WI,3519,0
2013-04-20,WI_2,WI,4047,0
2013-04-20,WI_3,WI,3212,0
2013-04-21,CA_1,CA,5031,0
2013-04-21,CA_2,CA,3821,0
2013-04-21,CA_3,CA,7463,0
2013-04-21,CA_4,CA,2808,0
2013-04-21,TX_1,TX,3534,0
2013-04-21,TX_2,TX,4951,0
2013-04-21,TX_3,TX,3051,0
2013-04-21,WI_1,WI,3014,0
2013-04-21,WI_2,WI,3278,0
2013-04-21,WI_3,WI,2980,0
2013-04-22,CA_1,CA,3625,0
2013-04-22,CA_2,CA,2652,0
2013-04-22,CA_3,CA,5712,0
2013-04-22,CA_4,CA,2262,0
2013-04-22,TX_1,TX,2660,0
2013-04-22,TX_2,TX,3539,0
2013-04-22,TX_3,TX,2736,0
2013-04-22,WI_1,WI,1991,0
2013-04-22,WI_2,WI,2580,0
2013-04-22,WI_3,WI,2194,0
2013-04-23,CA_1,CA,3037,0
2013-04-23,CA_2,CA,2220,0
2013-04-23,CA_3,CA,5432,0
2013-04-23,CA_4,CA,1870,0
2013-04-23,TX_1,TX,2604,0
2013-04-23,TX_2,TX,3402,0
2013-04-23,TX_3,TX,2466,0
2013-04-23,WI_1,WI,1705,0
2013-04-23,WI_2,WI,2329,0
2013-04-23,WI_3,WI,1994,0
2013-04-24,CA_1,CA,3073,0
2013-04-24,CA_2,CA,2389,0
2013-04-24,CA_3,CA,5262,0
2013-04-24,CA_4,CA,1818,0
2013-04-24,TX_1,TX,2470,0
2013-04-24,TX_2,TX,3039,0
2013-04-24,TX_3,TX,2487,0
2013-04-24,WI_1,WI,2263,0
2013-04-24,WI_2,WI,2494,0
2013-04-24,WI_3,WI,2312,0
2013-04-25,CA_1,CA,3194,0
2013-04-25,CA_2,CA,2517,0
2013-04-25,CA_3,CA,4906,0
2013-04-25,CA_4,CA,1916,0
2013-04-25,TX_1,TX,2280,0
2013-04-25,TX_2,TX,3224,0
2013-04-25,TX_3,TX,2293,0
2013-04-25,WI_1,WI,2224,0
2013-04-25,WI_2,WI,2560,0
2013-04-25,WI_3,WI,2362,0
2013-04-26,CA_1,CA,3843,0
2013-04-26,CA_2,CA,2973,0
2013-04-26,CA_3,CA,5150,0
2013-04-26,CA_4,CA,2127,0
2013-04-26,TX_1,TX,2763,0
2013-04-26,TX_2,TX,3936,0
2013-04-26,TX_3,TX,2724,0
2013-04-26,WI_1,WI,2352,0
2013-04-26,WI_2,WI,2804,0
2013-04-26,WI_3,WI,2534,0
2013-04-27,CA_1,CA,4665,0
2013-04-27,CA_2,CA,3889,0
2013-04-27,CA_3,CA,6341,0
2013-04-27,CA_4,CA,2290,0
2013-04-27,TX_1,TX,2311,0
2013-04-27,TX_2,TX,3635,0
2013-04-27,TX_3,TX,2678,0
2013-04-27,WI_1,WI,3145,0
2013-04-27,WI_2,WI,3342,0
2013-04-27,WI_3,WI,3033,0
2013-04-28,CA_1,CA,4723,0
2013-04-28,CA_2,CA,3665,0
2013-04-28,CA_3,CA,6994,0
2013-04-28,CA_4,CA,2646,0
2013-04-28,TX_1,TX,3949,0
2013-04-28,TX_2,TX,4982,0
2013-04-28,TX_3,TX,3276,0
2013-04-28,WI_1,WI,2898,0
2013-04-28,WI_2,WI,2847,0
2013-04-28,WI_3,WI,2922,0
2013-04-29,CA_1,CA,3338,0
2013-04-29,CA_2,CA,2437,0
2013-04-29,CA_3,CA,4975,0
2013-04-29,CA_4,CA,2153,0
2013-04-29,TX_1,TX,2377,0
2013-04-29,TX_2,TX,3014,0
2013-04-29,TX_3,TX,2478,0
2013-04-29,WI_1,WI,2103,0
2013-04-29,WI_2,WI,2376,0
2013-04-29,WI_3,WI,2194,0
2013-04-30,CA_1,CA,3276,0
2013-04-30,CA_2,CA,2609,0
2013-04-30,CA_3,CA,5200,0
2013-04-30,CA_4,CA,2173,0
2013-04-30,TX_1,TX,2389,0
2013-04-30,TX_2,TX,3089,0
2013-04-30,TX_3,TX,2646,0
2013-04-30,WI_1,WI,1807,0
2013-04-30,WI_2,WI,2688,0
2013-04-30,WI_3,WI,2267,0
2013-05-01,CA_1,CA,3456,1
2013-05-01,CA_2,CA,2778,1
2013-05-01,CA_3,CA,5876,1
2013-05-01,CA_4,CA,2176,1
2013-05-01,TX_1,TX,2885,1
2013-05-01,TX_2,TX,3314,1
2013-05-01,TX_3,TX,2998,1
2013-05-01,WI_1,WI,2289,0
2013-05-01,WI_2,WI,3210,0
2013-05-01,WI_3,WI,2376,0
2013-05-02,CA_1,CA,3604,1
2013-05-02,CA_2,CA,2617,1
2013-05-02,CA_3,CA,5882,1
2013-05-02,CA_4,CA,2111,1
2013-05-02,TX_1,TX,2324,0
2013-05-02,TX_2,TX,3402,0
2013-05-02,TX_3,TX,2399,0
2013-05-02,WI_1,WI,2052,1
2013-05-02,WI_2,WI,4225,1
2013-05-02,WI_3,WI,3125,1
2013-05-03,CA_1,CA,4455,1
2013-05-03,CA_2,CA,3147,1
2013-05-03,CA_3,CA,6440,1
2013-05-03,CA_4,CA,2417,1
2013-05-03,TX_1,TX,2816,1
2013-05-03,TX_2,TX,3933,1
2013-05-03,TX_3,TX,2901,1
2013-05-03,WI_1,WI,2816,1
2013-05-03,WI_2,WI,4421,1
2013-05-03,WI_3,WI,3604,1
2013-05-04,CA_1,CA,5225,1
2013-05-04,CA_2,CA,4108,1
2013-05-04,CA_3,CA,6672,1
2013-05-04,CA_4,CA,2765,1
2013-05-04,TX_1,TX,3211,0
2013-05-04,TX_2,TX,4352,0
2013-05-04,TX_3,TX,3237,0
2013-05-04,WI_1,WI,3321,0
2013-05-04,WI_2,WI,4349,0
2013-05-04,WI_3,WI,3572,0
2013-05-05,CA_1,CA,5504,1
2013-05-05,CA_2,CA,3846,1
2013-05-05,CA_3,CA,7015,1
2013-05-05,CA_4,CA,2562,1
2013-05-05,TX_1,TX,3851,1
2013-05-05,TX_2,TX,5063,1
2013-05-05,TX_3,TX,3391,1
2013-05-05,WI_1,WI,3349,1
2013-05-05,WI_2,WI,5014,1
2013-05-05,WI_3,WI,3608,1
2013-05-06,CA_1,CA,4257,1
2013-05-06,CA_2,CA,2555,1
2013-05-06,CA_3,CA,6920,1
2013-05-06,CA_4,CA,2255,1
2013-05-06,TX_1,TX,2746,1
2013-05-06,TX_2,TX,3984,1
2013-05-06,TX_3,TX,3117,1
2013-05-06,WI_1,WI,2250,1
2013-05-06,WI_2,WI,4159,1
2013-05-06,WI_3,WI,3125,1
2013-05-07,CA_1,CA,3645,1
2013-05-07,CA_2,CA,2704,1
2013-05-07,CA_3,CA,5839,1
2013-05-07,CA_4,CA,2120,1
2013-05-07,TX_1,TX,2862,1
2013-05-07,TX_2,TX,3706,1
2013-05-07,TX_3,TX,2927,1
2013-05-07,WI_1,WI,1974,0
2013-05-07,WI_2,WI,3242,0
2013-05-07,WI_3,WI,2654,0
2013-05-08,CA_1,CA,3542,1
2013-05-08,CA_2,CA,2435,1
2013-05-08,CA_3,CA,5429,1
2013-05-08,CA_4,CA,2023,1
2013-05-08,TX_1,TX,2806,0
2013-05-08,TX_2,TX,3654,0
2013-05-08,TX_3,TX,2646,0
2013-05-08,WI_1,WI,2213,1
2013-05-08,WI_2,WI,3613,1
2013-05-08,WI_3,WI,2985,1
2013-05-09,CA_1,CA,3633,1
2013-05-09,CA_2,CA,2570,1
2013-05-09,CA_3,CA,5726,1
2013-05-09,CA_4,CA,2029,1
2013-05-09,TX_1,TX,2740,1
2013-05-09,TX_2,TX,3871,1
2013-05-09,TX_3,TX,2835,1
2013-05-09,WI_1,WI,2311,1
2013-05-09,WI_2,WI,4205,1
2013-05-09,WI_3,WI,3018,1
2013-05-10,CA_1,CA,4292,1
2013-05-10,CA_2,CA,2896,1
2013-05-10,CA_3,CA,6021,1
2013-05-10,CA_4,CA,2253,1
2013-05-10,TX_1,TX,2365,0
2013-05-10,TX_2,TX,3641,0
2013-05-10,TX_3,TX,2513,0
2013-05-10,WI_1,WI,2766,0
2013-05-10,WI_2,WI,3496,0
2013-05-10,WI_3,WI,3254,0
2013-05-11,CA_1,CA,6041,0
2013-05-11,CA_2,CA,3996,0
2013-05-11,CA_3,CA,7547,0
2013-05-11,CA_4,CA,2476,0
2013-05-11,TX_1,TX,3457,1
2013-05-11,TX_2,TX,5193,1
2013-05-11,TX_3,TX,3678,1
2013-05-11,WI_1,WI,3991,1
2013-05-11,WI_2,WI,4819,1
2013-05-11,WI_3,WI,4187,1
2013-05-12,CA_1,CA,4486,0
2013-05-12,CA_2,CA,3317,0
2013-05-12,CA_3,CA,6384,0
2013-05-12,CA_4,CA,2227,0
2013-05-12,TX_1,TX,3702,1
2013-05-12,TX_2,TX,4484,1
2013-05-12,TX_3,TX,3193,1
2013-05-12,WI_1,WI,2536,1
2013-05-12,WI_2,WI,3814,1
2013-05-12,WI_3,WI,3247,1
2013-05-13,CA_1,CA,3791,0
2013-05-13,CA_2,CA,2363,0
2013-05-13,CA_3,CA,6371,0
2013-05-13,CA_4,CA,2365,0
2013-05-13,TX_1,TX,3359,1
2013-05-13,TX_2,TX,4450,1
2013-05-13,TX_3,TX,3275,1
2013-05-13,WI_1,WI,2257,0
2013-05-13,WI_2,WI,3617,0
2013-05-13,WI_3,WI,2761,0
2013-05-14,CA_1,CA,3564,0
2013-05-14,CA_2,CA,2433,0
2013-05-14,CA_3,CA,6192,0
2013-05-14,CA_4,CA,2098,0
2013-05-14,TX_1,TX,2594,0
2013-05-14,TX_2,TX,3839,0
2013-05-14,TX_3,TX,3024,0
2013-05-14,WI_1,WI,2154,1
2013-05-14,WI_2,WI,4128,1
2013-05-14,WI_3,WI,2859,1
2013-05-15,CA_1,CA,3492,0
2013-05-15,CA_2,CA,2697,0
2013-05-15,CA_3,CA,5797,0
2013-05-15,CA_4,CA,2172,0
2013-05-15,TX_1,TX,3254,1
2013-05-15,TX_2,TX,3934,1
2013-05-15,TX_3,TX,2802,1
2013-05-15,WI_1,WI,2609,1
2013-05-15,WI_2,WI,4543,1
2013-05-15,WI_3,WI,3311,1
2013-05-16,CA_1,CA,3701,0
2013-05-16,CA_2,CA,2508,0
2013-05-16,CA_3,CA,5245,0
2013-05-16,CA_4,CA,2108,0
2013-05-16,TX_1,TX,2981,0
2013-05-16,TX_2,TX,3638,0
2013-05-16,TX_3,TX,2881,0
2013-05-16,WI_1,WI,2541,0
2013-05-16,WI_2,WI,3603,0
2013-05-16,WI_3,WI,2731,0
2013-05-17,CA_1,CA,4126,0
2013-05-17,CA_2,CA,2982,0
2013-05-17,CA_3,CA,5569,0
2013-05-17,CA_4,CA,2259,0
2013-05-17,TX_1,TX,3104,0
2013-05-17,TX_2,TX,4011,0
2013-05-17,TX_3,TX,2940,0
2013-05-17,WI_1,WI,3036,0
2013-05-17,WI_2,WI,3831,0
2013-05-17,WI_3,WI,2824,0
2013-05-18,CA_1,CA,4746,0
2013-05-18,CA_2,CA,4048,0
2013-05-18,CA_3,CA,6884,0
2013-05-18,CA_4,CA,2342,0
2013-05-18,TX_1,TX,3865,0
2013-05-18,TX_2,TX,5415,0
2013-05-18,TX_3,TX,3509,0
2013-05-18,WI_1,WI,3433,0
2013-05-18,WI_2,WI,3608,0
2013-05-18,WI_3,WI,2980,0
2013-05-19,CA_1,CA,5470,0
2013-05-19,CA_2,CA,3801,0
2013-05-19,CA_3,CA,7554,0
2013-05-19,CA_4,CA,2808,0
2013-05-19,TX_1,TX,4168,0
2013-05-19,TX_2,TX,5396,0
2013-05-19,TX_3,TX,3776,0
2013-05-19,WI_1,WI,3468,0
2013-05-19,WI_2,WI,3248,0
2013-05-19,WI_3,WI,2984,0
2013-05-20,CA_1,CA,4063,0
2013-05-20,CA_2,CA,2658,0
2013-05-20,CA_3,CA,6203,0
2013-05-20,CA_4,CA,2513,0
2013-05-20,TX_1,TX,3014,0
2013-05-20,TX_2,TX,4054,0
2013-05-20,TX_3,TX,3028,0
2013-05-20,WI_1,WI,2423,0
2013-05-20,WI_2,WI,3112,0
2013-05-20,WI_3,WI,2578,0
2013-05-21,CA_1,CA,3626,0
2013-05-21,CA_2,CA,2563,0
2013-05-21,CA_3,CA,5228,0
2013-05-21,CA_4,CA,2062,0
2013-05-21,TX_1,TX,2621,0
2013-05-21,TX_2,TX,3595,0
2013-05-21,TX_3,TX,2715,0
2013-05-21,WI_1,WI,2446,0
2013-05-21,WI_2,WI,3041,0
2013-05-21,WI_3,WI,2389,0
2013-05-22,CA_1,CA,3473,0
2013-05-22,CA_2,CA,2625,0
2013-05-22,CA_3,CA,5128,0
2013-05-22,CA_4,CA,1870,0
2013-05-22,TX_1,TX,2545,0
2013-05-22,TX_2,TX,3549,0
2013-05-22,TX_3,TX,2818,0
2013-05-22,WI_1,WI,2168,0
2013-05-22,WI_2,WI,2729,0
2013-05-22,WI_3,WI,2030,0
2013-05-23,CA_1,CA,3580,0
2013-05-23,CA_2,CA,2994,0
2013-05-23,CA_3,CA,5111,0
2013-05-23,CA_4,CA,2331,0
2013-05-23,TX_1,TX,2517,0
2013-05-23,TX_2,TX,3579,0
2013-05-23,TX_3,TX,2657,0
2013-05-23,WI_1,WI,2677,0
2013-05-23,WI_2,WI,2861,0
2013-05-23,WI_3,WI,2595,0
2013-05-24,CA_1,CA,4390,0
2013-05-24,CA_2,CA,3355,0
2013-05-24,CA_3,CA,5576,0
2013-05-24,CA_4,CA,2466,0
2013-05-24,TX_1,TX,2763,0
2013-05-24,TX_2,TX,4435,0
2013-05-24,TX_3,TX,3027,0
2013-05-24,WI_1,WI,2989,0
2013-05-24,WI_2,WI,3203,0
2013-05-24,WI_3,WI,2877,0
2013-05-25,CA_1,CA,4766,0
2013-05-25,CA_2,CA,3981,0
2013-05-25,CA_3,CA,6126,0
2013-05-25,CA_4,CA,2297,0
2013-05-25,TX_1,TX,3473,0
2013-05-25,TX_2,TX,5080,0
2013-05-25,TX_3,TX,3263,0
2013-05-25,WI_1,WI,3263,0
2013-05-25,WI_2,WI,3637,0
2013-05-25,WI_3,WI,3257,0
2013-05-26,CA_1,CA,4416,0
2013-05-26,CA_2,CA,3580,0
2013-05-26,CA_3,CA,6076,0
2013-05-26,CA_4,CA,2272,0
2013-05-26,TX_1,TX,3401,0
2013-05-26,TX_2,TX,4997,0
2013-05-26,TX_3,TX,3249,0
2013-05-26,WI_1,WI,2720,0
2013-05-26,WI_2,WI,2750,0
2013-05-26,WI_3,WI,2588,0
2013-05-27,CA_1,CA,4390,0
2013-05-27,CA_2,CA,3807,0
2013-05-27,CA_3,CA,6402,0
2013-05-27,CA_4,CA,2434,0
2013-05-27,TX_1,TX,3237,0
2013-05-27,TX_2,TX,4750,0
2013-05-27,TX_3,TX,3152,0
2013-05-27,WI_1,WI,2844,0
2013-05-27,WI_2,WI,2748,0
2013-05-27,WI_3,WI,2513,0
2013-05-28,CA_1,CA,3575,0
2013-05-28,CA_2,CA,2691,0
2013-05-28,CA_3,CA,5443,0
2013-05-28,CA_4,CA,2215,0
2013-05-28,TX_1,TX,2269,0
2013-05-28,TX_2,TX,3569,0
2013-05-28,TX_3,TX,2770,0
2013-05-28,WI_1,WI,2206,0
2013-05-28,WI_2,WI,2480,0
2013-05-28,WI_3,WI,2080,0
2013-05-29,CA_1,CA,3104,0
2013-05-29,CA_2,CA,2400,0
2013-05-29,CA_3,CA,4846,0
2013-05-29,CA_4,CA,2000,0
2013-05-29,TX_1,TX,2228,0
2013-05-29,TX_2,TX,3177,0
2013-05-29,TX_3,TX,2239,0
2013-05-29,WI_1,WI,2210,0
2013-05-29,WI_2,WI,2444,0
2013-05-29,WI_3,WI,2319,0
2013-05-30,CA_1,CA,3439,0
2013-05-30,CA_2,CA,2402,0
2013-05-30,CA_3,CA,4893,0
2013-05-30,CA_4,CA,1927,0
2013-05-30,TX_1,TX,2554,0
2013-05-30,TX_2,TX,3318,0
2013-05-30,TX_3,TX,2457,0
2013-05-30,WI_1,WI,2237,0
2013-05-30,WI_2,WI,2530,0
2013-05-30,WI_3,WI,2368,0
2013-05-31,CA_1,CA,4393,0
2013-05-31,CA_2,CA,3399,0
2013-05-31,CA_3,CA,6012,0
2013-05-31,CA_4,CA,2409,0
2013-05-31,TX_1,TX,2700,0
2013-05-31,TX_2,TX,4035,0
2013-05-31,TX_3,TX,2911,0
2013-05-31,WI_1,WI,2986,0
2013-05-31,WI_2,WI,4020,0
2013-05-31,WI_3,WI,3221,0
2013-06-01,CA_1,CA,5654,1
2013-06-01,CA_2,CA,3998,1
2013-06-01,CA_3,CA,7176,1
2013-06-01,CA_4,CA,2931,1
2013-06-01,TX_1,TX,3982,1
2013-06-01,TX_2,TX,5810,1
2013-06-01,TX_3,TX,4037,1
2013-06-01,WI_1,WI,3907,0
2013-06-01,WI_2,WI,3835,0
2013-06-01,WI_3,WI,3478,0
2013-06-02,CA_1,CA,5987,1
2013-06-02,CA_2,CA,4157,1
2013-06-02,CA_3,CA,8187,1
2013-06-02,CA_4,CA,3169,1
2013-06-02,TX_1,TX,3503,0
2013-06-02,TX_2,TX,5632,0
2013-06-02,TX_3,TX,3733,0
2013-06-02,WI_1,WI,3586,1
2013-06-02,WI_2,WI,5329,1
2013-06-02,WI_3,WI,4219,1
2013-06-03,CA_1,CA,4602,1
2013-06-03,CA_2,CA,2992,1
2013-06-03,CA_3,CA,6893,1
2013-06-03,CA_4,CA,2337,1
2013-06-03,TX_1,TX,3146,1
2013-06-03,TX_2,TX,4460,1
2013-06-03,TX_3,TX,3574,1
2013-06-03,WI_1,WI,2674,1
2013-06-03,WI_2,WI,4784,1
2013-06-03,WI_3,WI,3783,1
2013-06-04,CA_1,CA,3857,1
2013-06-04,CA_2,CA,2983,1
2013-06-04,CA_3,CA,6232,1
2013-06-04,CA_4,CA,2104,1
2013-06-04,TX_1,TX,2806,0
2013-06-04,TX_2,TX,3800,0
2013-06-04,TX_3,TX,2940,0
2013-06-04,WI_1,WI,2454,0
2013-06-04,WI_2,WI,3641,0
2013-06-04,WI_3,WI,2992,0
2013-06-05,CA_1,CA,4174,1
2013-06-05,CA_2,CA,2959,1
2013-06-05,CA_3,CA,6441,1
2013-06-05,CA_4,CA,2065,1
2013-06-05,TX_1,TX,3705,1
2013-06-05,TX_2,TX,3919,1
2013-06-05,TX_3,TX,2955,1
2013-06-05,WI_1,WI,2493,1
2013-06-05,WI_2,WI,4031,1
2013-06-05,WI_3,WI,3169,1
2013-06-06,CA_1,CA,3048,1
2013-06-06,CA_2,CA,2850,1
2013-06-06,CA_3,CA,5885,1
2013-06-06,CA_4,CA,2313,1
2013-06-06,TX_1,TX,2981,1
2013-06-06,TX_2,TX,4538,1
2013-06-06,TX_3,TX,3001,1
2013-06-06,WI_1,WI,2695,1
2013-06-06,WI_2,WI,3730,1
2013-06-06,WI_3,WI,3125,1
2013-06-07,CA_1,CA,4783,1
2013-06-07,CA_2,CA,3428,1
2013-06-07,CA_3,CA,6594,1
2013-06-07,CA_4,CA,2302,1
2013-06-07,TX_1,TX,3177,1
2013-06-07,TX_2,TX,4715,1
2013-06-07,TX_3,TX,3388,1
2013-06-07,WI_1,WI,2886,0
2013-06-07,WI_2,WI,3466,0
2013-06-07,WI_3,WI,2863,0
2013-06-08,CA_1,CA,5714,1
2013-06-08,CA_2,CA,4221,1
2013-06-08,CA_3,CA,8003,1
2013-06-08,CA_4,CA,2550,1
2013-06-08,TX_1,TX,3772,0
2013-06-08,TX_2,TX,5103,0
2013-06-08,TX_3,TX,3387,0
2013-06-08,WI_1,WI,3688,1
2013-06-08,WI_2,WI,4785,1
2013-06-08,WI_3,WI,3424,1
2013-06-09,CA_1,CA,6091,1
2013-06-09,CA_2,CA,4308,1
2013-06-09,CA_3,CA,8736,1
2013-06-09,CA_4,CA,2738,1
2013-06-09,TX_1,TX,3766,1
2013-06-09,TX_2,TX,5578,1
2013-06-09,TX_3,TX,3973,1
2013-06-09,WI_1,WI,3671,1
2013-06-09,WI_2,WI,5101,1
2013-06-09,WI_3,WI,4202,1
2013-06-10,CA_1,CA,4672,1
2013-06-10,CA_2,CA,2807,1
2013-06-10,CA_3,CA,7537,1
2013-06-10,CA_4,CA,2614,1
2013-06-10,TX_1,TX,3178,0
2013-06-10,TX_2,TX,4262,0
2013-06-10,TX_3,TX,3011,0
2013-06-10,WI_1,WI,2397,0
2013-06-10,WI_2,WI,3418,0
2013-06-10,WI_3,WI,2873,0
2013-06-11,CA_1,CA,3859,0
2013-06-11,CA_2,CA,2708,0
2013-06-11,CA_3,CA,6113,0
2013-06-11,CA_4,CA,2390,0
2013-06-11,TX_1,TX,3133,1
2013-06-11,TX_2,TX,4413,1
2013-06-11,TX_3,TX,2766,1
2013-06-11,WI_1,WI,2418,1
2013-06-11,WI_2,WI,3783,1
2013-06-11,WI_3,WI,3042,1
2013-06-12,CA_1,CA,3765,0
2013-06-12,CA_2,CA,2632,0
2013-06-12,CA_3,CA,5851,0
2013-06-12,CA_4,CA,2091,0
2013-06-12,TX_1,TX,3053,1
2013-06-12,TX_2,TX,4089,1
2013-06-12,TX_3,TX,2910,1
2013-06-12,WI_1,WI,2430,1
2013-06-12,WI_2,WI,4243,1
2013-06-12,WI_3,WI,2878,1
2013-06-13,CA_1,CA,3910,0
2013-06-13,CA_2,CA,2869,0
2013-06-13,CA_3,CA,5782,0
2013-06-13,CA_4,CA,2349,0
2013-06-13,TX_1,TX,3206,1
2013-06-13,TX_2,TX,4279,1
2013-06-13,TX_3,TX,3039,1
2013-06-13,WI_1,WI,2535,0
2013-06-13,WI_2,WI,3509,0
2013-06-13,WI_3,WI,2710,0
2013-06-14,CA_1,CA,4782,0
2013-06-14,CA_2,CA,3550,0
2013-06-14,CA_3,CA,6555,0
2013-06-14,CA_4,CA,2395,0
2013-06-14,TX_1,TX,3168,0
2013-06-14,TX_2,TX,5010,0
2013-06-14,TX_3,TX,3028,0
2013-06-14,WI_1,WI,3220,1
2013-06-14,WI_2,WI,4521,1
2013-06-14,WI_3,WI,3538,1
2013-06-15,CA_1,CA,5526,0
2013-06-15,CA_2,CA,4177,0
2013-06-15,CA_3,CA,7244,0
2013-06-15,CA_4,CA,2498,0
2013-06-15,TX_1,TX,4133,1
2013-06-15,TX_2,TX,5824,1
2013-06-15,TX_3,TX,3555,1
2013-06-15,WI_1,WI,3909,1
2013-06-15,WI_2,WI,5228,1
2013-06-15,WI_3,WI,4215,1
2013-06-16,CA_1,CA,4718,0
2013-06-16,CA_2,CA,3638,0
2013-06-16,CA_3,CA,6787,0
2013-06-16,CA_4,CA,2431,0
2013-06-16,TX_1,TX,4074,0
2013-06-16,TX_2,TX,5072,0
2013-06-16,TX_3,TX,3531,0
2013-06-16,WI_1,WI,2824,0
2013-06-16,WI_2,WI,3352,0
2013-06-16,WI_3,WI,3263,0
2013-06-17,CA_1,CA,3816,0
2013-06-17,CA_2,CA,2684,0
2013-06-17,CA_3,CA,6403,0
2013-06-17,CA_4,CA,2350,0
2013-06-17,TX_1,TX,3017,0
2013-06-17,TX_2,TX,4183,0
2013-06-17,TX_3,TX,3040,0
2013-06-17,WI_1,WI,2405,0
2013-06-17,WI_2,WI,3392,0
2013-06-17,WI_3,WI,2828,0
2013-06-18,CA_1,CA,3772,0
2013-06-18,CA_2,CA,2472,0
2013-06-18,CA_3,CA,5802,0
2013-06-18,CA_4,CA,2177,0
2013-06-18,TX_1,TX,2768,0
2013-06-18,TX_2,TX,3763,0
2013-06-18,TX_3,TX,2686,0
2013-06-18,WI_1,WI,2262,0
2013-06-18,WI_2,WI,3022,0
2013-06-18,WI_3,WI,2453,0
2013-06-19,CA_1,CA,3350,0
2013-06-19,CA_2,CA,2807,0
2013-06-19,CA_3,CA,5639,0
2013-06-19,CA_4,CA,2217,0
2013-06-19,TX_1,TX,2731,0
2013-06-19,TX_2,TX,3868,0
2013-06-19,TX_3,TX,2633,0
2013-06-19,WI_1,WI,2500,0
2013-06-19,WI_2,WI,2875,0
2013-06-19,WI_3,WI,2450,0
2013-06-20,CA_1,CA,3770,0
2013-06-20,CA_2,CA,3032,0
2013-06-20,CA_3,CA,5516,0
2013-06-20,CA_4,CA,2134,0
2013-06-20,TX_1,TX,2810,0
2013-06-20,TX_2,TX,3723,0
2013-06-20,TX_3,TX,2667,0
2013-06-20,WI_1,WI,2440,0
2013-06-20,WI_2,WI,3156,0
2013-06-20,WI_3,WI,2523,0
2013-06-21,CA_1,CA,4870,0
2013-06-21,CA_2,CA,3109,0
2013-06-21,CA_3,CA,6308,0
2013-06-21,CA_4,CA,2392,0
2013-06-21,TX_1,TX,2920,0
2013-06-21,TX_2,TX,4379,0
2013-06-21,TX_3,TX,3159,0
2013-06-21,WI_1,WI,3094,0
2013-06-21,WI_2,WI,3363,0
2013-06-21,WI_3,WI,3109,0
2013-06-22,CA_1,CA,5213,0
2013-06-22,CA_2,CA,4128,0
2013-06-22,CA_3,CA,7192,0
2013-06-22,CA_4,CA,2499,0
2013-06-22,TX_1,TX,3799,0
2013-06-22,TX_2,TX,5222,0
2013-06-22,TX_3,TX,3784,0
2013-06-22,WI_1,WI,3515,0
2013-06-22,WI_2,WI,3708,0
2013-06-22,WI_3,WI,3216,0
2013-06-23,CA_1,CA,5505,0
2013-06-23,CA_2,CA,4385,0
2013-06-23,CA_3,CA,7651,0
2013-06-23,CA_4,CA,2431,0
2013-06-23,TX_1,TX,4083,0
2013-06-23,TX_2,TX,5231,0
2013-06-23,TX_3,TX,3952,0
2013-06-23,WI_1,WI,3410,0
2013-06-23,WI_2,WI,3388,0
2013-06-23,WI_3,WI,3239,0
2013-06-24,CA_1,CA,3985,0
2013-06-24,CA_2,CA,2802,0
2013-06-24,CA_3,CA,6080,0
2013-06-24,CA_4,CA,2649,0
2013-06-24,TX_1,TX,3051,0
2013-06-24,TX_2,TX,4101,0
2013-06-24,TX_3,TX,3228,0
2013-06-24,WI_1,WI,2526,0
2013-06-24,WI_2,WI,3028,0
2013-06-24,WI_3,WI,2668,0
2013-06-25,CA_1,CA,3641,0
2013-06-25,CA_2,CA,2847,0
2013-06-25,CA_3,CA,5820,0
2013-06-25,CA_4,CA,2312,0
2013-06-25,TX_1,TX,2728,0
2013-06-25,TX_2,TX,3623,0
2013-06-25,TX_3,TX,2894,0
2013-06-25,WI_1,WI,2301,0
2013-06-25,WI_2,WI,2966,0
2013-06-25,WI_3,WI,2471,0
2013-06-26,CA_1,CA,3719,0
2013-06-26,CA_2,CA,2679,0
2013-06-26,CA_3,CA,5331,0
2013-06-26,CA_4,CA,2167,0
2013-06-26,TX_1,TX,2510,0
2013-06-26,TX_2,TX,3725,0
2013-06-26,TX_3,TX,2788,0
2013-06-26,WI_1,WI,2338,0
2013-06-26,WI_2,WI,2794,0
2013-06-26,WI_3,WI,2305,0
2013-06-27,CA_1,CA,3635,0
2013-06-27,CA_2,CA,3085,0
2013-06-27,CA_3,CA,5589,0
2013-06-27,CA_4,CA,2269,0
2013-06-27,TX_1,TX,2713,0
2013-06-27,TX_2,TX,3862,0
2013-06-27,TX_3,TX,2559,0
2013-06-27,WI_1,WI,2466,0
2013-06-27,WI_2,WI,2964,0
2013-06-27,WI_3,WI,2315,0
2013-06-28,CA_1,CA,4895,0
2013-06-28,CA_2,CA,3631,0
2013-06-28,CA_3,CA,6528,0
2013-06-28,CA_4,CA,2558,0
2013-06-28,TX_1,TX,2870,0
2013-06-28,TX_2,TX,4402,0
2013-06-28,TX_3,TX,3081,0
2013-06-28,WI_1,WI,2824,0
2013-06-28,WI_2,WI,3203,0
2013-06-28,WI_3,WI,2761,0
2013-06-29,CA_1,CA,5485,0
2013-06-29,CA_2,CA,4639,0
2013-06-29,CA_3,CA,8354,0
2013-06-29,CA_4,CA,2886,0
2013-06-29,TX_1,TX,3520,0
2013-06-29,TX_2,TX,5584,0
2013-06-29,TX_3,TX,3652,0
2013-06-29,WI_1,WI,3567,0
2013-06-29,WI_2,WI,3848,0
2013-06-29,WI_3,WI,3414,0
2013-06-30,CA_1,CA,5782,0
2013-06-30,CA_2,CA,4135,0
2013-06-30,CA_3,CA,8163,0
2013-06-30,CA_4,CA,2964,0
2013-06-30,TX_1,TX,4085,0
2013-06-30,TX_2,TX,5585,0
2013-06-30,TX_3,TX,3869,0
2013-06-30,WI_1,WI,3494,0
2013-06-30,WI_2,WI,3245,0
2013-06-30,WI_3,WI,3501,0
2013-07-01,CA_1,CA,5052,1
2013-07-01,CA_2,CA,3091,1
2013-07-01,CA_3,CA,7599,1
2013-07-01,CA_4,CA,2558,1
2013-07-01,TX_1,TX,3255,1
2013-07-01,TX_2,TX,4559,1
2013-07-01,TX_3,TX,3683,1
2013-07-01,WI_1,WI,2489,0
2013-07-01,WI_2,WI,3674,0
2013-07-01,WI_3,WI,2756,0
2013-07-02,CA_1,CA,4745,1
2013-07-02,CA_2,CA,3195,1
2013-07-02,CA_3,CA,7238,1
2013-07-02,CA_4,CA,2527,1
2013-07-02,TX_1,TX,2817,0
2013-07-02,TX_2,TX,3894,0
2013-07-02,TX_3,TX,2837,0
2013-07-02,WI_1,WI,2506,1
2013-07-02,WI_2,WI,3940,1
2013-07-02,WI_3,WI,3543,1
2013-07-03,CA_1,CA,5295,1
2013-07-03,CA_2,CA,3617,1
2013-07-03,CA_3,CA,8136,1
2013-07-03,CA_4,CA,2846,1
2013-07-03,TX_1,TX,3139,1
2013-07-03,TX_2,TX,4922,1
2013-07-03,TX_3,TX,3583,1
2013-07-03,WI_1,WI,3353,1
2013-07-03,WI_2,WI,4850,1
2013-07-03,WI_3,WI,4258,1
2013-07-04,CA_1,CA,4607,1
2013-07-04,CA_2,CA,3066,1
2013-07-04,CA_3,CA,7170,1
2013-07-04,CA_4,CA,2444,1
2013-07-04,TX_1,TX,3325,0
2013-07-04,TX_2,TX,4845,0
2013-07-04,TX_3,TX,3078,0
2013-07-04,WI_1,WI,2295,0
2013-07-04,WI_2,WI,3062,0
2013-07-04,WI_3,WI,2891,0
2013-07-05,CA_1,CA,5104,1
2013-07-05,CA_2,CA,3626,1
2013-07-05,CA_3,CA,7053,1
2013-07-05,CA_4,CA,2341,1
2013-07-05,TX_1,TX,3309,1
2013-07-05,TX_2,TX,4930,1
2013-07-05,TX_3,TX,3445,1
2013-07-05,WI_1,WI,3216,1
2013-07-05,WI_2,WI,4195,1
2013-07-05,WI_3,WI,3588,1
2013-07-06,CA_1,CA,4853,1
2013-07-06,CA_2,CA,3636,1
2013-07-06,CA_3,CA,7123,1
2013-07-06,CA_4,CA,2231,1
2013-07-06,TX_1,TX,3656,1
2013-07-06,TX_2,TX,5352,1
2013-07-06,TX_3,TX,3758,1
2013-07-06,WI_1,WI,3014,1
2013-07-06,WI_2,WI,4438,1
2013-07-06,WI_3,WI,3771,1
2013-07-07,CA_1,CA,6065,1
2013-07-07,CA_2,CA,3760,1
2013-07-07,CA_3,CA,8035,1
2013-07-07,CA_4,CA,2835,1
2013-07-07,TX_1,TX,4011,1
2013-07-07,TX_2,TX,5215,1
2013-07-07,TX_3,TX,4131,1
2013-07-07,WI_1,WI,2975,0
2013-07-07,WI_2,WI,3881,0
2013-07-07,WI_3,WI,3716,0
2013-07-08,CA_1,CA,4430,1
2013-07-08,CA_2,CA,2662,1
2013-07-08,CA_3,CA,6899,1
2013-07-08,CA_4,CA,2484,1
2013-07-08,TX_1,TX,2903,0
2013-07-08,TX_2,TX,4184,0
2013-07-08,TX_3,TX,3039,0
2013-07-08,WI_1,WI,2471,1
2013-07-08,WI_2,WI,4625,1
2013-07-08,WI_3,WI,3763,1
2013-07-09,CA_1,CA,4176,1
2013-07-09,CA_2,CA,2776,1
2013-07-09,CA_3,CA,6717,1
2013-07-09,CA_4,CA,2435,1
2013-07-09,TX_1,TX,2957,1
2013-07-09,TX_2,TX,4368,1
2013-07-09,TX_3,TX,3080,1
2013-07-09,WI_1,WI,2737,1
2013-07-09,WI_2,WI,4824,1
2013-07-09,WI_3,WI,3183,1
2013-07-10,CA_1,CA,4183,1
2013-07-10,CA_2,CA,2847,1
2013-07-10,CA_3,CA,6803,1
2013-07-10,CA_4,CA,2206,1
2013-07-10,TX_1,TX,2707,0
2013-07-10,TX_2,TX,3769,0
2013-07-10,TX_3,TX,2608,0
2013-07-10,WI_1,WI,2616,0
2013-07-10,WI_2,WI,3938,0
2013-07-10,WI_3,WI,2902,0
2013-07-11,CA_1,CA,3976,0
2013-07-11,CA_2,CA,2825,0
2013-07-11,CA_3,CA,5824,0
2013-07-11,CA_4,CA,2298,0
2013-07-11,TX_1,TX,3085,1
2013-07-11,TX_2,TX,4465,1
2013-07-11,TX_3,TX,3268,1
2013-07-11,WI_1,WI,2781,1
2013-07-11,WI_2,WI,4522,1
2013-07-11,WI_3,WI,3317,1
2013-07-12,CA_1,CA,4910,0
2013-07-12,CA_2,CA,3292,0
2013-07-12,CA_3,CA,6412,0
2013-07-12,CA_4,CA,2293,0
2013-07-12,TX_1,TX,3685,1
2013-07-12,TX_2,TX,5046,1
2013-07-12,TX_3,TX,3514,1
2013-07-12,WI_1,WI,3211,1
2013-07-12,WI_2,WI,4941,1
2013-07-12,WI_3,WI,3975,1
2013-07-13,CA_1,CA,5275,0
2013-07-13,CA_2,CA,4045,0
2013-07-13,CA_3,CA,7117,0
2013-07-13,CA_4,CA,2610,0
2013-07-13,TX_1,TX,4256,1
2013-07-13,TX_2,TX,5832,1
2013-07-13,TX_3,TX,4139,1
2013-07-13,WI_1,WI,3691,0
2013-07-13,WI_2,WI,4278,0
2013-07-13,WI_3,WI,3942,0
2013-07-14,CA_1,CA,6037,0
2013-07-14,CA_2,CA,4153,0
2013-07-14,CA_3,CA,7497,0
2013-07-14,CA_4,CA,2607,0
2013-07-14,TX_1,TX,4084,0
2013-07-14,TX_2,TX,5604,0
2013-07-14,TX_3,TX,3748,0
2013-07-14,WI_1,WI,3617,1
2013-07-14,WI_2,WI,4826,1
2013-07-14,WI_3,WI,4499,1
2013-07-15,CA_1,CA,4116,0
2013-07-15,CA_2,CA,2658,0
2013-07-15,CA_3,CA,6096,0
2013-07-15,CA_4,CA,2663,0
2013-07-15,TX_1,TX,3210,1
2013-07-15,TX_2,TX,4495,1
2013-07-15,TX_3,TX,3378,1
2013-07-15,WI_1,WI,2926,1
2013-07-15,WI_2,WI,4599,1
2013-07-15,WI_3,WI,3483,1
2013-07-16,CA_1,CA,3851,0
2013-07-16,CA_2,CA,2741,0
2013-07-16,CA_3,CA,5689,0
2013-07-16,CA_4,CA,2221,0
2013-07-16,TX_1,TX,2585,0
2013-07-16,TX_2,TX,3913,0
2013-07-16,TX_3,TX,2870,0
2013-07-16,WI_1,WI,2771,0
2013-07-16,WI_2,WI,4263,0
2013-07-16,WI_3,WI,3033,0
2013-07-17,CA_1,CA,3764,0
2013-07-17,CA_2,CA,2959,0
2013-07-17,CA_3,CA,5708,0
2013-07-17,CA_4,CA,2077,0
2013-07-17,TX_1,TX,2538,0
2013-07-17,TX_2,TX,3749,0
2013-07-17,TX_3,TX,2741,0
2013-07-17,WI_1,WI,2678,0
2013-07-17,WI_2,WI,3430,0
2013-07-17,WI_3,WI,2823,0
2013-07-18,CA_1,CA,3892,0
2013-07-18,CA_2,CA,3011,0
2013-07-18,CA_3,CA,5808,0
2013-07-18,CA_4,CA,2260,0
2013-07-18,TX_1,TX,2582,0
2013-07-18,TX_2,TX,4104,0
2013-07-18,TX_3,TX,3054,0
2013-07-18,WI_1,WI,2910,0
2013-07-18,WI_2,WI,3311,0
2013-07-18,WI_3,WI,2989,0
2013-07-19,CA_1,CA,4674,0
2013-07-19,CA_2,CA,3332,0
2013-07-19,CA_3,CA,5898,0
2013-07-19,CA_4,CA,2479,0
2013-07-19,TX_1,TX,2556,0
2013-07-19,TX_2,TX,4455,0
2013-07-19,TX_3,TX,2897,0
2013-07-19,WI_1,WI,3074,0
2013-07-19,WI_2,WI,3519,0
2013-07-19,WI_3,WI,3310,0
2013-07-20,CA_1,CA,5538,0
2013-07-20,CA_2,CA,4275,0
2013-07-20,CA_3,CA,7319,0
2013-07-20,CA_4,CA,2600,0
2013-07-20,TX_1,TX,3119,0
2013-07-20,TX_2,TX,5166,0
2013-07-20,TX_3,TX,3236,0
2013-07-20,WI_1,WI,3539,0
2013-07-20,WI_2,WI,3523,0
2013-07-20,WI_3,WI,3212,0
2013-07-21,CA_1,CA,5913,0
2013-07-21,CA_2,CA,4230,0
2013-07-21,CA_3,CA,7857,0
2013-07-21,CA_4,CA,2560,0
2013-07-21,TX_1,TX,3406,0
2013-07-21,TX_2,TX,5490,0
2013-07-21,TX_3,TX,3643,0
2013-07-21,WI_1,WI,3140,0
2013-07-21,WI_2,WI,2917,0
2013-07-21,WI_3,WI,2883,0
2013-07-22,CA_1,CA,3938,0
2013-07-22,CA_2,CA,2566,0
2013-07-22,CA_3,CA,5996,0
2013-07-22,CA_4,CA,2281,0
2013-07-22,TX_1,TX,2618,0
2013-07-22,TX_2,TX,4097,0
2013-07-22,TX_3,TX,2919,0
2013-07-22,WI_1,WI,2458,0
2013-07-22,WI_2,WI,2770,0
2013-07-22,WI_3,WI,2560,0
2013-07-23,CA_1,CA,3885,0
2013-07-23,CA_2,CA,2590,0
2013-07-23,CA_3,CA,5958,0
2013-07-23,CA_4,CA,2157,0
2013-07-23,TX_1,TX,2652,0
2013-07-23,TX_2,TX,3827,0
2013-07-23,TX_3,TX,2941,0
2013-07-23,WI_1,WI,2448,0
2013-07-23,WI_2,WI,2609,0
2013-07-23,WI_3,WI,2237,0
2013-07-24,CA_1,CA,3693,0
2013-07-24,CA_2,CA,2861,0
2013-07-24,CA_3,CA,5497,0
2013-07-24,CA_4,CA,2296,0
2013-07-24,TX_1,TX,2638,0
2013-07-24,TX_2,TX,4357,0
2013-07-24,TX_3,TX,2667,0
2013-07-24,WI_1,WI,2393,0
2013-07-24,WI_2,WI,2824,0
2013-07-24,WI_3,WI,2242,0
2013-07-25,CA_1,CA,3748,0
2013-07-25,CA_2,CA,2926,0
2013-07-25,CA_3,CA,5974,0
2013-07-25,CA_4,CA,2359,0
2013-07-25,TX_1,TX,2371,0
2013-07-25,TX_2,TX,4043,0
2013-07-25,TX_3,TX,2783,0
2013-07-25,WI_1,WI,2533,0
2013-07-25,WI_2,WI,2645,0
2013-07-25,WI_3,WI,2434,0
2013-07-26,CA_1,CA,4248,0
2013-07-26,CA_2,CA,3571,0
2013-07-26,CA_3,CA,6244,0
2013-07-26,CA_4,CA,2289,0
2013-07-26,TX_1,TX,2814,0
2013-07-26,TX_2,TX,4636,0
2013-07-26,TX_3,TX,3319,0
2013-07-26,WI_1,WI,3188,0
2013-07-26,WI_2,WI,3417,0
2013-07-26,WI_3,WI,3117,0
2013-07-27,CA_1,CA,4708,0
2013-07-27,CA_2,CA,4311,0
2013-07-27,CA_3,CA,7509,0
2013-07-27,CA_4,CA,2758,0
2013-07-27,TX_1,TX,3311,0
2013-07-27,TX_2,TX,5170,0
2013-07-27,TX_3,TX,3879,0
2013-07-27,WI_1,WI,3505,0
2013-07-27,WI_2,WI,3418,0
2013-07-27,WI_3,WI,3103,0
2013-07-28,CA_1,CA,5291,0
2013-07-28,CA_2,CA,3936,0
2013-07-28,CA_3,CA,7187,0
2013-07-28,CA_4,CA,2639,0
2013-07-28,TX_1,TX,3702,0
2013-07-28,TX_2,TX,5484,0
2013-07-28,TX_3,TX,3484,0
2013-07-28,WI_1,WI,3148,0
2013-07-28,WI_2,WI,2691,0
2013-07-28,WI_3,WI,2918,0
2013-07-29,CA_1,CA,4008,0
2013-07-29,CA_2,CA,2594,0
2013-07-29,CA_3,CA,5994,0
2013-07-29,CA_4,CA,2526,0
2013-07-29,TX_1,TX,2800,0
2013-07-29,TX_2,TX,4198,0
2013-07-29,TX_3,TX,2877,0
2013-07-29,WI_1,WI,2091,0
2013-07-29,WI_2,WI,2378,0
2013-07-29,WI_3,WI,2297,0
2013-07-30,CA_1,CA,3702,0
2013-07-30,CA_2,CA,2801,0
2013-07-30,CA_3,CA,5437,0
2013-07-30,CA_4,CA,2153,0
2013-07-30,TX_1,TX,2530,0
2013-07-30,TX_2,TX,3650,0
2013-07-30,TX_3,TX,2764,0
2013-07-30,WI_1,WI,2339,0
2013-07-30,WI_2,WI,2573,0
2013-07-30,WI_3,WI,2213,0
2013-07-31,CA_1,CA,3611,0
2013-07-31,CA_2,CA,2807,0
2013-07-31,CA_3,CA,6026,0
2013-07-31,CA_4,CA,1997,0
2013-07-31,TX_1,TX,2473,0
2013-07-31,TX_2,TX,3785,0
2013-07-31,TX_3,TX,2586,0
2013-07-31,WI_1,WI,2589,0
2013-07-31,WI_2,WI,3060,0
2013-07-31,WI_3,WI,2321,0
2013-08-01,CA_1,CA,4382,1
2013-08-01,CA_2,CA,3240,1
2013-08-01,CA_3,CA,6908,1
2013-08-01,CA_4,CA,2132,1
2013-08-01,TX_1,TX,3476,1
2013-08-01,TX_2,TX,4625,1
2013-08-01,TX_3,TX,3640,1
2013-08-01,WI_1,WI,2397,0
2013-08-01,WI_2,WI,3354,0
2013-08-01,WI_3,WI,3155,0
2013-08-02,CA_1,CA,5314,1
2013-08-02,CA_2,CA,3343,1
2013-08-02,CA_3,CA,6880,1
2013-08-02,CA_4,CA,2337,1
2013-08-02,TX_1,TX,3246,0
2013-08-02,TX_2,TX,4770,0
2013-08-02,TX_3,TX,3705,0
2013-08-02,WI_1,WI,3026,1
2013-08-02,WI_2,WI,4589,1
2013-08-02,WI_3,WI,4453,1
2013-08-03,CA_1,CA,5888,1
2013-08-03,CA_2,CA,4194,1
2013-08-03,CA_3,CA,7667,1
2013-08-03,CA_4,CA,2713,1
2013-08-03,TX_1,TX,3905,1
2013-08-03,TX_2,TX,5875,1
2013-08-03,TX_3,TX,3819,1
2013-08-03,WI_1,WI,3571,1
2013-08-03,WI_2,WI,5135,1
2013-08-03,WI_3,WI,4338,1
2013-08-04,CA_1,CA,5541,1
2013-08-04,CA_2,CA,4062,1
2013-08-04,CA_3,CA,8137,1
2013-08-04,CA_4,CA,2699,1
2013-08-04,TX_1,TX,3927,0
2013-08-04,TX_2,TX,5927,0
2013-08-04,TX_3,TX,3690,0
2013-08-04,WI_1,WI,2915,0
2013-08-04,WI_2,WI,3903,0
2013-08-04,WI_3,WI,3638,0
2013-08-05,CA_1,CA,4726,1
2013-08-05,CA_2,CA,2826,1
2013-08-05,CA_3,CA,7259,1
2013-08-05,CA_4,CA,2309,1
2013-08-05,TX_1,TX,3381,1
2013-08-05,TX_2,TX,4701,1
2013-08-05,TX_3,TX,3546,1
2013-08-05,WI_1,WI,2362,1
2013-08-05,WI_2,WI,4532,1
2013-08-05,WI_3,WI,3507,1
2013-08-06,CA_1,CA,4153,1
2013-08-06,CA_2,CA,2722,1
2013-08-06,CA_3,CA,6178,1
2013-08-06,CA_4,CA,2242,1
2013-08-06,TX_1,TX,3149,1
2013-08-06,TX_2,TX,4365,1
2013-08-06,TX_3,TX,3445,1
2013-08-06,WI_1,WI,2624,1
2013-08-06,WI_2,WI,4430,1
2013-08-06,WI_3,WI,3386,1
2013-08-07,CA_1,CA,4360,1
2013-08-07,CA_2,CA,2624,1
2013-08-07,CA_3,CA,6541,1
2013-08-07,CA_4,CA,2191,1
2013-08-07,TX_1,TX,3308,1
2013-08-07,TX_2,TX,4360,1
2013-08-07,TX_3,TX,3230,1
2013-08-07,WI_1,WI,2486,0
2013-08-07,WI_2,WI,3207,0
2013-08-07,WI_3,WI,2772,0
2013-08-08,CA_1,CA,4249,1
2013-08-08,CA_2,CA,2717,1
2013-08-08,CA_3,CA,6419,1
2013-08-08,CA_4,CA,2163,1
2013-08-08,TX_1,TX,2829,0
2013-08-08,TX_2,TX,3809,0
2013-08-08,TX_3,TX,3027,0
2013-08-08,WI_1,WI,2496,1
2013-08-08,WI_2,WI,4265,1
2013-08-08,WI_3,WI,2912,1
2013-08-09,CA_1,CA,4789,1
2013-08-09,CA_2,CA,3177,1
2013-08-09,CA_3,CA,6881,1
2013-08-09,CA_4,CA,2438,1
2013-08-09,TX_1,TX,3416,1
2013-08-09,TX_2,TX,5514,1
2013-08-09,TX_3,TX,3634,1
2013-08-09,WI_1,WI,2898,1
2013-08-09,WI_2,WI,4371,1
2013-08-09,WI_3,WI,3581,1
2013-08-10,CA_1,CA,6308,1
2013-08-10,CA_2,CA,4358,1
2013-08-10,CA_3,CA,7841,1
2013-08-10,CA_4,CA,2544,1
2013-08-10,TX_1,TX,3735,0
2013-08-10,TX_2,TX,5370,0
2013-08-10,TX_3,TX,3847,0
2013-08-10,WI_1,WI,3466,0
2013-08-10,WI_2,WI,3990,0
2013-08-10,WI_3,WI,3453,0
2013-08-11,CA_1,CA,6276,0
2013-08-11,CA_2,CA,4111,0
2013-08-11,CA_3,CA,7667,0
2013-08-11,CA_4,CA,2722,0
2013-08-11,TX_1,TX,4218,1
2013-08-11,TX_2,TX,5938,1
2013-08-11,TX_3,TX,4605,1
2013-08-11,WI_1,WI,3305,1
2013-08-11,WI_2,WI,4795,1
2013-08-11,WI_3,WI,3883,1
2013-08-12,CA_1,CA,4561,0
2013-08-12,CA_2,CA,2733,0
2013-08-12,CA_3,CA,6829,0
2013-08-12,CA_4,CA,2494,0
2013-08-12,TX_1,TX,3231,1
2013-08-12,TX_2,TX,4516,1
2013-08-12,TX_3,TX,3485,1
2013-08-12,WI_1,WI,2875,1
2013-08-12,WI_2,WI,4426,1
2013-08-12,WI_3,WI,3603,1
2013-08-13,CA_1,CA,3775,0
2013-08-13,CA_2,CA,2571,0
2013-08-13,CA_3,CA,6336,0
2013-08-13,CA_4,CA,2256,0
2013-08-13,TX_1,TX,3208,1
2013-08-13,TX_2,TX,4287,1
2013-08-13,TX_3,TX,3949,1
2013-08-13,WI_1,WI,2521,0
2013-08-13,WI_2,WI,3441,0
2013-08-13,WI_3,WI,2800,0
2013-08-14,CA_1,CA,3762,0
2013-08-14,CA_2,CA,3066,0
2013-08-14,CA_3,CA,5641,0
2013-08-14,CA_4,CA,2410,0
2013-08-14,TX_1,TX,2671,0
2013-08-14,TX_2,TX,3565,0
2013-08-14,TX_3,TX,2640,0
2013-08-14,WI_1,WI,2680,1
2013-08-14,WI_2,WI,4211,1
2013-08-14,WI_3,WI,3086,1
2013-08-15,CA_1,CA,4118,0
2013-08-15,CA_2,CA,2844,0
2013-08-15,CA_3,CA,5982,0
2013-08-15,CA_4,CA,2269,0
2013-08-15,TX_1,TX,3086,1
2013-08-15,TX_2,TX,4331,1
2013-08-15,TX_3,TX,3557,1
2013-08-15,WI_1,WI,2788,1
2013-08-15,WI_2,WI,5096,1
2013-08-15,WI_3,WI,3572,1
2013-08-16,CA_1,CA,4821,0
2013-08-16,CA_2,CA,3266,0
2013-08-16,CA_3,CA,6529,0
2013-08-16,CA_4,CA,2169,0
2013-08-16,TX_1,TX,2142,0
2013-08-16,TX_2,TX,4640,0
2013-08-16,TX_3,TX,3106,0
2013-08-16,WI_1,WI,3175,0
2013-08-16,WI_2,WI,4637,0
2013-08-16,WI_3,WI,3540,0
2013-08-17,CA_1,CA,5603,0
2013-08-17,CA_2,CA,4636,0
2013-08-17,CA_3,CA,7359,0
2013-08-17,CA_4,CA,2820,0
2013-08-17,TX_1,TX,3762,0
2013-08-17,TX_2,TX,5250,0
2013-08-17,TX_3,TX,3844,0
2013-08-17,WI_1,WI,3495,0
2013-08-17,WI_2,WI,4080,0
2013-08-17,WI_3,WI,3582,0
2013-08-18,CA_1,CA,5691,0
2013-08-18,CA_2,CA,4301,0
2013-08-18,CA_3,CA,8088,0
2013-08-18,CA_4,CA,2803,0
2013-08-18,TX_1,TX,3821,0
2013-08-18,TX_2,TX,5513,0
2013-08-18,TX_3,TX,3933,0
2013-08-18,WI_1,WI,3185,0
2013-08-18,WI_2,WI,3853,0
2013-08-18,WI_3,WI,3706,0
2013-08-19,CA_1,CA,4215,0
2013-08-19,CA_2,CA,3042,0
2013-08-19,CA_3,CA,6958,0
2013-08-19,CA_4,CA,2347,0
2013-08-19,TX_1,TX,2638,0
2013-08-19,TX_2,TX,4238,0
2013-08-19,TX_3,TX,3254,0
2013-08-19,WI_1,WI,2742,0
2013-08-19,WI_2,WI,3076,0
2013-08-19,WI_3,WI,2727,0
2013-08-20,CA_1,CA,3539,0
2013-08-20,CA_2,CA,2895,0
2013-08-20,CA_3,CA,6227,0
2013-08-20,CA_4,CA,2218,0
2013-08-20,TX_1,TX,2697,0
2013-08-20,TX_2,TX,3604,0
2013-08-20,TX_3,TX,2609,0
2013-08-20,WI_1,WI,2423,0
2013-08-20,WI_2,WI,2881,0
2013-08-20,WI_3,WI,2532,0
2013-08-21,CA_1,CA,4259,0
2013-08-21,CA_2,CA,2843,0
2013-08-21,CA_3,CA,5719,0
2013-08-21,CA_4,CA,2050,0
2013-08-21,TX_1,TX,2970,0
2013-08-21,TX_2,TX,3628,0
2013-08-21,TX_3,TX,2842,0
2013-08-21,WI_1,WI,2649,0
2013-08-21,WI_2,WI,3039,0
2013-08-21,WI_3,WI,2634,0
2013-08-22,CA_1,CA,3840,0
2013-08-22,CA_2,CA,2981,0
2013-08-22,CA_3,CA,5499,0
2013-08-22,CA_4,CA,2257,0
2013-08-22,TX_1,TX,2865,0
2013-08-22,TX_2,TX,3633,0
2013-08-22,TX_3,TX,2850,0
2013-08-22,WI_1,WI,2624,0
2013-08-22,WI_2,WI,2824,0
2013-08-22,WI_3,WI,2420,0
2013-08-23,CA_1,CA,4316,0
2013-08-23,CA_2,CA,3324,0
2013-08-23,CA_3,CA,6546,0
2013-08-23,CA_4,CA,2479,0
2013-08-23,TX_1,TX,3263,0
2013-08-23,TX_2,TX,4393,0
2013-08-23,TX_3,TX,3639,0
2013-08-23,WI_1,WI,3058,0
2013-08-23,WI_2,WI,3270,0
2013-08-23,WI_3,WI,2825,0
2013-08-24,CA_1,CA,5596,0
2013-08-24,CA_2,CA,4835,0
2013-08-24,CA_3,CA,7445,0
2013-08-24,CA_4,CA,2699,0
2013-08-24,TX_1,TX,4112,0
2013-08-24,TX_2,TX,5570,0
2013-08-24,TX_3,TX,4165,0
2013-08-24,WI_1,WI,3386,0
2013-08-24,WI_2,WI,3568,0
2013-08-24,WI_3,WI,3460,0
2013-08-25,CA_1,CA,6948,0
2013-08-25,CA_2,CA,4595,0
2013-08-25,CA_3,CA,8632,0
2013-08-25,CA_4,CA,3100,0
2013-08-25,TX_1,TX,4458,0
2013-08-25,TX_2,TX,5614,0
2013-08-25,TX_3,TX,4285,0
2013-08-25,WI_1,WI,3555,0
2013-08-25,WI_2,WI,3686,0
2013-08-25,WI_3,WI,3704,0
2013-08-26,CA_1,CA,3883,0
2013-08-26,CA_2,CA,2811,0
2013-08-26,CA_3,CA,6409,0
2013-08-26,CA_4,CA,2332,0
2013-08-26,TX_1,TX,2721,0
2013-08-26,TX_2,TX,4101,0
2013-08-26,TX_3,TX,3017,0
2013-08-26,WI_1,WI,2647,0
2013-08-26,WI_2,WI,3210,0
2013-08-26,WI_3,WI,3069,0
2013-08-27,CA_1,CA,3530,0
2013-08-27,CA_2,CA,2687,0
2013-08-27,CA_3,CA,6113,0
2013-08-27,CA_4,CA,2242,0
2013-08-27,TX_1,TX,2624,0
2013-08-27,TX_2,TX,3778,0
2013-08-27,TX_3,TX,2930,0
2013-08-27,WI_1,WI,2637,0
2013-08-27,WI_2,WI,3492,0
2013-08-27,WI_3,WI,2930,0
2013-08-28,CA_1,CA,3490,0
2013-08-28,CA_2,CA,2794,0
2013-08-28,CA_3,CA,5916,0
2013-08-28,CA_4,CA,2181,0
2013-08-28,TX_1,TX,2798,0
2013-08-28,TX_2,TX,3903,0
2013-08-28,TX_3,TX,2793,0
2013-08-28,WI_1,WI,2650,0
2013-08-28,WI_2,WI,3164,0
2013-08-28,WI_3,WI,2767,0
2013-08-29,CA_1,CA,3600,0
2013-08-29,CA_2,CA,2827,0
2013-08-29,CA_3,CA,5869,0
2013-08-29,CA_4,CA,2225,0
2013-08-29,TX_1,TX,2643,0
2013-08-29,TX_2,TX,3463,0
2013-08-29,TX_3,TX,2570,0
2013-08-29,WI_1,WI,2547,0
2013-08-29,WI_2,WI,3167,0
2013-08-29,WI_3,WI,2799,0
2013-08-30,CA_1,CA,5198,0
2013-08-30,CA_2,CA,3696,0
2013-08-30,CA_3,CA,6866,0
2013-08-30,CA_4,CA,2671,0
2013-08-30,TX_1,TX,3417,0
2013-08-30,TX_2,TX,4244,0
2013-08-30,TX_3,TX,3432,0
2013-08-30,WI_1,WI,3466,0
2013-08-30,WI_2,WI,4603,0
2013-08-30,WI_3,WI,4028,0
2013-08-31,CA_1,CA,6544,0
2013-08-31,CA_2,CA,4588,0
2013-08-31,CA_3,CA,7869,0
2013-08-31,CA_4,CA,2994,0
2013-08-31,TX_1,TX,3858,0
2013-08-31,TX_2,TX,5713,0
2013-08-31,TX_3,TX,4272,0
2013-08-31,WI_1,WI,3773,0
2013-08-31,WI_2,WI,4278,0
2013-08-31,WI_3,WI,4083,0
2013-09-01,CA_1,CA,6053,1
2013-09-01,CA_2,CA,4204,1
2013-09-01,CA_3,CA,7718,1
2013-09-01,CA_4,CA,2527,1
2013-09-01,TX_1,TX,4292,1
2013-09-01,TX_2,TX,5527,1
2013-09-01,TX_3,TX,4282,1
2013-09-01,WI_1,WI,3096,0
2013-09-01,WI_2,WI,3861,0
2013-09-01,WI_3,WI,3181,0
2013-09-02,CA_1,CA,5838,1
2013-09-02,CA_2,CA,4083,1
2013-09-02,CA_3,CA,8518,1
2013-09-02,CA_4,CA,2945,1
2013-09-02,TX_1,TX,3684,0
2013-09-02,TX_2,TX,5478,0
2013-09-02,TX_3,TX,3990,0
2013-09-02,WI_1,WI,3569,1
2013-09-02,WI_2,WI,4751,1
2013-09-02,WI_3,WI,4216,1
2013-09-03,CA_1,CA,4324,1
2013-09-03,CA_2,CA,2600,1
2013-09-03,CA_3,CA,6780,1
2013-09-03,CA_4,CA,2389,1
2013-09-03,TX_1,TX,2823,1
2013-09-03,TX_2,TX,4323,1
2013-09-03,TX_3,TX,3572,1
2013-09-03,WI_1,WI,2843,1
2013-09-03,WI_2,WI,4410,1
2013-09-03,WI_3,WI,3735,1
2013-09-04,CA_1,CA,3805,1
2013-09-04,CA_2,CA,2940,1
2013-09-04,CA_3,CA,5879,1
2013-09-04,CA_4,CA,2292,1
2013-09-04,TX_1,TX,2659,0
2013-09-04,TX_2,TX,3882,0
2013-09-04,TX_3,TX,2749,0
2013-09-04,WI_1,WI,2293,0
2013-09-04,WI_2,WI,3732,0
2013-09-04,WI_3,WI,3097,0
2013-09-05,CA_1,CA,3826,1
2013-09-05,CA_2,CA,2925,1
2013-09-05,CA_3,CA,6318,1
2013-09-05,CA_4,CA,2084,1
2013-09-05,TX_1,TX,3051,1
2013-09-05,TX_2,TX,4187,1
2013-09-05,TX_3,TX,3251,1
2013-09-05,WI_1,WI,2333,1
2013-09-05,WI_2,WI,4230,1
2013-09-05,WI_3,WI,3220,1
2013-09-06,CA_1,CA,4618,1
2013-09-06,CA_2,CA,3571,1
2013-09-06,CA_3,CA,6592,1
2013-09-06,CA_4,CA,2269,1
2013-09-06,TX_1,TX,3173,1
2013-09-06,TX_2,TX,4367,1
2013-09-06,TX_3,TX,3185,1
2013-09-06,WI_1,WI,2819,1
2013-09-06,WI_2,WI,4541,1
2013-09-06,WI_3,WI,3549,1
2013-09-07,CA_1,CA,5756,1
2013-09-07,CA_2,CA,4691,1
2013-09-07,CA_3,CA,8176,1
2013-09-07,CA_4,CA,2812,1
2013-09-07,TX_1,TX,4295,1
2013-09-07,TX_2,TX,5815,1
2013-09-07,TX_3,TX,4316,1
2013-09-07,WI_1,WI,3401,0
2013-09-07,WI_2,WI,4370,0
2013-09-07,WI_3,WI,3968,0
2013-09-08,CA_1,CA,6703,1
2013-09-08,CA_2,CA,4338,1
2013-09-08,CA_3,CA,9338,1
2013-09-08,CA_4,CA,3224,1
2013-09-08,TX_1,TX,4240,0
2013-09-08,TX_2,TX,6210,0
2013-09-08,TX_3,TX,4430,0
2013-09-08,WI_1,WI,3592,1
2013-09-08,WI_2,WI,5213,1
2013-09-08,WI_3,WI,4452,1
2013-09-09,CA_1,CA,4653,1
2013-09-09,CA_2,CA,3043,1
2013-09-09,CA_3,CA,7422,1
2013-09-09,CA_4,CA,2498,1
2013-09-09,TX_1,TX,3216,1
2013-09-09,TX_2,TX,4419,1
2013-09-09,TX_3,TX,3440,1
2013-09-09,WI_1,WI,2547,1
2013-09-09,WI_2,WI,4734,1
2013-09-09,WI_3,WI,3793,1
2013-09-10,CA_1,CA,4169,1
2013-09-10,CA_2,CA,2804,1
2013-09-10,CA_3,CA,6992,1
2013-09-10,CA_4,CA,2444,1
2013-09-10,TX_1,TX,2824,0
2013-09-10,TX_2,TX,3346,0
2013-09-10,TX_3,TX,2823,0
2013-09-10,WI_1,WI,2376,0
2013-09-10,WI_2,WI,4087,0
2013-09-10,WI_3,WI,2798,0
2013-09-11,CA_1,CA,3695,0
2013-09-11,CA_2,CA,2788,0
2013-09-11,CA_3,CA,6707,0
2013-09-11,CA_4,CA,2192,0
2013-09-11,TX_1,TX,2922,1
2013-09-11,TX_2,TX,4099,1
2013-09-11,TX_3,TX,3152,1
2013-09-11,WI_1,WI,2900,1
2013-09-11,WI_2,WI,4421,1
2013-09-11,WI_3,WI,3319,1
2013-09-12,CA_1,CA,3770,0
2013-09-12,CA_2,CA,3037,0
2013-09-12,CA_3,CA,6222,0
2013-09-12,CA_4,CA,2034,0
2013-09-12,TX_1,TX,3283,1
2013-09-12,TX_2,TX,4232,1
2013-09-12,TX_3,TX,2969,1
2013-09-12,WI_1,WI,2650,1
2013-09-12,WI_2,WI,4739,1
2013-09-12,WI_3,WI,3831,1
2013-09-13,CA_1,CA,4568,0
2013-09-13,CA_2,CA,3283,0
2013-09-13,CA_3,CA,6712,0
2013-09-13,CA_4,CA,2588,0
2013-09-13,TX_1,TX,3356,1
2013-09-13,TX_2,TX,5138,1
2013-09-13,TX_3,TX,3955,1
2013-09-13,WI_1,WI,3024,0
2013-09-13,WI_2,WI,4645,0
2013-09-13,WI_3,WI,3702,0
2013-09-14,CA_1,CA,5627,0
2013-09-14,CA_2,CA,4525,0
2013-09-14,CA_3,CA,7763,0
2013-09-14,CA_4,CA,2569,0
2013-09-14,TX_1,TX,4460,0
2013-09-14,TX_2,TX,5862,0
2013-09-14,TX_3,TX,4135,0
2013-09-14,WI_1,WI,4157,1
2013-09-14,WI_2,WI,5470,1
2013-09-14,WI_3,WI,4598,1
2013-09-15,CA_1,CA,5812,0
2013-09-15,CA_2,CA,4455,0
2013-09-15,CA_3,CA,8509,0
2013-09-15,CA_4,CA,3104,0
2013-09-15,TX_1,TX,4585,1
2013-09-15,TX_2,TX,6147,1
2013-09-15,TX_3,TX,4419,1
2013-09-15,WI_1,WI,3831,1
2013-09-15,WI_2,WI,5705,1
2013-09-15,WI_3,WI,4403,1
2013-09-16,CA_1,CA,4164,0
2013-09-16,CA_2,CA,2668,0
2013-09-16,CA_3,CA,7340,0
2013-09-16,CA_4,CA,2417,0
2013-09-16,TX_1,TX,3125,0
2013-09-16,TX_2,TX,3918,0
2013-09-16,TX_3,TX,3548,0
2013-09-16,WI_1,WI,2474,0
2013-09-16,WI_2,WI,3882,0
2013-09-16,WI_3,WI,3239,0
2013-09-17,CA_1,CA,3865,0
2013-09-17,CA_2,CA,2700,0
2013-09-17,CA_3,CA,6014,0
2013-09-17,CA_4,CA,2253,0
2013-09-17,TX_1,TX,2577,0
2013-09-17,TX_2,TX,3701,0
2013-09-17,TX_3,TX,3049,0
2013-09-17,WI_1,WI,2118,0
2013-09-17,WI_2,WI,3504,0
2013-09-17,WI_3,WI,2790,0
2013-09-18,CA_1,CA,3547,0
2013-09-18,CA_2,CA,2588,0
2013-09-18,CA_3,CA,5851,0
2013-09-18,CA_4,CA,2126,0
2013-09-18,TX_1,TX,2591,0
2013-09-18,TX_2,TX,3717,0
2013-09-18,TX_3,TX,2908,0
2013-09-18,WI_1,WI,2208,0
2013-09-18,WI_2,WI,3316,0
2013-09-18,WI_3,WI,2429,0
2013-09-19,CA_1,CA,3621,0
2013-09-19,CA_2,CA,2596,0
2013-09-19,CA_3,CA,5794,0
2013-09-19,CA_4,CA,2137,0
2013-09-19,TX_1,TX,2645,0
2013-09-19,TX_2,TX,3461,0
2013-09-19,TX_3,TX,2783,0
2013-09-19,WI_1,WI,2102,0
2013-09-19,WI_2,WI,3160,0
2013-09-19,WI_3,WI,2524,0
2013-09-20,CA_1,CA,4631,0
2013-09-20,CA_2,CA,3374,0
2013-09-20,CA_3,CA,6385,0
2013-09-20,CA_4,CA,2541,0
2013-09-20,TX_1,TX,2718,0
2013-09-20,TX_2,TX,3728,0
2013-09-20,TX_3,TX,2765,0
2013-09-20,WI_1,WI,2918,0
2013-09-20,WI_2,WI,3808,0
2013-09-20,WI_3,WI,3413,0
2013-09-21,CA_1,CA,5875,0
2013-09-21,CA_2,CA,4505,0
2013-09-21,CA_3,CA,7447,0
2013-09-21,CA_4,CA,3127,0
2013-09-21,TX_1,TX,3902,0
2013-09-21,TX_2,TX,5275,0
2013-09-21,TX_3,TX,4245,0
2013-09-21,WI_1,WI,3712,0
2013-09-21,WI_2,WI,4507,0
2013-09-21,WI_3,WI,3406,0
2013-09-22,CA_1,CA,6214,0
2013-09-22,CA_2,CA,4560,0
2013-09-22,CA_3,CA,8219,0
2013-09-22,CA_4,CA,2826,0
2013-09-22,TX_1,TX,4092,0
2013-09-22,TX_2,TX,5343,0
2013-09-22,TX_3,TX,4087,0
2013-09-22,WI_1,WI,3561,0
2013-09-22,WI_2,WI,3844,0
2013-09-22,WI_3,WI,3464,0
2013-09-23,CA_1,CA,3949,0
2013-09-23,CA_2,CA,2771,0
2013-09-23,CA_3,CA,6299,0
2013-09-23,CA_4,CA,2129,0
2013-09-23,TX_1,TX,2848,0
2013-09-23,TX_2,TX,3759,0
2013-09-23,TX_3,TX,2816,0
2013-09-23,WI_1,WI,2476,0
2013-09-23,WI_2,WI,3273,0
2013-09-23,WI_3,WI,2464,0
2013-09-24,CA_1,CA,3765,0
2013-09-24,CA_2,CA,2620,0
2013-09-24,CA_3,CA,5890,0
2013-09-24,CA_4,CA,2419,0
2013-09-24,TX_1,TX,2560,0
2013-09-24,TX_2,TX,3506,0
2013-09-24,TX_3,TX,2764,0
2013-09-24,WI_1,WI,2251,0
2013-09-24,WI_2,WI,2936,0
2013-09-24,WI_3,WI,2353,0
2013-09-25,CA_1,CA,3235,0
2013-09-25,CA_2,CA,2334,0
2013-09-25,CA_3,CA,5665,0
2013-09-25,CA_4,CA,2121,0
2013-09-25,TX_1,TX,2612,0
2013-09-25,TX_2,TX,3391,0
2013-09-25,TX_3,TX,2729,0
2013-09-25,WI_1,WI,2467,0
2013-09-25,WI_2,WI,3065,0
2013-09-25,WI_3,WI,2340,0
2013-09-26,CA_1,CA,3473,0
2013-09-26,CA_2,CA,2910,0
2013-09-26,CA_3,CA,5601,0
2013-09-26,CA_4,CA,2078,0
2013-09-26,TX_1,TX,2760,0
2013-09-26,TX_2,TX,3388,0
2013-09-26,TX_3,TX,2504,0
2013-09-26,WI_1,WI,2362,0
2013-09-26,WI_2,WI,3056,0
2013-09-26,WI_3,WI,2516,0
2013-09-27,CA_1,CA,4099,0
2013-09-27,CA_2,CA,3165,0
2013-09-27,CA_3,CA,6104,0
2013-09-27,CA_4,CA,2250,0
2013-09-27,TX_1,TX,2748,0
2013-09-27,TX_2,TX,4374,0
2013-09-27,TX_3,TX,2925,0
2013-09-27,WI_1,WI,2872,0
2013-09-27,WI_2,WI,3898,0
2013-09-27,WI_3,WI,3067,0
2013-09-28,CA_1,CA,5665,0
2013-09-28,CA_2,CA,4562,0
2013-09-28,CA_3,CA,6919,0
2013-09-28,CA_4,CA,2675,0
2013-09-28,TX_1,TX,3527,0
2013-09-28,TX_2,TX,5504,0
2013-09-28,TX_3,TX,3878,0
2013-09-28,WI_1,WI,3582,0
2013-09-28,WI_2,WI,4621,0
2013-09-28,WI_3,WI,3508,0
2013-09-29,CA_1,CA,6194,0
2013-09-29,CA_2,CA,4176,0
2013-09-29,CA_3,CA,7293,0
2013-09-29,CA_4,CA,3125,0
2013-09-29,TX_1,TX,3908,0
2013-09-29,TX_2,TX,5180,0
2013-09-29,TX_3,TX,3652,0
2013-09-29,WI_1,WI,3421,0
2013-09-29,WI_2,WI,4016,0
2013-09-29,WI_3,WI,3431,0
2013-09-30,CA_1,CA,4217,0
2013-09-30,CA_2,CA,2650,0
2013-09-30,CA_3,CA,5955,0
2013-09-30,CA_4,CA,2563,0
2013-09-30,TX_1,TX,2532,0
2013-09-30,TX_2,TX,3536,0
2013-09-30,TX_3,TX,3006,0
2013-09-30,WI_1,WI,2361,0
2013-09-30,WI_2,WI,3316,0
2013-09-30,WI_3,WI,2757,0
2013-10-01,CA_1,CA,4454,1
2013-10-01,CA_2,CA,2779,1
2013-10-01,CA_3,CA,6153,1
2013-10-01,CA_4,CA,2331,1
2013-10-01,TX_1,TX,3126,1
2013-10-01,TX_2,TX,4406,1
2013-10-01,TX_3,TX,3674,1
2013-10-01,WI_1,WI,2727,0
2013-10-01,WI_2,WI,3954,0
2013-10-01,WI_3,WI,3126,0
2013-10-02,CA_1,CA,3516,1
2013-10-02,CA_2,CA,2861,1
2013-10-02,CA_3,CA,5966,1
2013-10-02,CA_4,CA,2117,1
2013-10-02,TX_1,TX,2542,0
2013-10-02,TX_2,TX,3538,0
2013-10-02,TX_3,TX,2983,0
2013-10-02,WI_1,WI,2362,1
2013-10-02,WI_2,WI,4480,1
2013-10-02,WI_3,WI,3535,1
2013-10-03,CA_1,CA,4062,1
2013-10-03,CA_2,CA,2944,1
2013-10-03,CA_3,CA,5942,1
2013-10-03,CA_4,CA,2086,1
2013-10-03,TX_1,TX,3088,1
2013-10-03,TX_2,TX,3928,1
2013-10-03,TX_3,TX,3619,1
2013-10-03,WI_1,WI,2660,1
2013-10-03,WI_2,WI,5244,1
2013-10-03,WI_3,WI,3642,1
2013-10-04,CA_1,CA,4735,1
2013-10-04,CA_2,CA,3308,1
2013-10-04,CA_3,CA,6741,1
2013-10-04,CA_4,CA,2246,1
2013-10-04,TX_1,TX,2854,0
2013-10-04,TX_2,TX,3823,0
2013-10-04,TX_3,TX,3384,0
2013-10-04,WI_1,WI,2672,0
2013-10-04,WI_2,WI,4205,0
2013-10-04,WI_3,WI,3366,0
2013-10-05,CA_1,CA,5737,1
2013-10-05,CA_2,CA,4671,1
2013-10-05,CA_3,CA,8179,1
2013-10-05,CA_4,CA,2769,1
2013-10-05,TX_1,TX,4057,1
2013-10-05,TX_2,TX,5468,1
2013-10-05,TX_3,TX,4115,1
2013-10-05,WI_1,WI,3788,1
2013-10-05,WI_2,WI,5723,1
2013-10-05,WI_3,WI,4270,1
2013-10-06,CA_1,CA,5877,1
2013-10-06,CA_2,CA,4398,1
2013-10-06,CA_3,CA,8847,1
2013-10-06,CA_4,CA,2923,1
2013-10-06,TX_1,TX,4298,1
2013-10-06,TX_2,TX,5647,1
2013-10-06,TX_3,TX,4723,1
2013-10-06,WI_1,WI,3315,1
2013-10-06,WI_2,WI,5434,1
2013-10-06,WI_3,WI,4426,1
2013-10-07,CA_1,CA,4582,1
2013-10-07,CA_2,CA,2891,1
2013-10-07,CA_3,CA,6858,1
2013-10-07,CA_4,CA,2428,1
2013-10-07,TX_1,TX,3084,1
2013-10-07,TX_2,TX,4345,1
2013-10-07,TX_3,TX,3571,1
2013-10-07,WI_1,WI,2406,0
2013-10-07,WI_2,WI,3589,0
2013-10-07,WI_3,WI,3249,0
2013-10-08,CA_1,CA,4110,1
2013-10-08,CA_2,CA,2661,1
2013-10-08,CA_3,CA,6630,1
2013-10-08,CA_4,CA,2236,1
2013-10-08,TX_1,TX,2714,0
2013-10-08,TX_2,TX,3642,0
2013-10-08,TX_3,TX,2883,0
2013-10-08,WI_1,WI,2263,1
2013-10-08,WI_2,WI,4203,1
2013-10-08,WI_3,WI,3202,1
2013-10-09,CA_1,CA,3994,1
2013-10-09,CA_2,CA,2544,1
2013-10-09,CA_3,CA,6346,1
2013-10-09,CA_4,CA,2124,1
2013-10-09,TX_1,TX,2854,1
2013-10-09,TX_2,TX,3581,1
2013-10-09,TX_3,TX,3002,1
2013-10-09,WI_1,WI,2507,1
2013-10-09,WI_2,WI,4483,1
2013-10-09,WI_3,WI,3311,1
2013-10-10,CA_1,CA,4142,1
2013-10-10,CA_2,CA,2856,1
2013-10-10,CA_3,CA,6543,1
2013-10-10,CA_4,CA,2492,1
2013-10-10,TX_1,TX,2834,0
2013-10-10,TX_2,TX,3576,0
2013-10-10,TX_3,TX,2515,0
2013-10-10,WI_1,WI,2491,0
2013-10-10,WI_2,WI,3819,0
2013-10-10,WI_3,WI,2751,0
2013-10-11,CA_1,CA,4396,0
2013-10-11,CA_2,CA,3159,0
2013-10-11,CA_3,CA,6281,0
2013-10-11,CA_4,CA,2276,0
2013-10-11,TX_1,TX,3108,1
2013-10-11,TX_2,TX,4270,1
2013-10-11,TX_3,TX,3248,1
2013-10-11,WI_1,WI,2902,1
2013-10-11,WI_2,WI,4836,1
2013-10-11,WI_3,WI,3617,1
2013-10-12,CA_1,CA,5330,0
2013-10-12,CA_2,CA,4239,0
2013-10-12,CA_3,CA,7392,0
2013-10-12,CA_4,CA,2559,0
2013-10-12,TX_1,TX,4101,1
2013-10-12,TX_2,TX,4726,1
2013-10-12,TX_3,TX,3731,1
2013-10-12,WI_1,WI,3871,1
2013-10-12,WI_2,WI,6033,1
2013-10-12,WI_3,WI,4599,1
2013-10-13,CA_1,CA,5767,0
2013-10-13,CA_2,CA,4128,0
2013-10-13,CA_3,CA,7866,0
2013-10-13,CA_4,CA,2704,0
2013-10-13,TX_1,TX,4294,1
2013-10-13,TX_2,TX,5809,1
2013-10-13,TX_3,TX,3961,1
2013-10-13,WI_1,WI,3337,0
2013-10-13,WI_2,WI,4718,0
2013-10-13,WI_3,WI,3759,0
2013-10-14,CA_1,CA,4173,0
2013-10-14,CA_2,CA,2748,0
2013-10-14,CA_3,CA,6208,0
2013-10-14,CA_4,CA,2463,0
2013-10-14,TX_1,TX,3156,0
2013-10-14,TX_2,TX,4222,0
2013-10-14,TX_3,TX,3453,0
2013-10-14,WI_1,WI,2449,1
2013-10-14,WI_2,WI,4658,1
2013-10-14,WI_3,WI,3306,1
2013-10-15,CA_1,CA,3276,0
2013-10-15,CA_2,CA,2500,0
2013-10-15,CA_3,CA,5911,0
2013-10-15,CA_4,CA,2044,0
2013-10-15,TX_1,TX,2799,1
2013-10-15,TX_2,TX,3656,1
2013-10-15,TX_3,TX,3226,1
2013-10-15,WI_1,WI,2352,1
2013-10-15,WI_2,WI,4423,1
2013-10-15,WI_3,WI,3026,1
2013-10-16,CA_1,CA,3383,0
2013-10-16,CA_2,CA,2725,0
2013-10-16,CA_3,CA,5722,0
2013-10-16,CA_4,CA,2157,0
2013-10-16,TX_1,TX,2545,0
2013-10-16,TX_2,TX,4209,0
2013-10-16,TX_3,TX,2565,0
2013-10-16,WI_1,WI,2517,0
2013-10-16,WI_2,WI,4069,0
2013-10-16,WI_3,WI,2785,0
2013-10-17,CA_1,CA,3406,0
2013-10-17,CA_2,CA,2838,0
2013-10-17,CA_3,CA,5514,0
2013-10-17,CA_4,CA,2208,0
2013-10-17,TX_1,TX,2627,0
2013-10-17,TX_2,TX,3531,0
2013-10-17,TX_3,TX,2253,0
2013-10-17,WI_1,WI,2372,0
2013-10-17,WI_2,WI,3316,0
2013-10-17,WI_3,WI,2473,0
2013-10-18,CA_1,CA,4281,0
2013-10-18,CA_2,CA,3278,0
2013-10-18,CA_3,CA,5788,0
2013-10-18,CA_4,CA,2268,0
2013-10-18,TX_1,TX,2726,0
2013-10-18,TX_2,TX,3589,0
2013-10-18,TX_3,TX,2826,0
2013-10-18,WI_1,WI,2836,0
2013-10-18,WI_2,WI,3690,0
2013-10-18,WI_3,WI,3055,0
2013-10-19,CA_1,CA,5147,0
2013-10-19,CA_2,CA,4180,0
2013-10-19,CA_3,CA,7226,0
2013-10-19,CA_4,CA,2495,0
2013-10-19,TX_1,TX,3462,0
2013-10-19,TX_2,TX,4991,0
2013-10-19,TX_3,TX,3602,0
2013-10-19,WI_1,WI,3489,0
2013-10-19,WI_2,WI,4028,0
2013-10-19,WI_3,WI,3423,0
2013-10-20,CA_1,CA,5914,0
2013-10-20,CA_2,CA,4291,0
2013-10-20,CA_3,CA,7833,0
2013-10-20,CA_4,CA,2650,0
2013-10-20,TX_1,TX,3756,0
2013-10-20,TX_2,TX,4880,0
2013-10-20,TX_3,TX,3534,0
2013-10-20,WI_1,WI,3185,0
2013-10-20,WI_2,WI,3805,0
2013-10-20,WI_3,WI,3504,0
2013-10-21,CA_1,CA,3742,0
2013-10-21,CA_2,CA,2500,0
2013-10-21,CA_3,CA,6006,0
2013-10-21,CA_4,CA,2514,0
2013-10-21,TX_1,TX,2821,0
2013-10-21,TX_2,TX,3638,0
2013-10-21,TX_3,TX,2883,0
2013-10-21,WI_1,WI,2399,0
2013-10-21,WI_2,WI,3011,0
2013-10-21,WI_3,WI,2345,0
2013-10-22,CA_1,CA,3349,0
2013-10-22,CA_2,CA,2474,0
2013-10-22,CA_3,CA,5307,0
2013-10-22,CA_4,CA,2428,0
2013-10-22,TX_1,TX,2311,0
2013-10-22,TX_2,TX,3172,0
2013-10-22,TX_3,TX,2645,0
2013-10-22,WI_1,WI,2194,0
2013-10-22,WI_2,WI,2859,0
2013-10-22,WI_3,WI,2218,0
2013-10-23,CA_1,CA,3363,0
2013-10-23,CA_2,CA,2446,0
2013-10-23,CA_3,CA,5270,0
2013-10-23,CA_4,CA,1953,0
2013-10-23,TX_1,TX,2408,0
2013-10-23,TX_2,TX,3428,0
2013-10-23,TX_3,TX,2709,0
2013-10-23,WI_1,WI,2383,0
2013-10-23,WI_2,WI,3216,0
2013-10-23,WI_3,WI,2349,0
2013-10-24,CA_1,CA,3072,0
2013-10-24,CA_2,CA,2513,0
2013-10-24,CA_3,CA,5348,0
2013-10-24,CA_4,CA,2133,0
2013-10-24,TX_1,TX,2439,0
2013-10-24,TX_2,TX,3252,0
2013-10-24,TX_3,TX,2620,0
2013-10-24,WI_1,WI,2574,0
2013-10-24,WI_2,WI,3066,0
2013-10-24,WI_3,WI,2243,0
2013-10-25,CA_1,CA,3955,0
2013-10-25,CA_2,CA,3078,0
2013-10-25,CA_3,CA,5745,0
2013-10-25,CA_4,CA,2179,0
2013-10-25,TX_1,TX,2510,0
2013-10-25,TX_2,TX,3954,0
2013-10-25,TX_3,TX,2680,0
2013-10-25,WI_1,WI,3155,0
2013-10-25,WI_2,WI,3821,0
2013-10-25,WI_3,WI,2800,0
2013-10-26,CA_1,CA,5353,0
2013-10-26,CA_2,CA,4273,0
2013-10-26,CA_3,CA,7021,0
2013-10-26,CA_4,CA,2396,0
2013-10-26,TX_1,TX,3417,0
2013-10-26,TX_2,TX,4652,0
2013-10-26,TX_3,TX,3457,0
2013-10-26,WI_1,WI,4095,0
2013-10-26,WI_2,WI,4063,0
2013-10-26,WI_3,WI,3727,0
2013-10-27,CA_1,CA,5471,0
2013-10-27,CA_2,CA,3873,0
2013-10-27,CA_3,CA,7485,0
2013-10-27,CA_4,CA,2630,0
2013-10-27,TX_1,TX,3687,0
2013-10-27,TX_2,TX,4871,0
2013-10-27,TX_3,TX,3655,0
2013-10-27,WI_1,WI,2643,0
2013-10-27,WI_2,WI,3352,0
2013-10-27,WI_3,WI,2998,0
2013-10-28,CA_1,CA,3943,0
2013-10-28,CA_2,CA,2578,0
2013-10-28,CA_3,CA,6133,0
2013-10-28,CA_4,CA,2495,0
2013-10-28,TX_1,TX,2657,0
2013-10-28,TX_2,TX,3712,0
2013-10-28,TX_3,TX,3002,0
2013-10-28,WI_1,WI,2096,0
2013-10-28,WI_2,WI,2845,0
2013-10-28,WI_3,WI,2597,0
2013-10-29,CA_1,CA,3409,0
2013-10-29,CA_2,CA,2710,0
2013-10-29,CA_3,CA,5494,0
2013-10-29,CA_4,CA,2167,0
2013-10-29,TX_1,TX,2395,0
2013-10-29,TX_2,TX,3180,0
2013-10-29,TX_3,TX,2434,0
2013-10-29,WI_1,WI,2318,0
2013-10-29,WI_2,WI,2934,0
2013-10-29,WI_3,WI,2488,0
2013-10-30,CA_1,CA,3748,0
2013-10-30,CA_2,CA,3223,0
2013-10-30,CA_3,CA,6158,0
2013-10-30,CA_4,CA,2329,0
2013-10-30,TX_1,TX,2596,0
2013-10-30,TX_2,TX,3558,0
2013-10-30,TX_3,TX,2475,0
2013-10-30,WI_1,WI,2098,0
2013-10-30,WI_2,WI,2861,0
2013-10-30,WI_3,WI,2090,0
2013-10-31,CA_1,CA,2982,0
2013-10-31,CA_2,CA,2253,0
2013-10-31,CA_3,CA,4552,0
2013-10-31,CA_4,CA,1935,0
2013-10-31,TX_1,TX,2273,0
2013-10-31,TX_2,TX,2953,0
2013-10-31,TX_3,TX,2399,0
2013-10-31,WI_1,WI,2244,0
2013-10-31,WI_2,WI,3123,0
2013-10-31,WI_3,WI,2320,0
2013-11-01,CA_1,CA,4474,1
2013-11-01,CA_2,CA,3106,1
2013-11-01,CA_3,CA,6514,1
2013-11-01,CA_4,CA,2445,1
2013-11-01,TX_1,TX,3129,1
2013-11-01,TX_2,TX,4703,1
2013-11-01,TX_3,TX,3669,1
2013-11-01,WI_1,WI,3229,0
2013-11-01,WI_2,WI,4673,0
2013-11-01,WI_3,WI,3785,0
2013-11-02,CA_1,CA,5425,1
2013-11-02,CA_2,CA,4252,1
2013-11-02,CA_3,CA,8155,1
2013-11-02,CA_4,CA,2694,1
2013-11-02,TX_1,TX,3619,0
2013-11-02,TX_2,TX,4917,0
2013-11-02,TX_3,TX,3792,0
2013-11-02,WI_1,WI,3890,1
2013-11-02,WI_2,WI,5794,1
2013-11-02,WI_3,WI,4555,1
2013-11-03,CA_1,CA,6180,1
2013-11-03,CA_2,CA,4014,1
2013-11-03,CA_3,CA,8482,1
2013-11-03,CA_4,CA,2819,1
2013-11-03,TX_1,TX,3983,1
2013-11-03,TX_2,TX,5420,1
2013-11-03,TX_3,TX,3763,1
2013-11-03,WI_1,WI,3795,1
2013-11-03,WI_2,WI,5624,1
2013-11-03,WI_3,WI,4293,1
2013-11-04,CA_1,CA,4061,1
2013-11-04,CA_2,CA,2328,1
2013-11-04,CA_3,CA,6696,1
2013-11-04,CA_4,CA,2291,1
2013-11-04,TX_1,TX,2430,0
2013-11-04,TX_2,TX,3632,0
2013-11-04,TX_3,TX,2983,0
2013-11-04,WI_1,WI,2295,0
2013-11-04,WI_2,WI,3456,0
2013-11-04,WI_3,WI,2800,0
2013-11-05,CA_1,CA,3835,1
2013-11-05,CA_2,CA,2577,1
2013-11-05,CA_3,CA,6145,1
2013-11-05,CA_4,CA,2126,1
2013-11-05,TX_1,TX,3034,1
2013-11-05,TX_2,TX,3803,1
2013-11-05,TX_3,TX,3013,1
2013-11-05,WI_1,WI,2157,1
2013-11-05,WI_2,WI,4307,1
2013-11-05,WI_3,WI,3090,1
2013-11-06,CA_1,CA,3556,1
2013-11-06,CA_2,CA,2497,1
2013-11-06,CA_3,CA,6032,1
2013-11-06,CA_4,CA,2067,1
2013-11-06,TX_1,TX,2612,1
2013-11-06,TX_2,TX,3395,1
2013-11-06,TX_3,TX,3136,1
2013-11-06,WI_1,WI,2309,1
2013-11-06,WI_2,WI,4600,1
2013-11-06,WI_3,WI,2826,1
2013-11-07,CA_1,CA,3500,1
2013-11-07,CA_2,CA,2431,1
2013-11-07,CA_3,CA,5958,1
2013-11-07,CA_4,CA,2001,1
2013-11-07,TX_1,TX,2768,1
2013-11-07,TX_2,TX,3887,1
2013-11-07,TX_3,TX,2827,1
2013-11-07,WI_1,WI,2336,0
2013-11-07,WI_2,WI,3589,0
2013-11-07,WI_3,WI,2656,0
2013-11-08,CA_1,CA,4126,1
2013-11-08,CA_2,CA,2705,1
2013-11-08,CA_3,CA,6247,1
2013-11-08,CA_4,CA,2262,1
2013-11-08,TX_1,TX,2620,0
2013-11-08,TX_2,TX,3495,0
2013-11-08,TX_3,TX,3028,0
2013-11-08,WI_1,WI,3023,1
2013-11-08,WI_2,WI,4621,1
2013-11-08,WI_3,WI,3333,1
2013-11-09,CA_1,CA,5288,1
2013-11-09,CA_2,CA,3861,1
2013-11-09,CA_3,CA,7700,1
2013-11-09,CA_4,CA,2794,1
2013-11-09,TX_1,TX,3527,1
2013-11-09,TX_2,TX,4755,1
2013-11-09,TX_3,TX,3537,1
2013-11-09,WI_1,WI,4026,1
2013-11-09,WI_2,WI,5564,1
2013-11-09,WI_3,WI,4665,1
2013-11-10,CA_1,CA,5812,1
2013-11-10,CA_2,CA,3726,1
2013-11-10,CA_3,CA,7860,1
2013-11-10,CA_4,CA,2707,1
2013-11-10,TX_1,TX,3795,0
2013-11-10,TX_2,TX,4885,0
2013-11-10,TX_3,TX,3503,0
2013-11-10,WI_1,WI,3531,0
2013-11-10,WI_2,WI,4014,0
2013-11-10,WI_3,WI,4072,0
2013-11-11,CA_1,CA,4370,0
2013-11-11,CA_2,CA,2936,0
2013-11-11,CA_3,CA,6936,0
2013-11-11,CA_4,CA,2248,0
2013-11-11,TX_1,TX,3080,1
2013-11-11,TX_2,TX,3837,1
2013-11-11,TX_3,TX,3443,1
2013-11-11,WI_1,WI,2216,1
2013-11-11,WI_2,WI,4129,1
2013-11-11,WI_3,WI,3201,1
2013-11-12,CA_1,CA,3231,0
2013-11-12,CA_2,CA,2224,0
2013-11-12,CA_3,CA,5195,0
2013-11-12,CA_4,CA,2120,0
2013-11-12,TX_1,TX,2892,1
2013-11-12,TX_2,TX,3691,1
2013-11-12,TX_3,TX,2934,1
2013-11-12,WI_1,WI,2356,1
2013-11-12,WI_2,WI,4540,1
2013-11-12,WI_3,WI,3092,1
2013-11-13,CA_1,CA,3088,0
2013-11-13,CA_2,CA,2213,0
2013-11-13,CA_3,CA,5386,0
2013-11-13,CA_4,CA,1926,0
2013-11-13,TX_1,TX,2696,1
2013-11-13,TX_2,TX,3188,1
2013-11-13,TX_3,TX,2642,1
2013-11-13,WI_1,WI,2152,0
2013-11-13,WI_2,WI,3520,0
2013-11-13,WI_3,WI,2444,0
2013-11-14,CA_1,CA,3237,0
2013-11-14,CA_2,CA,2487,0
2013-11-14,CA_3,CA,4917,0
2013-11-14,CA_4,CA,1910,0
2013-11-14,TX_1,TX,2364,0
2013-11-14,TX_2,TX,3199,0
2013-11-14,TX_3,TX,2370,0
2013-11-14,WI_1,WI,2405,1
2013-11-14,WI_2,WI,3857,1
2013-11-14,WI_3,WI,2722,1
2013-11-15,CA_1,CA,3947,0
2013-11-15,CA_2,CA,2926,0
2013-11-15,CA_3,CA,5925,0
2013-11-15,CA_4,CA,2072,0
2013-11-15,TX_1,TX,2662,1
2013-11-15,TX_2,TX,4019,1
2013-11-15,TX_3,TX,3308,1
2013-11-15,WI_1,WI,2768,1
2013-11-15,WI_2,WI,4594,1
2013-11-15,WI_3,WI,3554,1
2013-11-16,CA_1,CA,5502,0
2013-11-16,CA_2,CA,4313,0
2013-11-16,CA_3,CA,7024,0
2013-11-16,CA_4,CA,2501,0
2013-11-16,TX_1,TX,3505,0
2013-11-16,TX_2,TX,4946,0
2013-11-16,TX_3,TX,4105,0
2013-11-16,WI_1,WI,3906,0
2013-11-16,WI_2,WI,4905,0
2013-11-16,WI_3,WI,3880,0
2013-11-17,CA_1,CA,5430,0
2013-11-17,CA_2,CA,3949,0
2013-11-17,CA_3,CA,7761,0
2013-11-17,CA_4,CA,2591,0
2013-11-17,TX_1,TX,3986,0
2013-11-17,TX_2,TX,4998,0
2013-11-17,TX_3,TX,3694,0
2013-11-17,WI_1,WI,3110,0
2013-11-17,WI_2,WI,3760,0
2013-11-17,WI_3,WI,3310,0
2013-11-18,CA_1,CA,3741,0
2013-11-18,CA_2,CA,2749,0
2013-11-18,CA_3,CA,5595,0
2013-11-18,CA_4,CA,2343,0
2013-11-18,TX_1,TX,2717,0
2013-11-18,TX_2,TX,3312,0
2013-11-18,TX_3,TX,2909,0
2013-11-18,WI_1,WI,2419,0
2013-11-18,WI_2,WI,3486,0
2013-11-18,WI_3,WI,2839,0
2013-11-19,CA_1,CA,3225,0
2013-11-19,CA_2,CA,2256,0
2013-11-19,CA_3,CA,4861,0
2013-11-19,CA_4,CA,1957,0
2013-11-19,TX_1,TX,2247,0
2013-11-19,TX_2,TX,3403,0
2013-11-19,TX_3,TX,2545,0
2013-11-19,WI_1,WI,2492,0
2013-11-19,WI_2,WI,3255,0
2013-11-19,WI_3,WI,2281,0
2013-11-20,CA_1,CA,3100,0
2013-11-20,CA_2,CA,2129,0
2013-11-20,CA_3,CA,4771,0
2013-11-20,CA_4,CA,1884,0
2013-11-20,TX_1,TX,2274,0
2013-11-20,TX_2,TX,3199,0
2013-11-20,TX_3,TX,2569,0
2013-11-20,WI_1,WI,2463,0
2013-11-20,WI_2,WI,3149,0
2013-11-20,WI_3,WI,2377,0
2013-11-21,CA_1,CA,3180,0
2013-11-21,CA_2,CA,2307,0
2013-11-21,CA_3,CA,4982,0
2013-11-21,CA_4,CA,1906,0
2013-11-21,TX_1,TX,2353,0
2013-11-21,TX_2,TX,3292,0
2013-11-21,TX_3,TX,2410,0
2013-11-21,WI_1,WI,2753,0
2013-11-21,WI_2,WI,3148,0
2013-11-21,WI_3,WI,2368,0
2013-11-22,CA_1,CA,3921,0
2013-11-22,CA_2,CA,2946,0
2013-11-22,CA_3,CA,5387,0
2013-11-22,CA_4,CA,2026,0
2013-11-22,TX_1,TX,2399,0
2013-11-22,TX_2,TX,3645,0
2013-11-22,TX_3,TX,2697,0
2013-11-22,WI_1,WI,2999,0
2013-11-22,WI_2,WI,3868,0
2013-11-22,WI_3,WI,2975,0
2013-11-23,CA_1,CA,5334,0
2013-11-23,CA_2,CA,4052,0
2013-11-23,CA_3,CA,6517,0
2013-11-23,CA_4,CA,2569,0
2013-11-23,TX_1,TX,2897,0
2013-11-23,TX_2,TX,4284,0
2013-11-23,TX_3,TX,3170,0
2013-11-23,WI_1,WI,3706,0
2013-11-23,WI_2,WI,4065,0
2013-11-23,WI_3,WI,3453,0
2013-11-24,CA_1,CA,5288,0
2013-11-24,CA_2,CA,3721,0
2013-11-24,CA_3,CA,6704,0
2013-11-24,CA_4,CA,2485,0
2013-11-24,TX_1,TX,3110,0
2013-11-24,TX_2,TX,4462,0
2013-11-24,TX_3,TX,3238,0
2013-11-24,WI_1,WI,3210,0
2013-11-24,WI_2,WI,3247,0
2013-11-24,WI_3,WI,2981,0
2013-11-25,CA_1,CA,4034,0
2013-11-25,CA_2,CA,2355,0
2013-11-25,CA_3,CA,5224,0
2013-11-25,CA_4,CA,2241,0
2013-11-25,TX_1,TX,2184,0
2013-11-25,TX_2,TX,2807,0
2013-11-25,TX_3,TX,2364,0
2013-11-25,WI_1,WI,2144,0
2013-11-25,WI_2,WI,2760,0
2013-11-25,WI_3,WI,2532,0
2013-11-26,CA_1,CA,4117,0
2013-11-26,CA_2,CA,2393,0
2013-11-26,CA_3,CA,5517,0
2013-11-26,CA_4,CA,2102,0
2013-11-26,TX_1,TX,2488,0
2013-11-26,TX_2,TX,3497,0
2013-11-26,TX_3,TX,2899,0
2013-11-26,WI_1,WI,2525,0
2013-11-26,WI_2,WI,3042,0
2013-11-26,WI_3,WI,2713,0
2013-11-27,CA_1,CA,4487,0
2013-11-27,CA_2,CA,2773,0
2013-11-27,CA_3,CA,5365,0
2013-11-27,CA_4,CA,2454,0
2013-11-27,TX_1,TX,3055,0
2013-11-27,TX_2,TX,4099,0
2013-11-27,TX_3,TX,3768,0
2013-11-27,WI_1,WI,3349,0
2013-11-27,WI_2,WI,3582,0
2013-11-27,WI_3,WI,3207,0
2013-11-28,CA_1,CA,2359,0
2013-11-28,CA_2,CA,1172,0
2013-11-28,CA_3,CA,3369,0
2013-11-28,CA_4,CA,1402,0
2013-11-28,TX_1,TX,2196,0
2013-11-28,TX_2,TX,2436,0
2013-11-28,TX_3,TX,1857,0
2013-11-28,WI_1,WI,1375,0
2013-11-28,WI_2,WI,1770,0
2013-11-28,WI_3,WI,1903,0
2013-11-29,CA_1,CA,2635,0
2013-11-29,CA_2,CA,2834,0
2013-11-29,CA_3,CA,3894,0
2013-11-29,CA_4,CA,1400,0
2013-11-29,TX_1,TX,2211,0
2013-11-29,TX_2,TX,2630,0
2013-11-29,TX_3,TX,2285,0
2013-11-29,WI_1,WI,2456,0
2013-11-29,WI_2,WI,3116,0
2013-11-29,WI_3,WI,2612,0
2013-11-30,CA_1,CA,3452,0
2013-11-30,CA_2,CA,3034,0
2013-11-30,CA_3,CA,5268,0
2013-11-30,CA_4,CA,1818,0
2013-11-30,TX_1,TX,2400,0
2013-11-30,TX_2,TX,3543,0
2013-11-30,TX_3,TX,2445,0
2013-11-30,WI_1,WI,3364,0
2013-11-30,WI_2,WI,3118,0
2013-11-30,WI_3,WI,3104,0
2013-12-01,CA_1,CA,4886,1
2013-12-01,CA_2,CA,3295,1
2013-12-01,CA_3,CA,6371,1
2013-12-01,CA_4,CA,2431,1
2013-12-01,TX_1,TX,3513,1
2013-12-01,TX_2,TX,4050,1
2013-12-01,TX_3,TX,3063,1
2013-12-01,WI_1,WI,3368,0
2013-12-01,WI_2,WI,3832,0
2013-12-01,WI_3,WI,3378,0
2013-12-02,CA_1,CA,4715,1
2013-12-02,CA_2,CA,2860,1
2013-12-02,CA_3,CA,6392,1
2013-12-02,CA_4,CA,2499,1
2013-12-02,TX_1,TX,2685,0
2013-12-02,TX_2,TX,3586,0
2013-12-02,TX_3,TX,3338,0
2013-12-02,WI_1,WI,2851,1
2013-12-02,WI_2,WI,4501,1
2013-12-02,WI_3,WI,3660,1
2013-12-03,CA_1,CA,4214,1
2013-12-03,CA_2,CA,2641,1
2013-12-03,CA_3,CA,6795,1
2013-12-03,CA_4,CA,2299,1
2013-12-03,TX_1,TX,3057,1
2013-12-03,TX_2,TX,4104,1
2013-12-03,TX_3,TX,3347,1
2013-12-03,WI_1,WI,2672,1
2013-12-03,WI_2,WI,5103,1
2013-12-03,WI_3,WI,3792,1
2013-12-04,CA_1,CA,3841,1
2013-12-04,CA_2,CA,2422,1
2013-12-04,CA_3,CA,5434,1
2013-12-04,CA_4,CA,2168,1
2013-12-04,TX_1,TX,2355,0
2013-12-04,TX_2,TX,3374,0
2013-12-04,TX_3,TX,2841,0
2013-12-04,WI_1,WI,2629,0
2013-12-04,WI_2,WI,3745,0
2013-12-04,WI_3,WI,2710,0
2013-12-05,CA_1,CA,3831,1
2013-12-05,CA_2,CA,2819,1
2013-12-05,CA_3,CA,5615,1
2013-12-05,CA_4,CA,2103,1
2013-12-05,TX_1,TX,3020,1
2013-12-05,TX_2,TX,3684,1
2013-12-05,TX_3,TX,2908,1
2013-12-05,WI_1,WI,3365,1
2013-12-05,WI_2,WI,4529,1
2013-12-05,WI_3,WI,3277,1
2013-12-06,CA_1,CA,4410,1
2013-12-06,CA_2,CA,2958,1
2013-12-06,CA_3,CA,6137,1
2013-12-06,CA_4,CA,2111,1
2013-12-06,TX_1,TX,2828,1
2013-12-06,TX_2,TX,3987,1
2013-12-06,TX_3,TX,3003,1
2013-12-06,WI_1,WI,3380,1
2013-12-06,WI_2,WI,4576,1
2013-12-06,WI_3,WI,3509,1
2013-12-07,CA_1,CA,5882,1
2013-12-07,CA_2,CA,4043,1
2013-12-07,CA_3,CA,7502,1
2013-12-07,CA_4,CA,2447,1
2013-12-07,TX_1,TX,3644,1
2013-12-07,TX_2,TX,4974,1
2013-12-07,TX_3,TX,3748,1
2013-12-07,WI_1,WI,3928,0
2013-12-07,WI_2,WI,4453,0
2013-12-07,WI_3,WI,3829,0
2013-12-08,CA_1,CA,5462,1
2013-12-08,CA_2,CA,3629,1
2013-12-08,CA_3,CA,7029,1
2013-12-08,CA_4,CA,2652,1
2013-12-08,TX_1,TX,3646,0
2013-12-08,TX_2,TX,4612,0
2013-12-08,TX_3,TX,3298,0
2013-12-08,WI_1,WI,2804,1
2013-12-08,WI_2,WI,3895,1
2013-12-08,WI_3,WI,3397,1
2013-12-09,CA_1,CA,4082,1
2013-12-09,CA_2,CA,2502,1
2013-12-09,CA_3,CA,6002,1
2013-12-09,CA_4,CA,2243,1
2013-12-09,TX_1,TX,2549,1
2013-12-09,TX_2,TX,3428,1
2013-12-09,TX_3,TX,2878,1
2013-12-09,WI_1,WI,2367,1
2013-12-09,WI_2,WI,4482,1
2013-12-09,WI_3,WI,3120,1
2013-12-10,CA_1,CA,4296,1
2013-12-10,CA_2,CA,2530,1
2013-12-10,CA_3,CA,5689,1
2013-12-10,CA_4,CA,2205,1
2013-12-10,TX_1,TX,2520,0
2013-12-10,TX_2,TX,3379,0
2013-12-10,TX_3,TX,2471,0
2013-12-10,WI_1,WI,2313,0
2013-12-10,WI_2,WI,3375,0
2013-12-10,WI_3,WI,2644,0
2013-12-11,CA_1,CA,3366,0
2013-12-11,CA_2,CA,2479,0
2013-12-11,CA_3,CA,5251,0
2013-12-11,CA_4,CA,1786,0
2013-12-11,TX_1,TX,2613,1
2013-12-11,TX_2,TX,3489,1
2013-12-11,TX_3,TX,2540,1
2013-12-11,WI_1,WI,2465,1
2013-12-11,WI_2,WI,4050,1
2013-12-11,WI_3,WI,2872,1
2013-12-12,CA_1,CA,3451,0
2013-12-12,CA_2,CA,2340,0
2013-12-12,CA_3,CA,4896,0
2013-12-12,CA_4,CA,1666,0
2013-12-12,TX_1,TX,2626,1
2013-12-12,TX_2,TX,3448,1
2013-12-12,TX_3,TX,2695,1
2013-12-12,WI_1,WI,2743,1
2013-12-12,WI_2,WI,4677,1
2013-12-12,WI_3,WI,3127,1
2013-12-13,CA_1,CA,3989,0
2013-12-13,CA_2,CA,2829,0
2013-12-13,CA_3,CA,5955,0
2013-12-13,CA_4,CA,1905,0
2013-12-13,TX_1,TX,2922,1
2013-12-13,TX_2,TX,3687,1
2013-12-13,TX_3,TX,2780,1
2013-12-13,WI_1,WI,3577,0
2013-12-13,WI_2,WI,4834,0
2013-12-13,WI_3,WI,3685,0
2013-12-14,CA_1,CA,5299,0
2013-12-14,CA_2,CA,3951,0
2013-12-14,CA_3,CA,6504,0
2013-12-14,CA_4,CA,2406,0
2013-12-14,TX_1,TX,3368,0
2013-12-14,TX_2,TX,4390,0
2013-12-14,TX_3,TX,3445,0
2013-12-14,WI_1,WI,3604,1
2013-12-14,WI_2,WI,4718,1
2013-12-14,WI_3,WI,3843,1
2013-12-15,CA_1,CA,5172,0
2013-12-15,CA_2,CA,3782,0
2013-12-15,CA_3,CA,6734,0
2013-12-15,CA_4,CA,2255,0
2013-12-15,TX_1,TX,4071,1
2013-12-15,TX_2,TX,4861,1
2013-12-15,TX_3,TX,3490,1
2013-12-15,WI_1,WI,3377,1
2013-12-15,WI_2,WI,5478,1
2013-12-15,WI_3,WI,3877,1
2013-12-16,CA_1,CA,4064,0
2013-12-16,CA_2,CA,2582,0
2013-12-16,CA_3,CA,5808,0
2013-12-16,CA_4,CA,2076,0
2013-12-16,TX_1,TX,2775,0
2013-12-16,TX_2,TX,3573,0
2013-12-16,TX_3,TX,2985,0
2013-12-16,WI_1,WI,2196,0
2013-12-16,WI_2,WI,3736,0
2013-12-16,WI_3,WI,2679,0
2013-12-17,CA_1,CA,3479,0
2013-12-17,CA_2,CA,2375,0
2013-12-17,CA_3,CA,5279,0
2013-12-17,CA_4,CA,2020,0
2013-12-17,TX_1,TX,2522,0
2013-12-17,TX_2,TX,3463,0
2013-12-17,TX_3,TX,2653,0
2013-12-17,WI_1,WI,2469,0
2013-12-17,WI_2,WI,3561,0
2013-12-17,WI_3,WI,2517,0
2013-12-18,CA_1,CA,3453,0
2013-12-18,CA_2,CA,2678,0
2013-12-18,CA_3,CA,5255,0
2013-12-18,CA_4,CA,2001,0
2013-12-18,TX_1,TX,2829,0
2013-12-18,TX_2,TX,3693,0
2013-12-18,TX_3,TX,3027,0
2013-12-18,WI_1,WI,2746,0
2013-12-18,WI_2,WI,3376,0
2013-12-18,WI_3,WI,2634,0
2013-12-19,CA_1,CA,3722,0
2013-12-19,CA_2,CA,2513,0
2013-12-19,CA_3,CA,5056,0
2013-12-19,CA_4,CA,1999,0
2013-12-19,TX_1,TX,3296,0
2013-12-19,TX_2,TX,3737,0
2013-12-19,TX_3,TX,3146,0
2013-12-19,WI_1,WI,2778,0
2013-12-19,WI_2,WI,3465,0
2013-12-19,WI_3,WI,2699,0
2013-12-20,CA_1,CA,3903,0
2013-12-20,CA_2,CA,2823,0
2013-12-20,CA_3,CA,4985,0
2013-12-20,CA_4,CA,2065,0
2013-12-20,TX_1,TX,2727,0
2013-12-20,TX_2,TX,3497,0
2013-12-20,TX_3,TX,2830,0
2013-12-20,WI_1,WI,3143,0
2013-12-20,WI_2,WI,3532,0
2013-12-20,WI_3,WI,2618,0
2013-12-21,CA_1,CA,5361,0
2013-12-21,CA_2,CA,3748,0
2013-12-21,CA_3,CA,6147,0
2013-12-21,CA_4,CA,2420,0
2013-12-21,TX_1,TX,2984,0
2013-12-21,TX_2,TX,3892,0
2013-12-21,TX_3,TX,3054,0
2013-12-21,WI_1,WI,4858,0
2013-12-21,WI_2,WI,4246,0
2013-12-21,WI_3,WI,3764,0
2013-12-22,CA_1,CA,5356,0
2013-12-22,CA_2,CA,3436,0
2013-12-22,CA_3,CA,6615,0
2013-12-22,CA_4,CA,2341,0
2013-12-22,TX_1,TX,3359,0
2013-12-22,TX_2,TX,3847,0
2013-12-22,TX_3,TX,3218,0
2013-12-22,WI_1,WI,2277,0
2013-12-22,WI_2,WI,2221,0
2013-12-22,WI_3,WI,2245,0
2013-12-23,CA_1,CA,4799,0
2013-12-23,CA_2,CA,2791,0
2013-12-23,CA_3,CA,5727,0
2013-12-23,CA_4,CA,2469,0
2013-12-23,TX_1,TX,2801,0
2013-12-23,TX_2,TX,3633,0
2013-12-23,TX_3,TX,3055,0
2013-12-23,WI_1,WI,3622,0
2013-12-23,WI_2,WI,3193,0
2013-12-23,WI_3,WI,3199,0
2013-12-24,CA_1,CA,3458,0
2013-12-24,CA_2,CA,2355,0
2013-12-24,CA_3,CA,4594,0
2013-12-24,CA_4,CA,2200,0
2013-12-24,TX_1,TX,2729,0
2013-12-24,TX_2,TX,3294,0
2013-12-24,TX_3,TX,2865,0
2013-12-24,WI_1,WI,3085,0
2013-12-24,WI_2,WI,3592,0
2013-12-24,WI_3,WI,2905,0
2013-12-25,CA_1,CA,0,0
2013-12-25,CA_2,CA,2,0
2013-12-25,CA_3,CA,3,0
2013-12-25,CA_4,CA,0,0
2013-12-25,TX_1,TX,1,0
2013-12-25,TX_2,TX,11,0
2013-12-25,TX_3,TX,1,0
2013-12-25,WI_1,WI,1,0
2013-12-25,WI_2,WI,0,0
2013-12-25,WI_3,WI,1,0
2013-12-26,CA_1,CA,3570,0
2013-12-26,CA_2,CA,3018,0
2013-12-26,CA_3,CA,5972,0
2013-12-26,CA_4,CA,1984,0
2013-12-26,TX_1,TX,2732,0
2013-12-26,TX_2,TX,3879,0
2013-12-26,TX_3,TX,3128,0
2013-12-26,WI_1,WI,2690,0
2013-12-26,WI_2,WI,3012,0
2013-12-26,WI_3,WI,2742,0
2013-12-27,CA_1,CA,4089,0
2013-12-27,CA_2,CA,2609,0
2013-12-27,CA_3,CA,5771,0
2013-12-27,CA_4,CA,2208,0
2013-12-27,TX_1,TX,2697,0
2013-12-27,TX_2,TX,3488,0
2013-12-27,TX_3,TX,3077,0
2013-12-27,WI_1,WI,3024,0
2013-12-27,WI_2,WI,3181,0
2013-12-27,WI_3,WI,2951,0
2013-12-28,CA_1,CA,4575,0
2013-12-28,CA_2,CA,3105,0
2013-12-28,CA_3,CA,6006,0
2013-12-28,CA_4,CA,2160,0
2013-12-28,TX_1,TX,3112,0
2013-12-28,TX_2,TX,4443,0
2013-12-28,TX_3,TX,2899,0
2013-12-28,WI_1,WI,3841,0
2013-12-28,WI_2,WI,3229,0
2013-12-28,WI_3,WI,3120,0
2013-12-29,CA_1,CA,4281,0
2013-12-29,CA_2,CA,3154,0
2013-12-29,CA_3,CA,6040,0
2013-12-29,CA_4,CA,1980,0
2013-12-29,TX_1,TX,2839,0
2013-12-29,TX_2,TX,4234,0
2013-12-29,TX_3,TX,2910,0
2013-12-29,WI_1,WI,2817,0
2013-12-29,WI_2,WI,3008,0
2013-12-29,WI_3,WI,2858,0
2013-12-30,CA_1,CA,4294,0
2013-12-30,CA_2,CA,2806,0
2013-12-30,CA_3,CA,6002,0
2013-12-30,CA_4,CA,2057,0
2013-12-30,TX_1,TX,2543,0
2013-12-30,TX_2,TX,3696,0
2013-12-30,TX_3,TX,2736,0
2013-12-30,WI_1,WI,2618,0
2013-12-30,WI_2,WI,2920,0
2013-12-30,WI_3,WI,2621,0
2013-12-31,CA_1,CA,4175,0
2013-12-31,CA_2,CA,2541,0
2013-12-31,CA_3,CA,6045,0
2013-12-31,CA_4,CA,2212,0
2013-12-31,TX_1,TX,2637,0
2013-12-31,TX_2,TX,4022,0
2013-12-31,TX_3,TX,3130,0
2013-12-31,WI_1,WI,2947,0
2013-12-31,WI_2,WI,3792,0
2013-12-31,WI_3,WI,3310,0
2014-01-01,CA_1,CA,2913,1
2014-01-01,CA_2,CA,2149,1
2014-01-01,CA_3,CA,4319,1
2014-01-01,CA_4,CA,1503,1
2014-01-01,TX_1,TX,2277,1
2014-01-01,TX_2,TX,3509,1
2014-01-01,TX_3,TX,2051,1
2014-01-01,WI_1,WI,1626,0
2014-01-01,WI_2,WI,1968,0
2014-01-01,WI_3,WI,1530,0
2014-01-02,CA_1,CA,4410,1
2014-01-02,CA_2,CA,2433,1
2014-01-02,CA_3,CA,5703,1
2014-01-02,CA_4,CA,2157,1
2014-01-02,TX_1,TX,2528,0
2014-01-02,TX_2,TX,3371,0
2014-01-02,TX_3,TX,2748,0
2014-01-02,WI_1,WI,2380,1
2014-01-02,WI_2,WI,3820,1
2014-01-02,WI_3,WI,3103,1
2014-01-03,CA_1,CA,4703,1
2014-01-03,CA_2,CA,2775,1
2014-01-03,CA_3,CA,6378,1
2014-01-03,CA_4,CA,2126,1
2014-01-03,TX_1,TX,2820,1
2014-01-03,TX_2,TX,3834,1
2014-01-03,TX_3,TX,3493,1
2014-01-03,WI_1,WI,3680,1
2014-01-03,WI_2,WI,4950,1
2014-01-03,WI_3,WI,4111,1
2014-01-04,CA_1,CA,5087,1
2014-01-04,CA_2,CA,3492,1
2014-01-04,CA_3,CA,7043,1
2014-01-04,CA_4,CA,2371,1
2014-01-04,TX_1,TX,3153,0
2014-01-04,TX_2,TX,4600,0
2014-01-04,TX_3,TX,3538,0
2014-01-04,WI_1,WI,4934,0
2014-01-04,WI_2,WI,5633,0
2014-01-04,WI_3,WI,4765,0
2014-01-05,CA_1,CA,5472,1
2014-01-05,CA_2,CA,3495,1
2014-01-05,CA_3,CA,7736,1
2014-01-05,CA_4,CA,2555,1
2014-01-05,TX_1,TX,3680,1
2014-01-05,TX_2,TX,5229,1
2014-01-05,TX_3,TX,3683,1
2014-01-05,WI_1,WI,3167,1
2014-01-05,WI_2,WI,5743,1
2014-01-05,WI_3,WI,4542,1
2014-01-06,CA_1,CA,4340,1
2014-01-06,CA_2,CA,2432,1
2014-01-06,CA_3,CA,6393,1
2014-01-06,CA_4,CA,2397,1
2014-01-06,TX_1,TX,2826,1
2014-01-06,TX_2,TX,3633,1
2014-01-06,TX_3,TX,3157,1
2014-01-06,WI_1,WI,1441,1
2014-01-06,WI_2,WI,3283,1
2014-01-06,WI_3,WI,2510,1
2014-01-07,CA_1,CA,4043,1
2014-01-07,CA_2,CA,2347,1
2014-01-07,CA_3,CA,5723,1
2014-01-07,CA_4,CA,2086,1
2014-01-07,TX_1,TX,2821,1
2014-01-07,TX_2,TX,3525,1
2014-01-07,TX_3,TX,2943,1
2014-01-07,WI_1,WI,1924,0
2014-01-07,WI_2,WI,2621,0
2014-01-07,WI_3,WI,2919,0
2014-01-08,CA_1,CA,3607,1
2014-01-08,CA_2,CA,2538,1
2014-01-08,CA_3,CA,5912,1
2014-01-08,CA_4,CA,1896,1
2014-01-08,TX_1,TX,2573,0
2014-01-08,TX_2,TX,3321,0
2014-01-08,TX_3,TX,2866,0
2014-01-08,WI_1,WI,2834,1
2014-01-08,WI_2,WI,3886,1
2014-01-08,WI_3,WI,3540,1
2014-01-09,CA_1,CA,3395,1
2014-01-09,CA_2,CA,2274,1
2014-01-09,CA_3,CA,5467,1
2014-01-09,CA_4,CA,2172,1
2014-01-09,TX_1,TX,2583,1
2014-01-09,TX_2,TX,3575,1
2014-01-09,TX_3,TX,2888,1
2014-01-09,WI_1,WI,3145,1
2014-01-09,WI_2,WI,3956,1
2014-01-09,WI_3,WI,3742,1
2014-01-10,CA_1,CA,4134,1
2014-01-10,CA_2,CA,2864,1
2014-01-10,CA_3,CA,5932,1
2014-01-10,CA_4,CA,2164,1
2014-01-10,TX_1,TX,2519,0
2014-01-10,TX_2,TX,3281,0
2014-01-10,TX_3,TX,2604,0
2014-01-10,WI_1,WI,2686,0
2014-01-10,WI_2,WI,3357,0
2014-01-10,WI_3,WI,3225,0
2014-01-11,CA_1,CA,5582,0
2014-01-11,CA_2,CA,4043,0
2014-01-11,CA_3,CA,7737,0
2014-01-11,CA_4,CA,2722,0
2014-01-11,TX_1,TX,3713,1
2014-01-11,TX_2,TX,5028,1
2014-01-11,TX_3,TX,3935,1
2014-01-11,WI_1,WI,4334,1
2014-01-11,WI_2,WI,5894,1
2014-01-11,WI_3,WI,4810,1
2014-01-12,CA_1,CA,5062,0
2014-01-12,CA_2,CA,3645,0
2014-01-12,CA_3,CA,7567,0
2014-01-12,CA_4,CA,2788,0
2014-01-12,TX_1,TX,4075,1
2014-01-12,TX_2,TX,5053,1
2014-01-12,TX_3,TX,3900,1
2014-01-12,WI_1,WI,4291,1
2014-01-12,WI_2,WI,5674,1
2014-01-12,WI_3,WI,4803,1
2014-01-13,CA_1,CA,3720,0
2014-01-13,CA_2,CA,2564,0
2014-01-13,CA_3,CA,6099,0
2014-01-13,CA_4,CA,2443,0
2014-01-13,TX_1,TX,2952,1
2014-01-13,TX_2,TX,3923,1
2014-01-13,TX_3,TX,3351,1
2014-01-13,WI_1,WI,2411,0
2014-01-13,WI_2,WI,3315,0
2014-01-13,WI_3,WI,2936,0
2014-01-14,CA_1,CA,3158,0
2014-01-14,CA_2,CA,2144,0
2014-01-14,CA_3,CA,5142,0
2014-01-14,CA_4,CA,2039,0
2014-01-14,TX_1,TX,2565,0
2014-01-14,TX_2,TX,3222,0
2014-01-14,TX_3,TX,2603,0
2014-01-14,WI_1,WI,2158,1
2014-01-14,WI_2,WI,3898,1
2014-01-14,WI_3,WI,3294,1
2014-01-15,CA_1,CA,3241,0
2014-01-15,CA_2,CA,2424,0
2014-01-15,CA_3,CA,5284,0
2014-01-15,CA_4,CA,2169,0
2014-01-15,TX_1,TX,2596,1
2014-01-15,TX_2,TX,3224,1
2014-01-15,TX_3,TX,2829,1
2014-01-15,WI_1,WI,2377,1
2014-01-15,WI_2,WI,4286,1
2014-01-15,WI_3,WI,3149,1
2014-01-16,CA_1,CA,3193,0
2014-01-16,CA_2,CA,2567,0
2014-01-16,CA_3,CA,5527,0
2014-01-16,CA_4,CA,1988,0
2014-01-16,TX_1,TX,2582,0
2014-01-16,TX_2,TX,2979,0
2014-01-16,TX_3,TX,2729,0
2014-01-16,WI_1,WI,2478,0
2014-01-16,WI_2,WI,4283,0
2014-01-16,WI_3,WI,2864,0
2014-01-17,CA_1,CA,4137,0
2014-01-17,CA_2,CA,3335,0
2014-01-17,CA_3,CA,6021,0
2014-01-17,CA_4,CA,2308,0
2014-01-17,TX_1,TX,2696,0
2014-01-17,TX_2,TX,3390,0
2014-01-17,TX_3,TX,2724,0
2014-01-17,WI_1,WI,3031,0
2014-01-17,WI_2,WI,4127,0
2014-01-17,WI_3,WI,3471,0
2014-01-18,CA_1,CA,5481,0
2014-01-18,CA_2,CA,4605,0
2014-01-18,CA_3,CA,7364,0
2014-01-18,CA_4,CA,2606,0
2014-01-18,TX_1,TX,3345,0
2014-01-18,TX_2,TX,3817,0
2014-01-18,TX_3,TX,3177,0
2014-01-18,WI_1,WI,4110,0
2014-01-18,WI_2,WI,4635,0
2014-01-18,WI_3,WI,4093,0
2014-01-19,CA_1,CA,4872,0
2014-01-19,CA_2,CA,3446,0
2014-01-19,CA_3,CA,6975,0
2014-01-19,CA_4,CA,2514,0
2014-01-19,TX_1,TX,3839,0
2014-01-19,TX_2,TX,3994,0
2014-01-19,TX_3,TX,3398,0
2014-01-19,WI_1,WI,3626,0
2014-01-19,WI_2,WI,3967,0
2014-01-19,WI_3,WI,3796,0
2014-01-20,CA_1,CA,4019,0
2014-01-20,CA_2,CA,3057,0
2014-01-20,CA_3,CA,6166,0
2014-01-20,CA_4,CA,2210,0
2014-01-20,TX_1,TX,2835,0
2014-01-20,TX_2,TX,3421,0
2014-01-20,TX_3,TX,2933,0
2014-01-20,WI_1,WI,2477,0
2014-01-20,WI_2,WI,2950,0
2014-01-20,WI_3,WI,2638,0
2014-01-21,CA_1,CA,3089,0
2014-01-21,CA_2,CA,2103,0
2014-01-21,CA_3,CA,5457,0
2014-01-21,CA_4,CA,2144,0
2014-01-21,TX_1,TX,2387,0
2014-01-21,TX_2,TX,2665,0
2014-01-21,TX_3,TX,2352,0
2014-01-21,WI_1,WI,2091,0
2014-01-21,WI_2,WI,3074,0
2014-01-21,WI_3,WI,2492,0
2014-01-22,CA_1,CA,3109,0
2014-01-22,CA_2,CA,2387,0
2014-01-22,CA_3,CA,5589,0
2014-01-22,CA_4,CA,2143,0
2014-01-22,TX_1,TX,2255,0
2014-01-22,TX_2,TX,2683,0
2014-01-22,TX_3,TX,2629,0
2014-01-22,WI_1,WI,2270,0
2014-01-22,WI_2,WI,2897,0
2014-01-22,WI_3,WI,2235,0
2014-01-23,CA_1,CA,2872,0
2014-01-23,CA_2,CA,2246,0
2014-01-23,CA_3,CA,4839,0
2014-01-23,CA_4,CA,2090,0
2014-01-23,TX_1,TX,2029,0
2014-01-23,TX_2,TX,2807,0
2014-01-23,TX_3,TX,2376,0
2014-01-23,WI_1,WI,2218,0
2014-01-23,WI_2,WI,2665,0
2014-01-23,WI_3,WI,2102,0
2014-01-24,CA_1,CA,3900,0
2014-01-24,CA_2,CA,2707,0
2014-01-24,CA_3,CA,5467,0
2014-01-24,CA_4,CA,2195,0
2014-01-24,TX_1,TX,2323,0
2014-01-24,TX_2,TX,2829,0
2014-01-24,TX_3,TX,2517,0
2014-01-24,WI_1,WI,2637,0
2014-01-24,WI_2,WI,3626,0
2014-01-24,WI_3,WI,2687,0
2014-01-25,CA_1,CA,4750,0
2014-01-25,CA_2,CA,4244,0
2014-01-25,CA_3,CA,6764,0
2014-01-25,CA_4,CA,2490,0
2014-01-25,TX_1,TX,2980,0
2014-01-25,TX_2,TX,3974,0
2014-01-25,TX_3,TX,3627,0
2014-01-25,WI_1,WI,4289,0
2014-01-25,WI_2,WI,3860,0
2014-01-25,WI_3,WI,3551,0
2014-01-26,CA_1,CA,5357,0
2014-01-26,CA_2,CA,4047,0
2014-01-26,CA_3,CA,7522,0
2014-01-26,CA_4,CA,2445,0
2014-01-26,TX_1,TX,3451,0
2014-01-26,TX_2,TX,3821,0
2014-01-26,TX_3,TX,3539,0
2014-01-26,WI_1,WI,3371,0
2014-01-26,WI_2,WI,3527,0
2014-01-26,WI_3,WI,3117,0
2014-01-27,CA_1,CA,3514,0
2014-01-27,CA_2,CA,2438,0
2014-01-27,CA_3,CA,5397,0
2014-01-27,CA_4,CA,2163,0
2014-01-27,TX_1,TX,2774,0
2014-01-27,TX_2,TX,3749,0
2014-01-27,TX_3,TX,3325,0
2014-01-27,WI_1,WI,1783,0
2014-01-27,WI_2,WI,2825,0
2014-01-27,WI_3,WI,2092,0
2014-01-28,CA_1,CA,2873,0
2014-01-28,CA_2,CA,2294,0
2014-01-28,CA_3,CA,4855,0
2014-01-28,CA_4,CA,2145,0
2014-01-28,TX_1,TX,1830,0
2014-01-28,TX_2,TX,2075,0
2014-01-28,TX_3,TX,1729,0
2014-01-28,WI_1,WI,1735,0
2014-01-28,WI_2,WI,2658,0
2014-01-28,WI_3,WI,1806,0
2014-01-29,CA_1,CA,2621,0
2014-01-29,CA_2,CA,2151,0
2014-01-29,CA_3,CA,4282,0
2014-01-29,CA_4,CA,1887,0
2014-01-29,TX_1,TX,2133,0
2014-01-29,TX_2,TX,2410,0
2014-01-29,TX_3,TX,2231,0
2014-01-29,WI_1,WI,2230,0
2014-01-29,WI_2,WI,2804,0
2014-01-29,WI_3,WI,2234,0
2014-01-30,CA_1,CA,2846,0
2014-01-30,CA_2,CA,2181,0
2014-01-30,CA_3,CA,4783,0
2014-01-30,CA_4,CA,1904,0
2014-01-30,TX_1,TX,2312,0
2014-01-30,TX_2,TX,2695,0
2014-01-30,TX_3,TX,2435,0
2014-01-30,WI_1,WI,2476,0
2014-01-30,WI_2,WI,3168,0
2014-01-30,WI_3,WI,2217,0
2014-01-31,CA_1,CA,4359,0
2014-01-31,CA_2,CA,2853,0
2014-01-31,CA_3,CA,5403,0
2014-01-31,CA_4,CA,2327,0
2014-01-31,TX_1,TX,2646,0
2014-01-31,TX_2,TX,3268,0
2014-01-31,TX_3,TX,3420,0
2014-01-31,WI_1,WI,3462,0
2014-01-31,WI_2,WI,4780,0
2014-01-31,WI_3,WI,3971,0
2014-02-01,CA_1,CA,6511,1
2014-02-01,CA_2,CA,4580,1
2014-02-01,CA_3,CA,6091,1
2014-02-01,CA_4,CA,3298,1
2014-02-01,TX_1,TX,3701,1
2014-02-01,TX_2,TX,4711,1
2014-02-01,TX_3,TX,4217,1
2014-02-01,WI_1,WI,3788,0
2014-02-01,WI_2,WI,4886,0
2014-02-01,WI_3,WI,3550,0
2014-02-02,CA_1,CA,5090,1
2014-02-02,CA_2,CA,3714,1
2014-02-02,CA_3,CA,7841,1
2014-02-02,CA_4,CA,2655,1
2014-02-02,TX_1,TX,3307,0
2014-02-02,TX_2,TX,4082,0
2014-02-02,TX_3,TX,3732,0
2014-02-02,WI_1,WI,3654,1
2014-02-02,WI_2,WI,5358,1
2014-02-02,WI_3,WI,4464,1
2014-02-03,CA_1,CA,4161,1
2014-02-03,CA_2,CA,2498,1
2014-02-03,CA_3,CA,6985,1
2014-02-03,CA_4,CA,2303,1
2014-02-03,TX_1,TX,2651,1
2014-02-03,TX_2,TX,3281,1
2014-02-03,TX_3,TX,3356,1
2014-02-03,WI_1,WI,2480,1
2014-02-03,WI_2,WI,5612,1
2014-02-03,WI_3,WI,3967,1
2014-02-04,CA_1,CA,3461,1
2014-02-04,CA_2,CA,2365,1
2014-02-04,CA_3,CA,5938,1
2014-02-04,CA_4,CA,2199,1
2014-02-04,TX_1,TX,2209,0
2014-02-04,TX_2,TX,2770,0
2014-02-04,TX_3,TX,2713,0
2014-02-04,WI_1,WI,2328,0
2014-02-04,WI_2,WI,3668,0
2014-02-04,WI_3,WI,2926,0
2014-02-05,CA_1,CA,3470,1
2014-02-05,CA_2,CA,2494,1
2014-02-05,CA_3,CA,5808,1
2014-02-05,CA_4,CA,1987,1
2014-02-05,TX_1,TX,2465,1
2014-02-05,TX_2,TX,2963,1
2014-02-05,TX_3,TX,2984,1
2014-02-05,WI_1,WI,2204,1
2014-02-05,WI_2,WI,4606,1
2014-02-05,WI_3,WI,2695,1
2014-02-06,CA_1,CA,3566,1
2014-02-06,CA_2,CA,2385,1
2014-02-06,CA_3,CA,5633,1
2014-02-06,CA_4,CA,2261,1
2014-02-06,TX_1,TX,2479,1
2014-02-06,TX_2,TX,3268,1
2014-02-06,TX_3,TX,2605,1
2014-02-06,WI_1,WI,2495,1
2014-02-06,WI_2,WI,4755,1
2014-02-06,WI_3,WI,2942,1
2014-02-07,CA_1,CA,4235,1
2014-02-07,CA_2,CA,2597,1
2014-02-07,CA_3,CA,5543,1
2014-02-07,CA_4,CA,2266,1
2014-02-07,TX_1,TX,2820,1
2014-02-07,TX_2,TX,3805,1
2014-02-07,TX_3,TX,3046,1
2014-02-07,WI_1,WI,2897,0
2014-02-07,WI_2,WI,4212,0
2014-02-07,WI_3,WI,2834,0
2014-02-08,CA_1,CA,5752,1
2014-02-08,CA_2,CA,4681,1
2014-02-08,CA_3,CA,8404,1
2014-02-08,CA_4,CA,3014,1
2014-02-08,TX_1,TX,3385,0
2014-02-08,TX_2,TX,4298,0
2014-02-08,TX_3,TX,3682,0
2014-02-08,WI_1,WI,4216,1
2014-02-08,WI_2,WI,5627,1
2014-02-08,WI_3,WI,4049,1
2014-02-09,CA_1,CA,5747,1
2014-02-09,CA_2,CA,4290,1
2014-02-09,CA_3,CA,8406,1
2014-02-09,CA_4,CA,2683,1
2014-02-09,TX_1,TX,4080,1
2014-02-09,TX_2,TX,5078,1
2014-02-09,TX_3,TX,4230,1
2014-02-09,WI_1,WI,3948,1
2014-02-09,WI_2,WI,5125,1
2014-02-09,WI_3,WI,4453,1
2014-02-10,CA_1,CA,4316,1
2014-02-10,CA_2,CA,2584,1
2014-02-10,CA_3,CA,6479,1
2014-02-10,CA_4,CA,2335,1
2014-02-10,TX_1,TX,2583,0
2014-02-10,TX_2,TX,3205,0
2014-02-10,TX_3,TX,2866,0
2014-02-10,WI_1,WI,2356,0
2014-02-10,WI_2,WI,3646,0
2014-02-10,WI_3,WI,2777,0
2014-02-11,CA_1,CA,3510,0
2014-02-11,CA_2,CA,2449,0
2014-02-11,CA_3,CA,5601,0
2014-02-11,CA_4,CA,2134,0
2014-02-11,TX_1,TX,2886,1
2014-02-11,TX_2,TX,3218,1
2014-02-11,TX_3,TX,3246,1
2014-02-11,WI_1,WI,2633,1
2014-02-11,WI_2,WI,4615,1
2014-02-11,WI_3,WI,3241,1
2014-02-12,CA_1,CA,3465,0
2014-02-12,CA_2,CA,2620,0
2014-02-12,CA_3,CA,5612,0
2014-02-12,CA_4,CA,2192,0
2014-02-12,TX_1,TX,3290,1
2014-02-12,TX_2,TX,3989,1
2014-02-12,TX_3,TX,3815,1
2014-02-12,WI_1,WI,2695,1
2014-02-12,WI_2,WI,5395,1
2014-02-12,WI_3,WI,3665,1
2014-02-13,CA_1,CA,3891,0
2014-02-13,CA_2,CA,2991,0
2014-02-13,CA_3,CA,6284,0
2014-02-13,CA_4,CA,2128,0
2014-02-13,TX_1,TX,3686,1
2014-02-13,TX_2,TX,4431,1
2014-02-13,TX_3,TX,3627,1
2014-02-13,WI_1,WI,2617,0
2014-02-13,WI_2,WI,4626,0
2014-02-13,WI_3,WI,3202,0
2014-02-14,CA_1,CA,3659,0
2014-02-14,CA_2,CA,2688,0
2014-02-14,CA_3,CA,5202,0
2014-02-14,CA_4,CA,1844,0
2014-02-14,TX_1,TX,3058,0
2014-02-14,TX_2,TX,3575,0
2014-02-14,TX_3,TX,3030,0
2014-02-14,WI_1,WI,3131,1
2014-02-14,WI_2,WI,4490,1
2014-02-14,WI_3,WI,3233,1
2014-02-15,CA_1,CA,4900,0
2014-02-15,CA_2,CA,4147,0
2014-02-15,CA_3,CA,6444,0
2014-02-15,CA_4,CA,2308,0
2014-02-15,TX_1,TX,3908,1
2014-02-15,TX_2,TX,4539,1
2014-02-15,TX_3,TX,4279,1
2014-02-15,WI_1,WI,4420,1
2014-02-15,WI_2,WI,5629,1
2014-02-15,WI_3,WI,4391,1
2014-02-16,CA_1,CA,4930,0
2014-02-16,CA_2,CA,3884,0
2014-02-16,CA_3,CA,6889,0
2014-02-16,CA_4,CA,2259,0
2014-02-16,TX_1,TX,4200,0
2014-02-16,TX_2,TX,4615,0
2014-02-16,TX_3,TX,3979,0
2014-02-16,WI_1,WI,4052,0
2014-02-16,WI_2,WI,4782,0
2014-02-16,WI_3,WI,4242,0
2014-02-17,CA_1,CA,3943,0
2014-02-17,CA_2,CA,3174,0
2014-02-17,CA_3,CA,6475,0
2014-02-17,CA_4,CA,2198,0
2014-02-17,TX_1,TX,3200,0
2014-02-17,TX_2,TX,4661,0
2014-02-17,TX_3,TX,3606,0
2014-02-17,WI_1,WI,1677,0
2014-02-17,WI_2,WI,3489,0
2014-02-17,WI_3,WI,2134,0
2014-02-18,CA_1,CA,2988,0
2014-02-18,CA_2,CA,2385,0
2014-02-18,CA_3,CA,5370,0
2014-02-18,CA_4,CA,1976,0
2014-02-18,TX_1,TX,2530,0
2014-02-18,TX_2,TX,3207,0
2014-02-18,TX_3,TX,2819,0
2014-02-18,WI_1,WI,2667,0
2014-02-18,WI_2,WI,3709,0
2014-02-18,WI_3,WI,3059,0
2014-02-19,CA_1,CA,2967,0
2014-02-19,CA_2,CA,2395,0
2014-02-19,CA_3,CA,5303,0
2014-02-19,CA_4,CA,1830,0
2014-02-19,TX_1,TX,2450,0
2014-02-19,TX_2,TX,2880,0
2014-02-19,TX_3,TX,2895,0
2014-02-19,WI_1,WI,2760,0
2014-02-19,WI_2,WI,3935,0
2014-02-19,WI_3,WI,2996,0
2014-02-20,CA_1,CA,3003,0
2014-02-20,CA_2,CA,2645,0
2014-02-20,CA_3,CA,5430,0
2014-02-20,CA_4,CA,2071,0
2014-02-20,TX_1,TX,2405,0
2014-02-20,TX_2,TX,3035,0
2014-02-20,TX_3,TX,2784,0
2014-02-20,WI_1,WI,2205,0
2014-02-20,WI_2,WI,3693,0
2014-02-20,WI_3,WI,2432,0
2014-02-21,CA_1,CA,3813,0
2014-02-21,CA_2,CA,2722,0
2014-02-21,CA_3,CA,5529,0
2014-02-21,CA_4,CA,2006,0
2014-02-21,TX_1,TX,2843,0
2014-02-21,TX_2,TX,3444,0
2014-02-21,TX_3,TX,3029,0
2014-02-21,WI_1,WI,2789,0
2014-02-21,WI_2,WI,4137,0
2014-02-21,WI_3,WI,3014,0
2014-02-22,CA_1,CA,4790,0
2014-02-22,CA_2,CA,4067,0
2014-02-22,CA_3,CA,6551,0
2014-02-22,CA_4,CA,2278,0
2014-02-22,TX_1,TX,3344,0
2014-02-22,TX_2,TX,3888,0
2014-02-22,TX_3,TX,3636,0
2014-02-22,WI_1,WI,4719,0
2014-02-22,WI_2,WI,4305,0
2014-02-22,WI_3,WI,3910,0
2014-02-23,CA_1,CA,5055,0
2014-02-23,CA_2,CA,4036,0
2014-02-23,CA_3,CA,7316,0
2014-02-23,CA_4,CA,2502,0
2014-02-23,TX_1,TX,4099,0
2014-02-23,TX_2,TX,5110,0
2014-02-23,TX_3,TX,4125,0
2014-02-23,WI_1,WI,4027,0
2014-02-23,WI_2,WI,4357,0
2014-02-23,WI_3,WI,3800,0
2014-02-24,CA_1,CA,3574,0
2014-02-24,CA_2,CA,2475,0
2014-02-24,CA_3,CA,5332,0
2014-02-24,CA_4,CA,2413,0
2014-02-24,TX_1,TX,2731,0
2014-02-24,TX_2,TX,3408,0
2014-02-24,TX_3,TX,3089,0
2014-02-24,WI_1,WI,2522,0
2014-02-24,WI_2,WI,3547,0
2014-02-24,WI_3,WI,2706,0
2014-02-25,CA_1,CA,3168,0
2014-02-25,CA_2,CA,2495,0
2014-02-25,CA_3,CA,5267,0
2014-02-25,CA_4,CA,2105,0
2014-02-25,TX_1,TX,2603,0
2014-02-25,TX_2,TX,3114,0
2014-02-25,TX_3,TX,2828,0
2014-02-25,WI_1,WI,2286,0
2014-02-25,WI_2,WI,3148,0
2014-02-25,WI_3,WI,2711,0
2014-02-26,CA_1,CA,3018,0
2014-02-26,CA_2,CA,2025,0
2014-02-26,CA_3,CA,4246,0
2014-02-26,CA_4,CA,2005,0
2014-02-26,TX_1,TX,2086,0
2014-02-26,TX_2,TX,2636,0
2014-02-26,TX_3,TX,2447,0
2014-02-26,WI_1,WI,2493,0
2014-02-26,WI_2,WI,3277,0
2014-02-26,WI_3,WI,2118,0
2014-02-27,CA_1,CA,3164,0
2014-02-27,CA_2,CA,2531,0
2014-02-27,CA_3,CA,4760,0
2014-02-27,CA_4,CA,2123,0
2014-02-27,TX_1,TX,2480,0
2014-02-27,TX_2,TX,3045,0
2014-02-27,TX_3,TX,2899,0
2014-02-27,WI_1,WI,2431,0
2014-02-27,WI_2,WI,3256,0
2014-02-27,WI_3,WI,2201,0
2014-02-28,CA_1,CA,3495,0
2014-02-28,CA_2,CA,2857,0
2014-02-28,CA_3,CA,4877,0
2014-02-28,CA_4,CA,1925,0
2014-02-28,TX_1,TX,2817,0
2014-02-28,TX_2,TX,3851,0
2014-02-28,TX_3,TX,3146,0
2014-02-28,WI_1,WI,3244,0
2014-02-28,WI_2,WI,4763,0
2014-02-28,WI_3,WI,3223,0
2014-03-01,CA_1,CA,5724,1
2014-03-01,CA_2,CA,4693,1
2014-03-01,CA_3,CA,7830,1
2014-03-01,CA_4,CA,2734,1
2014-03-01,TX_1,TX,3834,1
2014-03-01,TX_2,TX,4524,1
2014-03-01,TX_3,TX,3899,1
2014-03-01,WI_1,WI,3984,0
2014-03-01,WI_2,WI,4726,0
2014-03-01,WI_3,WI,3548,0
2014-03-02,CA_1,CA,5516,1
2014-03-02,CA_2,CA,4298,1
2014-03-02,CA_3,CA,8145,1
2014-03-02,CA_4,CA,2893,1
2014-03-02,TX_1,TX,3713,0
2014-03-02,TX_2,TX,4499,0
2014-03-02,TX_3,TX,3994,0
2014-03-02,WI_1,WI,4180,1
2014-03-02,WI_2,WI,5337,1
2014-03-02,WI_3,WI,4202,1
2014-03-03,CA_1,CA,3843,1
2014-03-03,CA_2,CA,2804,1
2014-03-03,CA_3,CA,6265,1
2014-03-03,CA_4,CA,2291,1
2014-03-03,TX_1,TX,2945,1
2014-03-03,TX_2,TX,3683,1
2014-03-03,TX_3,TX,3633,1
2014-03-03,WI_1,WI,2745,1
2014-03-03,WI_2,WI,5410,1
2014-03-03,WI_3,WI,3582,1
2014-03-04,CA_1,CA,3313,1
2014-03-04,CA_2,CA,2594,1
2014-03-04,CA_3,CA,5664,1
2014-03-04,CA_4,CA,2079,1
2014-03-04,TX_1,TX,2281,0
2014-03-04,TX_2,TX,2752,0
2014-03-04,TX_3,TX,2620,0
2014-03-04,WI_1,WI,2365,0
2014-03-04,WI_2,WI,3795,0
2014-03-04,WI_3,WI,2603,0
2014-03-05,CA_1,CA,2949,1
2014-03-05,CA_2,CA,2269,1
2014-03-05,CA_3,CA,5127,1
2014-03-05,CA_4,CA,2051,1
2014-03-05,TX_1,TX,2894,1
2014-03-05,TX_2,TX,3356,1
2014-03-05,TX_3,TX,3015,1
2014-03-05,WI_1,WI,2246,1
2014-03-05,WI_2,WI,4536,1
2014-03-05,WI_3,WI,2835,1
2014-03-06,CA_1,CA,3263,1
2014-03-06,CA_2,CA,2453,1
2014-03-06,CA_3,CA,5203,1
2014-03-06,CA_4,CA,1921,1
2014-03-06,TX_1,TX,2904,1
2014-03-06,TX_2,TX,3225,1
2014-03-06,TX_3,TX,3350,1
2014-03-06,WI_1,WI,2768,1
2014-03-06,WI_2,WI,4457,1
2014-03-06,WI_3,WI,3118,1
2014-03-07,CA_1,CA,4092,1
2014-03-07,CA_2,CA,2836,1
2014-03-07,CA_3,CA,5418,1
2014-03-07,CA_4,CA,2297,1
2014-03-07,TX_1,TX,2918,1
2014-03-07,TX_2,TX,3636,1
2014-03-07,TX_3,TX,3341,1
2014-03-07,WI_1,WI,3036,0
2014-03-07,WI_2,WI,3863,0
2014-03-07,WI_3,WI,3427,0
2014-03-08,CA_1,CA,5070,1
2014-03-08,CA_2,CA,4022,1
2014-03-08,CA_3,CA,6704,1
2014-03-08,CA_4,CA,2175,1
2014-03-08,TX_1,TX,3462,0
2014-03-08,TX_2,TX,4359,0
2014-03-08,TX_3,TX,3844,0
2014-03-08,WI_1,WI,4200,1
2014-03-08,WI_2,WI,5552,1
2014-03-08,WI_3,WI,4097,1
2014-03-09,CA_1,CA,5913,1
2014-03-09,CA_2,CA,4223,1
2014-03-09,CA_3,CA,8737,1
2014-03-09,CA_4,CA,2996,1
2014-03-09,TX_1,TX,4471,1
2014-03-09,TX_2,TX,5339,1
2014-03-09,TX_3,TX,4365,1
2014-03-09,WI_1,WI,4028,1
2014-03-09,WI_2,WI,5871,1
2014-03-09,WI_3,WI,4147,1
2014-03-10,CA_1,CA,4372,1
2014-03-10,CA_2,CA,2452,1
2014-03-10,CA_3,CA,7195,1
2014-03-10,CA_4,CA,2411,1
2014-03-10,TX_1,TX,3031,0
2014-03-10,TX_2,TX,3796,0
2014-03-10,TX_3,TX,4077,0
2014-03-10,WI_1,WI,2664,0
2014-03-10,WI_2,WI,4249,0
2014-03-10,WI_3,WI,3259,0
2014-03-11,CA_1,CA,3340,0
2014-03-11,CA_2,CA,2503,0
2014-03-11,CA_3,CA,6025,0
2014-03-11,CA_4,CA,2050,0
2014-03-11,TX_1,TX,3036,1
2014-03-11,TX_2,TX,3526,1
2014-03-11,TX_3,TX,3489,1
2014-03-11,WI_1,WI,2710,1
2014-03-11,WI_2,WI,4628,1
2014-03-11,WI_3,WI,3260,1
2014-03-12,CA_1,CA,3356,0
2014-03-12,CA_2,CA,2574,0
2014-03-12,CA_3,CA,6023,0
2014-03-12,CA_4,CA,2028,0
2014-03-12,TX_1,TX,3108,1
2014-03-12,TX_2,TX,3570,1
2014-03-12,TX_3,TX,3771,1
2014-03-12,WI_1,WI,2612,1
2014-03-12,WI_2,WI,4762,1
2014-03-12,WI_3,WI,3138,1
2014-03-13,CA_1,CA,3299,0
2014-03-13,CA_2,CA,2515,0
2014-03-13,CA_3,CA,5887,0
2014-03-13,CA_4,CA,1979,0
2014-03-13,TX_1,TX,3029,1
2014-03-13,TX_2,TX,3608,1
2014-03-13,TX_3,TX,3654,1
2014-03-13,WI_1,WI,2683,0
2014-03-13,WI_2,WI,3733,0
2014-03-13,WI_3,WI,2697,0
2014-03-14,CA_1,CA,4059,0
2014-03-14,CA_2,CA,2992,0
2014-03-14,CA_3,CA,5841,0
2014-03-14,CA_4,CA,2287,0
2014-03-14,TX_1,TX,2944,0
2014-03-14,TX_2,TX,3526,0
2014-03-14,TX_3,TX,3641,0
2014-03-14,WI_1,WI,3228,1
2014-03-14,WI_2,WI,4765,1
2014-03-14,WI_3,WI,3663,1
2014-03-15,CA_1,CA,5427,0
2014-03-15,CA_2,CA,4011,0
2014-03-15,CA_3,CA,6969,0
2014-03-15,CA_4,CA,2632,0
2014-03-15,TX_1,TX,3764,1
2014-03-15,TX_2,TX,4252,1
2014-03-15,TX_3,TX,4055,1
2014-03-15,WI_1,WI,4329,1
2014-03-15,WI_2,WI,4993,1
2014-03-15,WI_3,WI,4276,1
2014-03-16,CA_1,CA,5350,0
2014-03-16,CA_2,CA,4077,0
2014-03-16,CA_3,CA,7882,0
2014-03-16,CA_4,CA,2709,0
2014-03-16,TX_1,TX,3963,0
2014-03-16,TX_2,TX,4878,0
2014-03-16,TX_3,TX,4444,0
2014-03-16,WI_1,WI,3823,0
2014-03-16,WI_2,WI,4149,0
2014-03-16,WI_3,WI,4101,0
2014-03-17,CA_1,CA,3554,0
2014-03-17,CA_2,CA,2669,0
2014-03-17,CA_3,CA,5867,0
2014-03-17,CA_4,CA,2183,0
2014-03-17,TX_1,TX,2877,0
2014-03-17,TX_2,TX,3543,0
2014-03-17,TX_3,TX,3292,0
2014-03-17,WI_1,WI,2276,0
2014-03-17,WI_2,WI,3220,0
2014-03-17,WI_3,WI,2603,0
2014-03-18,CA_1,CA,3187,0
2014-03-18,CA_2,CA,2483,0
2014-03-18,CA_3,CA,5443,0
2014-03-18,CA_4,CA,2048,0
2014-03-18,TX_1,TX,2780,0
2014-03-18,TX_2,TX,3104,0
2014-03-18,TX_3,TX,2927,0
2014-03-18,WI_1,WI,2297,0
2014-03-18,WI_2,WI,3099,0
2014-03-18,WI_3,WI,2727,0
2014-03-19,CA_1,CA,3280,0
2014-03-19,CA_2,CA,2539,0
2014-03-19,CA_3,CA,4647,0
2014-03-19,CA_4,CA,2227,0
2014-03-19,TX_1,TX,2404,0
2014-03-19,TX_2,TX,3189,0
2014-03-19,TX_3,TX,3240,0
2014-03-19,WI_1,WI,2291,0
2014-03-19,WI_2,WI,3152,0
2014-03-19,WI_3,WI,2415,0
2014-03-20,CA_1,CA,3347,0
2014-03-20,CA_2,CA,2470,0
2014-03-20,CA_3,CA,4943,0
2014-03-20,CA_4,CA,1943,0
2014-03-20,TX_1,TX,2475,0
2014-03-20,TX_2,TX,3154,0
2014-03-20,TX_3,TX,2736,0
2014-03-20,WI_1,WI,2298,0
2014-03-20,WI_2,WI,3001,0
2014-03-20,WI_3,WI,2442,0
2014-03-21,CA_1,CA,3969,0
2014-03-21,CA_2,CA,2979,0
2014-03-21,CA_3,CA,5545,0
2014-03-21,CA_4,CA,2227,0
2014-03-21,TX_1,TX,2762,0
2014-03-21,TX_2,TX,3334,0
2014-03-21,TX_3,TX,3289,0
2014-03-21,WI_1,WI,2788,0
2014-03-21,WI_2,WI,3360,0
2014-03-21,WI_3,WI,2949,0
2014-03-22,CA_1,CA,5073,0
2014-03-22,CA_2,CA,4258,0
2014-03-22,CA_3,CA,6725,0
2014-03-22,CA_4,CA,2560,0
2014-03-22,TX_1,TX,3603,0
2014-03-22,TX_2,TX,3813,0
2014-03-22,TX_3,TX,3599,0
2014-03-22,WI_1,WI,4091,0
2014-03-22,WI_2,WI,4257,0
2014-03-22,WI_3,WI,3462,0
2014-03-23,CA_1,CA,5679,0
2014-03-23,CA_2,CA,4248,0
2014-03-23,CA_3,CA,7944,0
2014-03-23,CA_4,CA,2802,0
2014-03-23,TX_1,TX,3731,0
2014-03-23,TX_2,TX,4612,0
2014-03-23,TX_3,TX,3876,0
2014-03-23,WI_1,WI,3774,0
2014-03-23,WI_2,WI,3940,0
2014-03-23,WI_3,WI,3565,0
2014-03-24,CA_1,CA,3953,0
2014-03-24,CA_2,CA,2524,0
2014-03-24,CA_3,CA,5991,0
2014-03-24,CA_4,CA,2204,0
2014-03-24,TX_1,TX,2717,0
2014-03-24,TX_2,TX,3403,0
2014-03-24,TX_3,TX,3194,0
2014-03-24,WI_1,WI,2558,0
2014-03-24,WI_2,WI,2954,0
2014-03-24,WI_3,WI,2345,0
2014-03-25,CA_1,CA,3316,0
2014-03-25,CA_2,CA,2442,0
2014-03-25,CA_3,CA,5180,0
2014-03-25,CA_4,CA,2045,0
2014-03-25,TX_1,TX,2536,0
2014-03-25,TX_2,TX,3124,0
2014-03-25,TX_3,TX,2742,0
2014-03-25,WI_1,WI,2040,0
2014-03-25,WI_2,WI,2824,0
2014-03-25,WI_3,WI,2217,0
2014-03-26,CA_1,CA,3081,0
2014-03-26,CA_2,CA,2549,0
2014-03-26,CA_3,CA,5037,0
2014-03-26,CA_4,CA,2075,0
2014-03-26,TX_1,TX,2185,0
2014-03-26,TX_2,TX,1232,0
2014-03-26,TX_3,TX,2879,0
2014-03-26,WI_1,WI,2358,0
2014-03-26,WI_2,WI,3317,0
2014-03-26,WI_3,WI,2301,0
2014-03-27,CA_1,CA,3367,0
2014-03-27,CA_2,CA,2621,0
2014-03-27,CA_3,CA,5149,0
2014-03-27,CA_4,CA,1997,0
2014-03-27,TX_1,TX,2509,0
2014-03-27,TX_2,TX,4261,0
2014-03-27,TX_3,TX,2661,0
2014-03-27,WI_1,WI,2458,0
2014-03-27,WI_2,WI,3058,0
2014-03-27,WI_3,WI,2129,0
2014-03-28,CA_1,CA,3926,0
2014-03-28,CA_2,CA,2959,0
2014-03-28,CA_3,CA,5507,0
2014-03-28,CA_4,CA,2292,0
2014-03-28,TX_1,TX,2525,0
2014-03-28,TX_2,TX,3232,0
2014-03-28,TX_3,TX,2839,0
2014-03-28,WI_1,WI,2967,0
2014-03-28,WI_2,WI,3758,0
2014-03-28,WI_3,WI,2913,0
2014-03-29,CA_1,CA,4954,0
2014-03-29,CA_2,CA,4088,0
2014-03-29,CA_3,CA,6349,0
2014-03-29,CA_4,CA,2471,0
2014-03-29,TX_1,TX,3460,0
2014-03-29,TX_2,TX,3883,0
2014-03-29,TX_3,TX,3672,0
2014-03-29,WI_1,WI,4373,0
2014-03-29,WI_2,WI,4275,0
2014-03-29,WI_3,WI,3668,0
2014-03-30,CA_1,CA,5767,0
2014-03-30,CA_2,CA,4280,0
2014-03-30,CA_3,CA,7685,0
2014-03-30,CA_4,CA,2767,0
2014-03-30,TX_1,TX,3919,0
2014-03-30,TX_2,TX,4544,0
2014-03-30,TX_3,TX,3646,0
2014-03-30,WI_1,WI,3747,0
2014-03-30,WI_2,WI,3667,0
2014-03-30,WI_3,WI,3134,0
2014-03-31,CA_1,CA,3608,0
2014-03-31,CA_2,CA,2282,0
2014-03-31,CA_3,CA,5579,0
2014-03-31,CA_4,CA,2136,0
2014-03-31,TX_1,TX,2782,0
2014-03-31,TX_2,TX,3274,0
2014-03-31,TX_3,TX,3450,0
2014-03-31,WI_1,WI,2303,0
2014-03-31,WI_2,WI,2982,0
2014-03-31,WI_3,WI,2276,0
2014-04-01,CA_1,CA,3773,1
2014-04-01,CA_2,CA,2413,1
2014-04-01,CA_3,CA,6126,1
2014-04-01,CA_4,CA,2193,1
2014-04-01,TX_1,TX,3162,1
2014-04-01,TX_2,TX,3269,1
2014-04-01,TX_3,TX,3777,1
2014-04-01,WI_1,WI,2752,0
2014-04-01,WI_2,WI,3620,0
2014-04-01,WI_3,WI,2623,0
2014-04-02,CA_1,CA,4052,1
2014-04-02,CA_2,CA,2589,1
2014-04-02,CA_3,CA,5967,1
2014-04-02,CA_4,CA,2136,1
2014-04-02,TX_1,TX,2657,0
2014-04-02,TX_2,TX,2889,0
2014-04-02,TX_3,TX,2969,0
2014-04-02,WI_1,WI,2599,1
2014-04-02,WI_2,WI,4837,1
2014-04-02,WI_3,WI,3004,1
2014-04-03,CA_1,CA,4029,1
2014-04-03,CA_2,CA,2739,1
2014-04-03,CA_3,CA,6452,1
2014-04-03,CA_4,CA,2143,1
2014-04-03,TX_1,TX,2878,1
2014-04-03,TX_2,TX,3401,1
2014-04-03,TX_3,TX,3542,1
2014-04-03,WI_1,WI,2788,1
2014-04-03,WI_2,WI,5345,1
2014-04-03,WI_3,WI,3287,1
2014-04-04,CA_1,CA,4307,1
2014-04-04,CA_2,CA,3069,1
2014-04-04,CA_3,CA,6317,1
2014-04-04,CA_4,CA,2182,1
2014-04-04,TX_1,TX,3054,0
2014-04-04,TX_2,TX,3594,0
2014-04-04,TX_3,TX,3160,0
2014-04-04,WI_1,WI,3097,0
2014-04-04,WI_2,WI,4131,0
2014-04-04,WI_3,WI,2774,0
2014-04-05,CA_1,CA,5805,1
2014-04-05,CA_2,CA,4138,1
2014-04-05,CA_3,CA,7744,1
2014-04-05,CA_4,CA,2790,1
2014-04-05,TX_1,TX,3742,1
2014-04-05,TX_2,TX,4500,1
2014-04-05,TX_3,TX,4105,1
2014-04-05,WI_1,WI,4647,1
2014-04-05,WI_2,WI,5558,1
2014-04-05,WI_3,WI,3747,1
2014-04-06,CA_1,CA,6337,1
2014-04-06,CA_2,CA,3787,1
2014-04-06,CA_3,CA,8496,1
2014-04-06,CA_4,CA,3090,1
2014-04-06,TX_1,TX,4326,1
2014-04-06,TX_2,TX,4924,1
2014-04-06,TX_3,TX,4209,1
2014-04-06,WI_1,WI,4135,1
2014-04-06,WI_2,WI,5669,1
2014-04-06,WI_3,WI,3817,1
2014-04-07,CA_1,CA,4494,1
2014-04-07,CA_2,CA,2585,1
2014-04-07,CA_3,CA,7378,1
2014-04-07,CA_4,CA,2613,1
2014-04-07,TX_1,TX,3254,1
2014-04-07,TX_2,TX,3744,1
2014-04-07,TX_3,TX,3572,1
2014-04-07,WI_1,WI,2511,0
2014-04-07,WI_2,WI,3774,0
2014-04-07,WI_3,WI,2669,0
2014-04-08,CA_1,CA,4045,1
2014-04-08,CA_2,CA,2473,1
2014-04-08,CA_3,CA,7227,1
2014-04-08,CA_4,CA,2407,1
2014-04-08,TX_1,TX,2751,0
2014-04-08,TX_2,TX,3194,0
2014-04-08,TX_3,TX,2915,0
2014-04-08,WI_1,WI,2628,1
2014-04-08,WI_2,WI,4817,1
2014-04-08,WI_3,WI,2791,1
2014-04-09,CA_1,CA,3966,1
2014-04-09,CA_2,CA,2890,1
2014-04-09,CA_3,CA,6448,1
2014-04-09,CA_4,CA,2251,1
2014-04-09,TX_1,TX,2904,1
2014-04-09,TX_2,TX,3312,1
2014-04-09,TX_3,TX,3130,1
2014-04-09,WI_1,WI,2596,1
2014-04-09,WI_2,WI,4754,1
2014-04-09,WI_3,WI,2958,1
2014-04-10,CA_1,CA,4015,1
2014-04-10,CA_2,CA,2618,1
2014-04-10,CA_3,CA,6457,1
2014-04-10,CA_4,CA,2137,1
2014-04-10,TX_1,TX,2829,0
2014-04-10,TX_2,TX,3212,0
2014-04-10,TX_3,TX,3161,0
2014-04-10,WI_1,WI,2778,0
2014-04-10,WI_2,WI,3743,0
2014-04-10,WI_3,WI,2088,0
2014-04-11,CA_1,CA,4350,0
2014-04-11,CA_2,CA,2808,0
2014-04-11,CA_3,CA,6371,0
2014-04-11,CA_4,CA,2581,0
2014-04-11,TX_1,TX,3367,1
2014-04-11,TX_2,TX,3902,1
2014-04-11,TX_3,TX,3631,1
2014-04-11,WI_1,WI,3360,1
2014-04-11,WI_2,WI,4619,1
2014-04-11,WI_3,WI,3450,1
2014-04-12,CA_1,CA,5171,0
2014-04-12,CA_2,CA,3738,0
2014-04-12,CA_3,CA,7068,0
2014-04-12,CA_4,CA,2813,0
2014-04-12,TX_1,TX,4121,1
2014-04-12,TX_2,TX,4538,1
2014-04-12,TX_3,TX,4171,1
2014-04-12,WI_1,WI,4579,1
2014-04-12,WI_2,WI,5906,1
2014-04-12,WI_3,WI,4050,1
2014-04-13,CA_1,CA,5590,0
2014-04-13,CA_2,CA,3952,0
2014-04-13,CA_3,CA,7896,0
2014-04-13,CA_4,CA,2745,0
2014-04-13,TX_1,TX,4739,1
2014-04-13,TX_2,TX,5108,1
2014-04-13,TX_3,TX,4670,1
2014-04-13,WI_1,WI,3650,0
2014-04-13,WI_2,WI,4334,0
2014-04-13,WI_3,WI,3399,0
2014-04-14,CA_1,CA,3901,0
2014-04-14,CA_2,CA,2554,0
2014-04-14,CA_3,CA,6117,0
2014-04-14,CA_4,CA,2440,0
2014-04-14,TX_1,TX,2935,0
2014-04-14,TX_2,TX,3352,0
2014-04-14,TX_3,TX,3377,0
2014-04-14,WI_1,WI,2990,1
2014-04-14,WI_2,WI,4880,1
2014-04-14,WI_3,WI,3205,1
2014-04-15,CA_1,CA,3490,0
2014-04-15,CA_2,CA,2596,0
2014-04-15,CA_3,CA,6008,0
2014-04-15,CA_4,CA,2080,0
2014-04-15,TX_1,TX,3220,1
2014-04-15,TX_2,TX,3883,1
2014-04-15,TX_3,TX,4054,1
2014-04-15,WI_1,WI,3027,1
2014-04-15,WI_2,WI,4827,1
2014-04-15,WI_3,WI,3211,1
2014-04-16,CA_1,CA,4201,0
2014-04-16,CA_2,CA,2534,0
2014-04-16,CA_3,CA,5707,0
2014-04-16,CA_4,CA,2274,0
2014-04-16,TX_1,TX,3080,0
2014-04-16,TX_2,TX,3415,0
2014-04-16,TX_3,TX,3489,0
2014-04-16,WI_1,WI,2894,0
2014-04-16,WI_2,WI,3971,0
2014-04-16,WI_3,WI,2663,0
2014-04-17,CA_1,CA,4048,0
2014-04-17,CA_2,CA,2618,0
2014-04-17,CA_3,CA,5916,0
2014-04-17,CA_4,CA,2070,0
2014-04-17,TX_1,TX,2774,0
2014-04-17,TX_2,TX,3352,0
2014-04-17,TX_3,TX,3248,0
2014-04-17,WI_1,WI,2992,0
2014-04-17,WI_2,WI,3397,0
2014-04-17,WI_3,WI,2778,0
2014-04-18,CA_1,CA,5074,0
2014-04-18,CA_2,CA,3217,0
2014-04-18,CA_3,CA,6169,0
2014-04-18,CA_4,CA,2354,0
2014-04-18,TX_1,TX,3350,0
2014-04-18,TX_2,TX,4401,0
2014-04-18,TX_3,TX,3917,0
2014-04-18,WI_1,WI,3717,0
2014-04-18,WI_2,WI,3811,0
2014-04-18,WI_3,WI,2895,0
2014-04-19,CA_1,CA,6257,0
2014-04-19,CA_2,CA,4134,0
2014-04-19,CA_3,CA,8368,0
2014-04-19,CA_4,CA,3035,0
2014-04-19,TX_1,TX,3990,0
2014-04-19,TX_2,TX,4918,0
2014-04-19,TX_3,TX,4323,0
2014-04-19,WI_1,WI,4718,0
2014-04-19,WI_2,WI,4269,0
2014-04-19,WI_3,WI,3807,0
2014-04-20,CA_1,CA,4814,0
2014-04-20,CA_2,CA,3509,0
2014-04-20,CA_3,CA,7668,0
2014-04-20,CA_4,CA,2362,0
2014-04-20,TX_1,TX,4345,0
2014-04-20,TX_2,TX,4667,0
2014-04-20,TX_3,TX,3541,0
2014-04-20,WI_1,WI,2559,0
2014-04-20,WI_2,WI,2483,0
2014-04-20,WI_3,WI,2986,0
2014-04-21,CA_1,CA,3829,0
2014-04-21,CA_2,CA,2496,0
2014-04-21,CA_3,CA,5868,0
2014-04-21,CA_4,CA,2226,0
2014-04-21,TX_1,TX,2779,0
2014-04-21,TX_2,TX,3250,0
2014-04-21,TX_3,TX,3264,0
2014-04-21,WI_1,WI,2376,0
2014-04-21,WI_2,WI,3398,0
2014-04-21,WI_3,WI,2140,0
2014-04-22,CA_1,CA,3785,0
2014-04-22,CA_2,CA,2518,0
2014-04-22,CA_3,CA,5522,0
2014-04-22,CA_4,CA,2200,0
2014-04-22,TX_1,TX,2818,0
2014-04-22,TX_2,TX,3439,0
2014-04-22,TX_3,TX,2929,0
2014-04-22,WI_1,WI,2330,0
2014-04-22,WI_2,WI,2733,0
2014-04-22,WI_3,WI,2404,0
2014-04-23,CA_1,CA,3344,0
2014-04-23,CA_2,CA,2350,0
2014-04-23,CA_3,CA,5892,0
2014-04-23,CA_4,CA,2044,0
2014-04-23,TX_1,TX,2615,0
2014-04-23,TX_2,TX,3284,0
2014-04-23,TX_3,TX,3032,0
2014-04-23,WI_1,WI,2397,0
2014-04-23,WI_2,WI,3191,0
2014-04-23,WI_3,WI,2288,0
2014-04-24,CA_1,CA,3500,0
2014-04-24,CA_2,CA,2343,0
2014-04-24,CA_3,CA,6018,0
2014-04-24,CA_4,CA,2079,0
2014-04-24,TX_1,TX,2691,0
2014-04-24,TX_2,TX,3320,0
2014-04-24,TX_3,TX,3048,0
2014-04-24,WI_1,WI,2570,0
2014-04-24,WI_2,WI,3118,0
2014-04-24,WI_3,WI,2105,0
2014-04-25,CA_1,CA,4186,0
2014-04-25,CA_2,CA,2668,0
2014-04-25,CA_3,CA,5396,0
2014-04-25,CA_4,CA,2141,0
2014-04-25,TX_1,TX,2781,0
2014-04-25,TX_2,TX,3580,0
2014-04-25,TX_3,TX,3498,0
2014-04-25,WI_1,WI,3071,0
2014-04-25,WI_2,WI,3620,0
2014-04-25,WI_3,WI,2486,0
2014-04-26,CA_1,CA,5444,0
2014-04-26,CA_2,CA,4192,0
2014-04-26,CA_3,CA,7095,0
2014-04-26,CA_4,CA,2306,0
2014-04-26,TX_1,TX,3668,0
2014-04-26,TX_2,TX,4336,0
2014-04-26,TX_3,TX,3748,0
2014-04-26,WI_1,WI,4181,0
2014-04-26,WI_2,WI,4329,0
2014-04-26,WI_3,WI,3078,0
2014-04-27,CA_1,CA,5570,0
2014-04-27,CA_2,CA,4070,0
2014-04-27,CA_3,CA,8148,0
2014-04-27,CA_4,CA,2666,0
2014-04-27,TX_1,TX,4014,0
2014-04-27,TX_2,TX,4310,0
2014-04-27,TX_3,TX,4047,0
2014-04-27,WI_1,WI,4076,0
2014-04-27,WI_2,WI,3525,0
2014-04-27,WI_3,WI,3014,0
2014-04-28,CA_1,CA,3917,0
2014-04-28,CA_2,CA,2474,0
2014-04-28,CA_3,CA,6004,0
2014-04-28,CA_4,CA,2106,0
2014-04-28,TX_1,TX,2880,0
2014-04-28,TX_2,TX,3422,0
2014-04-28,TX_3,TX,3501,0
2014-04-28,WI_1,WI,2429,0
2014-04-28,WI_2,WI,2718,0
2014-04-28,WI_3,WI,2057,0
2014-04-29,CA_1,CA,3260,0
2014-04-29,CA_2,CA,2308,0
2014-04-29,CA_3,CA,5718,0
2014-04-29,CA_4,CA,2104,0
2014-04-29,TX_1,TX,2391,0
2014-04-29,TX_2,TX,3086,0
2014-04-29,TX_3,TX,2996,0
2014-04-29,WI_1,WI,2555,0
2014-04-29,WI_2,WI,3266,0
2014-04-29,WI_3,WI,2181,0
2014-04-30,CA_1,CA,3505,0
2014-04-30,CA_2,CA,2200,0
2014-04-30,CA_3,CA,5440,0
2014-04-30,CA_4,CA,1985,0
2014-04-30,TX_1,TX,2390,0
2014-04-30,TX_2,TX,2857,0
2014-04-30,TX_3,TX,2933,0
2014-04-30,WI_1,WI,2682,0
2014-04-30,WI_2,WI,3053,0
2014-04-30,WI_3,WI,1838,0
2014-05-01,CA_1,CA,4061,1
2014-05-01,CA_2,CA,2697,1
2014-05-01,CA_3,CA,6727,1
2014-05-01,CA_4,CA,2044,1
2014-05-01,TX_1,TX,2996,1
2014-05-01,TX_2,TX,3344,1
2014-05-01,TX_3,TX,3273,1
2014-05-01,WI_1,WI,2569,0
2014-05-01,WI_2,WI,3747,0
2014-05-01,WI_3,WI,2401,0
2014-05-02,CA_1,CA,4724,1
2014-05-02,CA_2,CA,3390,1
2014-05-02,CA_3,CA,7079,1
2014-05-02,CA_4,CA,2333,1
2014-05-02,TX_1,TX,2861,0
2014-05-02,TX_2,TX,3566,0
2014-05-02,TX_3,TX,3358,0
2014-05-02,WI_1,WI,3370,1
2014-05-02,WI_2,WI,4827,1
2014-05-02,WI_3,WI,3443,1
2014-05-03,CA_1,CA,5872,1
2014-05-03,CA_2,CA,3863,1
2014-05-03,CA_3,CA,7983,1
2014-05-03,CA_4,CA,2602,1
2014-05-03,TX_1,TX,4046,1
2014-05-03,TX_2,TX,4274,1
2014-05-03,TX_3,TX,4430,1
2014-05-03,WI_1,WI,3988,1
2014-05-03,WI_2,WI,5618,1
2014-05-03,WI_3,WI,3866,1
2014-05-04,CA_1,CA,6325,1
2014-05-04,CA_2,CA,3753,1
2014-05-04,CA_3,CA,7997,1
2014-05-04,CA_4,CA,2674,1
2014-05-04,TX_1,TX,3858,0
2014-05-04,TX_2,TX,4579,0
2014-05-04,TX_3,TX,4284,0
2014-05-04,WI_1,WI,4100,0
2014-05-04,WI_2,WI,4219,0
2014-05-04,WI_3,WI,3350,0
2014-05-05,CA_1,CA,4383,1
2014-05-05,CA_2,CA,2567,1
2014-05-05,CA_3,CA,6907,1
2014-05-05,CA_4,CA,2287,1
2014-05-05,TX_1,TX,3026,1
2014-05-05,TX_2,TX,3606,1
2014-05-05,TX_3,TX,3561,1
2014-05-05,WI_1,WI,2536,1
2014-05-05,WI_2,WI,4327,1
2014-05-05,WI_3,WI,2620,1
2014-05-06,CA_1,CA,3818,1
2014-05-06,CA_2,CA,2524,1
2014-05-06,CA_3,CA,6479,1
2014-05-06,CA_4,CA,1956,1
2014-05-06,TX_1,TX,2887,1
2014-05-06,TX_2,TX,3514,1
2014-05-06,TX_3,TX,3392,1
2014-05-06,WI_1,WI,2569,1
2014-05-06,WI_2,WI,4076,1
2014-05-06,WI_3,WI,2396,1
2014-05-07,CA_1,CA,3818,1
2014-05-07,CA_2,CA,2258,1
2014-05-07,CA_3,CA,6017,1
2014-05-07,CA_4,CA,2011,1
2014-05-07,TX_1,TX,3557,1
2014-05-07,TX_2,TX,3359,1
2014-05-07,TX_3,TX,3030,1
2014-05-07,WI_1,WI,2379,0
2014-05-07,WI_2,WI,3417,0
2014-05-07,WI_3,WI,2300,0
2014-05-08,CA_1,CA,3676,1
2014-05-08,CA_2,CA,2230,1
2014-05-08,CA_3,CA,6212,1
2014-05-08,CA_4,CA,2086,1
2014-05-08,TX_1,TX,2317,0
2014-05-08,TX_2,TX,3138,0
2014-05-08,TX_3,TX,2815,0
2014-05-08,WI_1,WI,2694,1
2014-05-08,WI_2,WI,4084,1
2014-05-08,WI_3,WI,2567,1
2014-05-09,CA_1,CA,4386,1
2014-05-09,CA_2,CA,2670,1
2014-05-09,CA_3,CA,6366,1
2014-05-09,CA_4,CA,2406,1
2014-05-09,TX_1,TX,2665,1
2014-05-09,TX_2,TX,3527,1
2014-05-09,TX_3,TX,3436,1
2014-05-09,WI_1,WI,3359,1
2014-05-09,WI_2,WI,4216,1
2014-05-09,WI_3,WI,3332,1
2014-05-10,CA_1,CA,5100,1
2014-05-10,CA_2,CA,3869,1
2014-05-10,CA_3,CA,7141,1
2014-05-10,CA_4,CA,2634,1
2014-05-10,TX_1,TX,3596,0
2014-05-10,TX_2,TX,4395,0
2014-05-10,TX_3,TX,3938,0
2014-05-10,WI_1,WI,4358,0
2014-05-10,WI_2,WI,4565,0
2014-05-10,WI_3,WI,3247,0
2014-05-11,CA_1,CA,4184,0
2014-05-11,CA_2,CA,3023,0
2014-05-11,CA_3,CA,7390,0
2014-05-11,CA_4,CA,2323,0
2014-05-11,TX_1,TX,3746,1
2014-05-11,TX_2,TX,4281,1
2014-05-11,TX_3,TX,3736,1
2014-05-11,WI_1,WI,3024,1
2014-05-11,WI_2,WI,3416,1
2014-05-11,WI_3,WI,3057,1
2014-05-12,CA_1,CA,4256,0
2014-05-12,CA_2,CA,2523,0
2014-05-12,CA_3,CA,6932,0
2014-05-12,CA_4,CA,2572,0
2014-05-12,TX_1,TX,3229,1
2014-05-12,TX_2,TX,3539,1
2014-05-12,TX_3,TX,3694,1
2014-05-12,WI_1,WI,3105,1
2014-05-12,WI_2,WI,4869,1
2014-05-12,WI_3,WI,3203,1
2014-05-13,CA_1,CA,3996,0
2014-05-13,CA_2,CA,2338,0
2014-05-13,CA_3,CA,6263,0
2014-05-13,CA_4,CA,2362,0
2014-05-13,TX_1,TX,2980,1
2014-05-13,TX_2,TX,3340,1
2014-05-13,TX_3,TX,3041,1
2014-05-13,WI_1,WI,2868,0
2014-05-13,WI_2,WI,3810,0
2014-05-13,WI_3,WI,2846,0
2014-05-14,CA_1,CA,3554,0
2014-05-14,CA_2,CA,2163,0
2014-05-14,CA_3,CA,6310,0
2014-05-14,CA_4,CA,2052,0
2014-05-14,TX_1,TX,2496,0
2014-05-14,TX_2,TX,3022,0
2014-05-14,TX_3,TX,2753,0
2014-05-14,WI_1,WI,3101,1
2014-05-14,WI_2,WI,4305,1
2014-05-14,WI_3,WI,3061,1
2014-05-15,CA_1,CA,3451,0
2014-05-15,CA_2,CA,2439,0
2014-05-15,CA_3,CA,5833,0
2014-05-15,CA_4,CA,2328,0
2014-05-15,TX_1,TX,2818,1
2014-05-15,TX_2,TX,3189,1
2014-05-15,TX_3,TX,3480,1
2014-05-15,WI_1,WI,2665,1
2014-05-15,WI_2,WI,4597,1
2014-05-15,WI_3,WI,2722,1
2014-05-16,CA_1,CA,4454,0
2014-05-16,CA_2,CA,2795,0
2014-05-16,CA_3,CA,5827,0
2014-05-16,CA_4,CA,2140,0
2014-05-16,TX_1,TX,3191,0
2014-05-16,TX_2,TX,3159,0
2014-05-16,TX_3,TX,3239,0
2014-05-16,WI_1,WI,3245,0
2014-05-16,WI_2,WI,3655,0
2014-05-16,WI_3,WI,2884,0
2014-05-17,CA_1,CA,5041,0
2014-05-17,CA_2,CA,3586,0
2014-05-17,CA_3,CA,6892,0
2014-05-17,CA_4,CA,2251,0
2014-05-17,TX_1,TX,3345,0
2014-05-17,TX_2,TX,3715,0
2014-05-17,TX_3,TX,3685,0
2014-05-17,WI_1,WI,4146,0
2014-05-17,WI_2,WI,4377,0
2014-05-17,WI_3,WI,2981,0
2014-05-18,CA_1,CA,5703,0
2014-05-18,CA_2,CA,3790,0
2014-05-18,CA_3,CA,7512,0
2014-05-18,CA_4,CA,2793,0
2014-05-18,TX_1,TX,3811,0
2014-05-18,TX_2,TX,4631,0
2014-05-18,TX_3,TX,3946,0
2014-05-18,WI_1,WI,3924,0
2014-05-18,WI_2,WI,3814,0
2014-05-18,WI_3,WI,3096,0
2014-05-19,CA_1,CA,4054,0
2014-05-19,CA_2,CA,2433,0
2014-05-19,CA_3,CA,6044,0
2014-05-19,CA_4,CA,2525,0
2014-05-19,TX_1,TX,2767,0
2014-05-19,TX_2,TX,3252,0
2014-05-19,TX_3,TX,3238,0
2014-05-19,WI_1,WI,2570,0
2014-05-19,WI_2,WI,3258,0
2014-05-19,WI_3,WI,2173,0
2014-05-20,CA_1,CA,3189,0
2014-05-20,CA_2,CA,2428,0
2014-05-20,CA_3,CA,5658,0
2014-05-20,CA_4,CA,2119,0
2014-05-20,TX_1,TX,2644,0
2014-05-20,TX_2,TX,3159,0
2014-05-20,TX_3,TX,2921,0
2014-05-20,WI_1,WI,2736,0
2014-05-20,WI_2,WI,2951,0
2014-05-20,WI_3,WI,2121,0
2014-05-21,CA_1,CA,3179,0
2014-05-21,CA_2,CA,2299,0
2014-05-21,CA_3,CA,5600,0
2014-05-21,CA_4,CA,1852,0
2014-05-21,TX_1,TX,2444,0
2014-05-21,TX_2,TX,3109,0
2014-05-21,TX_3,TX,2934,0
2014-05-21,WI_1,WI,2575,0
2014-05-21,WI_2,WI,3124,0
2014-05-21,WI_3,WI,1967,0
2014-05-22,CA_1,CA,3434,0
2014-05-22,CA_2,CA,2630,0
2014-05-22,CA_3,CA,5295,0
2014-05-22,CA_4,CA,2058,0
2014-05-22,TX_1,TX,2537,0
2014-05-22,TX_2,TX,3226,0
2014-05-22,TX_3,TX,2930,0
2014-05-22,WI_1,WI,2994,0
2014-05-22,WI_2,WI,3146,0
2014-05-22,WI_3,WI,2136,0
2014-05-23,CA_1,CA,3918,0
2014-05-23,CA_2,CA,2930,0
2014-05-23,CA_3,CA,5622,0
2014-05-23,CA_4,CA,2354,0
2014-05-23,TX_1,TX,2621,0
2014-05-23,TX_2,TX,3502,0
2014-05-23,TX_3,TX,3128,0
2014-05-23,WI_1,WI,3207,0
2014-05-23,WI_2,WI,3508,0
2014-05-23,WI_3,WI,2635,0
2014-05-24,CA_1,CA,4658,0
2014-05-24,CA_2,CA,3669,0
2014-05-24,CA_3,CA,6304,0
2014-05-24,CA_4,CA,2320,0
2014-05-24,TX_1,TX,3460,0
2014-05-24,TX_2,TX,4259,0
2014-05-24,TX_3,TX,3455,0
2014-05-24,WI_1,WI,3623,0
2014-05-24,WI_2,WI,3693,0
2014-05-24,WI_3,WI,2945,0
2014-05-25,CA_1,CA,4520,0
2014-05-25,CA_2,CA,3136,0
2014-05-25,CA_3,CA,6533,0
2014-05-25,CA_4,CA,2171,0
2014-05-25,TX_1,TX,3596,0
2014-05-25,TX_2,TX,3888,0
2014-05-25,TX_3,TX,3426,0
2014-05-25,WI_1,WI,3130,0
2014-05-25,WI_2,WI,2894,0
2014-05-25,WI_3,WI,2671,0
2014-05-26,CA_1,CA,4405,0
2014-05-26,CA_2,CA,2920,0
2014-05-26,CA_3,CA,6575,0
2014-05-26,CA_4,CA,2391,0
2014-05-26,TX_1,TX,2678,0
2014-05-26,TX_2,TX,3569,0
2014-05-26,TX_3,TX,2920,0
2014-05-26,WI_1,WI,2890,0
2014-05-26,WI_2,WI,2669,0
2014-05-26,WI_3,WI,2442,0
2014-05-27,CA_1,CA,3620,0
2014-05-27,CA_2,CA,2135,0
2014-05-27,CA_3,CA,5837,0
2014-05-27,CA_4,CA,2413,0
2014-05-27,TX_1,TX,2342,0
2014-05-27,TX_2,TX,2827,0
2014-05-27,TX_3,TX,2483,0
2014-05-27,WI_1,WI,2420,0
2014-05-27,WI_2,WI,2685,0
2014-05-27,WI_3,WI,2150,0
2014-05-28,CA_1,CA,3304,0
2014-05-28,CA_2,CA,2197,0
2014-05-28,CA_3,CA,4872,0
2014-05-28,CA_4,CA,2176,0
2014-05-28,TX_1,TX,2293,0
2014-05-28,TX_2,TX,3030,0
2014-05-28,TX_3,TX,2794,0
2014-05-28,WI_1,WI,2563,0
2014-05-28,WI_2,WI,2933,0
2014-05-28,WI_3,WI,1947,0
2014-05-29,CA_1,CA,3196,0
2014-05-29,CA_2,CA,2009,0
2014-05-29,CA_3,CA,4989,0
2014-05-29,CA_4,CA,2082,0
2014-05-29,TX_1,TX,2470,0
2014-05-29,TX_2,TX,3023,0
2014-05-29,TX_3,TX,2571,0
2014-05-29,WI_1,WI,2528,0
2014-05-29,WI_2,WI,2736,0
2014-05-29,WI_3,WI,2085,0
2014-05-30,CA_1,CA,4018,0
2014-05-30,CA_2,CA,2625,0
2014-05-30,CA_3,CA,5503,0
2014-05-30,CA_4,CA,2163,0
2014-05-30,TX_1,TX,3168,0
2014-05-30,TX_2,TX,3498,0
2014-05-30,TX_3,TX,3150,0
2014-05-30,WI_1,WI,3202,0
2014-05-30,WI_2,WI,3893,0
2014-05-30,WI_3,WI,2520,0
2014-05-31,CA_1,CA,5160,0
2014-05-31,CA_2,CA,3424,0
2014-05-31,CA_3,CA,7060,0
2014-05-31,CA_4,CA,2560,0
2014-05-31,TX_1,TX,3348,0
2014-05-31,TX_2,TX,4154,0
2014-05-31,TX_3,TX,3718,0
2014-05-31,WI_1,WI,4302,0
2014-05-31,WI_2,WI,4087,0
2014-05-31,WI_3,WI,2879,0
2014-06-01,CA_1,CA,6040,1
2014-06-01,CA_2,CA,3505,1
2014-06-01,CA_3,CA,8172,1
2014-06-01,CA_4,CA,2755,1
2014-06-01,TX_1,TX,4059,1
2014-06-01,TX_2,TX,4675,1
2014-06-01,TX_3,TX,4481,1
2014-06-01,WI_1,WI,4106,0
2014-06-01,WI_2,WI,3824,0
2014-06-01,WI_3,WI,2985,0
2014-06-02,CA_1,CA,4388,1
2014-06-02,CA_2,CA,2552,1
2014-06-02,CA_3,CA,6985,1
2014-06-02,CA_4,CA,2692,1
2014-06-02,TX_1,TX,2978,0
2014-06-02,TX_2,TX,3586,0
2014-06-02,TX_3,TX,3458,0
2014-06-02,WI_1,WI,2882,1
2014-06-02,WI_2,WI,4562,1
2014-06-02,WI_3,WI,3229,1
2014-06-03,CA_1,CA,3881,1
2014-06-03,CA_2,CA,2635,1
2014-06-03,CA_3,CA,7037,1
2014-06-03,CA_4,CA,2224,1
2014-06-03,TX_1,TX,3025,1
2014-06-03,TX_2,TX,3670,1
2014-06-03,TX_3,TX,3624,1
2014-06-03,WI_1,WI,3335,1
2014-06-03,WI_2,WI,5570,1
2014-06-03,WI_3,WI,3356,1
2014-06-04,CA_1,CA,3735,1
2014-06-04,CA_2,CA,2437,1
2014-06-04,CA_3,CA,6436,1
2014-06-04,CA_4,CA,2215,1
2014-06-04,TX_1,TX,2720,0
2014-06-04,TX_2,TX,3367,0
2014-06-04,TX_3,TX,2951,0
2014-06-04,WI_1,WI,2819,0
2014-06-04,WI_2,WI,3877,0
2014-06-04,WI_3,WI,2342,0
2014-06-05,CA_1,CA,3796,1
2014-06-05,CA_2,CA,2397,1
2014-06-05,CA_3,CA,6453,1
2014-06-05,CA_4,CA,2426,1
2014-06-05,TX_1,TX,3277,1
2014-06-05,TX_2,TX,3975,1
2014-06-05,TX_3,TX,3347,1
2014-06-05,WI_1,WI,2804,1
2014-06-05,WI_2,WI,4350,1
2014-06-05,WI_3,WI,2830,1
2014-06-06,CA_1,CA,4227,1
2014-06-06,CA_2,CA,2842,1
2014-06-06,CA_3,CA,6271,1
2014-06-06,CA_4,CA,2485,1
2014-06-06,TX_1,TX,3570,1
2014-06-06,TX_2,TX,3175,1
2014-06-06,TX_3,TX,3559,1
2014-06-06,WI_1,WI,3386,1
2014-06-06,WI_2,WI,4685,1
2014-06-06,WI_3,WI,3257,1
2014-06-07,CA_1,CA,5416,1
2014-06-07,CA_2,CA,3415,1
2014-06-07,CA_3,CA,7576,1
2014-06-07,CA_4,CA,2739,1
2014-06-07,TX_1,TX,3670,1
2014-06-07,TX_2,TX,5556,1
2014-06-07,TX_3,TX,4336,1
2014-06-07,WI_1,WI,4089,0
2014-06-07,WI_2,WI,4324,0
2014-06-07,WI_3,WI,3226,0
2014-06-08,CA_1,CA,5977,1
2014-06-08,CA_2,CA,3196,1
2014-06-08,CA_3,CA,7805,1
2014-06-08,CA_4,CA,2968,1
2014-06-08,TX_1,TX,3891,0
2014-06-08,TX_2,TX,4622,0
2014-06-08,TX_3,TX,4335,0
2014-06-08,WI_1,WI,4093,1
2014-06-08,WI_2,WI,5018,1
2014-06-08,WI_3,WI,3374,1
2014-06-09,CA_1,CA,4631,1
2014-06-09,CA_2,CA,2391,1
2014-06-09,CA_3,CA,7664,1
2014-06-09,CA_4,CA,2620,1
2014-06-09,TX_1,TX,2970,1
2014-06-09,TX_2,TX,3636,1
2014-06-09,TX_3,TX,3476,1
2014-06-09,WI_1,WI,3012,1
2014-06-09,WI_2,WI,4857,1
2014-06-09,WI_3,WI,2999,1
2014-06-10,CA_1,CA,3894,1
2014-06-10,CA_2,CA,2355,1
2014-06-10,CA_3,CA,6497,1
2014-06-10,CA_4,CA,2442,1
2014-06-10,TX_1,TX,2596,0
2014-06-10,TX_2,TX,3255,0
2014-06-10,TX_3,TX,3370,0
2014-06-10,WI_1,WI,2766,0
2014-06-10,WI_2,WI,3976,0
2014-06-10,WI_3,WI,2507,0
2014-06-11,CA_1,CA,3849,0
2014-06-11,CA_2,CA,2390,0
2014-06-11,CA_3,CA,6243,0
2014-06-11,CA_4,CA,2314,0
2014-06-11,TX_1,TX,2959,1
2014-06-11,TX_2,TX,3742,1
2014-06-11,TX_3,TX,3472,1
2014-06-11,WI_1,WI,2830,1
2014-06-11,WI_2,WI,4357,1
2014-06-11,WI_3,WI,2488,1
2014-06-12,CA_1,CA,3745,0
2014-06-12,CA_2,CA,2379,0
2014-06-12,CA_3,CA,6023,0
2014-06-12,CA_4,CA,2314,0
2014-06-12,TX_1,TX,3011,1
2014-06-12,TX_2,TX,3722,1
2014-06-12,TX_3,TX,3224,1
2014-06-12,WI_1,WI,2884,1
2014-06-12,WI_2,WI,4706,1
2014-06-12,WI_3,WI,3069,1
2014-06-13,CA_1,CA,4621,0
2014-06-13,CA_2,CA,2695,0
2014-06-13,CA_3,CA,6468,0
2014-06-13,CA_4,CA,2524,0
2014-06-13,TX_1,TX,3309,1
2014-06-13,TX_2,TX,4379,1
2014-06-13,TX_3,TX,3921,1
2014-06-13,WI_1,WI,3550,0
2014-06-13,WI_2,WI,3991,0
2014-06-13,WI_3,WI,2898,0
2014-06-14,CA_1,CA,5589,0
2014-06-14,CA_2,CA,3522,0
2014-06-14,CA_3,CA,7569,0
2014-06-14,CA_4,CA,2884,0
2014-06-14,TX_1,TX,3949,0
2014-06-14,TX_2,TX,4790,0
2014-06-14,TX_3,TX,4250,0
2014-06-14,WI_1,WI,4254,1
2014-06-14,WI_2,WI,4694,1
2014-06-14,WI_3,WI,3483,1
2014-06-15,CA_1,CA,4930,0
2014-06-15,CA_2,CA,2976,0
2014-06-15,CA_3,CA,7188,0
2014-06-15,CA_4,CA,2403,0
2014-06-15,TX_1,TX,3756,1
2014-06-15,TX_2,TX,4856,1
2014-06-15,TX_3,TX,4296,1
2014-06-15,WI_1,WI,3699,1
2014-06-15,WI_2,WI,4720,1
2014-06-15,WI_3,WI,3670,1
2014-06-16,CA_1,CA,4177,0
2014-06-16,CA_2,CA,2406,0
2014-06-16,CA_3,CA,6372,0
2014-06-16,CA_4,CA,2357,0
2014-06-16,TX_1,TX,3244,0
2014-06-16,TX_2,TX,3760,0
2014-06-16,TX_3,TX,3570,0
2014-06-16,WI_1,WI,2755,0
2014-06-16,WI_2,WI,3880,0
2014-06-16,WI_3,WI,2682,0
2014-06-17,CA_1,CA,3617,0
2014-06-17,CA_2,CA,2612,0
2014-06-17,CA_3,CA,6079,0
2014-06-17,CA_4,CA,2370,0
2014-06-17,TX_1,TX,2894,0
2014-06-17,TX_2,TX,3198,0
2014-06-17,TX_3,TX,3353,0
2014-06-17,WI_1,WI,3210,0
2014-06-17,WI_2,WI,3577,0
2014-06-17,WI_3,WI,2632,0
2014-06-18,CA_1,CA,3998,0
2014-06-18,CA_2,CA,2404,0
2014-06-18,CA_3,CA,6193,0
2014-06-18,CA_4,CA,2240,0
2014-06-18,TX_1,TX,2847,0
2014-06-18,TX_2,TX,3286,0
2014-06-18,TX_3,TX,2823,0
2014-06-18,WI_1,WI,2818,0
2014-06-18,WI_2,WI,3502,0
2014-06-18,WI_3,WI,2158,0
2014-06-19,CA_1,CA,3700,0
2014-06-19,CA_2,CA,2553,0
2014-06-19,CA_3,CA,6194,0
2014-06-19,CA_4,CA,2303,0
2014-06-19,TX_1,TX,2944,0
2014-06-19,TX_2,TX,3694,0
2014-06-19,TX_3,TX,3066,0
2014-06-19,WI_1,WI,3060,0
2014-06-19,WI_2,WI,3237,0
2014-06-19,WI_3,WI,2369,0
2014-06-20,CA_1,CA,4820,0
2014-06-20,CA_2,CA,3035,0
2014-06-20,CA_3,CA,6572,0
2014-06-20,CA_4,CA,2553,0
2014-06-20,TX_1,TX,3183,0
2014-06-20,TX_2,TX,4107,0
2014-06-20,TX_3,TX,3356,0
2014-06-20,WI_1,WI,3587,0
2014-06-20,WI_2,WI,4012,0
2014-06-20,WI_3,WI,2771,0
2014-06-21,CA_1,CA,5171,0
2014-06-21,CA_2,CA,3998,0
2014-06-21,CA_3,CA,7497,0
2014-06-21,CA_4,CA,2550,0
2014-06-21,TX_1,TX,3506,0
2014-06-21,TX_2,TX,4570,0
2014-06-21,TX_3,TX,4165,0
2014-06-21,WI_1,WI,3973,0
2014-06-21,WI_2,WI,4039,0
2014-06-21,WI_3,WI,2951,0
2014-06-22,CA_1,CA,5450,0
2014-06-22,CA_2,CA,3683,0
2014-06-22,CA_3,CA,8003,0
2014-06-22,CA_4,CA,2746,0
2014-06-22,TX_1,TX,3739,0
2014-06-22,TX_2,TX,4585,0
2014-06-22,TX_3,TX,4062,0
2014-06-22,WI_1,WI,3730,0
2014-06-22,WI_2,WI,3341,0
2014-06-22,WI_3,WI,3121,0
2014-06-23,CA_1,CA,4096,0
2014-06-23,CA_2,CA,2432,0
2014-06-23,CA_3,CA,6549,0
2014-06-23,CA_4,CA,2217,0
2014-06-23,TX_1,TX,2539,0
2014-06-23,TX_2,TX,3501,0
2014-06-23,TX_3,TX,3231,0
2014-06-23,WI_1,WI,2864,0
2014-06-23,WI_2,WI,3390,0
2014-06-23,WI_3,WI,2339,0
2014-06-24,CA_1,CA,3643,0
2014-06-24,CA_2,CA,2407,0
2014-06-24,CA_3,CA,5999,0
2014-06-24,CA_4,CA,2274,0
2014-06-24,TX_1,TX,2731,0
2014-06-24,TX_2,TX,2869,0
2014-06-24,TX_3,TX,2816,0
2014-06-24,WI_1,WI,2593,0
2014-06-24,WI_2,WI,3054,0
2014-06-24,WI_3,WI,2255,0
2014-06-25,CA_1,CA,3573,0
2014-06-25,CA_2,CA,2262,0
2014-06-25,CA_3,CA,5277,0
2014-06-25,CA_4,CA,2107,0
2014-06-25,TX_1,TX,2337,0
2014-06-25,TX_2,TX,2981,0
2014-06-25,TX_3,TX,2779,0
2014-06-25,WI_1,WI,2635,0
2014-06-25,WI_2,WI,3019,0
2014-06-25,WI_3,WI,1851,0
2014-06-26,CA_1,CA,3478,0
2014-06-26,CA_2,CA,2442,0
2014-06-26,CA_3,CA,5588,0
2014-06-26,CA_4,CA,2022,0
2014-06-26,TX_1,TX,2304,0
2014-06-26,TX_2,TX,3298,0
2014-06-26,TX_3,TX,2703,0
2014-06-26,WI_1,WI,2676,0
2014-06-26,WI_2,WI,2981,0
2014-06-26,WI_3,WI,1864,0
2014-06-27,CA_1,CA,4135,0
2014-06-27,CA_2,CA,2923,0
2014-06-27,CA_3,CA,5848,0
2014-06-27,CA_4,CA,2472,0
2014-06-27,TX_1,TX,2778,0
2014-06-27,TX_2,TX,3651,0
2014-06-27,TX_3,TX,3157,0
2014-06-27,WI_1,WI,3410,0
2014-06-27,WI_2,WI,3273,0
2014-06-27,WI_3,WI,2431,0
2014-06-28,CA_1,CA,5115,0
2014-06-28,CA_2,CA,3637,0
2014-06-28,CA_3,CA,7392,0
2014-06-28,CA_4,CA,2527,0
2014-06-28,TX_1,TX,3096,0
2014-06-28,TX_2,TX,4075,0
2014-06-28,TX_3,TX,3788,0
2014-06-28,WI_1,WI,3983,0
2014-06-28,WI_2,WI,3433,0
2014-06-28,WI_3,WI,2884,0
2014-06-29,CA_1,CA,5251,0
2014-06-29,CA_2,CA,3555,0
2014-06-29,CA_3,CA,7426,0
2014-06-29,CA_4,CA,2697,0
2014-06-29,TX_1,TX,3394,0
2014-06-29,TX_2,TX,4035,0
2014-06-29,TX_3,TX,3829,0
2014-06-29,WI_1,WI,3868,0
2014-06-29,WI_2,WI,3280,0
2014-06-29,WI_3,WI,2876,0
2014-06-30,CA_1,CA,4295,0
2014-06-30,CA_2,CA,2456,0
2014-06-30,CA_3,CA,6475,0
2014-06-30,CA_4,CA,2460,0
2014-06-30,TX_1,TX,2755,0
2014-06-30,TX_2,TX,3510,0
2014-06-30,TX_3,TX,3275,0
2014-06-30,WI_1,WI,2665,0
2014-06-30,WI_2,WI,3294,0
2014-06-30,WI_3,WI,2264,0
2014-07-01,CA_1,CA,4468,1
2014-07-01,CA_2,CA,2536,1
2014-07-01,CA_3,CA,7374,1
2014-07-01,CA_4,CA,2392,1
2014-07-01,TX_1,TX,3354,1
2014-07-01,TX_2,TX,4010,1
2014-07-01,TX_3,TX,3754,1
2014-07-01,WI_1,WI,3016,0
2014-07-01,WI_2,WI,3940,0
2014-07-01,WI_3,WI,2895,0
2014-07-02,CA_1,CA,4261,1
2014-07-02,CA_2,CA,2653,1
2014-07-02,CA_3,CA,7091,1
2014-07-02,CA_4,CA,2284,1
2014-07-02,TX_1,TX,2608,0
2014-07-02,TX_2,TX,3470,0
2014-07-02,TX_3,TX,3573,0
2014-07-02,WI_1,WI,3533,1
2014-07-02,WI_2,WI,5179,1
2014-07-02,WI_3,WI,3217,1
2014-07-03,CA_1,CA,5582,1
2014-07-03,CA_2,CA,3316,1
2014-07-03,CA_3,CA,8369,1
2014-07-03,CA_4,CA,2861,1
2014-07-03,TX_1,TX,3758,1
2014-07-03,TX_2,TX,4961,1
2014-07-03,TX_3,TX,4490,1
2014-07-03,WI_1,WI,4328,1
2014-07-03,WI_2,WI,5443,1
2014-07-03,WI_3,WI,3920,1
2014-07-04,CA_1,CA,4455,1
2014-07-04,CA_2,CA,3019,1
2014-07-04,CA_3,CA,7214,1
2014-07-04,CA_4,CA,2309,1
2014-07-04,TX_1,TX,3301,0
2014-07-04,TX_2,TX,4550,0
2014-07-04,TX_3,TX,4061,0
2014-07-04,WI_1,WI,3319,0
2014-07-04,WI_2,WI,3454,0
2014-07-04,WI_3,WI,2911,0
2014-07-05,CA_1,CA,5042,1
2014-07-05,CA_2,CA,3253,1
2014-07-05,CA_3,CA,7115,1
2014-07-05,CA_4,CA,2346,1
2014-07-05,TX_1,TX,3423,1
2014-07-05,TX_2,TX,4091,1
2014-07-05,TX_3,TX,3944,1
2014-07-05,WI_1,WI,3630,1
2014-07-05,WI_2,WI,4732,1
2014-07-05,WI_3,WI,3206,1
2014-07-06,CA_1,CA,5869,1
2014-07-06,CA_2,CA,3228,1
2014-07-06,CA_3,CA,8307,1
2014-07-06,CA_4,CA,2858,1
2014-07-06,TX_1,TX,4382,1
2014-07-06,TX_2,TX,4388,1
2014-07-06,TX_3,TX,4100,1
2014-07-06,WI_1,WI,3760,1
2014-07-06,WI_2,WI,5145,1
2014-07-06,WI_3,WI,3453,1
2014-07-07,CA_1,CA,4697,1
2014-07-07,CA_2,CA,2482,1
2014-07-07,CA_3,CA,7464,1
2014-07-07,CA_4,CA,2476,1
2014-07-07,TX_1,TX,3177,1
2014-07-07,TX_2,TX,4418,1
2014-07-07,TX_3,TX,3787,1
2014-07-07,WI_1,WI,2904,0
2014-07-07,WI_2,WI,4074,0
2014-07-07,WI_3,WI,2156,0
2014-07-08,CA_1,CA,4460,1
2014-07-08,CA_2,CA,2474,1
2014-07-08,CA_3,CA,6799,1
2014-07-08,CA_4,CA,2473,1
2014-07-08,TX_1,TX,2742,0
2014-07-08,TX_2,TX,3194,0
2014-07-08,TX_3,TX,3362,0
2014-07-08,WI_1,WI,3273,1
2014-07-08,WI_2,WI,4783,1
2014-07-08,WI_3,WI,2888,1
2014-07-09,CA_1,CA,3947,1
2014-07-09,CA_2,CA,2419,1
2014-07-09,CA_3,CA,6524,1
2014-07-09,CA_4,CA,2367,1
2014-07-09,TX_1,TX,3167,1
2014-07-09,TX_2,TX,4110,1
2014-07-09,TX_3,TX,3550,1
2014-07-09,WI_1,WI,3443,1
2014-07-09,WI_2,WI,4809,1
2014-07-09,WI_3,WI,2878,1
2014-07-10,CA_1,CA,4243,1
2014-07-10,CA_2,CA,2717,1
2014-07-10,CA_3,CA,7121,1
2014-07-10,CA_4,CA,2410,1
2014-07-10,TX_1,TX,2827,0
2014-07-10,TX_2,TX,3507,0
2014-07-10,TX_3,TX,3319,0
2014-07-10,WI_1,WI,2864,0
2014-07-10,WI_2,WI,3677,0
2014-07-10,WI_3,WI,2494,0
2014-07-11,CA_1,CA,4695,0
2014-07-11,CA_2,CA,2881,0
2014-07-11,CA_3,CA,6677,0
2014-07-11,CA_4,CA,2503,0
2014-07-11,TX_1,TX,3446,1
2014-07-11,TX_2,TX,4108,1
2014-07-11,TX_3,TX,4015,1
2014-07-11,WI_1,WI,3588,1
2014-07-11,WI_2,WI,5018,1
2014-07-11,WI_3,WI,3322,1
2014-07-12,CA_1,CA,5465,0
2014-07-12,CA_2,CA,3714,0
2014-07-12,CA_3,CA,7791,0
2014-07-12,CA_4,CA,2643,0
2014-07-12,TX_1,TX,4438,1
2014-07-12,TX_2,TX,5078,1
2014-07-12,TX_3,TX,4568,1
2014-07-12,WI_1,WI,4424,1
2014-07-12,WI_2,WI,5807,1
2014-07-12,WI_3,WI,3768,1
2014-07-13,CA_1,CA,5615,0
2014-07-13,CA_2,CA,3442,0
2014-07-13,CA_3,CA,7669,0
2014-07-13,CA_4,CA,2518,0
2014-07-13,TX_1,TX,4129,1
2014-07-13,TX_2,TX,4702,1
2014-07-13,TX_3,TX,4267,1
2014-07-13,WI_1,WI,4031,0
2014-07-13,WI_2,WI,3926,0
2014-07-13,WI_3,WI,3376,0
2014-07-14,CA_1,CA,4164,0
2014-07-14,CA_2,CA,2369,0
2014-07-14,CA_3,CA,6438,0
2014-07-14,CA_4,CA,2359,0
2014-07-14,TX_1,TX,2928,0
2014-07-14,TX_2,TX,3831,0
2014-07-14,TX_3,TX,3359,0
2014-07-14,WI_1,WI,3016,1
2014-07-14,WI_2,WI,4807,1
2014-07-14,WI_3,WI,3010,1
2014-07-15,CA_1,CA,3948,0
2014-07-15,CA_2,CA,2698,0
2014-07-15,CA_3,CA,6128,0
2014-07-15,CA_4,CA,2220,0
2014-07-15,TX_1,TX,3067,1
2014-07-15,TX_2,TX,3637,1
2014-07-15,TX_3,TX,3450,1
2014-07-15,WI_1,WI,3025,1
2014-07-15,WI_2,WI,4700,1
2014-07-15,WI_3,WI,2942,1
2014-07-16,CA_1,CA,3919,0
2014-07-16,CA_2,CA,2399,0
2014-07-16,CA_3,CA,6156,0
2014-07-16,CA_4,CA,2059,0
2014-07-16,TX_1,TX,2634,0
2014-07-16,TX_2,TX,3558,0
2014-07-16,TX_3,TX,3384,0
2014-07-16,WI_1,WI,2825,0
2014-07-16,WI_2,WI,3561,0
2014-07-16,WI_3,WI,2516,0
2014-07-17,CA_1,CA,3779,0
2014-07-17,CA_2,CA,2531,0
2014-07-17,CA_3,CA,5676,0
2014-07-17,CA_4,CA,2171,0
2014-07-17,TX_1,TX,2631,0
2014-07-17,TX_2,TX,3600,0
2014-07-17,TX_3,TX,2953,0
2014-07-17,WI_1,WI,2921,0
2014-07-17,WI_2,WI,3784,0
2014-07-17,WI_3,WI,2384,0
2014-07-18,CA_1,CA,4633,0
2014-07-18,CA_2,CA,2845,0
2014-07-18,CA_3,CA,6599,0
2014-07-18,CA_4,CA,2225,0
2014-07-18,TX_1,TX,2834,0
2014-07-18,TX_2,TX,3785,0
2014-07-18,TX_3,TX,3306,0
2014-07-18,WI_1,WI,3398,0
2014-07-18,WI_2,WI,4142,0
2014-07-18,WI_3,WI,2682,0
2014-07-19,CA_1,CA,5224,0
2014-07-19,CA_2,CA,3640,0
2014-07-19,CA_3,CA,7311,0
2014-07-19,CA_4,CA,2652,0
2014-07-19,TX_1,TX,3804,0
2014-07-19,TX_2,TX,4549,0
2014-07-19,TX_3,TX,3849,0
2014-07-19,WI_1,WI,4197,0
2014-07-19,WI_2,WI,4163,0
2014-07-19,WI_3,WI,3091,0
2014-07-20,CA_1,CA,5962,0
2014-07-20,CA_2,CA,3737,0
2014-07-20,CA_3,CA,7420,0
2014-07-20,CA_4,CA,2606,0
2014-07-20,TX_1,TX,3973,0
2014-07-20,TX_2,TX,4396,0
2014-07-20,TX_3,TX,3940,0
2014-07-20,WI_1,WI,3891,0
2014-07-20,WI_2,WI,3854,0
2014-07-20,WI_3,WI,2910,0
2014-07-21,CA_1,CA,4008,0
2014-07-21,CA_2,CA,2651,0
2014-07-21,CA_3,CA,6270,0
2014-07-21,CA_4,CA,2279,0
2014-07-21,TX_1,TX,2861,0
2014-07-21,TX_2,TX,3633,0
2014-07-21,TX_3,TX,3281,0
2014-07-21,WI_1,WI,2873,0
2014-07-21,WI_2,WI,3361,0
2014-07-21,WI_3,WI,2234,0
2014-07-22,CA_1,CA,3596,0
2014-07-22,CA_2,CA,2144,0
2014-07-22,CA_3,CA,6167,0
2014-07-22,CA_4,CA,2038,0
2014-07-22,TX_1,TX,2716,0
2014-07-22,TX_2,TX,3203,0
2014-07-22,TX_3,TX,3282,0
2014-07-22,WI_1,WI,2795,0
2014-07-22,WI_2,WI,3096,0
2014-07-22,WI_3,WI,2475,0
2014-07-23,CA_1,CA,3899,0
2014-07-23,CA_2,CA,2380,0
2014-07-23,CA_3,CA,5800,0
2014-07-23,CA_4,CA,2161,0
2014-07-23,TX_1,TX,2666,0
2014-07-23,TX_2,TX,3333,0
2014-07-23,TX_3,TX,2883,0
2014-07-23,WI_1,WI,2897,0
2014-07-23,WI_2,WI,2990,0
2014-07-23,WI_3,WI,1930,0
2014-07-24,CA_1,CA,3890,0
2014-07-24,CA_2,CA,2443,0
2014-07-24,CA_3,CA,5718,0
2014-07-24,CA_4,CA,2163,0
2014-07-24,TX_1,TX,2548,0
2014-07-24,TX_2,TX,2947,0
2014-07-24,TX_3,TX,2978,0
2014-07-24,WI_1,WI,2868,0
2014-07-24,WI_2,WI,3079,0
2014-07-24,WI_3,WI,1891,0
2014-07-25,CA_1,CA,4215,0
2014-07-25,CA_2,CA,2626,0
2014-07-25,CA_3,CA,6259,0
2014-07-25,CA_4,CA,2169,0
2014-07-25,TX_1,TX,2756,0
2014-07-25,TX_2,TX,3679,0
2014-07-25,TX_3,TX,3372,0
2014-07-25,WI_1,WI,3075,0
2014-07-25,WI_2,WI,3355,0
2014-07-25,WI_3,WI,2342,0
2014-07-26,CA_1,CA,4609,0
2014-07-26,CA_2,CA,3453,0
2014-07-26,CA_3,CA,7210,0
2014-07-26,CA_4,CA,2504,0
2014-07-26,TX_1,TX,3119,0
2014-07-26,TX_2,TX,3988,0
2014-07-26,TX_3,TX,3556,0
2014-07-26,WI_1,WI,4062,0
2014-07-26,WI_2,WI,3599,0
2014-07-26,WI_3,WI,2908,0
2014-07-27,CA_1,CA,5421,0
2014-07-27,CA_2,CA,3566,0
2014-07-27,CA_3,CA,8336,0
2014-07-27,CA_4,CA,2714,0
2014-07-27,TX_1,TX,3772,0
2014-07-27,TX_2,TX,4441,0
2014-07-27,TX_3,TX,4135,0
2014-07-27,WI_1,WI,3780,0
2014-07-27,WI_2,WI,3260,0
2014-07-27,WI_3,WI,2789,0
2014-07-28,CA_1,CA,4579,0
2014-07-28,CA_2,CA,2233,0
2014-07-28,CA_3,CA,6192,0
2014-07-28,CA_4,CA,2311,0
2014-07-28,TX_1,TX,2744,0
2014-07-28,TX_2,TX,3405,0
2014-07-28,TX_3,TX,3409,0
2014-07-28,WI_1,WI,2542,0
2014-07-28,WI_2,WI,3101,0
2014-07-28,WI_3,WI,2116,0
2014-07-29,CA_1,CA,3810,0
2014-07-29,CA_2,CA,2304,0
2014-07-29,CA_3,CA,5796,0
2014-07-29,CA_4,CA,2104,0
2014-07-29,TX_1,TX,2729,0
2014-07-29,TX_2,TX,3177,0
2014-07-29,TX_3,TX,2826,0
2014-07-29,WI_1,WI,2789,0
2014-07-29,WI_2,WI,2957,0
2014-07-29,WI_3,WI,2213,0
2014-07-30,CA_1,CA,3870,0
2014-07-30,CA_2,CA,2167,0
2014-07-30,CA_3,CA,5651,0
2014-07-30,CA_4,CA,2228,0
2014-07-30,TX_1,TX,2596,0
2014-07-30,TX_2,TX,3190,0
2014-07-30,TX_3,TX,3071,0
2014-07-30,WI_1,WI,2648,0
2014-07-30,WI_2,WI,2900,0
2014-07-30,WI_3,WI,2013,0
2014-07-31,CA_1,CA,3985,0
2014-07-31,CA_2,CA,2461,0
2014-07-31,CA_3,CA,5932,0
2014-07-31,CA_4,CA,2123,0
2014-07-31,TX_1,TX,2774,0
2014-07-31,TX_2,TX,3223,0
2014-07-31,TX_3,TX,2930,0
2014-07-31,WI_1,WI,2760,0
2014-07-31,WI_2,WI,3528,0
2014-07-31,WI_3,WI,2124,0
2014-08-01,CA_1,CA,5229,1
2014-08-01,CA_2,CA,2797,1
2014-08-01,CA_3,CA,7628,1
2014-08-01,CA_4,CA,2393,1
2014-08-01,TX_1,TX,3818,1
2014-08-01,TX_2,TX,4406,1
2014-08-01,TX_3,TX,4769,1
2014-08-01,WI_1,WI,3771,0
2014-08-01,WI_2,WI,4923,0
2014-08-01,WI_3,WI,3395,0
2014-08-02,CA_1,CA,5837,1
2014-08-02,CA_2,CA,3464,1
2014-08-02,CA_3,CA,8064,1
2014-08-02,CA_4,CA,2613,1
2014-08-02,TX_1,TX,3864,0
2014-08-02,TX_2,TX,4398,0
2014-08-02,TX_3,TX,4348,0
2014-08-02,WI_1,WI,4413,1
2014-08-02,WI_2,WI,5852,1
2014-08-02,WI_3,WI,4158,1
2014-08-03,CA_1,CA,6361,1
2014-08-03,CA_2,CA,3238,1
2014-08-03,CA_3,CA,8817,1
2014-08-03,CA_4,CA,2936,1
2014-08-03,TX_1,TX,4026,1
2014-08-03,TX_2,TX,4876,1
2014-08-03,TX_3,TX,4072,1
2014-08-03,WI_1,WI,4105,1
2014-08-03,WI_2,WI,5116,1
2014-08-03,WI_3,WI,4025,1
2014-08-04,CA_1,CA,5038,1
2014-08-04,CA_2,CA,2257,1
2014-08-04,CA_3,CA,6733,1
2014-08-04,CA_4,CA,2488,1
2014-08-04,TX_1,TX,3142,0
2014-08-04,TX_2,TX,3495,0
2014-08-04,TX_3,TX,3502,0
2014-08-04,WI_1,WI,2821,0
2014-08-04,WI_2,WI,3765,0
2014-08-04,WI_3,WI,2558,0
2014-08-05,CA_1,CA,4289,1
2014-08-05,CA_2,CA,2292,1
2014-08-05,CA_3,CA,6702,1
2014-08-05,CA_4,CA,2441,1
2014-08-05,TX_1,TX,3084,1
2014-08-05,TX_2,TX,3847,1
2014-08-05,TX_3,TX,3277,1
2014-08-05,WI_1,WI,2804,1
2014-08-05,WI_2,WI,4814,1
2014-08-05,WI_3,WI,2688,1
2014-08-06,CA_1,CA,4109,1
2014-08-06,CA_2,CA,2458,1
2014-08-06,CA_3,CA,6390,1
2014-08-06,CA_4,CA,2120,1
2014-08-06,TX_1,TX,2761,1
2014-08-06,TX_2,TX,3616,1
2014-08-06,TX_3,TX,2976,1
2014-08-06,WI_1,WI,2804,1
2014-08-06,WI_2,WI,4492,1
2014-08-06,WI_3,WI,2821,1
2014-08-07,CA_1,CA,4182,1
2014-08-07,CA_2,CA,2629,1
2014-08-07,CA_3,CA,6461,1
2014-08-07,CA_4,CA,2302,1
2014-08-07,TX_1,TX,3067,1
2014-08-07,TX_2,TX,3544,1
2014-08-07,TX_3,TX,3564,1
2014-08-07,WI_1,WI,2849,0
2014-08-07,WI_2,WI,3576,0
2014-08-07,WI_3,WI,2403,0
2014-08-08,CA_1,CA,4642,1
2014-08-08,CA_2,CA,2781,1
2014-08-08,CA_3,CA,7102,1
2014-08-08,CA_4,CA,2297,1
2014-08-08,TX_1,TX,3493,0
2014-08-08,TX_2,TX,4369,0
2014-08-08,TX_3,TX,3346,0
2014-08-08,WI_1,WI,3097,1
2014-08-08,WI_2,WI,4861,1
2014-08-08,WI_3,WI,2992,1
2014-08-09,CA_1,CA,5767,1
2014-08-09,CA_2,CA,3589,1
2014-08-09,CA_3,CA,8285,1
2014-08-09,CA_4,CA,2594,1
2014-08-09,TX_1,TX,3585,1
2014-08-09,TX_2,TX,4587,1
2014-08-09,TX_3,TX,3998,1
2014-08-09,WI_1,WI,3961,1
2014-08-09,WI_2,WI,5364,1
2014-08-09,WI_3,WI,3528,1
2014-08-10,CA_1,CA,6275,1
2014-08-10,CA_2,CA,3318,1
2014-08-10,CA_3,CA,8299,1
2014-08-10,CA_4,CA,2867,1
2014-08-10,TX_1,TX,3660,0
2014-08-10,TX_2,TX,4357,0
2014-08-10,TX_3,TX,3590,0
2014-08-10,WI_1,WI,3594,0
2014-08-10,WI_2,WI,4199,0
2014-08-10,WI_3,WI,3090,0
2014-08-11,CA_1,CA,4146,0
2014-08-11,CA_2,CA,2309,0
2014-08-11,CA_3,CA,6630,0
2014-08-11,CA_4,CA,2334,0
2014-08-11,TX_1,TX,3017,1
2014-08-11,TX_2,TX,3677,1
2014-08-11,TX_3,TX,3687,1
2014-08-11,WI_1,WI,2947,1
2014-08-11,WI_2,WI,4524,1
2014-08-11,WI_3,WI,2851,1
2014-08-12,CA_1,CA,3995,0
2014-08-12,CA_2,CA,2255,0
2014-08-12,CA_3,CA,6642,0
2014-08-12,CA_4,CA,2149,0
2014-08-12,TX_1,TX,3131,1
2014-08-12,TX_2,TX,3434,1
2014-08-12,TX_3,TX,3470,1
2014-08-12,WI_1,WI,3283,1
2014-08-12,WI_2,WI,4953,1
2014-08-12,WI_3,WI,3360,1
2014-08-13,CA_1,CA,3966,0
2014-08-13,CA_2,CA,2181,0
2014-08-13,CA_3,CA,6062,0
2014-08-13,CA_4,CA,2367,0
2014-08-13,TX_1,TX,3363,1
2014-08-13,TX_2,TX,3725,1
2014-08-13,TX_3,TX,3292,1
2014-08-13,WI_1,WI,3104,0
2014-08-13,WI_2,WI,3962,0
2014-08-13,WI_3,WI,2397,0
2014-08-14,CA_1,CA,3855,0
2014-08-14,CA_2,CA,2535,0
2014-08-14,CA_3,CA,5788,0
2014-08-14,CA_4,CA,2266,0
2014-08-14,TX_1,TX,2894,0
2014-08-14,TX_2,TX,3487,0
2014-08-14,TX_3,TX,3238,0
2014-08-14,WI_1,WI,2900,1
2014-08-14,WI_2,WI,4855,1
2014-08-14,WI_3,WI,2718,1
2014-08-15,CA_1,CA,4442,0
2014-08-15,CA_2,CA,2661,0
2014-08-15,CA_3,CA,6034,0
2014-08-15,CA_4,CA,2195,0
2014-08-15,TX_1,TX,3336,1
2014-08-15,TX_2,TX,3860,1
2014-08-15,TX_3,TX,3828,1
2014-08-15,WI_1,WI,3486,1
2014-08-15,WI_2,WI,4945,1
2014-08-15,WI_3,WI,3471,1
2014-08-16,CA_1,CA,5705,0
2014-08-16,CA_2,CA,4040,0
2014-08-16,CA_3,CA,7220,0
2014-08-16,CA_4,CA,2456,0
2014-08-16,TX_1,TX,3745,0
2014-08-16,TX_2,TX,4633,0
2014-08-16,TX_3,TX,4164,0
2014-08-16,WI_1,WI,4313,0
2014-08-16,WI_2,WI,4776,0
2014-08-16,WI_3,WI,3503,0
2014-08-17,CA_1,CA,6331,0
2014-08-17,CA_2,CA,3567,0
2014-08-17,CA_3,CA,8778,0
2014-08-17,CA_4,CA,2963,0
2014-08-17,TX_1,TX,4069,0
2014-08-17,TX_2,TX,4593,0
2014-08-17,TX_3,TX,4559,0
2014-08-17,WI_1,WI,4170,0
2014-08-17,WI_2,WI,4341,0
2014-08-17,WI_3,WI,3302,0
2014-08-18,CA_1,CA,4684,0
2014-08-18,CA_2,CA,2455,0
2014-08-18,CA_3,CA,7045,0
2014-08-18,CA_4,CA,2397,0
2014-08-18,TX_1,TX,2837,0
2014-08-18,TX_2,TX,3377,0
2014-08-18,TX_3,TX,3637,0
2014-08-18,WI_1,WI,2832,0
2014-08-18,WI_2,WI,3595,0
2014-08-18,WI_3,WI,2520,0
2014-08-19,CA_1,CA,3799,0
2014-08-19,CA_2,CA,2227,0
2014-08-19,CA_3,CA,6141,0
2014-08-19,CA_4,CA,2177,0
2014-08-19,TX_1,TX,2788,0
2014-08-19,TX_2,TX,3170,0
2014-08-19,TX_3,TX,3242,0
2014-08-19,WI_1,WI,2717,0
2014-08-19,WI_2,WI,3139,0
2014-08-19,WI_3,WI,2559,0
2014-08-20,CA_1,CA,3645,0
2014-08-20,CA_2,CA,2246,0
2014-08-20,CA_3,CA,5966,0
2014-08-20,CA_4,CA,2116,0
2014-08-20,TX_1,TX,2787,0
2014-08-20,TX_2,TX,3135,0
2014-08-20,TX_3,TX,3009,0
2014-08-20,WI_1,WI,2884,0
2014-08-20,WI_2,WI,3599,0
2014-08-20,WI_3,WI,2460,0
2014-08-21,CA_1,CA,3619,0
2014-08-21,CA_2,CA,2509,0
2014-08-21,CA_3,CA,5816,0
2014-08-21,CA_4,CA,2118,0
2014-08-21,TX_1,TX,2823,0
2014-08-21,TX_2,TX,3520,0
2014-08-21,TX_3,TX,3348,0
2014-08-21,WI_1,WI,2977,0
2014-08-21,WI_2,WI,3399,0
2014-08-21,WI_3,WI,2270,0
2014-08-22,CA_1,CA,4187,0
2014-08-22,CA_2,CA,2972,0
2014-08-22,CA_3,CA,6870,0
2014-08-22,CA_4,CA,2291,0
2014-08-22,TX_1,TX,3027,0
2014-08-22,TX_2,TX,3819,0
2014-08-22,TX_3,TX,4051,0
2014-08-22,WI_1,WI,3404,0
2014-08-22,WI_2,WI,3844,0
2014-08-22,WI_3,WI,2651,0
2014-08-23,CA_1,CA,5569,0
2014-08-23,CA_2,CA,3768,0
2014-08-23,CA_3,CA,8240,0
2014-08-23,CA_4,CA,2549,0
2014-08-23,TX_1,TX,3871,0
2014-08-23,TX_2,TX,4933,0
2014-08-23,TX_3,TX,4453,0
2014-08-23,WI_1,WI,4303,0
2014-08-23,WI_2,WI,3989,0
2014-08-23,WI_3,WI,2998,0
2014-08-24,CA_1,CA,6630,0
2014-08-24,CA_2,CA,3312,0
2014-08-24,CA_3,CA,8996,0
2014-08-24,CA_4,CA,2938,0
2014-08-24,TX_1,TX,4250,0
2014-08-24,TX_2,TX,5179,0
2014-08-24,TX_3,TX,4962,0
2014-08-24,WI_1,WI,4256,0
2014-08-24,WI_2,WI,3847,0
2014-08-24,WI_3,WI,3073,0
2014-08-25,CA_1,CA,4000,0
2014-08-25,CA_2,CA,2424,0
2014-08-25,CA_3,CA,6382,0
2014-08-25,CA_4,CA,2216,0
2014-08-25,TX_1,TX,2991,0
2014-08-25,TX_2,TX,3757,0
2014-08-25,TX_3,TX,3979,0
2014-08-25,WI_1,WI,2843,0
2014-08-25,WI_2,WI,3515,0
2014-08-25,WI_3,WI,2560,0
2014-08-26,CA_1,CA,3744,0
2014-08-26,CA_2,CA,2184,0
2014-08-26,CA_3,CA,5740,0
2014-08-26,CA_4,CA,2213,0
2014-08-26,TX_1,TX,2870,0
2014-08-26,TX_2,TX,3283,0
2014-08-26,TX_3,TX,3214,0
2014-08-26,WI_1,WI,2577,0
2014-08-26,WI_2,WI,3210,0
2014-08-26,WI_3,WI,2367,0
2014-08-27,CA_1,CA,3118,0
2014-08-27,CA_2,CA,2347,0
2014-08-27,CA_3,CA,5663,0
2014-08-27,CA_4,CA,2054,0
2014-08-27,TX_1,TX,2587,0
2014-08-27,TX_2,TX,2800,0
2014-08-27,TX_3,TX,2894,0
2014-08-27,WI_1,WI,2747,0
2014-08-27,WI_2,WI,3234,0
2014-08-27,WI_3,WI,2062,0
2014-08-28,CA_1,CA,3497,0
2014-08-28,CA_2,CA,2267,0
2014-08-28,CA_3,CA,5570,0
2014-08-28,CA_4,CA,1994,0
2014-08-28,TX_1,TX,2460,0
2014-08-28,TX_2,TX,3079,0
2014-08-28,TX_3,TX,2988,0
2014-08-28,WI_1,WI,2714,0
2014-08-28,WI_2,WI,3369,0
2014-08-28,WI_3,WI,2038,0
2014-08-29,CA_1,CA,4432,0
2014-08-29,CA_2,CA,2679,0
2014-08-29,CA_3,CA,6480,0
2014-08-29,CA_4,CA,2280,0
2014-08-29,TX_1,TX,2622,0
2014-08-29,TX_2,TX,3407,0
2014-08-29,TX_3,TX,3415,0
2014-08-29,WI_1,WI,3984,0
2014-08-29,WI_2,WI,5094,0
2014-08-29,WI_3,WI,3300,0
2014-08-30,CA_1,CA,5590,0
2014-08-30,CA_2,CA,3393,0
2014-08-30,CA_3,CA,7106,0
2014-08-30,CA_4,CA,2628,0
2014-08-30,TX_1,TX,3610,0
2014-08-30,TX_2,TX,4255,0
2014-08-30,TX_3,TX,4210,0
2014-08-30,WI_1,WI,4535,0
2014-08-30,WI_2,WI,4592,0
2014-08-30,WI_3,WI,3318,0
2014-08-31,CA_1,CA,5279,0
2014-08-31,CA_2,CA,3197,0
2014-08-31,CA_3,CA,6707,0
2014-08-31,CA_4,CA,2473,0
2014-08-31,TX_1,TX,3251,0
2014-08-31,TX_2,TX,3866,0
2014-08-31,TX_3,TX,3508,0
2014-08-31,WI_1,WI,3686,0
2014-08-31,WI_2,WI,4204,0
2014-08-31,WI_3,WI,3039,0
2014-09-01,CA_1,CA,5344,1
2014-09-01,CA_2,CA,3136,1
2014-09-01,CA_3,CA,7851,1
2014-09-01,CA_4,CA,2848,1
2014-09-01,TX_1,TX,3842,1
2014-09-01,TX_2,TX,4993,1
2014-09-01,TX_3,TX,3851,1
2014-09-01,WI_1,WI,4245,0
2014-09-01,WI_2,WI,3927,0
2014-09-01,WI_3,WI,3219,0
2014-09-02,CA_1,CA,3999,1
2014-09-02,CA_2,CA,2177,1
2014-09-02,CA_3,CA,6403,1
2014-09-02,CA_4,CA,2468,1
2014-09-02,TX_1,TX,2664,0
2014-09-02,TX_2,TX,3146,0
2014-09-02,TX_3,TX,2979,0
2014-09-02,WI_1,WI,2859,1
2014-09-02,WI_2,WI,4668,1
2014-09-02,WI_3,WI,2936,1
2014-09-03,CA_1,CA,4227,1
2014-09-03,CA_2,CA,2213,1
2014-09-03,CA_3,CA,6427,1
2014-09-03,CA_4,CA,2485,1
2014-09-03,TX_1,TX,3042,1
2014-09-03,TX_2,TX,3811,1
2014-09-03,TX_3,TX,3309,1
2014-09-03,WI_1,WI,3000,1
2014-09-03,WI_2,WI,5488,1
2014-09-03,WI_3,WI,3395,1
2014-09-04,CA_1,CA,3695,1
2014-09-04,CA_2,CA,2372,1
2014-09-04,CA_3,CA,5999,1
2014-09-04,CA_4,CA,2091,1
2014-09-04,TX_1,TX,2443,0
2014-09-04,TX_2,TX,3110,0
2014-09-04,TX_3,TX,2772,0
2014-09-04,WI_1,WI,2706,0
2014-09-04,WI_2,WI,3686,0
2014-09-04,WI_3,WI,2609,0
2014-09-05,CA_1,CA,4404,1
2014-09-05,CA_2,CA,2474,1
2014-09-05,CA_3,CA,6105,1
2014-09-05,CA_4,CA,2279,1
2014-09-05,TX_1,TX,2952,1
2014-09-05,TX_2,TX,3477,1
2014-09-05,TX_3,TX,3127,1
2014-09-05,WI_1,WI,3282,1
2014-09-05,WI_2,WI,4527,1
2014-09-05,WI_3,WI,3339,1
2014-09-06,CA_1,CA,5828,1
2014-09-06,CA_2,CA,3510,1
2014-09-06,CA_3,CA,7503,1
2014-09-06,CA_4,CA,2567,1
2014-09-06,TX_1,TX,3830,1
2014-09-06,TX_2,TX,4796,1
2014-09-06,TX_3,TX,4077,1
2014-09-06,WI_1,WI,4106,1
2014-09-06,WI_2,WI,5664,1
2014-09-06,WI_3,WI,4136,1
2014-09-07,CA_1,CA,6242,1
2014-09-07,CA_2,CA,3450,1
2014-09-07,CA_3,CA,8696,1
2014-09-07,CA_4,CA,2950,1
2014-09-07,TX_1,TX,3059,1
2014-09-07,TX_2,TX,5226,1
2014-09-07,TX_3,TX,4321,1
2014-09-07,WI_1,WI,3920,0
2014-09-07,WI_2,WI,4466,0
2014-09-07,WI_3,WI,3623,0
2014-09-08,CA_1,CA,3973,1
2014-09-08,CA_2,CA,2188,1
2014-09-08,CA_3,CA,7070,1
2014-09-08,CA_4,CA,2196,1
2014-09-08,TX_1,TX,2928,0
2014-09-08,TX_2,TX,3597,0
2014-09-08,TX_3,TX,3707,0
2014-09-08,WI_1,WI,2404,1
2014-09-08,WI_2,WI,4361,1
2014-09-08,WI_3,WI,3156,1
2014-09-09,CA_1,CA,4010,1
2014-09-09,CA_2,CA,2178,1
2014-09-09,CA_3,CA,5875,1
2014-09-09,CA_4,CA,2362,1
2014-09-09,TX_1,TX,2821,1
2014-09-09,TX_2,TX,3297,1
2014-09-09,TX_3,TX,3323,1
2014-09-09,WI_1,WI,2635,1
2014-09-09,WI_2,WI,4532,1
2014-09-09,WI_3,WI,3134,1
2014-09-10,CA_1,CA,3815,1
2014-09-10,CA_2,CA,2294,1
2014-09-10,CA_3,CA,6181,1
2014-09-10,CA_4,CA,2189,1
2014-09-10,TX_1,TX,2657,0
2014-09-10,TX_2,TX,3088,0
2014-09-10,TX_3,TX,2998,0
2014-09-10,WI_1,WI,2725,0
2014-09-10,WI_2,WI,3692,0
2014-09-10,WI_3,WI,2153,0
2014-09-11,CA_1,CA,3870,0
2014-09-11,CA_2,CA,2270,0
2014-09-11,CA_3,CA,6268,0
2014-09-11,CA_4,CA,1947,0
2014-09-11,TX_1,TX,3020,1
2014-09-11,TX_2,TX,3509,1
2014-09-11,TX_3,TX,3472,1
2014-09-11,WI_1,WI,2968,1
2014-09-11,WI_2,WI,4417,1
2014-09-11,WI_3,WI,2739,1
2014-09-12,CA_1,CA,4246,0
2014-09-12,CA_2,CA,2760,0
2014-09-12,CA_3,CA,7194,0
2014-09-12,CA_4,CA,2453,0
2014-09-12,TX_1,TX,3060,1
2014-09-12,TX_2,TX,3745,1
2014-09-12,TX_3,TX,3348,1
2014-09-12,WI_1,WI,3489,1
2014-09-12,WI_2,WI,4736,1
2014-09-12,WI_3,WI,3328,1
2014-09-13,CA_1,CA,5464,0
2014-09-13,CA_2,CA,3840,0
2014-09-13,CA_3,CA,8137,0
2014-09-13,CA_4,CA,2743,0
2014-09-13,TX_1,TX,4226,1
2014-09-13,TX_2,TX,5001,1
2014-09-13,TX_3,TX,4757,1
2014-09-13,WI_1,WI,4559,0
2014-09-13,WI_2,WI,5114,0
2014-09-13,WI_3,WI,3738,0
2014-09-14,CA_1,CA,5690,0
2014-09-14,CA_2,CA,3553,0
2014-09-14,CA_3,CA,8159,0
2014-09-14,CA_4,CA,2838,0
2014-09-14,TX_1,TX,3691,0
2014-09-14,TX_2,TX,4741,0
2014-09-14,TX_3,TX,4325,0
2014-09-14,WI_1,WI,3894,1
2014-09-14,WI_2,WI,5083,1
2014-09-14,WI_3,WI,3773,1
2014-09-15,CA_1,CA,4059,0
2014-09-15,CA_2,CA,2573,0
2014-09-15,CA_3,CA,6695,0
2014-09-15,CA_4,CA,2384,0
2014-09-15,TX_1,TX,3136,1
2014-09-15,TX_2,TX,3690,1
2014-09-15,TX_3,TX,3505,1
2014-09-15,WI_1,WI,2765,1
2014-09-15,WI_2,WI,4697,1
2014-09-15,WI_3,WI,3055,1
2014-09-16,CA_1,CA,3362,0
2014-09-16,CA_2,CA,2232,0
2014-09-16,CA_3,CA,6190,0
2014-09-16,CA_4,CA,2292,0
2014-09-16,TX_1,TX,2761,0
2014-09-16,TX_2,TX,2776,0
2014-09-16,TX_3,TX,3076,0
2014-09-16,WI_1,WI,2559,0
2014-09-16,WI_2,WI,3412,0
2014-09-16,WI_3,WI,2377,0
2014-09-17,CA_1,CA,3545,0
2014-09-17,CA_2,CA,2476,0
2014-09-17,CA_3,CA,5879,0
2014-09-17,CA_4,CA,2066,0
2014-09-17,TX_1,TX,2475,0
2014-09-17,TX_2,TX,2859,0
2014-09-17,TX_3,TX,2832,0
2014-09-17,WI_1,WI,2489,0
2014-09-17,WI_2,WI,3143,0
2014-09-17,WI_3,WI,2067,0
2014-09-18,CA_1,CA,3227,0
2014-09-18,CA_2,CA,2298,0
2014-09-18,CA_3,CA,5808,0
2014-09-18,CA_4,CA,2097,0
2014-09-18,TX_1,TX,2242,0
2014-09-18,TX_2,TX,2610,0
2014-09-18,TX_3,TX,2455,0
2014-09-18,WI_1,WI,2770,0
2014-09-18,WI_2,WI,3252,0
2014-09-18,WI_3,WI,2102,0
2014-09-19,CA_1,CA,4241,0
2014-09-19,CA_2,CA,2882,0
2014-09-19,CA_3,CA,6142,0
2014-09-19,CA_4,CA,2340,0
2014-09-19,TX_1,TX,2849,0
2014-09-19,TX_2,TX,3553,0
2014-09-19,TX_3,TX,3623,0
2014-09-19,WI_1,WI,3117,0
2014-09-19,WI_2,WI,3485,0
2014-09-19,WI_3,WI,2600,0
2014-09-20,CA_1,CA,5512,0
2014-09-20,CA_2,CA,3883,0
2014-09-20,CA_3,CA,7780,0
2014-09-20,CA_4,CA,2563,0
2014-09-20,TX_1,TX,3500,0
2014-09-20,TX_2,TX,4335,0
2014-09-20,TX_3,TX,4042,0
2014-09-20,WI_1,WI,4165,0
2014-09-20,WI_2,WI,4184,0
2014-09-20,WI_3,WI,3068,0
2014-09-21,CA_1,CA,5888,0
2014-09-21,CA_2,CA,3625,0
2014-09-21,CA_3,CA,8436,0
2014-09-21,CA_4,CA,2786,0
2014-09-21,TX_1,TX,3840,0
2014-09-21,TX_2,TX,4548,0
2014-09-21,TX_3,TX,4591,0
2014-09-21,WI_1,WI,4012,0
2014-09-21,WI_2,WI,3706,0
2014-09-21,WI_3,WI,2970,0
2014-09-22,CA_1,CA,3849,0
2014-09-22,CA_2,CA,2103,0
2014-09-22,CA_3,CA,6455,0
2014-09-22,CA_4,CA,2344,0
2014-09-22,TX_1,TX,2667,0
2014-09-22,TX_2,TX,3258,0
2014-09-22,TX_3,TX,3081,0
2014-09-22,WI_1,WI,2527,0
2014-09-22,WI_2,WI,2993,0
2014-09-22,WI_3,WI,2233,0
2014-09-23,CA_1,CA,3482,0
2014-09-23,CA_2,CA,2271,0
2014-09-23,CA_3,CA,6075,0
2014-09-23,CA_4,CA,2140,0
2014-09-23,TX_1,TX,2454,0
2014-09-23,TX_2,TX,2913,0
2014-09-23,TX_3,TX,2894,0
2014-09-23,WI_1,WI,2514,0
2014-09-23,WI_2,WI,2772,0
2014-09-23,WI_3,WI,1895,0
2014-09-24,CA_1,CA,3418,0
2014-09-24,CA_2,CA,2132,0
2014-09-24,CA_3,CA,5740,0
2014-09-24,CA_4,CA,2066,0
2014-09-24,TX_1,TX,2380,0
2014-09-24,TX_2,TX,2759,0
2014-09-24,TX_3,TX,2912,0
2014-09-24,WI_1,WI,2482,0
2014-09-24,WI_2,WI,3062,0
2014-09-24,WI_3,WI,2050,0
2014-09-25,CA_1,CA,3469,0
2014-09-25,CA_2,CA,2114,0
2014-09-25,CA_3,CA,5744,0
2014-09-25,CA_4,CA,2145,0
2014-09-25,TX_1,TX,2398,0
2014-09-25,TX_2,TX,3015,0
2014-09-25,TX_3,TX,2695,0
2014-09-25,WI_1,WI,2702,0
2014-09-25,WI_2,WI,3218,0
2014-09-25,WI_3,WI,2011,0
2014-09-26,CA_1,CA,4012,0
2014-09-26,CA_2,CA,2591,0
2014-09-26,CA_3,CA,6258,0
2014-09-26,CA_4,CA,2079,0
2014-09-26,TX_1,TX,2531,0
2014-09-26,TX_2,TX,3343,0
2014-09-26,TX_3,TX,3025,0
2014-09-26,WI_1,WI,3202,0
2014-09-26,WI_2,WI,3477,0
2014-09-26,WI_3,WI,2609,0
2014-09-27,CA_1,CA,5365,0
2014-09-27,CA_2,CA,3458,0
2014-09-27,CA_3,CA,7236,0
2014-09-27,CA_4,CA,2388,0
2014-09-27,TX_1,TX,3144,0
2014-09-27,TX_2,TX,4145,0
2014-09-27,TX_3,TX,3724,0
2014-09-27,WI_1,WI,4288,0
2014-09-27,WI_2,WI,3942,0
2014-09-27,WI_3,WI,3149,0
2014-09-28,CA_1,CA,5818,0
2014-09-28,CA_2,CA,3190,0
2014-09-28,CA_3,CA,7966,0
2014-09-28,CA_4,CA,2717,0
2014-09-28,TX_1,TX,3651,0
2014-09-28,TX_2,TX,4391,0
2014-09-28,TX_3,TX,4145,0
2014-09-28,WI_1,WI,4086,0
2014-09-28,WI_2,WI,3892,0
2014-09-28,WI_3,WI,3068,0
2014-09-29,CA_1,CA,4073,0
2014-09-29,CA_2,CA,2312,0
2014-09-29,CA_3,CA,6141,0
2014-09-29,CA_4,CA,2432,0
2014-09-29,TX_1,TX,2535,0
2014-09-29,TX_2,TX,3049,0
2014-09-29,TX_3,TX,3165,0
2014-09-29,WI_1,WI,2653,0
2014-09-29,WI_2,WI,2924,0
2014-09-29,WI_3,WI,2189,0
2014-09-30,CA_1,CA,3797,0
2014-09-30,CA_2,CA,2174,0
2014-09-30,CA_3,CA,5644,0
2014-09-30,CA_4,CA,2226,0
2014-09-30,TX_1,TX,2296,0
2014-09-30,TX_2,TX,2849,0
2014-09-30,TX_3,TX,2765,0
2014-09-30,WI_1,WI,2747,0
2014-09-30,WI_2,WI,3218,0
2014-09-30,WI_3,WI,2274,0
2014-10-01,CA_1,CA,3745,1
2014-10-01,CA_2,CA,2389,1
2014-10-01,CA_3,CA,6330,1
2014-10-01,CA_4,CA,2430,1
2014-10-01,TX_1,TX,3013,1
2014-10-01,TX_2,TX,3371,1
2014-10-01,TX_3,TX,3650,1
2014-10-01,WI_1,WI,3072,0
2014-10-01,WI_2,WI,3888,0
2014-10-01,WI_3,WI,2714,0
2014-10-02,CA_1,CA,4263,1
2014-10-02,CA_2,CA,2287,1
2014-10-02,CA_3,CA,5975,1
2014-10-02,CA_4,CA,2340,1
2014-10-02,TX_1,TX,2629,0
2014-10-02,TX_2,TX,3227,0
2014-10-02,TX_3,TX,3279,0
2014-10-02,WI_1,WI,2761,1
2014-10-02,WI_2,WI,4751,1
2014-10-02,WI_3,WI,2737,1
2014-10-03,CA_1,CA,4920,1
2014-10-03,CA_2,CA,2737,1
2014-10-03,CA_3,CA,6957,1
2014-10-03,CA_4,CA,2491,1
2014-10-03,TX_1,TX,3510,1
2014-10-03,TX_2,TX,4267,1
2014-10-03,TX_3,TX,3867,1
2014-10-03,WI_1,WI,3794,1
2014-10-03,WI_2,WI,5663,1
2014-10-03,WI_3,WI,3630,1
2014-10-04,CA_1,CA,6177,1
2014-10-04,CA_2,CA,3587,1
2014-10-04,CA_3,CA,8565,1
2014-10-04,CA_4,CA,2896,1
2014-10-04,TX_1,TX,3705,0
2014-10-04,TX_2,TX,4377,0
2014-10-04,TX_3,TX,4314,0
2014-10-04,WI_1,WI,4649,0
2014-10-04,WI_2,WI,5013,0
2014-10-04,WI_3,WI,3916,0
2014-10-05,CA_1,CA,6297,1
2014-10-05,CA_2,CA,3532,1
2014-10-05,CA_3,CA,8880,1
2014-10-05,CA_4,CA,2952,1
2014-10-05,TX_1,TX,4038,1
2014-10-05,TX_2,TX,4791,1
2014-10-05,TX_3,TX,4377,1
2014-10-05,WI_1,WI,4039,1
2014-10-05,WI_2,WI,5455,1
2014-10-05,WI_3,WI,4000,1
2014-10-06,CA_1,CA,4756,1
2014-10-06,CA_2,CA,2566,1
2014-10-06,CA_3,CA,7052,1
2014-10-06,CA_4,CA,2770,1
2014-10-06,TX_1,TX,2923,1
2014-10-06,TX_2,TX,3423,1
2014-10-06,TX_3,TX,3524,1
2014-10-06,WI_1,WI,2705,1
2014-10-06,WI_2,WI,4972,1
2014-10-06,WI_3,WI,3028,1
2014-10-07,CA_1,CA,4091,1
2014-10-07,CA_2,CA,2020,1
2014-10-07,CA_3,CA,6142,1
2014-10-07,CA_4,CA,2239,1
2014-10-07,TX_1,TX,2916,1
2014-10-07,TX_2,TX,3608,1
2014-10-07,TX_3,TX,3490,1
2014-10-07,WI_1,WI,2779,0
2014-10-07,WI_2,WI,3527,0
2014-10-07,WI_3,WI,2339,0
2014-10-08,CA_1,CA,4080,1
2014-10-08,CA_2,CA,1879,1
2014-10-08,CA_3,CA,6211,1
2014-10-08,CA_4,CA,2211,1
2014-10-08,TX_1,TX,2504,0
2014-10-08,TX_2,TX,3009,0
2014-10-08,TX_3,TX,3220,0
2014-10-08,WI_1,WI,2781,1
2014-10-08,WI_2,WI,4612,1
2014-10-08,WI_3,WI,2678,1
2014-10-09,CA_1,CA,4177,1
2014-10-09,CA_2,CA,1789,1
2014-10-09,CA_3,CA,5873,1
2014-10-09,CA_4,CA,2253,1
2014-10-09,TX_1,TX,2685,1
2014-10-09,TX_2,TX,3255,1
2014-10-09,TX_3,TX,3421,1
2014-10-09,WI_1,WI,2922,1
2014-10-09,WI_2,WI,4716,1
2014-10-09,WI_3,WI,2647,1
2014-10-10,CA_1,CA,4529,1
2014-10-10,CA_2,CA,2173,1
2014-10-10,CA_3,CA,6277,1
2014-10-10,CA_4,CA,2398,1
2014-10-10,TX_1,TX,2668,0
2014-10-10,TX_2,TX,3233,0
2014-10-10,TX_3,TX,3432,0
2014-10-10,WI_1,WI,3350,0
2014-10-10,WI_2,WI,3987,0
2014-10-10,WI_3,WI,2954,0
2014-10-11,CA_1,CA,5529,0
2014-10-11,CA_2,CA,3250,0
2014-10-11,CA_3,CA,7359,0
2014-10-11,CA_4,CA,2604,0
2014-10-11,TX_1,TX,3582,1
2014-10-11,TX_2,TX,4663,1
2014-10-11,TX_3,TX,4109,1
2014-10-11,WI_1,WI,4395,1
2014-10-11,WI_2,WI,5242,1
2014-10-11,WI_3,WI,3828,1
2014-10-12,CA_1,CA,5818,0
2014-10-12,CA_2,CA,3198,0
2014-10-12,CA_3,CA,7918,0
2014-10-12,CA_4,CA,2718,0
2014-10-12,TX_1,TX,3893,1
2014-10-12,TX_2,TX,4833,1
2014-10-12,TX_3,TX,4313,1
2014-10-12,WI_1,WI,4107,1
2014-10-12,WI_2,WI,5910,1
2014-10-12,WI_3,WI,4027,1
2014-10-13,CA_1,CA,4305,0
2014-10-13,CA_2,CA,2151,0
2014-10-13,CA_3,CA,6091,0
2014-10-13,CA_4,CA,2461,0
2014-10-13,TX_1,TX,3062,1
2014-10-13,TX_2,TX,3637,1
2014-10-13,TX_3,TX,3423,1
2014-10-13,WI_1,WI,2698,0
2014-10-13,WI_2,WI,3535,0
2014-10-13,WI_3,WI,2194,0
2014-10-14,CA_1,CA,3377,0
2014-10-14,CA_2,CA,1944,0
2014-10-14,CA_3,CA,5461,0
2014-10-14,CA_4,CA,2352,0
2014-10-14,TX_1,TX,2404,0
2014-10-14,TX_2,TX,3110,0
2014-10-14,TX_3,TX,3225,0
2014-10-14,WI_1,WI,2854,1
2014-10-14,WI_2,WI,4735,1
2014-10-14,WI_3,WI,2989,1
2014-10-15,CA_1,CA,3499,0
2014-10-15,CA_2,CA,1937,0
2014-10-15,CA_3,CA,5604,0
2014-10-15,CA_4,CA,2225,0
2014-10-15,TX_1,TX,2954,1
2014-10-15,TX_2,TX,3451,1
2014-10-15,TX_3,TX,3352,1
2014-10-15,WI_1,WI,3100,1
2014-10-15,WI_2,WI,5341,1
2014-10-15,WI_3,WI,2730,1
2014-10-16,CA_1,CA,3349,0
2014-10-16,CA_2,CA,1856,0
2014-10-16,CA_3,CA,4838,0
2014-10-16,CA_4,CA,2189,0
2014-10-16,TX_1,TX,2455,0
2014-10-16,TX_2,TX,2884,0
2014-10-16,TX_3,TX,2994,0
2014-10-16,WI_1,WI,3054,0
2014-10-16,WI_2,WI,4056,0
2014-10-16,WI_3,WI,2261,0
2014-10-17,CA_1,CA,4396,0
2014-10-17,CA_2,CA,2550,0
2014-10-17,CA_3,CA,5526,0
2014-10-17,CA_4,CA,2263,0
2014-10-17,TX_1,TX,2599,0
2014-10-17,TX_2,TX,3301,0
2014-10-17,TX_3,TX,3132,0
2014-10-17,WI_1,WI,3160,0
2014-10-17,WI_2,WI,3468,0
2014-10-17,WI_3,WI,3035,0
2014-10-18,CA_1,CA,6088,0
2014-10-18,CA_2,CA,3313,0
2014-10-18,CA_3,CA,7304,0
2014-10-18,CA_4,CA,2605,0
2014-10-18,TX_1,TX,3518,0
2014-10-18,TX_2,TX,4270,0
2014-10-18,TX_3,TX,4064,0
2014-10-18,WI_1,WI,4600,0
2014-10-18,WI_2,WI,4390,0
2014-10-18,WI_3,WI,3603,0
2014-10-19,CA_1,CA,6093,0
2014-10-19,CA_2,CA,3178,0
2014-10-19,CA_3,CA,8226,0
2014-10-19,CA_4,CA,2825,0
2014-10-19,TX_1,TX,3649,0
2014-10-19,TX_2,TX,4421,0
2014-10-19,TX_3,TX,4026,0
2014-10-19,WI_1,WI,3781,0
2014-10-19,WI_2,WI,4019,0
2014-10-19,WI_3,WI,3238,0
2014-10-20,CA_1,CA,4291,0
2014-10-20,CA_2,CA,1990,0
2014-10-20,CA_3,CA,6263,0
2014-10-20,CA_4,CA,2387,0
2014-10-20,TX_1,TX,2663,0
2014-10-20,TX_2,TX,3440,0
2014-10-20,TX_3,TX,3206,0
2014-10-20,WI_1,WI,2502,0
2014-10-20,WI_2,WI,3101,0
2014-10-20,WI_3,WI,2390,0
2014-10-21,CA_1,CA,3466,0
2014-10-21,CA_2,CA,1983,0
2014-10-21,CA_3,CA,5608,0
2014-10-21,CA_4,CA,2362,0
2014-10-21,TX_1,TX,2388,0
2014-10-21,TX_2,TX,2838,0
2014-10-21,TX_3,TX,2740,0
2014-10-21,WI_1,WI,2615,0
2014-10-21,WI_2,WI,3140,0
2014-10-21,WI_3,WI,2227,0
2014-10-22,CA_1,CA,3396,0
2014-10-22,CA_2,CA,1974,0
2014-10-22,CA_3,CA,4950,0
2014-10-22,CA_4,CA,1895,0
2014-10-22,TX_1,TX,2235,0
2014-10-22,TX_2,TX,2918,0
2014-10-22,TX_3,TX,2862,0
2014-10-22,WI_1,WI,2465,0
2014-10-22,WI_2,WI,3043,0
2014-10-22,WI_3,WI,2188,0
2014-10-23,CA_1,CA,3434,0
2014-10-23,CA_2,CA,1997,0
2014-10-23,CA_3,CA,5213,0
2014-10-23,CA_4,CA,2156,0
2014-10-23,TX_1,TX,2478,0
2014-10-23,TX_2,TX,2796,0
2014-10-23,TX_3,TX,2571,0
2014-10-23,WI_1,WI,2661,0
2014-10-23,WI_2,WI,3117,0
2014-10-23,WI_3,WI,2083,0
2014-10-24,CA_1,CA,4141,0
2014-10-24,CA_2,CA,2164,0
2014-10-24,CA_3,CA,5542,0
2014-10-24,CA_4,CA,2115,0
2014-10-24,TX_1,TX,2463,0
2014-10-24,TX_2,TX,3342,0
2014-10-24,TX_3,TX,3037,0
2014-10-24,WI_1,WI,3468,0
2014-10-24,WI_2,WI,3875,0
2014-10-24,WI_3,WI,2643,0
2014-10-25,CA_1,CA,5734,0
2014-10-25,CA_2,CA,3316,0
2014-10-25,CA_3,CA,6579,0
2014-10-25,CA_4,CA,2786,0
2014-10-25,TX_1,TX,3281,0
2014-10-25,TX_2,TX,3714,0
2014-10-25,TX_3,TX,3466,0
2014-10-25,WI_1,WI,4452,0
2014-10-25,WI_2,WI,4034,0
2014-10-25,WI_3,WI,3391,0
2014-10-26,CA_1,CA,5308,0
2014-10-26,CA_2,CA,3140,0
2014-10-26,CA_3,CA,7369,0
2014-10-26,CA_4,CA,2500,0
2014-10-26,TX_1,TX,3505,0
2014-10-26,TX_2,TX,4519,0
2014-10-26,TX_3,TX,3817,0
2014-10-26,WI_1,WI,3748,0
2014-10-26,WI_2,WI,3347,0
2014-10-26,WI_3,WI,2944,0
2014-10-27,CA_1,CA,4189,0
2014-10-27,CA_2,CA,2091,0
2014-10-27,CA_3,CA,5931,0
2014-10-27,CA_4,CA,2275,0
2014-10-27,TX_1,TX,2590,0
2014-10-27,TX_2,TX,3146,0
2014-10-27,TX_3,TX,3163,0
2014-10-27,WI_1,WI,2389,0
2014-10-27,WI_2,WI,2968,0
2014-10-27,WI_3,WI,2461,0
2014-10-28,CA_1,CA,3454,0
2014-10-28,CA_2,CA,2087,0
2014-10-28,CA_3,CA,4874,0
2014-10-28,CA_4,CA,2176,0
2014-10-28,TX_1,TX,2285,0
2014-10-28,TX_2,TX,2882,0
2014-10-28,TX_3,TX,2938,0
2014-10-28,WI_1,WI,2694,0
2014-10-28,WI_2,WI,2944,0
2014-10-28,WI_3,WI,2006,0
2014-10-29,CA_1,CA,3321,0
2014-10-29,CA_2,CA,2138,0
2014-10-29,CA_3,CA,5028,0
2014-10-29,CA_4,CA,2058,0
2014-10-29,TX_1,TX,2273,0
2014-10-29,TX_2,TX,2917,0
2014-10-29,TX_3,TX,2531,0
2014-10-29,WI_1,WI,2341,0
2014-10-29,WI_2,WI,2980,0
2014-10-29,WI_3,WI,1976,0
2014-10-30,CA_1,CA,3672,0
2014-10-30,CA_2,CA,2601,0
2014-10-30,CA_3,CA,5216,0
2014-10-30,CA_4,CA,2329,0
2014-10-30,TX_1,TX,2535,0
2014-10-30,TX_2,TX,3178,0
2014-10-30,TX_3,TX,2946,0
2014-10-30,WI_1,WI,2656,0
2014-10-30,WI_2,WI,3003,0
2014-10-30,WI_3,WI,2099,0
2014-10-31,CA_1,CA,3817,0
2014-10-31,CA_2,CA,1976,0
2014-10-31,CA_3,CA,5057,0
2014-10-31,CA_4,CA,2174,0
2014-10-31,TX_1,TX,2956,0
2014-10-31,TX_2,TX,3375,0
2014-10-31,TX_3,TX,3080,0
2014-10-31,WI_1,WI,3133,0
2014-10-31,WI_2,WI,4518,0
2014-10-31,WI_3,WI,2764,0
2014-11-01,CA_1,CA,6542,1
2014-11-01,CA_2,CA,3442,1
2014-11-01,CA_3,CA,7700,1
2014-11-01,CA_4,CA,2569,1
2014-11-01,TX_1,TX,3665,1
2014-11-01,TX_2,TX,3999,1
2014-11-01,TX_3,TX,4021,1
2014-11-01,WI_1,WI,4497,0
2014-11-01,WI_2,WI,4370,0
2014-11-01,WI_3,WI,3444,0
2014-11-02,CA_1,CA,6477,1
2014-11-02,CA_2,CA,3327,1
2014-11-02,CA_3,CA,8470,1
2014-11-02,CA_4,CA,2818,1
2014-11-02,TX_1,TX,3501,0
2014-11-02,TX_2,TX,4130,0
2014-11-02,TX_3,TX,3859,0
2014-11-02,WI_1,WI,4189,1
2014-11-02,WI_2,WI,5158,1
2014-11-02,WI_3,WI,4143,1
2014-11-03,CA_1,CA,4939,1
2014-11-03,CA_2,CA,2077,1
2014-11-03,CA_3,CA,6920,1
2014-11-03,CA_4,CA,2526,1
2014-11-03,TX_1,TX,2949,1
2014-11-03,TX_2,TX,3522,1
2014-11-03,TX_3,TX,3794,1
2014-11-03,WI_1,WI,2806,1
2014-11-03,WI_2,WI,5369,1
2014-11-03,WI_3,WI,3662,1
2014-11-04,CA_1,CA,3996,1
2014-11-04,CA_2,CA,1850,1
2014-11-04,CA_3,CA,6018,1
2014-11-04,CA_4,CA,2137,1
2014-11-04,TX_1,TX,2459,0
2014-11-04,TX_2,TX,3025,0
2014-11-04,TX_3,TX,3040,0
2014-11-04,WI_1,WI,2771,0
2014-11-04,WI_2,WI,3867,0
2014-11-04,WI_3,WI,2789,0
2014-11-05,CA_1,CA,3452,1
2014-11-05,CA_2,CA,1791,1
2014-11-05,CA_3,CA,5745,1
2014-11-05,CA_4,CA,2276,1
2014-11-05,TX_1,TX,2283,1
2014-11-05,TX_2,TX,2899,1
2014-11-05,TX_3,TX,2764,1
2014-11-05,WI_1,WI,2440,1
2014-11-05,WI_2,WI,4533,1
2014-11-05,WI_3,WI,2649,1
2014-11-06,CA_1,CA,3943,1
2014-11-06,CA_2,CA,2021,1
2014-11-06,CA_3,CA,5691,1
2014-11-06,CA_4,CA,2223,1
2014-11-06,TX_1,TX,2688,1
2014-11-06,TX_2,TX,3270,1
2014-11-06,TX_3,TX,3127,1
2014-11-06,WI_1,WI,2750,1
2014-11-06,WI_2,WI,4676,1
2014-11-06,WI_3,WI,2834,1
2014-11-07,CA_1,CA,4361,1
2014-11-07,CA_2,CA,2447,1
2014-11-07,CA_3,CA,6085,1
2014-11-07,CA_4,CA,2126,1
2014-11-07,TX_1,TX,3198,1
2014-11-07,TX_2,TX,3523,1
2014-11-07,TX_3,TX,3248,1
2014-11-07,WI_1,WI,3223,0
2014-11-07,WI_2,WI,3887,0
2014-11-07,WI_3,WI,2665,0
2014-11-08,CA_1,CA,5541,1
2014-11-08,CA_2,CA,3448,1
2014-11-08,CA_3,CA,7719,1
2014-11-08,CA_4,CA,2576,1
2014-11-08,TX_1,TX,3395,0
2014-11-08,TX_2,TX,3907,0
2014-11-08,TX_3,TX,3751,0
2014-11-08,WI_1,WI,4610,1
2014-11-08,WI_2,WI,5411,1
2014-11-08,WI_3,WI,3912,1
2014-11-09,CA_1,CA,6090,1
2014-11-09,CA_2,CA,3360,1
2014-11-09,CA_3,CA,8098,1
2014-11-09,CA_4,CA,2856,1
2014-11-09,TX_1,TX,4305,1
2014-11-09,TX_2,TX,4736,1
2014-11-09,TX_3,TX,4152,1
2014-11-09,WI_1,WI,4266,1
2014-11-09,WI_2,WI,5534,1
2014-11-09,WI_3,WI,4018,1
2014-11-10,CA_1,CA,4523,1
2014-11-10,CA_2,CA,2258,1
2014-11-10,CA_3,CA,6962,1
2014-11-10,CA_4,CA,2373,1
2014-11-10,TX_1,TX,2839,0
2014-11-10,TX_2,TX,3373,0
2014-11-10,TX_3,TX,3397,0
2014-11-10,WI_1,WI,2698,0
2014-11-10,WI_2,WI,3522,0
2014-11-10,WI_3,WI,2504,0
2014-11-11,CA_1,CA,3884,0
2014-11-11,CA_2,CA,2277,0
2014-11-11,CA_3,CA,6170,0
2014-11-11,CA_4,CA,2170,0
2014-11-11,TX_1,TX,2674,1
2014-11-11,TX_2,TX,3068,1
2014-11-11,TX_3,TX,3055,1
2014-11-11,WI_1,WI,2549,1
2014-11-11,WI_2,WI,3919,1
2014-11-11,WI_3,WI,2822,1
2014-11-12,CA_1,CA,3363,0
2014-11-12,CA_2,CA,1773,0
2014-11-12,CA_3,CA,4735,0
2014-11-12,CA_4,CA,2095,0
2014-11-12,TX_1,TX,2575,1
2014-11-12,TX_2,TX,2924,1
2014-11-12,TX_3,TX,2782,1
2014-11-12,WI_1,WI,2660,1
2014-11-12,WI_2,WI,4823,1
2014-11-12,WI_3,WI,2760,1
2014-11-13,CA_1,CA,3319,0
2014-11-13,CA_2,CA,1793,0
2014-11-13,CA_3,CA,4850,0
2014-11-13,CA_4,CA,2030,0
2014-11-13,TX_1,TX,2622,1
2014-11-13,TX_2,TX,3316,1
2014-11-13,TX_3,TX,2538,1
2014-11-13,WI_1,WI,2557,0
2014-11-13,WI_2,WI,3465,0
2014-11-13,WI_3,WI,2221,0
2014-11-14,CA_1,CA,4048,0
2014-11-14,CA_2,CA,2471,0
2014-11-14,CA_3,CA,5475,0
2014-11-14,CA_4,CA,2000,0
2014-11-14,TX_1,TX,2863,0
2014-11-14,TX_2,TX,3304,0
2014-11-14,TX_3,TX,3028,0
2014-11-14,WI_1,WI,3342,1
2014-11-14,WI_2,WI,4991,1
2014-11-14,WI_3,WI,3217,1
2014-11-15,CA_1,CA,5278,0
2014-11-15,CA_2,CA,3320,0
2014-11-15,CA_3,CA,6710,0
2014-11-15,CA_4,CA,2571,0
2014-11-15,TX_1,TX,3858,1
2014-11-15,TX_2,TX,4111,1
2014-11-15,TX_3,TX,3960,1
2014-11-15,WI_1,WI,4800,1
2014-11-15,WI_2,WI,6006,1
2014-11-15,WI_3,WI,3769,1
2014-11-16,CA_1,CA,5857,0
2014-11-16,CA_2,CA,3296,0
2014-11-16,CA_3,CA,7458,0
2014-11-16,CA_4,CA,2590,0
2014-11-16,TX_1,TX,3658,0
2014-11-16,TX_2,TX,4420,0
2014-11-16,TX_3,TX,4109,0
2014-11-16,WI_1,WI,4032,0
2014-11-16,WI_2,WI,4682,0
2014-11-16,WI_3,WI,3414,0
2014-11-17,CA_1,CA,3928,0
2014-11-17,CA_2,CA,2024,0
2014-11-17,CA_3,CA,5752,0
2014-11-17,CA_4,CA,2335,0
2014-11-17,TX_1,TX,2517,0
2014-11-17,TX_2,TX,3346,0
2014-11-17,TX_3,TX,3213,0
2014-11-17,WI_1,WI,2986,0
2014-11-17,WI_2,WI,3252,0
2014-11-17,WI_3,WI,2458,0
2014-11-18,CA_1,CA,3347,0
2014-11-18,CA_2,CA,1927,0
2014-11-18,CA_3,CA,5293,0
2014-11-18,CA_4,CA,2052,0
2014-11-18,TX_1,TX,2389,0
2014-11-18,TX_2,TX,2817,0
2014-11-18,TX_3,TX,2757,0
2014-11-18,WI_1,WI,2522,0
2014-11-18,WI_2,WI,2838,0
2014-11-18,WI_3,WI,2072,0
2014-11-19,CA_1,CA,3198,0
2014-11-19,CA_2,CA,1850,0
2014-11-19,CA_3,CA,4934,0
2014-11-19,CA_4,CA,2006,0
2014-11-19,TX_1,TX,2470,0
2014-11-19,TX_2,TX,2822,0
2014-11-19,TX_3,TX,2733,0
2014-11-19,WI_1,WI,2880,0
2014-11-19,WI_2,WI,3069,0
2014-11-19,WI_3,WI,2085,0
2014-11-20,CA_1,CA,3330,0
2014-11-20,CA_2,CA,1919,0
2014-11-20,CA_3,CA,4761,0
2014-11-20,CA_4,CA,1983,0
2014-11-20,TX_1,TX,2584,0
2014-11-20,TX_2,TX,2905,0
2014-11-20,TX_3,TX,2794,0
2014-11-20,WI_1,WI,2775,0
2014-11-20,WI_2,WI,3083,0
2014-11-20,WI_3,WI,2113,0
2014-11-21,CA_1,CA,4143,0
2014-11-21,CA_2,CA,2550,0
2014-11-21,CA_3,CA,5701,0
2014-11-21,CA_4,CA,2027,0
2014-11-21,TX_1,TX,2441,0
2014-11-21,TX_2,TX,3113,0
2014-11-21,TX_3,TX,2844,0
2014-11-21,WI_1,WI,3517,0
2014-11-21,WI_2,WI,3862,0
2014-11-21,WI_3,WI,2665,0
2014-11-22,CA_1,CA,5654,0
2014-11-22,CA_2,CA,3457,0
2014-11-22,CA_3,CA,7315,0
2014-11-22,CA_4,CA,2719,0
2014-11-22,TX_1,TX,3454,0
2014-11-22,TX_2,TX,4221,0
2014-11-22,TX_3,TX,3807,0
2014-11-22,WI_1,WI,4402,0
2014-11-22,WI_2,WI,4023,0
2014-11-22,WI_3,WI,3350,0
2014-11-23,CA_1,CA,5299,0
2014-11-23,CA_2,CA,3506,0
2014-11-23,CA_3,CA,7555,0
2014-11-23,CA_4,CA,2357,0
2014-11-23,TX_1,TX,3629,0
2014-11-23,TX_2,TX,3875,0
2014-11-23,TX_3,TX,4102,0
2014-11-23,WI_1,WI,3770,0
2014-11-23,WI_2,WI,3597,0
2014-11-23,WI_3,WI,2940,0
2014-11-24,CA_1,CA,4511,0
2014-11-24,CA_2,CA,1996,0
2014-11-24,CA_3,CA,5891,0
2014-11-24,CA_4,CA,2230,0
2014-11-24,TX_1,TX,2649,0
2014-11-24,TX_2,TX,3320,0
2014-11-24,TX_3,TX,3493,0
2014-11-24,WI_1,WI,2362,0
2014-11-24,WI_2,WI,3234,0
2014-11-24,WI_3,WI,1912,0
2014-11-25,CA_1,CA,4275,0
2014-11-25,CA_2,CA,2119,0
2014-11-25,CA_3,CA,5896,0
2014-11-25,CA_4,CA,2461,0
2014-11-25,TX_1,TX,2658,0
2014-11-25,TX_2,TX,3132,0
2014-11-25,TX_3,TX,3104,0
2014-11-25,WI_1,WI,2676,0
2014-11-25,WI_2,WI,3127,0
2014-11-25,WI_3,WI,2440,0
2014-11-26,CA_1,CA,4434,0
2014-11-26,CA_2,CA,2548,0
2014-11-26,CA_3,CA,6252,0
2014-11-26,CA_4,CA,2578,0
2014-11-26,TX_1,TX,3369,0
2014-11-26,TX_2,TX,3759,0
2014-11-26,TX_3,TX,3599,0
2014-11-26,WI_1,WI,3491,0
2014-11-26,WI_2,WI,3892,0
2014-11-26,WI_3,WI,2981,0
2014-11-27,CA_1,CA,2489,0
2014-11-27,CA_2,CA,1337,0
2014-11-27,CA_3,CA,3673,0
2014-11-27,CA_4,CA,1431,0
2014-11-27,TX_1,TX,2648,0
2014-11-27,TX_2,TX,2841,0
2014-11-27,TX_3,TX,2183,0
2014-11-27,WI_1,WI,1494,0
2014-11-27,WI_2,WI,1616,0
2014-11-27,WI_3,WI,2132,0
2014-11-28,CA_1,CA,3293,0
2014-11-28,CA_2,CA,2457,0
2014-11-28,CA_3,CA,4314,0
2014-11-28,CA_4,CA,1460,0
2014-11-28,TX_1,TX,2403,0
2014-11-28,TX_2,TX,2607,0
2014-11-28,TX_3,TX,2577,0
2014-11-28,WI_1,WI,2526,0
2014-11-28,WI_2,WI,2333,0
2014-11-28,WI_3,WI,2384,0
2014-11-29,CA_1,CA,4504,0
2014-11-29,CA_2,CA,2863,0
2014-11-29,CA_3,CA,5850,0
2014-11-29,CA_4,CA,2017,0
2014-11-29,TX_1,TX,2901,0
2014-11-29,TX_2,TX,3134,0
2014-11-29,TX_3,TX,3141,0
2014-11-29,WI_1,WI,3970,0
2014-11-29,WI_2,WI,3221,0
2014-11-29,WI_3,WI,2855,0
2014-11-30,CA_1,CA,4812,0
2014-11-30,CA_2,CA,2959,0
2014-11-30,CA_3,CA,6393,0
2014-11-30,CA_4,CA,2158,0
2014-11-30,TX_1,TX,3065,0
2014-11-30,TX_2,TX,3677,0
2014-11-30,TX_3,TX,3464,0
2014-11-30,WI_1,WI,3687,0
2014-11-30,WI_2,WI,3001,0
2014-11-30,WI_3,WI,2589,0
2014-12-01,CA_1,CA,4353,1
2014-12-01,CA_2,CA,2307,1
2014-12-01,CA_3,CA,6427,1
2014-12-01,CA_4,CA,2428,1
2014-12-01,TX_1,TX,2692,1
2014-12-01,TX_2,TX,3455,1
2014-12-01,TX_3,TX,3410,1
2014-12-01,WI_1,WI,2990,0
2014-12-01,WI_2,WI,4014,0
2014-12-01,WI_3,WI,2229,0
2014-12-02,CA_1,CA,3359,1
2014-12-02,CA_2,CA,1975,1
2014-12-02,CA_3,CA,5326,1
2014-12-02,CA_4,CA,2005,1
2014-12-02,TX_1,TX,2470,0
2014-12-02,TX_2,TX,2816,0
2014-12-02,TX_3,TX,2941,0
2014-12-02,WI_1,WI,2880,1
2014-12-02,WI_2,WI,4103,1
2014-12-02,WI_3,WI,2694,1
2014-12-03,CA_1,CA,3444,1
2014-12-03,CA_2,CA,1693,1
2014-12-03,CA_3,CA,5292,1
2014-12-03,CA_4,CA,2161,1
2014-12-03,TX_1,TX,2776,1
2014-12-03,TX_2,TX,3266,1
2014-12-03,TX_3,TX,2994,1
2014-12-03,WI_1,WI,3125,1
2014-12-03,WI_2,WI,5139,1
2014-12-03,WI_3,WI,2715,1
2014-12-04,CA_1,CA,4077,1
2014-12-04,CA_2,CA,2682,1
2014-12-04,CA_3,CA,5859,1
2014-12-04,CA_4,CA,2160,1
2014-12-04,TX_1,TX,2426,0
2014-12-04,TX_2,TX,2893,0
2014-12-04,TX_3,TX,2264,0
2014-12-04,WI_1,WI,3012,0
2014-12-04,WI_2,WI,3799,0
2014-12-04,WI_3,WI,2344,0
2014-12-05,CA_1,CA,4209,1
2014-12-05,CA_2,CA,2988,1
2014-12-05,CA_3,CA,5849,1
2014-12-05,CA_4,CA,2051,1
2014-12-05,TX_1,TX,2967,1
2014-12-05,TX_2,TX,3186,1
2014-12-05,TX_3,TX,3524,1
2014-12-05,WI_1,WI,4260,1
2014-12-05,WI_2,WI,4956,1
2014-12-05,WI_3,WI,2973,1
2014-12-06,CA_1,CA,5556,1
2014-12-06,CA_2,CA,3685,1
2014-12-06,CA_3,CA,7337,1
2014-12-06,CA_4,CA,2507,1
2014-12-06,TX_1,TX,3597,1
2014-12-06,TX_2,TX,3964,1
2014-12-06,TX_3,TX,4018,1
2014-12-06,WI_1,WI,4272,1
2014-12-06,WI_2,WI,5483,1
2014-12-06,WI_3,WI,3396,1
2014-12-07,CA_1,CA,5404,1
2014-12-07,CA_2,CA,3358,1
2014-12-07,CA_3,CA,7286,1
2014-12-07,CA_4,CA,2725,1
2014-12-07,TX_1,TX,4108,1
2014-12-07,TX_2,TX,4178,1
2014-12-07,TX_3,TX,4123,1
2014-12-07,WI_1,WI,3928,0
2014-12-07,WI_2,WI,4155,0
2014-12-07,WI_3,WI,3262,0
2014-12-08,CA_1,CA,4293,1
2014-12-08,CA_2,CA,2099,1
2014-12-08,CA_3,CA,5832,1
2014-12-08,CA_4,CA,2263,1
2014-12-08,TX_1,TX,2728,0
2014-12-08,TX_2,TX,3173,0
2014-12-08,TX_3,TX,3112,0
2014-12-08,WI_1,WI,2620,1
2014-12-08,WI_2,WI,4188,1
2014-12-08,WI_3,WI,2806,1
2014-12-09,CA_1,CA,3938,1
2014-12-09,CA_2,CA,2473,1
2014-12-09,CA_3,CA,5643,1
2014-12-09,CA_4,CA,2265,1
2014-12-09,TX_1,TX,2710,1
2014-12-09,TX_2,TX,3031,1
2014-12-09,TX_3,TX,3131,1
2014-12-09,WI_1,WI,2720,1
2014-12-09,WI_2,WI,4171,1
2014-12-09,WI_3,WI,2585,1
2014-12-10,CA_1,CA,4569,1
2014-12-10,CA_2,CA,2529,1
2014-12-10,CA_3,CA,6038,1
2014-12-10,CA_4,CA,2390,1
2014-12-10,TX_1,TX,2500,0
2014-12-10,TX_2,TX,2636,0
2014-12-10,TX_3,TX,2763,0
2014-12-10,WI_1,WI,2748,0
2014-12-10,WI_2,WI,3586,0
2014-12-10,WI_3,WI,2139,0
2014-12-11,CA_1,CA,2298,0
2014-12-11,CA_2,CA,1331,0
2014-12-11,CA_3,CA,3402,0
2014-12-11,CA_4,CA,1554,0
2014-12-11,TX_1,TX,2521,1
2014-12-11,TX_2,TX,2881,1
2014-12-11,TX_3,TX,2759,1
2014-12-11,WI_1,WI,2745,1
2014-12-11,WI_2,WI,4095,1
2014-12-11,WI_3,WI,2529,1
2014-12-12,CA_1,CA,3634,0
2014-12-12,CA_2,CA,2587,0
2014-12-12,CA_3,CA,5265,0
2014-12-12,CA_4,CA,1962,0
2014-12-12,TX_1,TX,2917,1
2014-12-12,TX_2,TX,3368,1
2014-12-12,TX_3,TX,3029,1
2014-12-12,WI_1,WI,3213,1
2014-12-12,WI_2,WI,4699,1
2014-12-12,WI_3,WI,2828,1
2014-12-13,CA_1,CA,5039,0
2014-12-13,CA_2,CA,3573,0
2014-12-13,CA_3,CA,6194,0
2014-12-13,CA_4,CA,2373,0
2014-12-13,TX_1,TX,3418,1
2014-12-13,TX_2,TX,4147,1
2014-12-13,TX_3,TX,3638,1
2014-12-13,WI_1,WI,4333,0
2014-12-13,WI_2,WI,4235,0
2014-12-13,WI_3,WI,3086,0
2014-12-14,CA_1,CA,5650,0
2014-12-14,CA_2,CA,3382,0
2014-12-14,CA_3,CA,6481,0
2014-12-14,CA_4,CA,2321,0
2014-12-14,TX_1,TX,3668,0
2014-12-14,TX_2,TX,4324,0
2014-12-14,TX_3,TX,4022,0
2014-12-14,WI_1,WI,4000,1
2014-12-14,WI_2,WI,4800,1
2014-12-14,WI_3,WI,3358,1
2014-12-15,CA_1,CA,3632,0
2014-12-15,CA_2,CA,2097,0
2014-12-15,CA_3,CA,4970,0
2014-12-15,CA_4,CA,2287,0
2014-12-15,TX_1,TX,3111,1
2014-12-15,TX_2,TX,3752,1
2014-12-15,TX_3,TX,3899,1
2014-12-15,WI_1,WI,2993,1
2014-12-15,WI_2,WI,4530,1
2014-12-15,WI_3,WI,2856,1
2014-12-16,CA_1,CA,3880,0
2014-12-16,CA_2,CA,1939,0
2014-12-16,CA_3,CA,4630,0
2014-12-16,CA_4,CA,1823,0
2014-12-16,TX_1,TX,2878,0
2014-12-16,TX_2,TX,3167,0
2014-12-16,TX_3,TX,3076,0
2014-12-16,WI_1,WI,2794,0
2014-12-16,WI_2,WI,3328,0
2014-12-16,WI_3,WI,2421,0
2014-12-17,CA_1,CA,3611,0
2014-12-17,CA_2,CA,2032,0
2014-12-17,CA_3,CA,4743,0
2014-12-17,CA_4,CA,2330,0
2014-12-17,TX_1,TX,2884,0
2014-12-17,TX_2,TX,3374,0
2014-12-17,TX_3,TX,3126,0
2014-12-17,WI_1,WI,2793,0
2014-12-17,WI_2,WI,3237,0
2014-12-17,WI_3,WI,2022,0
2014-12-18,CA_1,CA,3836,0
2014-12-18,CA_2,CA,2406,0
2014-12-18,CA_3,CA,5232,0
2014-12-18,CA_4,CA,2027,0
2014-12-18,TX_1,TX,3179,0
2014-12-18,TX_2,TX,3409,0
2014-12-18,TX_3,TX,3441,0
2014-12-18,WI_1,WI,3088,0
2014-12-18,WI_2,WI,3330,0
2014-12-18,WI_3,WI,2419,0
2014-12-19,CA_1,CA,3832,0
2014-12-19,CA_2,CA,2338,0
2014-12-19,CA_3,CA,4359,0
2014-12-19,CA_4,CA,1903,0
2014-12-19,TX_1,TX,2424,0
2014-12-19,TX_2,TX,2830,0
2014-12-19,TX_3,TX,2972,0
2014-12-19,WI_1,WI,3362,0
2014-12-19,WI_2,WI,3322,0
2014-12-19,WI_3,WI,2492,0
2014-12-20,CA_1,CA,5302,0
2014-12-20,CA_2,CA,3392,0
2014-12-20,CA_3,CA,5788,0
2014-12-20,CA_4,CA,2275,0
2014-12-20,TX_1,TX,3390,0
2014-12-20,TX_2,TX,3860,0
2014-12-20,TX_3,TX,3489,0
2014-12-20,WI_1,WI,4549,0
2014-12-20,WI_2,WI,3582,0
2014-12-20,WI_3,WI,2794,0
2014-12-21,CA_1,CA,5464,0
2014-12-21,CA_2,CA,3679,0
2014-12-21,CA_3,CA,6331,0
2014-12-21,CA_4,CA,2341,0
2014-12-21,TX_1,TX,3452,0
2014-12-21,TX_2,TX,3836,0
2014-12-21,TX_3,TX,3461,0
2014-12-21,WI_1,WI,3845,0
2014-12-21,WI_2,WI,3240,0
2014-12-21,WI_3,WI,2839,0
2014-12-22,CA_1,CA,4805,0
2014-12-22,CA_2,CA,2508,0
2014-12-22,CA_3,CA,6013,0
2014-12-22,CA_4,CA,2249,0
2014-12-22,TX_1,TX,2761,0
2014-12-22,TX_2,TX,3387,0
2014-12-22,TX_3,TX,3362,0
2014-12-22,WI_1,WI,3337,0
2014-12-22,WI_2,WI,2933,0
2014-12-22,WI_3,WI,2381,0
2014-12-23,CA_1,CA,4531,0
2014-12-23,CA_2,CA,2659,0
2014-12-23,CA_3,CA,5397,0
2014-12-23,CA_4,CA,2585,0
2014-12-23,TX_1,TX,2950,0
2014-12-23,TX_2,TX,3455,0
2014-12-23,TX_3,TX,3319,0
2014-12-23,WI_1,WI,3923,0
2014-12-23,WI_2,WI,3188,0
2014-12-23,WI_3,WI,2855,0
2014-12-24,CA_1,CA,3487,0
2014-12-24,CA_2,CA,1927,0
2014-12-24,CA_3,CA,4021,0
2014-12-24,CA_4,CA,2050,0
2014-12-24,TX_1,TX,2813,0
2014-12-24,TX_2,TX,3393,0
2014-12-24,TX_3,TX,2878,0
2014-12-24,WI_1,WI,2927,0
2014-12-24,WI_2,WI,3513,0
2014-12-24,WI_3,WI,2608,0
2014-12-25,CA_1,CA,0,0
2014-12-25,CA_2,CA,6,0
2014-12-25,CA_3,CA,0,0
2014-12-25,CA_4,CA,0,0
2014-12-25,TX_1,TX,0,0
2014-12-25,TX_2,TX,7,0
2014-12-25,TX_3,TX,6,0
2014-12-25,WI_1,WI,0,0
2014-12-25,WI_2,WI,0,0
2014-12-25,WI_3,WI,1,0
2014-12-26,CA_1,CA,3593,0
2014-12-26,CA_2,CA,2512,0
2014-12-26,CA_3,CA,5402,0
2014-12-26,CA_4,CA,1822,0
2014-12-26,TX_1,TX,3120,0
2014-12-26,TX_2,TX,3759,0
2014-12-26,TX_3,TX,3628,0
2014-12-26,WI_1,WI,3093,0
2014-12-26,WI_2,WI,3142,0
2014-12-26,WI_3,WI,2838,0
2014-12-27,CA_1,CA,4226,0
2014-12-27,CA_2,CA,2644,0
2014-12-27,CA_3,CA,5685,0
2014-12-27,CA_4,CA,1995,0
2014-12-27,TX_1,TX,2866,0
2014-12-27,TX_2,TX,3206,0
2014-12-27,TX_3,TX,2965,0
2014-12-27,WI_1,WI,3631,0
2014-12-27,WI_2,WI,2844,0
2014-12-27,WI_3,WI,2532,0
2014-12-28,CA_1,CA,4407,0
2014-12-28,CA_2,CA,2650,0
2014-12-28,CA_3,CA,6050,0
2014-12-28,CA_4,CA,2015,0
2014-12-28,TX_1,TX,2661,0
2014-12-28,TX_2,TX,2986,0
2014-12-28,TX_3,TX,2828,0
2014-12-28,WI_1,WI,2993,0
2014-12-28,WI_2,WI,2755,0
2014-12-28,WI_3,WI,2549,0
2014-12-29,CA_1,CA,3825,0
2014-12-29,CA_2,CA,2264,0
2014-12-29,CA_3,CA,5170,0
2014-12-29,CA_4,CA,2147,0
2014-12-29,TX_1,TX,2743,0
2014-12-29,TX_2,TX,3292,0
2014-12-29,TX_3,TX,3008,0
2014-12-29,WI_1,WI,2818,0
2014-12-29,WI_2,WI,2560,0
2014-12-29,WI_3,WI,2163,0
2014-12-30,CA_1,CA,3611,0
2014-12-30,CA_2,CA,2181,0
2014-12-30,CA_3,CA,4676,0
2014-12-30,CA_4,CA,1917,0
2014-12-30,TX_1,TX,2768,0
2014-12-30,TX_2,TX,3333,0
2014-12-30,TX_3,TX,2880,0
2014-12-30,WI_1,WI,2824,0
2014-12-30,WI_2,WI,2978,0
2014-12-30,WI_3,WI,2249,0
2014-12-31,CA_1,CA,4126,0
2014-12-31,CA_2,CA,2054,0
2014-12-31,CA_3,CA,4686,0
2014-12-31,CA_4,CA,2382,0
2014-12-31,TX_1,TX,2886,0
2014-12-31,TX_2,TX,3346,0
2014-12-31,TX_3,TX,3097,0
2014-12-31,WI_1,WI,3418,0
2014-12-31,WI_2,WI,4381,0
2014-12-31,WI_3,WI,3074,0
2015-01-01,CA_1,CA,3150,1
2015-01-01,CA_2,CA,2016,1
2015-01-01,CA_3,CA,4412,1
2015-01-01,CA_4,CA,1591,1
2015-01-01,TX_1,TX,2393,1
2015-01-01,TX_2,TX,2633,1
2015-01-01,TX_3,TX,2667,1
2015-01-01,WI_1,WI,2629,0
2015-01-01,WI_2,WI,3043,0
2015-01-01,WI_3,WI,1918,0
2015-01-02,CA_1,CA,4663,1
2015-01-02,CA_2,CA,2839,1
2015-01-02,CA_3,CA,6532,1
2015-01-02,CA_4,CA,2145,1
2015-01-02,TX_1,TX,2794,0
2015-01-02,TX_2,TX,3617,0
2015-01-02,TX_3,TX,3504,0
2015-01-02,WI_1,WI,4114,1
2015-01-02,WI_2,WI,5304,1
2015-01-02,WI_3,WI,4121,1
2015-01-03,CA_1,CA,5352,1
2015-01-03,CA_2,CA,2999,1
2015-01-03,CA_3,CA,6792,1
2015-01-03,CA_4,CA,2267,1
2015-01-03,TX_1,TX,3353,1
2015-01-03,TX_2,TX,3958,1
2015-01-03,TX_3,TX,3380,1
2015-01-03,WI_1,WI,4053,1
2015-01-03,WI_2,WI,5120,1
2015-01-03,WI_3,WI,3811,1
2015-01-04,CA_1,CA,5666,1
2015-01-04,CA_2,CA,3322,1
2015-01-04,CA_3,CA,6762,1
2015-01-04,CA_4,CA,2715,1
2015-01-04,TX_1,TX,3367,0
2015-01-04,TX_2,TX,3884,0
2015-01-04,TX_3,TX,3581,0
2015-01-04,WI_1,WI,3657,0
2015-01-04,WI_2,WI,3520,0
2015-01-04,WI_3,WI,3173,0
2015-01-05,CA_1,CA,4485,1
2015-01-05,CA_2,CA,2284,1
2015-01-05,CA_3,CA,5851,1
2015-01-05,CA_4,CA,2213,1
2015-01-05,TX_1,TX,2946,1
2015-01-05,TX_2,TX,3450,1
2015-01-05,TX_3,TX,3454,1
2015-01-05,WI_1,WI,2762,1
2015-01-05,WI_2,WI,4313,1
2015-01-05,WI_3,WI,2933,1
2015-01-06,CA_1,CA,3616,1
2015-01-06,CA_2,CA,2000,1
2015-01-06,CA_3,CA,5058,1
2015-01-06,CA_4,CA,2122,1
2015-01-06,TX_1,TX,2772,1
2015-01-06,TX_2,TX,3345,1
2015-01-06,TX_3,TX,3391,1
2015-01-06,WI_1,WI,2928,1
2015-01-06,WI_2,WI,4313,1
2015-01-06,WI_3,WI,3137,1
2015-01-07,CA_1,CA,3394,1
2015-01-07,CA_2,CA,2015,1
2015-01-07,CA_3,CA,4991,1
2015-01-07,CA_4,CA,1901,1
2015-01-07,TX_1,TX,2837,1
2015-01-07,TX_2,TX,3467,1
2015-01-07,TX_3,TX,3109,1
2015-01-07,WI_1,WI,2233,0
2015-01-07,WI_2,WI,3229,0
2015-01-07,WI_3,WI,1989,0
2015-01-08,CA_1,CA,3517,1
2015-01-08,CA_2,CA,2032,1
2015-01-08,CA_3,CA,5380,1
2015-01-08,CA_4,CA,2159,1
2015-01-08,TX_1,TX,2491,0
2015-01-08,TX_2,TX,2659,0
2015-01-08,TX_3,TX,2293,0
2015-01-08,WI_1,WI,1924,1
2015-01-08,WI_2,WI,4134,1
2015-01-08,WI_3,WI,2440,1
2015-01-09,CA_1,CA,4035,1
2015-01-09,CA_2,CA,2497,1
2015-01-09,CA_3,CA,5282,1
2015-01-09,CA_4,CA,2051,1
2015-01-09,TX_1,TX,2844,1
2015-01-09,TX_2,TX,3234,1
2015-01-09,TX_3,TX,2923,1
2015-01-09,WI_1,WI,3406,1
2015-01-09,WI_2,WI,4958,1
2015-01-09,WI_3,WI,3155,1
2015-01-10,CA_1,CA,5705,1
2015-01-10,CA_2,CA,3451,1
2015-01-10,CA_3,CA,7354,1
2015-01-10,CA_4,CA,2734,1
2015-01-10,TX_1,TX,3433,0
2015-01-10,TX_2,TX,4027,0
2015-01-10,TX_3,TX,3722,0
2015-01-10,WI_1,WI,5365,0
2015-01-10,WI_2,WI,4313,0
2015-01-10,WI_3,WI,3842,0
2015-01-11,CA_1,CA,5804,0
2015-01-11,CA_2,CA,3581,0
2015-01-11,CA_3,CA,7879,0
2015-01-11,CA_4,CA,2657,0
2015-01-11,TX_1,TX,4002,1
2015-01-11,TX_2,TX,4332,1
2015-01-11,TX_3,TX,3815,1
2015-01-11,WI_1,WI,3976,1
2015-01-11,WI_2,WI,5093,1
2015-01-11,WI_3,WI,3927,1
2015-01-12,CA_1,CA,4083,0
2015-01-12,CA_2,CA,2107,0
2015-01-12,CA_3,CA,5604,0
2015-01-12,CA_4,CA,2270,0
2015-01-12,TX_1,TX,2926,1
2015-01-12,TX_2,TX,3527,1
2015-01-12,TX_3,TX,3435,1
2015-01-12,WI_1,WI,3077,1
2015-01-12,WI_2,WI,5342,1
2015-01-12,WI_3,WI,3203,1
2015-01-13,CA_1,CA,3284,0
2015-01-13,CA_2,CA,2160,0
2015-01-13,CA_3,CA,5103,0
2015-01-13,CA_4,CA,2169,0
2015-01-13,TX_1,TX,2758,1
2015-01-13,TX_2,TX,3098,1
2015-01-13,TX_3,TX,2845,1
2015-01-13,WI_1,WI,2663,0
2015-01-13,WI_2,WI,3596,0
2015-01-13,WI_3,WI,2648,0
2015-01-14,CA_1,CA,3225,0
2015-01-14,CA_2,CA,1961,0
2015-01-14,CA_3,CA,4682,0
2015-01-14,CA_4,CA,2162,0
2015-01-14,TX_1,TX,2683,0
2015-01-14,TX_2,TX,2779,0
2015-01-14,TX_3,TX,2778,0
2015-01-14,WI_1,WI,3046,1
2015-01-14,WI_2,WI,4968,1
2015-01-14,WI_3,WI,2775,1
2015-01-15,CA_1,CA,3459,0
2015-01-15,CA_2,CA,2228,0
2015-01-15,CA_3,CA,4689,0
2015-01-15,CA_4,CA,2066,0
2015-01-15,TX_1,TX,3028,1
2015-01-15,TX_2,TX,3363,1
2015-01-15,TX_3,TX,3096,1
2015-01-15,WI_1,WI,3251,1
2015-01-15,WI_2,WI,4912,1
2015-01-15,WI_3,WI,2971,1
2015-01-16,CA_1,CA,4023,0
2015-01-16,CA_2,CA,2430,0
2015-01-16,CA_3,CA,5360,0
2015-01-16,CA_4,CA,2184,0
2015-01-16,TX_1,TX,2921,0
2015-01-16,TX_2,TX,3348,0
2015-01-16,TX_3,TX,3249,0
2015-01-16,WI_1,WI,3742,0
2015-01-16,WI_2,WI,4215,0
2015-01-16,WI_3,WI,3417,0
2015-01-17,CA_1,CA,5166,0
2015-01-17,CA_2,CA,3650,0
2015-01-17,CA_3,CA,7329,0
2015-01-17,CA_4,CA,2529,0
2015-01-17,TX_1,TX,3894,0
2015-01-17,TX_2,TX,4304,0
2015-01-17,TX_3,TX,4066,0
2015-01-17,WI_1,WI,5600,0
2015-01-17,WI_2,WI,4753,0
2015-01-17,WI_3,WI,3878,0
2015-01-18,CA_1,CA,5195,0
2015-01-18,CA_2,CA,3625,0
2015-01-18,CA_3,CA,6938,0
2015-01-18,CA_4,CA,2437,0
2015-01-18,TX_1,TX,3784,0
2015-01-18,TX_2,TX,4422,0
2015-01-18,TX_3,TX,3922,0
2015-01-18,WI_1,WI,3599,0
2015-01-18,WI_2,WI,3674,0
2015-01-18,WI_3,WI,3128,0
2015-01-19,CA_1,CA,4456,0
2015-01-19,CA_2,CA,2191,0
2015-01-19,CA_3,CA,6538,0
2015-01-19,CA_4,CA,2350,0
2015-01-19,TX_1,TX,3245,0
2015-01-19,TX_2,TX,3563,0
2015-01-19,TX_3,TX,3306,0
2015-01-19,WI_1,WI,3195,0
2015-01-19,WI_2,WI,2987,0
2015-01-19,WI_3,WI,2581,0
2015-01-20,CA_1,CA,3300,0
2015-01-20,CA_2,CA,1675,0
2015-01-20,CA_3,CA,5548,0
2015-01-20,CA_4,CA,2066,0
2015-01-20,TX_1,TX,2507,0
2015-01-20,TX_2,TX,2780,0
2015-01-20,TX_3,TX,2980,0
2015-01-20,WI_1,WI,2492,0
2015-01-20,WI_2,WI,2746,0
2015-01-20,WI_3,WI,2269,0
2015-01-21,CA_1,CA,3281,0
2015-01-21,CA_2,CA,1810,0
2015-01-21,CA_3,CA,5236,0
2015-01-21,CA_4,CA,1974,0
2015-01-21,TX_1,TX,2670,0
2015-01-21,TX_2,TX,2689,0
2015-01-21,TX_3,TX,2934,0
2015-01-21,WI_1,WI,2664,0
2015-01-21,WI_2,WI,2773,0
2015-01-21,WI_3,WI,2078,0
2015-01-22,CA_1,CA,2901,0
2015-01-22,CA_2,CA,1825,0
2015-01-22,CA_3,CA,5073,0
2015-01-22,CA_4,CA,1849,0
2015-01-22,TX_1,TX,2308,0
2015-01-22,TX_2,TX,2207,0
2015-01-22,TX_3,TX,2113,0
2015-01-22,WI_1,WI,2624,0
2015-01-22,WI_2,WI,2827,0
2015-01-22,WI_3,WI,2068,0
2015-01-23,CA_1,CA,4042,0
2015-01-23,CA_2,CA,2196,0
2015-01-23,CA_3,CA,5452,0
2015-01-23,CA_4,CA,2035,0
2015-01-23,TX_1,TX,2826,0
2015-01-23,TX_2,TX,3460,0
2015-01-23,TX_3,TX,2989,0
2015-01-23,WI_1,WI,3287,0
2015-01-23,WI_2,WI,3365,0
2015-01-23,WI_3,WI,2569,0
2015-01-24,CA_1,CA,5537,0
2015-01-24,CA_2,CA,3193,0
2015-01-24,CA_3,CA,7132,0
2015-01-24,CA_4,CA,2457,0
2015-01-24,TX_1,TX,3586,0
2015-01-24,TX_2,TX,4208,0
2015-01-24,TX_3,TX,3628,0
2015-01-24,WI_1,WI,5097,0
2015-01-24,WI_2,WI,3903,0
2015-01-24,WI_3,WI,3440,0
2015-01-25,CA_1,CA,5577,0
2015-01-25,CA_2,CA,3179,0
2015-01-25,CA_3,CA,7915,0
2015-01-25,CA_4,CA,2907,0
2015-01-25,TX_1,TX,3812,0
2015-01-25,TX_2,TX,4524,0
2015-01-25,TX_3,TX,3719,0
2015-01-25,WI_1,WI,3959,0
2015-01-25,WI_2,WI,3791,0
2015-01-25,WI_3,WI,3240,0
2015-01-26,CA_1,CA,3381,0
2015-01-26,CA_2,CA,1995,0
2015-01-26,CA_3,CA,5457,0
2015-01-26,CA_4,CA,2297,0
2015-01-26,TX_1,TX,2664,0
2015-01-26,TX_2,TX,3109,0
2015-01-26,TX_3,TX,3282,0
2015-01-26,WI_1,WI,2644,0
2015-01-26,WI_2,WI,3259,0
2015-01-26,WI_3,WI,2270,0
2015-01-27,CA_1,CA,2992,0
2015-01-27,CA_2,CA,1897,0
2015-01-27,CA_3,CA,4956,0
2015-01-27,CA_4,CA,2014,0
2015-01-27,TX_1,TX,2503,0
2015-01-27,TX_2,TX,2819,0
2015-01-27,TX_3,TX,2787,0
2015-01-27,WI_1,WI,2656,0
2015-01-27,WI_2,WI,3218,0
2015-01-27,WI_3,WI,2031,0
2015-01-28,CA_1,CA,3077,0
2015-01-28,CA_2,CA,1889,0
2015-01-28,CA_3,CA,4897,0
2015-01-28,CA_4,CA,1962,0
2015-01-28,TX_1,TX,2414,0
2015-01-28,TX_2,TX,2952,0
2015-01-28,TX_3,TX,2723,0
2015-01-28,WI_1,WI,2882,0
2015-01-28,WI_2,WI,3072,0
2015-01-28,WI_3,WI,2236,0
2015-01-29,CA_1,CA,3219,0
2015-01-29,CA_2,CA,1955,0
2015-01-29,CA_3,CA,4784,0
2015-01-29,CA_4,CA,2064,0
2015-01-29,TX_1,TX,2548,0
2015-01-29,TX_2,TX,3022,0
2015-01-29,TX_3,TX,2693,0
2015-01-29,WI_1,WI,2688,0
2015-01-29,WI_2,WI,3103,0
2015-01-29,WI_3,WI,2149,0
2015-01-30,CA_1,CA,4159,0
2015-01-30,CA_2,CA,2129,0
2015-01-30,CA_3,CA,5619,0
2015-01-30,CA_4,CA,2633,0
2015-01-30,TX_1,TX,2913,0
2015-01-30,TX_2,TX,3751,0
2015-01-30,TX_3,TX,3650,0
2015-01-30,WI_1,WI,4034,0
2015-01-30,WI_2,WI,4931,0
2015-01-30,WI_3,WI,3621,0
2015-01-31,CA_1,CA,6071,0
2015-01-31,CA_2,CA,3657,0
2015-01-31,CA_3,CA,7419,0
2015-01-31,CA_4,CA,2678,0
2015-01-31,TX_1,TX,4070,0
2015-01-31,TX_2,TX,4726,0
2015-01-31,TX_3,TX,4202,0
2015-01-31,WI_1,WI,6902,0
2015-01-31,WI_2,WI,6163,0
2015-01-31,WI_3,WI,4940,0
2015-02-01,CA_1,CA,5462,1
2015-02-01,CA_2,CA,3186,1
2015-02-01,CA_3,CA,8081,1
2015-02-01,CA_4,CA,2790,1
2015-02-01,TX_1,TX,4301,1
2015-02-01,TX_2,TX,5111,1
2015-02-01,TX_3,TX,4574,1
2015-02-01,WI_1,WI,1847,0
2015-02-01,WI_2,WI,3034,0
2015-02-01,WI_3,WI,1999,0
2015-02-02,CA_1,CA,3886,1
2015-02-02,CA_2,CA,1922,1
2015-02-02,CA_3,CA,6242,1
2015-02-02,CA_4,CA,2553,1
2015-02-02,TX_1,TX,2816,0
2015-02-02,TX_2,TX,3404,0
2015-02-02,TX_3,TX,3395,0
2015-02-02,WI_1,WI,3046,1
2015-02-02,WI_2,WI,4428,1
2015-02-02,WI_3,WI,3314,1
2015-02-03,CA_1,CA,4051,1
2015-02-03,CA_2,CA,2090,1
2015-02-03,CA_3,CA,5987,1
2015-02-03,CA_4,CA,2334,1
2015-02-03,TX_1,TX,3145,1
2015-02-03,TX_2,TX,3453,1
2015-02-03,TX_3,TX,3465,1
2015-02-03,WI_1,WI,3371,1
2015-02-03,WI_2,WI,5640,1
2015-02-03,WI_3,WI,3869,1
2015-02-04,CA_1,CA,3673,1
2015-02-04,CA_2,CA,1893,1
2015-02-04,CA_3,CA,5929,1
2015-02-04,CA_4,CA,2182,1
2015-02-04,TX_1,TX,2966,0
2015-02-04,TX_2,TX,3662,0
2015-02-04,TX_3,TX,3256,0
2015-02-04,WI_1,WI,3220,0
2015-02-04,WI_2,WI,4262,0
2015-02-04,WI_3,WI,2949,0
2015-02-05,CA_1,CA,3889,1
2015-02-05,CA_2,CA,2128,1
2015-02-05,CA_3,CA,5980,1
2015-02-05,CA_4,CA,2263,1
2015-02-05,TX_1,TX,2607,1
2015-02-05,TX_2,TX,3282,1
2015-02-05,TX_3,TX,3284,1
2015-02-05,WI_1,WI,3405,1
2015-02-05,WI_2,WI,4792,1
2015-02-05,WI_3,WI,3017,1
2015-02-06,CA_1,CA,4018,1
2015-02-06,CA_2,CA,1840,1
2015-02-06,CA_3,CA,5154,1
2015-02-06,CA_4,CA,1973,1
2015-02-06,TX_1,TX,3259,1
2015-02-06,TX_2,TX,3905,1
2015-02-06,TX_3,TX,3606,1
2015-02-06,WI_1,WI,4027,1
2015-02-06,WI_2,WI,5229,1
2015-02-06,WI_3,WI,3798,1
2015-02-07,CA_1,CA,6314,1
2015-02-07,CA_2,CA,3616,1
2015-02-07,CA_3,CA,8852,1
2015-02-07,CA_4,CA,2962,1
2015-02-07,TX_1,TX,4018,1
2015-02-07,TX_2,TX,4923,1
2015-02-07,TX_3,TX,4554,1
2015-02-07,WI_1,WI,5791,0
2015-02-07,WI_2,WI,5313,0
2015-02-07,WI_3,WI,4493,0
2015-02-08,CA_1,CA,5859,1
2015-02-08,CA_2,CA,3441,1
2015-02-08,CA_3,CA,8254,1
2015-02-08,CA_4,CA,2789,1
2015-02-08,TX_1,TX,4291,0
2015-02-08,TX_2,TX,5291,0
2015-02-08,TX_3,TX,4350,0
2015-02-08,WI_1,WI,4940,1
2015-02-08,WI_2,WI,6035,1
2015-02-08,WI_3,WI,4469,1
2015-02-09,CA_1,CA,4977,1
2015-02-09,CA_2,CA,2213,1
2015-02-09,CA_3,CA,6834,1
2015-02-09,CA_4,CA,2552,1
2015-02-09,TX_1,TX,3362,1
2015-02-09,TX_2,TX,4175,1
2015-02-09,TX_3,TX,3923,1
2015-02-09,WI_1,WI,3085,1
2015-02-09,WI_2,WI,4484,1
2015-02-09,WI_3,WI,3565,1
2015-02-10,CA_1,CA,4134,1
2015-02-10,CA_2,CA,2253,1
2015-02-10,CA_3,CA,6517,1
2015-02-10,CA_4,CA,2515,1
2015-02-10,TX_1,TX,3044,0
2015-02-10,TX_2,TX,3480,0
2015-02-10,TX_3,TX,3389,0
2015-02-10,WI_1,WI,3039,0
2015-02-10,WI_2,WI,3863,0
2015-02-10,WI_3,WI,3230,0
2015-02-11,CA_1,CA,4040,0
2015-02-11,CA_2,CA,2028,0
2015-02-11,CA_3,CA,5752,0
2015-02-11,CA_4,CA,2038,0
2015-02-11,TX_1,TX,3219,1
2015-02-11,TX_2,TX,3662,1
2015-02-11,TX_3,TX,3784,1
2015-02-11,WI_1,WI,3327,1
2015-02-11,WI_2,WI,4770,1
2015-02-11,WI_3,WI,3081,1
2015-02-12,CA_1,CA,3829,0
2015-02-12,CA_2,CA,2161,0
2015-02-12,CA_3,CA,6493,0
2015-02-12,CA_4,CA,2328,0
2015-02-12,TX_1,TX,3560,1
2015-02-12,TX_2,TX,3909,1
2015-02-12,TX_3,TX,3950,1
2015-02-12,WI_1,WI,3370,1
2015-02-12,WI_2,WI,5256,1
2015-02-12,WI_3,WI,3714,1
2015-02-13,CA_1,CA,4183,0
2015-02-13,CA_2,CA,2222,0
2015-02-13,CA_3,CA,5450,0
2015-02-13,CA_4,CA,2099,0
2015-02-13,TX_1,TX,3362,1
2015-02-13,TX_2,TX,3966,1
2015-02-13,TX_3,TX,3843,1
2015-02-13,WI_1,WI,3938,0
2015-02-13,WI_2,WI,4393,0
2015-02-13,WI_3,WI,3480,0
2015-02-14,CA_1,CA,4789,0
2015-02-14,CA_2,CA,2613,0
2015-02-14,CA_3,CA,6239,0
2015-02-14,CA_4,CA,2383,0
2015-02-14,TX_1,TX,3566,0
2015-02-14,TX_2,TX,4196,0
2015-02-14,TX_3,TX,3973,0
2015-02-14,WI_1,WI,4812,1
2015-02-14,WI_2,WI,4850,1
2015-02-14,WI_3,WI,4193,1
2015-02-15,CA_1,CA,4824,0
2015-02-15,CA_2,CA,2726,0
2015-02-15,CA_3,CA,6836,0
2015-02-15,CA_4,CA,2248,0
2015-02-15,TX_1,TX,4024,1
2015-02-15,TX_2,TX,4865,1
2015-02-15,TX_3,TX,4675,1
2015-02-15,WI_1,WI,4758,1
2015-02-15,WI_2,WI,4933,1
2015-02-15,WI_3,WI,4118,1
2015-02-16,CA_1,CA,4281,0
2015-02-16,CA_2,CA,2553,0
2015-02-16,CA_3,CA,6997,0
2015-02-16,CA_4,CA,2404,0
2015-02-16,TX_1,TX,2812,0
2015-02-16,TX_2,TX,3721,0
2015-02-16,TX_3,TX,3726,0
2015-02-16,WI_1,WI,3257,0
2015-02-16,WI_2,WI,4092,0
2015-02-16,WI_3,WI,3304,0
2015-02-17,CA_1,CA,3412,0
2015-02-17,CA_2,CA,1806,0
2015-02-17,CA_3,CA,5468,0
2015-02-17,CA_4,CA,2070,0
2015-02-17,TX_1,TX,2675,0
2015-02-17,TX_2,TX,3075,0
2015-02-17,TX_3,TX,2969,0
2015-02-17,WI_1,WI,2716,0
2015-02-17,WI_2,WI,3862,0
2015-02-17,WI_3,WI,2644,0
2015-02-18,CA_1,CA,3038,0
2015-02-18,CA_2,CA,1837,0
2015-02-18,CA_3,CA,5097,0
2015-02-18,CA_4,CA,2032,0
2015-02-18,TX_1,TX,2542,0
2015-02-18,TX_2,TX,2943,0
2015-02-18,TX_3,TX,2941,0
2015-02-18,WI_1,WI,2530,0
2015-02-18,WI_2,WI,3370,0
2015-02-18,WI_3,WI,2175,0
2015-02-19,CA_1,CA,3180,0
2015-02-19,CA_2,CA,1794,0
2015-02-19,CA_3,CA,4561,0
2015-02-19,CA_4,CA,1961,0
2015-02-19,TX_1,TX,2759,0
2015-02-19,TX_2,TX,3109,0
2015-02-19,TX_3,TX,3052,0
2015-02-19,WI_1,WI,2693,0
2015-02-19,WI_2,WI,3335,0
2015-02-19,WI_3,WI,2364,0
2015-02-20,CA_1,CA,4138,0
2015-02-20,CA_2,CA,2023,0
2015-02-20,CA_3,CA,5430,0
2015-02-20,CA_4,CA,2003,0
2015-02-20,TX_1,TX,2861,0
2015-02-20,TX_2,TX,3479,0
2015-02-20,TX_3,TX,3429,0
2015-02-20,WI_1,WI,3534,0
2015-02-20,WI_2,WI,3483,0
2015-02-20,WI_3,WI,2739,0
2015-02-21,CA_1,CA,4767,0
2015-02-21,CA_2,CA,2801,0
2015-02-21,CA_3,CA,5965,0
2015-02-21,CA_4,CA,2430,0
2015-02-21,TX_1,TX,3728,0
2015-02-21,TX_2,TX,4592,0
2015-02-21,TX_3,TX,4317,0
2015-02-21,WI_1,WI,5271,0
2015-02-21,WI_2,WI,4400,0
2015-02-21,WI_3,WI,3838,0
2015-02-22,CA_1,CA,5426,0
2015-02-22,CA_2,CA,3124,0
2015-02-22,CA_3,CA,6958,0
2015-02-22,CA_4,CA,2841,0
2015-02-22,TX_1,TX,3984,0
2015-02-22,TX_2,TX,4715,0
2015-02-22,TX_3,TX,4342,0
2015-02-22,WI_1,WI,4458,0
2015-02-22,WI_2,WI,4362,0
2015-02-22,WI_3,WI,3549,0
2015-02-23,CA_1,CA,3548,0
2015-02-23,CA_2,CA,1970,0
2015-02-23,CA_3,CA,5978,0
2015-02-23,CA_4,CA,2192,0
2015-02-23,TX_1,TX,2687,0
2015-02-23,TX_2,TX,3031,0
2015-02-23,TX_3,TX,3425,0
2015-02-23,WI_1,WI,2805,0
2015-02-23,WI_2,WI,3305,0
2015-02-23,WI_3,WI,2581,0
2015-02-24,CA_1,CA,2972,0
2015-02-24,CA_2,CA,1755,0
2015-02-24,CA_3,CA,5248,0
2015-02-24,CA_4,CA,2266,0
2015-02-24,TX_1,TX,2693,0
2015-02-24,TX_2,TX,2946,0
2015-02-24,TX_3,TX,3162,0
2015-02-24,WI_1,WI,2863,0
2015-02-24,WI_2,WI,3274,0
2015-02-24,WI_3,WI,2601,0
2015-02-25,CA_1,CA,3106,0
2015-02-25,CA_2,CA,2116,0
2015-02-25,CA_3,CA,5095,0
2015-02-25,CA_4,CA,2041,0
2015-02-25,TX_1,TX,2461,0
2015-02-25,TX_2,TX,2981,0
2015-02-25,TX_3,TX,3207,0
2015-02-25,WI_1,WI,2707,0
2015-02-25,WI_2,WI,3231,0
2015-02-25,WI_3,WI,2282,0
2015-02-26,CA_1,CA,3012,0
2015-02-26,CA_2,CA,1963,0
2015-02-26,CA_3,CA,5154,0
2015-02-26,CA_4,CA,2039,0
2015-02-26,TX_1,TX,2739,0
2015-02-26,TX_2,TX,3015,0
2015-02-26,TX_3,TX,3069,0
2015-02-26,WI_1,WI,2756,0
2015-02-26,WI_2,WI,3160,0
2015-02-26,WI_3,WI,2316,0
2015-02-27,CA_1,CA,4114,0
2015-02-27,CA_2,CA,2179,0
2015-02-27,CA_3,CA,5325,0
2015-02-27,CA_4,CA,2176,0
2015-02-27,TX_1,TX,2648,0
2015-02-27,TX_2,TX,3212,0
2015-02-27,TX_3,TX,3102,0
2015-02-27,WI_1,WI,3492,0
2015-02-27,WI_2,WI,4027,0
2015-02-27,WI_3,WI,3291,0
2015-02-28,CA_1,CA,5603,0
2015-02-28,CA_2,CA,3326,0
2015-02-28,CA_3,CA,6817,0
2015-02-28,CA_4,CA,2462,0
2015-02-28,TX_1,TX,3628,0
2015-02-28,TX_2,TX,4140,0
2015-02-28,TX_3,TX,4027,0
2015-02-28,WI_1,WI,5483,0
2015-02-28,WI_2,WI,4648,0
2015-02-28,WI_3,WI,4020,0
2015-03-01,CA_1,CA,5774,1
2015-03-01,CA_2,CA,3264,1
2015-03-01,CA_3,CA,7725,1
2015-03-01,CA_4,CA,2733,1
2015-03-01,TX_1,TX,3901,1
2015-03-01,TX_2,TX,4949,1
2015-03-01,TX_3,TX,4566,1
2015-03-01,WI_1,WI,4730,0
2015-03-01,WI_2,WI,3874,0
2015-03-01,WI_3,WI,3670,0
2015-03-02,CA_1,CA,4013,1
2015-03-02,CA_2,CA,1972,1
2015-03-02,CA_3,CA,5997,1
2015-03-02,CA_4,CA,2388,1
2015-03-02,TX_1,TX,2843,0
2015-03-02,TX_2,TX,3530,0
2015-03-02,TX_3,TX,3788,0
2015-03-02,WI_1,WI,3277,1
2015-03-02,WI_2,WI,4041,1
2015-03-02,WI_3,WI,3549,1
2015-03-03,CA_1,CA,3827,1
2015-03-03,CA_2,CA,2111,1
2015-03-03,CA_3,CA,6112,1
2015-03-03,CA_4,CA,2130,1
2015-03-03,TX_1,TX,2848,1
2015-03-03,TX_2,TX,3656,1
2015-03-03,TX_3,TX,3901,1
2015-03-03,WI_1,WI,2351,1
2015-03-03,WI_2,WI,4612,1
2015-03-03,WI_3,WI,2839,1
2015-03-04,CA_1,CA,3584,1
2015-03-04,CA_2,CA,1727,1
2015-03-04,CA_3,CA,5724,1
2015-03-04,CA_4,CA,1967,1
2015-03-04,TX_1,TX,2873,0
2015-03-04,TX_2,TX,2980,0
2015-03-04,TX_3,TX,3380,0
2015-03-04,WI_1,WI,3153,0
2015-03-04,WI_2,WI,3754,0
2015-03-04,WI_3,WI,2632,0
2015-03-05,CA_1,CA,3660,1
2015-03-05,CA_2,CA,2041,1
2015-03-05,CA_3,CA,5881,1
2015-03-05,CA_4,CA,2224,1
2015-03-05,TX_1,TX,2626,1
2015-03-05,TX_2,TX,2945,1
2015-03-05,TX_3,TX,3381,1
2015-03-05,WI_1,WI,3009,1
2015-03-05,WI_2,WI,4169,1
2015-03-05,WI_3,WI,2883,1
2015-03-06,CA_1,CA,4331,1
2015-03-06,CA_2,CA,2361,1
2015-03-06,CA_3,CA,5792,1
2015-03-06,CA_4,CA,2135,1
2015-03-06,TX_1,TX,2891,1
2015-03-06,TX_2,TX,3335,1
2015-03-06,TX_3,TX,3516,1
2015-03-06,WI_1,WI,3714,1
2015-03-06,WI_2,WI,4322,1
2015-03-06,WI_3,WI,3540,1
2015-03-07,CA_1,CA,5234,1
2015-03-07,CA_2,CA,3189,1
2015-03-07,CA_3,CA,7617,1
2015-03-07,CA_4,CA,2400,1
2015-03-07,TX_1,TX,4018,1
2015-03-07,TX_2,TX,4246,1
2015-03-07,TX_3,TX,4266,1
2015-03-07,WI_1,WI,5115,0
2015-03-07,WI_2,WI,4380,0
2015-03-07,WI_3,WI,3764,0
2015-03-08,CA_1,CA,5971,1
2015-03-08,CA_2,CA,3328,1
2015-03-08,CA_3,CA,8904,1
2015-03-08,CA_4,CA,2937,1
2015-03-08,TX_1,TX,3807,0
2015-03-08,TX_2,TX,4229,0
2015-03-08,TX_3,TX,4044,0
2015-03-08,WI_1,WI,4739,1
2015-03-08,WI_2,WI,5492,1
2015-03-08,WI_3,WI,3928,1
2015-03-09,CA_1,CA,4046,1
2015-03-09,CA_2,CA,1993,1
2015-03-09,CA_3,CA,6906,1
2015-03-09,CA_4,CA,2326,1
2015-03-09,TX_1,TX,2892,1
2015-03-09,TX_2,TX,3380,1
2015-03-09,TX_3,TX,3649,1
2015-03-09,WI_1,WI,3252,1
2015-03-09,WI_2,WI,4390,1
2015-03-09,WI_3,WI,3186,1
2015-03-10,CA_1,CA,3710,1
2015-03-10,CA_2,CA,2054,1
2015-03-10,CA_3,CA,5949,1
2015-03-10,CA_4,CA,2143,1
2015-03-10,TX_1,TX,3128,0
2015-03-10,TX_2,TX,3618,0
2015-03-10,TX_3,TX,3995,0
2015-03-10,WI_1,WI,2568,0
2015-03-10,WI_2,WI,3625,0
2015-03-10,WI_3,WI,2807,0
2015-03-11,CA_1,CA,3474,0
2015-03-11,CA_2,CA,1872,0
2015-03-11,CA_3,CA,5692,0
2015-03-11,CA_4,CA,2242,0
2015-03-11,TX_1,TX,2935,1
2015-03-11,TX_2,TX,3319,1
2015-03-11,TX_3,TX,3314,1
2015-03-11,WI_1,WI,2863,1
2015-03-11,WI_2,WI,4132,1
2015-03-11,WI_3,WI,3048,1
2015-03-12,CA_1,CA,3519,0
2015-03-12,CA_2,CA,2130,0
2015-03-12,CA_3,CA,5368,0
2015-03-12,CA_4,CA,2271,0
2015-03-12,TX_1,TX,2905,1
2015-03-12,TX_2,TX,3508,1
2015-03-12,TX_3,TX,3781,1
2015-03-12,WI_1,WI,2960,1
2015-03-12,WI_2,WI,4653,1
2015-03-12,WI_3,WI,3296,1
2015-03-13,CA_1,CA,4184,0
2015-03-13,CA_2,CA,2450,0
2015-03-13,CA_3,CA,5912,0
2015-03-13,CA_4,CA,2309,0
2015-03-13,TX_1,TX,3525,1
2015-03-13,TX_2,TX,4002,1
2015-03-13,TX_3,TX,3727,1
2015-03-13,WI_1,WI,3390,0
2015-03-13,WI_2,WI,4113,0
2015-03-13,WI_3,WI,3011,0
2015-03-14,CA_1,CA,5015,0
2015-03-14,CA_2,CA,3415,0
2015-03-14,CA_3,CA,7455,0
2015-03-14,CA_4,CA,2619,0
2015-03-14,TX_1,TX,3800,0
2015-03-14,TX_2,TX,4370,0
2015-03-14,TX_3,TX,4039,0
2015-03-14,WI_1,WI,4656,1
2015-03-14,WI_2,WI,5131,1
2015-03-14,WI_3,WI,3971,1
2015-03-15,CA_1,CA,5805,0
2015-03-15,CA_2,CA,3588,0
2015-03-15,CA_3,CA,8510,0
2015-03-15,CA_4,CA,2909,0
2015-03-15,TX_1,TX,4493,1
2015-03-15,TX_2,TX,4824,1
2015-03-15,TX_3,TX,4393,1
2015-03-15,WI_1,WI,4945,1
2015-03-15,WI_2,WI,5036,1
2015-03-15,WI_3,WI,4324,1
2015-03-16,CA_1,CA,4064,0
2015-03-16,CA_2,CA,2123,0
2015-03-16,CA_3,CA,6217,0
2015-03-16,CA_4,CA,2295,0
2015-03-16,TX_1,TX,3075,0
2015-03-16,TX_2,TX,3987,0
2015-03-16,TX_3,TX,3818,0
2015-03-16,WI_1,WI,2974,0
2015-03-16,WI_2,WI,3793,0
2015-03-16,WI_3,WI,3149,0
2015-03-17,CA_1,CA,3431,0
2015-03-17,CA_2,CA,1950,0
2015-03-17,CA_3,CA,5819,0
2015-03-17,CA_4,CA,1953,0
2015-03-17,TX_1,TX,3060,0
2015-03-17,TX_2,TX,3462,0
2015-03-17,TX_3,TX,3226,0
2015-03-17,WI_1,WI,2473,0
2015-03-17,WI_2,WI,3406,0
2015-03-17,WI_3,WI,2632,0
2015-03-18,CA_1,CA,3442,0
2015-03-18,CA_2,CA,1892,0
2015-03-18,CA_3,CA,5161,0
2015-03-18,CA_4,CA,1961,0
2015-03-18,TX_1,TX,2833,0
2015-03-18,TX_2,TX,3046,0
2015-03-18,TX_3,TX,3280,0
2015-03-18,WI_1,WI,2746,0
2015-03-18,WI_2,WI,3039,0
2015-03-18,WI_3,WI,2547,0
2015-03-19,CA_1,CA,3194,0
2015-03-19,CA_2,CA,1865,0
2015-03-19,CA_3,CA,5166,0
2015-03-19,CA_4,CA,2032,0
2015-03-19,TX_1,TX,2871,0
2015-03-19,TX_2,TX,3202,0
2015-03-19,TX_3,TX,3152,0
2015-03-19,WI_1,WI,2521,0
2015-03-19,WI_2,WI,3005,0
2015-03-19,WI_3,WI,2361,0
2015-03-20,CA_1,CA,4120,0
2015-03-20,CA_2,CA,2222,0
2015-03-20,CA_3,CA,5564,0
2015-03-20,CA_4,CA,2083,0
2015-03-20,TX_1,TX,2976,0
2015-03-20,TX_2,TX,3542,0
2015-03-20,TX_3,TX,3409,0
2015-03-20,WI_1,WI,3113,0
2015-03-20,WI_2,WI,3137,0
2015-03-20,WI_3,WI,2833,0
2015-03-21,CA_1,CA,5528,0
2015-03-21,CA_2,CA,3327,0
2015-03-21,CA_3,CA,7105,0
2015-03-21,CA_4,CA,2759,0
2015-03-21,TX_1,TX,3522,0
2015-03-21,TX_2,TX,3782,0
2015-03-21,TX_3,TX,3693,0
2015-03-21,WI_1,WI,4568,0
2015-03-21,WI_2,WI,4166,0
2015-03-21,WI_3,WI,3532,0
2015-03-22,CA_1,CA,5570,0
2015-03-22,CA_2,CA,3570,0
2015-03-22,CA_3,CA,8034,0
2015-03-22,CA_4,CA,2800,0
2015-03-22,TX_1,TX,4147,0
2015-03-22,TX_2,TX,4586,0
2015-03-22,TX_3,TX,4096,0
2015-03-22,WI_1,WI,4267,0
2015-03-22,WI_2,WI,3726,0
2015-03-22,WI_3,WI,3218,0
2015-03-23,CA_1,CA,3818,0
2015-03-23,CA_2,CA,1922,0
2015-03-23,CA_3,CA,6196,0
2015-03-23,CA_4,CA,2403,0
2015-03-23,TX_1,TX,2931,0
2015-03-23,TX_2,TX,3456,0
2015-03-23,TX_3,TX,3304,0
2015-03-23,WI_1,WI,2729,0
2015-03-23,WI_2,WI,3270,0
2015-03-23,WI_3,WI,2309,0
2015-03-24,CA_1,CA,3401,0
2015-03-24,CA_2,CA,1888,0
2015-03-24,CA_3,CA,5272,0
2015-03-24,CA_4,CA,1943,0
2015-03-24,TX_1,TX,2652,0
2015-03-24,TX_2,TX,131,0
2015-03-24,TX_3,TX,3288,0
2015-03-24,WI_1,WI,2818,0
2015-03-24,WI_2,WI,3145,0
2015-03-24,WI_3,WI,2303,0
2015-03-25,CA_1,CA,3193,0
2015-03-25,CA_2,CA,2007,0
2015-03-25,CA_3,CA,5445,0
2015-03-25,CA_4,CA,2098,0
2015-03-25,TX_1,TX,2382,0
2015-03-25,TX_2,TX,5928,0
2015-03-25,TX_3,TX,3152,0
2015-03-25,WI_1,WI,2599,0
2015-03-25,WI_2,WI,3020,0
2015-03-25,WI_3,WI,2171,0
2015-03-26,CA_1,CA,3387,0
2015-03-26,CA_2,CA,2130,0
2015-03-26,CA_3,CA,5300,0
2015-03-26,CA_4,CA,2239,0
2015-03-26,TX_1,TX,2491,0
2015-03-26,TX_2,TX,2993,0
2015-03-26,TX_3,TX,3004,0
2015-03-26,WI_1,WI,2750,0
2015-03-26,WI_2,WI,3176,0
2015-03-26,WI_3,WI,2432,0
2015-03-27,CA_1,CA,4041,0
2015-03-27,CA_2,CA,2389,0
2015-03-27,CA_3,CA,5316,0
2015-03-27,CA_4,CA,2231,0
2015-03-27,TX_1,TX,2573,0
2015-03-27,TX_2,TX,3316,0
2015-03-27,TX_3,TX,3180,0
2015-03-27,WI_1,WI,3253,0
2015-03-27,WI_2,WI,3500,0
2015-03-27,WI_3,WI,2736,0
2015-03-28,CA_1,CA,4867,0
2015-03-28,CA_2,CA,3347,0
2015-03-28,CA_3,CA,6795,0
2015-03-28,CA_4,CA,2746,0
2015-03-28,TX_1,TX,3375,0
2015-03-28,TX_2,TX,4333,0
2015-03-28,TX_3,TX,3947,0
2015-03-28,WI_1,WI,4617,0
2015-03-28,WI_2,WI,3890,0
2015-03-28,WI_3,WI,3614,0
2015-03-29,CA_1,CA,5453,0
2015-03-29,CA_2,CA,3143,0
2015-03-29,CA_3,CA,7706,0
2015-03-29,CA_4,CA,2926,0
2015-03-29,TX_1,TX,3756,0
2015-03-29,TX_2,TX,4670,0
2015-03-29,TX_3,TX,4065,0
2015-03-29,WI_1,WI,4218,0
2015-03-29,WI_2,WI,3584,0
2015-03-29,WI_3,WI,3062,0
2015-03-30,CA_1,CA,4256,0
2015-03-30,CA_2,CA,2132,0
2015-03-30,CA_3,CA,5744,0
2015-03-30,CA_4,CA,2369,0
2015-03-30,TX_1,TX,2792,0
2015-03-30,TX_2,TX,3152,0
2015-03-30,TX_3,TX,3646,0
2015-03-30,WI_1,WI,2641,0
2015-03-30,WI_2,WI,2946,0
2015-03-30,WI_3,WI,2221,0
2015-03-31,CA_1,CA,3877,0
2015-03-31,CA_2,CA,2035,0
2015-03-31,CA_3,CA,5605,0
2015-03-31,CA_4,CA,2253,0
2015-03-31,TX_1,TX,2702,0
2015-03-31,TX_2,TX,3212,0
2015-03-31,TX_3,TX,3322,0
2015-03-31,WI_1,WI,2803,0
2015-03-31,WI_2,WI,2804,0
2015-03-31,WI_3,WI,2343,0
2015-04-01,CA_1,CA,4446,1
2015-04-01,CA_2,CA,2266,1
2015-04-01,CA_3,CA,6013,1
2015-04-01,CA_4,CA,2236,1
2015-04-01,TX_1,TX,3162,1
2015-04-01,TX_2,TX,3704,1
2015-04-01,TX_3,TX,3840,1
2015-04-01,WI_1,WI,2907,0
2015-04-01,WI_2,WI,3813,0
2015-04-01,WI_3,WI,2673,0
2015-04-02,CA_1,CA,4395,1
2015-04-02,CA_2,CA,2306,1
2015-04-02,CA_3,CA,5755,1
2015-04-02,CA_4,CA,2134,1
2015-04-02,TX_1,TX,2683,0
2015-04-02,TX_2,TX,3361,0
2015-04-02,TX_3,TX,3146,0
2015-04-02,WI_1,WI,3100,1
2015-04-02,WI_2,WI,3989,1
2015-04-02,WI_3,WI,2948,1
2015-04-03,CA_1,CA,5632,1
2015-04-03,CA_2,CA,2647,1
2015-04-03,CA_3,CA,6748,1
2015-04-03,CA_4,CA,2509,1
2015-04-03,TX_1,TX,3792,1
2015-04-03,TX_2,TX,4462,1
2015-04-03,TX_3,TX,4591,1
2015-04-03,WI_1,WI,4441,1
2015-04-03,WI_2,WI,5362,1
2015-04-03,WI_3,WI,3924,1
2015-04-04,CA_1,CA,6636,1
2015-04-04,CA_2,CA,3411,1
2015-04-04,CA_3,CA,8258,1
2015-04-04,CA_4,CA,3196,1
2015-04-04,TX_1,TX,3933,0
2015-04-04,TX_2,TX,4791,0
2015-04-04,TX_3,TX,4496,0
2015-04-04,WI_1,WI,5330,0
2015-04-04,WI_2,WI,4492,0
2015-04-04,WI_3,WI,3876,0
2015-04-05,CA_1,CA,4874,1
2015-04-05,CA_2,CA,3108,1
2015-04-05,CA_3,CA,7999,1
2015-04-05,CA_4,CA,2445,1
2015-04-05,TX_1,TX,4561,1
2015-04-05,TX_2,TX,4475,1
2015-04-05,TX_3,TX,3753,1
2015-04-05,WI_1,WI,3167,1
2015-04-05,WI_2,WI,3691,1
2015-04-05,WI_3,WI,3563,1
2015-04-06,CA_1,CA,4101,1
2015-04-06,CA_2,CA,2190,1
2015-04-06,CA_3,CA,6400,1
2015-04-06,CA_4,CA,2308,1
2015-04-06,TX_1,TX,3103,1
2015-04-06,TX_2,TX,3823,1
2015-04-06,TX_3,TX,3830,1
2015-04-06,WI_1,WI,2750,1
2015-04-06,WI_2,WI,4304,1
2015-04-06,WI_3,WI,3406,1
2015-04-07,CA_1,CA,3810,1
2015-04-07,CA_2,CA,2005,1
2015-04-07,CA_3,CA,6252,1
2015-04-07,CA_4,CA,2156,1
2015-04-07,TX_1,TX,2979,1
2015-04-07,TX_2,TX,3508,1
2015-04-07,TX_3,TX,3928,1
2015-04-07,WI_1,WI,2561,0
2015-04-07,WI_2,WI,3641,0
2015-04-07,WI_3,WI,3071,0
2015-04-08,CA_1,CA,3809,1
2015-04-08,CA_2,CA,2058,1
2015-04-08,CA_3,CA,6144,1
2015-04-08,CA_4,CA,2126,1
2015-04-08,TX_1,TX,2665,0
2015-04-08,TX_2,TX,3431,0
2015-04-08,TX_3,TX,3482,0
2015-04-08,WI_1,WI,2915,1
2015-04-08,WI_2,WI,4511,1
2015-04-08,WI_3,WI,3008,1
2015-04-09,CA_1,CA,3726,1
2015-04-09,CA_2,CA,1893,1
2015-04-09,CA_3,CA,5774,1
2015-04-09,CA_4,CA,2149,1
2015-04-09,TX_1,TX,3053,1
2015-04-09,TX_2,TX,3703,1
2015-04-09,TX_3,TX,3805,1
2015-04-09,WI_1,WI,2760,1
2015-04-09,WI_2,WI,4682,1
2015-04-09,WI_3,WI,2892,1
2015-04-10,CA_1,CA,4584,1
2015-04-10,CA_2,CA,2479,1
2015-04-10,CA_3,CA,6121,1
2015-04-10,CA_4,CA,2389,1
2015-04-10,TX_1,TX,3030,0
2015-04-10,TX_2,TX,3495,0
2015-04-10,TX_3,TX,3590,0
2015-04-10,WI_1,WI,3595,0
2015-04-10,WI_2,WI,4108,0
2015-04-10,WI_3,WI,3462,0
2015-04-11,CA_1,CA,5495,0
2015-04-11,CA_2,CA,3189,0
2015-04-11,CA_3,CA,7093,0
2015-04-11,CA_4,CA,2599,0
2015-04-11,TX_1,TX,3965,1
2015-04-11,TX_2,TX,4677,1
2015-04-11,TX_3,TX,4333,1
2015-04-11,WI_1,WI,4737,1
2015-04-11,WI_2,WI,4999,1
2015-04-11,WI_3,WI,4185,1
2015-04-12,CA_1,CA,6093,0
2015-04-12,CA_2,CA,2940,0
2015-04-12,CA_3,CA,7907,0
2015-04-12,CA_4,CA,2696,0
2015-04-12,TX_1,TX,4119,1
2015-04-12,TX_2,TX,4753,1
2015-04-12,TX_3,TX,4952,1
2015-04-12,WI_1,WI,4431,1
2015-04-12,WI_2,WI,5022,1
2015-04-12,WI_3,WI,4267,1
2015-04-13,CA_1,CA,4171,0
2015-04-13,CA_2,CA,1750,0
2015-04-13,CA_3,CA,5027,0
2015-04-13,CA_4,CA,2400,0
2015-04-13,TX_1,TX,3228,1
2015-04-13,TX_2,TX,3976,1
2015-04-13,TX_3,TX,4261,1
2015-04-13,WI_1,WI,3103,0
2015-04-13,WI_2,WI,3508,0
2015-04-13,WI_3,WI,3070,0
2015-04-14,CA_1,CA,3702,0
2015-04-14,CA_2,CA,1818,0
2015-04-14,CA_3,CA,5753,0
2015-04-14,CA_4,CA,2158,0
2015-04-14,TX_1,TX,2817,0
2015-04-14,TX_2,TX,3129,0
2015-04-14,TX_3,TX,3175,0
2015-04-14,WI_1,WI,2778,1
2015-04-14,WI_2,WI,4376,1
2015-04-14,WI_3,WI,3891,1
2015-04-15,CA_1,CA,3668,0
2015-04-15,CA_2,CA,1966,0
2015-04-15,CA_3,CA,5298,0
2015-04-15,CA_4,CA,2148,0
2015-04-15,TX_1,TX,3022,1
2015-04-15,TX_2,TX,3580,1
2015-04-15,TX_3,TX,3784,1
2015-04-15,WI_1,WI,3154,1
2015-04-15,WI_2,WI,4733,1
2015-04-15,WI_3,WI,3337,1
2015-04-16,CA_1,CA,3732,0
2015-04-16,CA_2,CA,2094,0
2015-04-16,CA_3,CA,5535,0
2015-04-16,CA_4,CA,2149,0
2015-04-16,TX_1,TX,2566,0
2015-04-16,TX_2,TX,3008,0
2015-04-16,TX_3,TX,3228,0
2015-04-16,WI_1,WI,2737,0
2015-04-16,WI_2,WI,3554,0
2015-04-16,WI_3,WI,2828,0
2015-04-17,CA_1,CA,4236,0
2015-04-17,CA_2,CA,2089,0
2015-04-17,CA_3,CA,5583,0
2015-04-17,CA_4,CA,2361,0
2015-04-17,TX_1,TX,2499,0
2015-04-17,TX_2,TX,3131,0
2015-04-17,TX_3,TX,3579,0
2015-04-17,WI_1,WI,3025,0
2015-04-17,WI_2,WI,3553,0
2015-04-17,WI_3,WI,3003,0
2015-04-18,CA_1,CA,5651,0
2015-04-18,CA_2,CA,2916,0
2015-04-18,CA_3,CA,6174,0
2015-04-18,CA_4,CA,2497,0
2015-04-18,TX_1,TX,3799,0
2015-04-18,TX_2,TX,4761,0
2015-04-18,TX_3,TX,4486,0
2015-04-18,WI_1,WI,4594,0
2015-04-18,WI_2,WI,4106,0
2015-04-18,WI_3,WI,3532,0
2015-04-19,CA_1,CA,5849,0
2015-04-19,CA_2,CA,3160,0
2015-04-19,CA_3,CA,7788,0
2015-04-19,CA_4,CA,2720,0
2015-04-19,TX_1,TX,3872,0
2015-04-19,TX_2,TX,4579,0
2015-04-19,TX_3,TX,4124,0
2015-04-19,WI_1,WI,4447,0
2015-04-19,WI_2,WI,4065,0
2015-04-19,WI_3,WI,3755,0
2015-04-20,CA_1,CA,4131,0
2015-04-20,CA_2,CA,1999,0
2015-04-20,CA_3,CA,5802,0
2015-04-20,CA_4,CA,2270,0
2015-04-20,TX_1,TX,3000,0
2015-04-20,TX_2,TX,3457,0
2015-04-20,TX_3,TX,3767,0
2015-04-20,WI_1,WI,2734,0
2015-04-20,WI_2,WI,3376,0
2015-04-20,WI_3,WI,2582,0
2015-04-21,CA_1,CA,3543,0
2015-04-21,CA_2,CA,2097,0
2015-04-21,CA_3,CA,5325,0
2015-04-21,CA_4,CA,2202,0
2015-04-21,TX_1,TX,2505,0
2015-04-21,TX_2,TX,3122,0
2015-04-21,TX_3,TX,3252,0
2015-04-21,WI_1,WI,2605,0
2015-04-21,WI_2,WI,3002,0
2015-04-21,WI_3,WI,2574,0
2015-04-22,CA_1,CA,3444,0
2015-04-22,CA_2,CA,2035,0
2015-04-22,CA_3,CA,5383,0
2015-04-22,CA_4,CA,2237,0
2015-04-22,TX_1,TX,2600,0
2015-04-22,TX_2,TX,3144,0
2015-04-22,TX_3,TX,3182,0
2015-04-22,WI_1,WI,2762,0
2015-04-22,WI_2,WI,3125,0
2015-04-22,WI_3,WI,2470,0
2015-04-23,CA_1,CA,3797,0
2015-04-23,CA_2,CA,1978,0
2015-04-23,CA_3,CA,5551,0
2015-04-23,CA_4,CA,2343,0
2015-04-23,TX_1,TX,2652,0
2015-04-23,TX_2,TX,3233,0
2015-04-23,TX_3,TX,2916,0
2015-04-23,WI_1,WI,2552,0
2015-04-23,WI_2,WI,3309,0
2015-04-23,WI_3,WI,2327,0
2015-04-24,CA_1,CA,4312,0
2015-04-24,CA_2,CA,2634,0
2015-04-24,CA_3,CA,5548,0
2015-04-24,CA_4,CA,2339,0
2015-04-24,TX_1,TX,2752,0
2015-04-24,TX_2,TX,3554,0
2015-04-24,TX_3,TX,3455,0
2015-04-24,WI_1,WI,3374,0
2015-04-24,WI_2,WI,3428,0
2015-04-24,WI_3,WI,3027,0
2015-04-25,CA_1,CA,6019,0
2015-04-25,CA_2,CA,3230,0
2015-04-25,CA_3,CA,7251,0
2015-04-25,CA_4,CA,2571,0
2015-04-25,TX_1,TX,3474,0
2015-04-25,TX_2,TX,4421,0
2015-04-25,TX_3,TX,4154,0
2015-04-25,WI_1,WI,4927,0
2015-04-25,WI_2,WI,4107,0
2015-04-25,WI_3,WI,3444,0
2015-04-26,CA_1,CA,5815,0
2015-04-26,CA_2,CA,2947,0
2015-04-26,CA_3,CA,7890,0
2015-04-26,CA_4,CA,2774,0
2015-04-26,TX_1,TX,3804,0
2015-04-26,TX_2,TX,4417,0
2015-04-26,TX_3,TX,4166,0
2015-04-26,WI_1,WI,4168,0
2015-04-26,WI_2,WI,3958,0
2015-04-26,WI_3,WI,3467,0
2015-04-27,CA_1,CA,3995,0
2015-04-27,CA_2,CA,2257,0
2015-04-27,CA_3,CA,5909,0
2015-04-27,CA_4,CA,2612,0
2015-04-27,TX_1,TX,2779,0
2015-04-27,TX_2,TX,3413,0
2015-04-27,TX_3,TX,3681,0
2015-04-27,WI_1,WI,2799,0
2015-04-27,WI_2,WI,3479,0
2015-04-27,WI_3,WI,2520,0
2015-04-28,CA_1,CA,3526,0
2015-04-28,CA_2,CA,1930,0
2015-04-28,CA_3,CA,5420,0
2015-04-28,CA_4,CA,2168,0
2015-04-28,TX_1,TX,2564,0
2015-04-28,TX_2,TX,3012,0
2015-04-28,TX_3,TX,3229,0
2015-04-28,WI_1,WI,2529,0
2015-04-28,WI_2,WI,3046,0
2015-04-28,WI_3,WI,2326,0
2015-04-29,CA_1,CA,3560,0
2015-04-29,CA_2,CA,2037,0
2015-04-29,CA_3,CA,4849,0
2015-04-29,CA_4,CA,2063,0
2015-04-29,TX_1,TX,2551,0
2015-04-29,TX_2,TX,2853,0
2015-04-29,TX_3,TX,3175,0
2015-04-29,WI_1,WI,2674,0
2015-04-29,WI_2,WI,2880,0
2015-04-29,WI_3,WI,2025,0
2015-04-30,CA_1,CA,3466,0
2015-04-30,CA_2,CA,2045,0
2015-04-30,CA_3,CA,5114,0
2015-04-30,CA_4,CA,2360,0
2015-04-30,TX_1,TX,2404,0
2015-04-30,TX_2,TX,3197,0
2015-04-30,TX_3,TX,3366,0
2015-04-30,WI_1,WI,3002,0
2015-04-30,WI_2,WI,3309,0
2015-04-30,WI_3,WI,2290,0
2015-05-01,CA_1,CA,5121,1
2015-05-01,CA_2,CA,2773,1
2015-05-01,CA_3,CA,6637,1
2015-05-01,CA_4,CA,2637,1
2015-05-01,TX_1,TX,3295,1
2015-05-01,TX_2,TX,4032,1
2015-05-01,TX_3,TX,4911,1
2015-05-01,WI_1,WI,3933,0
2015-05-01,WI_2,WI,4328,0
2015-05-01,WI_3,WI,3309,0
2015-05-02,CA_1,CA,5801,1
2015-05-02,CA_2,CA,3068,1
2015-05-02,CA_3,CA,7586,1
2015-05-02,CA_4,CA,3042,1
2015-05-02,TX_1,TX,4086,0
2015-05-02,TX_2,TX,4599,0
2015-05-02,TX_3,TX,4567,0
2015-05-02,WI_1,WI,4624,1
2015-05-02,WI_2,WI,5341,1
2015-05-02,WI_3,WI,4338,1
2015-05-03,CA_1,CA,6524,1
2015-05-03,CA_2,CA,3347,1
2015-05-03,CA_3,CA,7757,1
2015-05-03,CA_4,CA,2766,1
2015-05-03,TX_1,TX,4233,1
2015-05-03,TX_2,TX,4692,1
2015-05-03,TX_3,TX,4934,1
2015-05-03,WI_1,WI,4412,1
2015-05-03,WI_2,WI,5661,1
2015-05-03,WI_3,WI,4776,1
2015-05-04,CA_1,CA,4794,1
2015-05-04,CA_2,CA,2094,1
2015-05-04,CA_3,CA,7345,1
2015-05-04,CA_4,CA,2798,1
2015-05-04,TX_1,TX,2925,0
2015-05-04,TX_2,TX,3529,0
2015-05-04,TX_3,TX,3922,0
2015-05-04,WI_1,WI,3278,0
2015-05-04,WI_2,WI,4277,0
2015-05-04,WI_3,WI,3207,0
2015-05-05,CA_1,CA,4168,1
2015-05-05,CA_2,CA,2077,1
2015-05-05,CA_3,CA,5835,1
2015-05-05,CA_4,CA,2529,1
2015-05-05,TX_1,TX,2869,1
2015-05-05,TX_2,TX,3291,1
2015-05-05,TX_3,TX,3604,1
2015-05-05,WI_1,WI,2997,1
2015-05-05,WI_2,WI,4483,1
2015-05-05,WI_3,WI,3236,1
2015-05-06,CA_1,CA,4025,1
2015-05-06,CA_2,CA,2134,1
2015-05-06,CA_3,CA,5784,1
2015-05-06,CA_4,CA,2449,1
2015-05-06,TX_1,TX,2962,1
2015-05-06,TX_2,TX,3283,1
2015-05-06,TX_3,TX,3821,1
2015-05-06,WI_1,WI,3025,1
2015-05-06,WI_2,WI,4624,1
2015-05-06,WI_3,WI,3189,1
2015-05-07,CA_1,CA,4182,1
2015-05-07,CA_2,CA,2001,1
2015-05-07,CA_3,CA,5428,1
2015-05-07,CA_4,CA,2079,1
2015-05-07,TX_1,TX,2952,1
2015-05-07,TX_2,TX,3631,1
2015-05-07,TX_3,TX,4079,1
2015-05-07,WI_1,WI,2766,0
2015-05-07,WI_2,WI,3558,0
2015-05-07,WI_3,WI,2645,0
2015-05-08,CA_1,CA,4697,1
2015-05-08,CA_2,CA,2398,1
2015-05-08,CA_3,CA,6096,1
2015-05-08,CA_4,CA,2383,1
2015-05-08,TX_1,TX,2897,0
2015-05-08,TX_2,TX,3636,0
2015-05-08,TX_3,TX,3419,0
2015-05-08,WI_1,WI,3736,1
2015-05-08,WI_2,WI,4571,1
2015-05-08,WI_3,WI,3591,1
2015-05-09,CA_1,CA,5840,1
2015-05-09,CA_2,CA,3112,1
2015-05-09,CA_3,CA,7509,1
2015-05-09,CA_4,CA,2665,1
2015-05-09,TX_1,TX,3966,1
2015-05-09,TX_2,TX,4448,1
2015-05-09,TX_3,TX,4822,1
2015-05-09,WI_1,WI,5183,1
2015-05-09,WI_2,WI,5538,1
2015-05-09,WI_3,WI,4186,1
2015-05-10,CA_1,CA,5014,1
2015-05-10,CA_2,CA,2410,1
2015-05-10,CA_3,CA,6636,1
2015-05-10,CA_4,CA,2463,1
2015-05-10,TX_1,TX,3556,0
2015-05-10,TX_2,TX,3684,0
2015-05-10,TX_3,TX,4127,0
2015-05-10,WI_1,WI,3435,0
2015-05-10,WI_2,WI,3461,0
2015-05-10,WI_3,WI,3244,0
2015-05-11,CA_1,CA,4602,0
2015-05-11,CA_2,CA,2259,0
2015-05-11,CA_3,CA,6352,0
2015-05-11,CA_4,CA,2314,0
2015-05-11,TX_1,TX,3234,1
2015-05-11,TX_2,TX,3900,1
2015-05-11,TX_3,TX,4147,1
2015-05-11,WI_1,WI,3131,1
2015-05-11,WI_2,WI,3996,1
2015-05-11,WI_3,WI,3257,1
2015-05-12,CA_1,CA,3810,0
2015-05-12,CA_2,CA,1843,0
2015-05-12,CA_3,CA,5903,0
2015-05-12,CA_4,CA,2303,0
2015-05-12,TX_1,TX,2822,1
2015-05-12,TX_2,TX,3351,1
2015-05-12,TX_3,TX,3939,1
2015-05-12,WI_1,WI,2829,1
2015-05-12,WI_2,WI,4998,1
2015-05-12,WI_3,WI,3235,1
2015-05-13,CA_1,CA,3958,0
2015-05-13,CA_2,CA,2071,0
2015-05-13,CA_3,CA,5728,0
2015-05-13,CA_4,CA,2182,0
2015-05-13,TX_1,TX,3237,1
2015-05-13,TX_2,TX,3520,1
2015-05-13,TX_3,TX,3810,1
2015-05-13,WI_1,WI,2867,0
2015-05-13,WI_2,WI,3500,0
2015-05-13,WI_3,WI,2812,0
2015-05-14,CA_1,CA,3487,0
2015-05-14,CA_2,CA,1714,0
2015-05-14,CA_3,CA,5032,0
2015-05-14,CA_4,CA,2093,0
2015-05-14,TX_1,TX,2600,0
2015-05-14,TX_2,TX,3336,0
2015-05-14,TX_3,TX,3643,0
2015-05-14,WI_1,WI,3231,1
2015-05-14,WI_2,WI,4139,1
2015-05-14,WI_3,WI,2779,1
2015-05-15,CA_1,CA,4375,0
2015-05-15,CA_2,CA,2743,0
2015-05-15,CA_3,CA,5701,0
2015-05-15,CA_4,CA,2436,0
2015-05-15,TX_1,TX,3339,1
2015-05-15,TX_2,TX,3881,1
2015-05-15,TX_3,TX,3739,1
2015-05-15,WI_1,WI,3497,1
2015-05-15,WI_2,WI,4630,1
2015-05-15,WI_3,WI,3423,1
2015-05-16,CA_1,CA,5589,0
2015-05-16,CA_2,CA,3308,0
2015-05-16,CA_3,CA,6948,0
2015-05-16,CA_4,CA,2671,0
2015-05-16,TX_1,TX,4150,0
2015-05-16,TX_2,TX,4590,0
2015-05-16,TX_3,TX,4733,0
2015-05-16,WI_1,WI,4260,0
2015-05-16,WI_2,WI,4582,0
2015-05-16,WI_3,WI,3505,0
2015-05-17,CA_1,CA,5568,0
2015-05-17,CA_2,CA,3044,0
2015-05-17,CA_3,CA,7739,0
2015-05-17,CA_4,CA,2543,0
2015-05-17,TX_1,TX,4088,0
2015-05-17,TX_2,TX,4517,0
2015-05-17,TX_3,TX,4402,0
2015-05-17,WI_1,WI,4588,0
2015-05-17,WI_2,WI,4294,0
2015-05-17,WI_3,WI,3710,0
2015-05-18,CA_1,CA,4185,0
2015-05-18,CA_2,CA,1988,0
2015-05-18,CA_3,CA,5919,0
2015-05-18,CA_4,CA,2451,0
2015-05-18,TX_1,TX,3122,0
2015-05-18,TX_2,TX,3417,0
2015-05-18,TX_3,TX,3845,0
2015-05-18,WI_1,WI,3025,0
2015-05-18,WI_2,WI,3577,0
2015-05-18,WI_3,WI,2767,0
2015-05-19,CA_1,CA,3576,0
2015-05-19,CA_2,CA,2000,0
2015-05-19,CA_3,CA,5168,0
2015-05-19,CA_4,CA,2271,0
2015-05-19,TX_1,TX,2762,0
2015-05-19,TX_2,TX,2934,0
2015-05-19,TX_3,TX,3412,0
2015-05-19,WI_1,WI,2712,0
2015-05-19,WI_2,WI,3313,0
2015-05-19,WI_3,WI,2523,0
2015-05-20,CA_1,CA,3580,0
2015-05-20,CA_2,CA,1999,0
2015-05-20,CA_3,CA,5191,0
2015-05-20,CA_4,CA,2171,0
2015-05-20,TX_1,TX,3030,0
2015-05-20,TX_2,TX,3078,0
2015-05-20,TX_3,TX,3320,0
2015-05-20,WI_1,WI,2938,0
2015-05-20,WI_2,WI,3521,0
2015-05-20,WI_3,WI,2330,0
2015-05-21,CA_1,CA,3635,0
2015-05-21,CA_2,CA,2336,0
2015-05-21,CA_3,CA,5145,0
2015-05-21,CA_4,CA,2225,0
2015-05-21,TX_1,TX,2665,0
2015-05-21,TX_2,TX,3124,0
2015-05-21,TX_3,TX,3046,0
2015-05-21,WI_1,WI,3038,0
2015-05-21,WI_2,WI,2985,0
2015-05-21,WI_3,WI,2402,0
2015-05-22,CA_1,CA,4578,0
2015-05-22,CA_2,CA,2637,0
2015-05-22,CA_3,CA,6192,0
2015-05-22,CA_4,CA,2497,0
2015-05-22,TX_1,TX,2980,0
2015-05-22,TX_2,TX,3599,0
2015-05-22,TX_3,TX,3727,0
2015-05-22,WI_1,WI,3551,0
2015-05-22,WI_2,WI,3508,0
2015-05-22,WI_3,WI,2998,0
2015-05-23,CA_1,CA,5415,0
2015-05-23,CA_2,CA,3061,0
2015-05-23,CA_3,CA,6294,0
2015-05-23,CA_4,CA,2427,0
2015-05-23,TX_1,TX,3680,0
2015-05-23,TX_2,TX,4340,0
2015-05-23,TX_3,TX,4136,0
2015-05-23,WI_1,WI,3824,0
2015-05-23,WI_2,WI,3617,0
2015-05-23,WI_3,WI,3181,0
2015-05-24,CA_1,CA,5412,0
2015-05-24,CA_2,CA,2702,0
2015-05-24,CA_3,CA,6396,0
2015-05-24,CA_4,CA,2240,0
2015-05-24,TX_1,TX,3513,0
2015-05-24,TX_2,TX,3914,0
2015-05-24,TX_3,TX,3635,0
2015-05-24,WI_1,WI,3612,0
2015-05-24,WI_2,WI,3234,0
2015-05-24,WI_3,WI,2768,0
2015-05-25,CA_1,CA,4859,0
2015-05-25,CA_2,CA,2930,0
2015-05-25,CA_3,CA,7264,0
2015-05-25,CA_4,CA,2589,0
2015-05-25,TX_1,TX,3063,0
2015-05-25,TX_2,TX,3846,0
2015-05-25,TX_3,TX,3643,0
2015-05-25,WI_1,WI,3582,0
2015-05-25,WI_2,WI,3079,0
2015-05-25,WI_3,WI,2962,0
2015-05-26,CA_1,CA,3609,0
2015-05-26,CA_2,CA,2202,0
2015-05-26,CA_3,CA,5606,0
2015-05-26,CA_4,CA,2546,0
2015-05-26,TX_1,TX,2789,0
2015-05-26,TX_2,TX,2996,0
2015-05-26,TX_3,TX,3102,0
2015-05-26,WI_1,WI,2853,0
2015-05-26,WI_2,WI,2815,0
2015-05-26,WI_3,WI,2361,0
2015-05-27,CA_1,CA,3722,0
2015-05-27,CA_2,CA,2167,0
2015-05-27,CA_3,CA,5014,0
2015-05-27,CA_4,CA,2071,0
2015-05-27,TX_1,TX,2654,0
2015-05-27,TX_2,TX,3221,0
2015-05-27,TX_3,TX,3313,0
2015-05-27,WI_1,WI,2803,0
2015-05-27,WI_2,WI,2902,0
2015-05-27,WI_3,WI,2230,0
2015-05-28,CA_1,CA,3381,0
2015-05-28,CA_2,CA,2376,0
2015-05-28,CA_3,CA,5159,0
2015-05-28,CA_4,CA,2060,0
2015-05-28,TX_1,TX,2754,0
2015-05-28,TX_2,TX,3094,0
2015-05-28,TX_3,TX,3305,0
2015-05-28,WI_1,WI,2810,0
2015-05-28,WI_2,WI,3009,0
2015-05-28,WI_3,WI,2268,0
2015-05-29,CA_1,CA,3803,0
2015-05-29,CA_2,CA,2696,0
2015-05-29,CA_3,CA,5309,0
2015-05-29,CA_4,CA,2184,0
2015-05-29,TX_1,TX,2716,0
2015-05-29,TX_2,TX,3283,0
2015-05-29,TX_3,TX,3534,0
2015-05-29,WI_1,WI,3397,0
2015-05-29,WI_2,WI,3428,0
2015-05-29,WI_3,WI,2575,0
2015-05-30,CA_1,CA,5342,0
2015-05-30,CA_2,CA,4078,0
2015-05-30,CA_3,CA,6616,0
2015-05-30,CA_4,CA,2387,0
2015-05-30,TX_1,TX,2923,0
2015-05-30,TX_2,TX,3686,0
2015-05-30,TX_3,TX,3691,0
2015-05-30,WI_1,WI,4602,0
2015-05-30,WI_2,WI,4184,0
2015-05-30,WI_3,WI,3429,0
2015-05-31,CA_1,CA,5980,0
2015-05-31,CA_2,CA,3728,0
2015-05-31,CA_3,CA,7261,0
2015-05-31,CA_4,CA,2765,0
2015-05-31,TX_1,TX,3762,0
2015-05-31,TX_2,TX,4495,0
2015-05-31,TX_3,TX,4297,0
2015-05-31,WI_1,WI,4042,0
2015-05-31,WI_2,WI,3799,0
2015-05-31,WI_3,WI,3334,0
2015-06-01,CA_1,CA,4702,1
2015-06-01,CA_2,CA,2866,1
2015-06-01,CA_3,CA,6560,1
2015-06-01,CA_4,CA,2566,1
2015-06-01,TX_1,TX,3280,1
2015-06-01,TX_2,TX,3951,1
2015-06-01,TX_3,TX,4350,1
2015-06-01,WI_1,WI,3258,0
2015-06-01,WI_2,WI,4158,0
2015-06-01,WI_3,WI,2963,0
2015-06-02,CA_1,CA,4282,1
2015-06-02,CA_2,CA,2434,1
2015-06-02,CA_3,CA,7865,1
2015-06-02,CA_4,CA,2228,1
2015-06-02,TX_1,TX,2924,0
2015-06-02,TX_2,TX,3358,0
2015-06-02,TX_3,TX,3503,0
2015-06-02,WI_1,WI,2899,1
2015-06-02,WI_2,WI,4823,1
2015-06-02,WI_3,WI,3108,1
2015-06-03,CA_1,CA,4007,1
2015-06-03,CA_2,CA,2573,1
2015-06-03,CA_3,CA,6044,1
2015-06-03,CA_4,CA,2379,1
2015-06-03,TX_1,TX,2999,1
2015-06-03,TX_2,TX,3615,1
2015-06-03,TX_3,TX,4064,1
2015-06-03,WI_1,WI,3582,1
2015-06-03,WI_2,WI,5516,1
2015-06-03,WI_3,WI,3211,1
2015-06-04,CA_1,CA,3818,1
2015-06-04,CA_2,CA,2755,1
2015-06-04,CA_3,CA,5871,1
2015-06-04,CA_4,CA,2502,1
2015-06-04,TX_1,TX,2810,0
2015-06-04,TX_2,TX,3416,0
2015-06-04,TX_3,TX,3669,0
2015-06-04,WI_1,WI,3327,0
2015-06-04,WI_2,WI,3931,0
2015-06-04,WI_3,WI,2823,0
2015-06-05,CA_1,CA,4646,1
2015-06-05,CA_2,CA,3296,1
2015-06-05,CA_3,CA,6148,1
2015-06-05,CA_4,CA,2349,1
2015-06-05,TX_1,TX,3282,1
2015-06-05,TX_2,TX,3963,1
2015-06-05,TX_3,TX,4261,1
2015-06-05,WI_1,WI,3624,1
2015-06-05,WI_2,WI,4553,1
2015-06-05,WI_3,WI,3767,1
2015-06-06,CA_1,CA,5710,1
2015-06-06,CA_2,CA,4556,1
2015-06-06,CA_3,CA,7967,1
2015-06-06,CA_4,CA,2569,1
2015-06-06,TX_1,TX,4081,1
2015-06-06,TX_2,TX,4532,1
2015-06-06,TX_3,TX,4444,1
2015-06-06,WI_1,WI,4492,1
2015-06-06,WI_2,WI,5264,1
2015-06-06,WI_3,WI,3892,1
2015-06-07,CA_1,CA,5826,1
2015-06-07,CA_2,CA,4475,1
2015-06-07,CA_3,CA,8318,1
2015-06-07,CA_4,CA,2700,1
2015-06-07,TX_1,TX,4459,1
2015-06-07,TX_2,TX,4857,1
2015-06-07,TX_3,TX,5011,1
2015-06-07,WI_1,WI,4811,0
2015-06-07,WI_2,WI,4316,0
2015-06-07,WI_3,WI,3653,0
2015-06-08,CA_1,CA,4475,1
2015-06-08,CA_2,CA,3194,1
2015-06-08,CA_3,CA,7608,1
2015-06-08,CA_4,CA,2488,1
2015-06-08,TX_1,TX,3179,0
2015-06-08,TX_2,TX,3810,0
2015-06-08,TX_3,TX,3918,0
2015-06-08,WI_1,WI,3200,1
2015-06-08,WI_2,WI,4795,1
2015-06-08,WI_3,WI,3255,1
2015-06-09,CA_1,CA,4145,1
2015-06-09,CA_2,CA,3018,1
2015-06-09,CA_3,CA,6886,1
2015-06-09,CA_4,CA,2326,1
2015-06-09,TX_1,TX,3268,1
2015-06-09,TX_2,TX,3582,1
2015-06-09,TX_3,TX,3670,1
2015-06-09,WI_1,WI,3417,1
2015-06-09,WI_2,WI,4738,1
2015-06-09,WI_3,WI,3134,1
2015-06-10,CA_1,CA,4210,1
2015-06-10,CA_2,CA,2841,1
2015-06-10,CA_3,CA,6453,1
2015-06-10,CA_4,CA,2094,1
2015-06-10,TX_1,TX,3001,0
2015-06-10,TX_2,TX,3581,0
2015-06-10,TX_3,TX,3288,0
2015-06-10,WI_1,WI,3221,0
2015-06-10,WI_2,WI,3770,0
2015-06-10,WI_3,WI,2717,0
2015-06-11,CA_1,CA,3844,0
2015-06-11,CA_2,CA,2735,0
2015-06-11,CA_3,CA,5849,0
2015-06-11,CA_4,CA,2189,0
2015-06-11,TX_1,TX,3159,1
2015-06-11,TX_2,TX,3693,1
2015-06-11,TX_3,TX,3741,1
2015-06-11,WI_1,WI,3141,1
2015-06-11,WI_2,WI,4373,1
2015-06-11,WI_3,WI,2861,1
2015-06-12,CA_1,CA,4605,0
2015-06-12,CA_2,CA,3145,0
2015-06-12,CA_3,CA,6098,0
2015-06-12,CA_4,CA,2306,0
2015-06-12,TX_1,TX,3256,1
2015-06-12,TX_2,TX,4005,1
2015-06-12,TX_3,TX,3915,1
2015-06-12,WI_1,WI,3951,1
2015-06-12,WI_2,WI,5320,1
2015-06-12,WI_3,WI,3681,1
2015-06-13,CA_1,CA,5495,0
2015-06-13,CA_2,CA,4480,0
2015-06-13,CA_3,CA,7177,0
2015-06-13,CA_4,CA,2697,0
2015-06-13,TX_1,TX,3923,1
2015-06-13,TX_2,TX,4453,1
2015-06-13,TX_3,TX,4450,1
2015-06-13,WI_1,WI,4273,0
2015-06-13,WI_2,WI,4537,0
2015-06-13,WI_3,WI,3368,0
2015-06-14,CA_1,CA,5844,0
2015-06-14,CA_2,CA,4538,0
2015-06-14,CA_3,CA,8728,0
2015-06-14,CA_4,CA,2486,0
2015-06-14,TX_1,TX,4198,0
2015-06-14,TX_2,TX,4668,0
2015-06-14,TX_3,TX,4554,0
2015-06-14,WI_1,WI,4421,1
2015-06-14,WI_2,WI,5080,1
2015-06-14,WI_3,WI,4464,1
2015-06-15,CA_1,CA,4454,0
2015-06-15,CA_2,CA,3098,0
2015-06-15,CA_3,CA,6819,0
2015-06-15,CA_4,CA,2469,0
2015-06-15,TX_1,TX,5190,1
2015-06-15,TX_2,TX,6793,1
2015-06-15,TX_3,TX,6750,1
2015-06-15,WI_1,WI,3318,1
2015-06-15,WI_2,WI,5120,1
2015-06-15,WI_3,WI,3569,1
2015-06-16,CA_1,CA,3792,0
2015-06-16,CA_2,CA,2753,0
2015-06-16,CA_3,CA,5408,0
2015-06-16,CA_4,CA,2341,0
2015-06-16,TX_1,TX,2830,0
2015-06-16,TX_2,TX,2186,0
2015-06-16,TX_3,TX,2541,0
2015-06-16,WI_1,WI,2965,0
2015-06-16,WI_2,WI,3687,0
2015-06-16,WI_3,WI,3195,0
2015-06-17,CA_1,CA,3902,0
2015-06-17,CA_2,CA,2947,0
2015-06-17,CA_3,CA,5731,0
2015-06-17,CA_4,CA,2157,0
2015-06-17,TX_1,TX,2412,0
2015-06-17,TX_2,TX,2364,0
2015-06-17,TX_3,TX,2915,0
2015-06-17,WI_1,WI,3076,0
2015-06-17,WI_2,WI,3326,0
2015-06-17,WI_3,WI,2648,0
2015-06-18,CA_1,CA,4018,0
2015-06-18,CA_2,CA,3109,0
2015-06-18,CA_3,CA,5732,0
2015-06-18,CA_4,CA,2409,0
2015-06-18,TX_1,TX,2735,0
2015-06-18,TX_2,TX,3198,0
2015-06-18,TX_3,TX,3297,0
2015-06-18,WI_1,WI,3319,0
2015-06-18,WI_2,WI,3806,0
2015-06-18,WI_3,WI,2802,0
2015-06-19,CA_1,CA,4780,0
2015-06-19,CA_2,CA,3460,0
2015-06-19,CA_3,CA,5739,0
2015-06-19,CA_4,CA,2407,0
2015-06-19,TX_1,TX,2934,0
2015-06-19,TX_2,TX,3522,0
2015-06-19,TX_3,TX,3669,0
2015-06-19,WI_1,WI,3937,0
2015-06-19,WI_2,WI,3923,0
2015-06-19,WI_3,WI,3458,0
2015-06-20,CA_1,CA,5506,0
2015-06-20,CA_2,CA,4407,0
2015-06-20,CA_3,CA,7221,0
2015-06-20,CA_4,CA,2913,0
2015-06-20,TX_1,TX,3729,0
2015-06-20,TX_2,TX,4346,0
2015-06-20,TX_3,TX,4144,0
2015-06-20,WI_1,WI,4349,0
2015-06-20,WI_2,WI,4073,0
2015-06-20,WI_3,WI,3567,0
2015-06-21,CA_1,CA,4881,0
2015-06-21,CA_2,CA,4333,0
2015-06-21,CA_3,CA,6739,0
2015-06-21,CA_4,CA,2582,0
2015-06-21,TX_1,TX,4430,0
2015-06-21,TX_2,TX,3936,0
2015-06-21,TX_3,TX,3907,0
2015-06-21,WI_1,WI,3784,0
2015-06-21,WI_2,WI,3546,0
2015-06-21,WI_3,WI,3275,0
2015-06-22,CA_1,CA,4263,0
2015-06-22,CA_2,CA,3008,0
2015-06-22,CA_3,CA,6344,0
2015-06-22,CA_4,CA,2301,0
2015-06-22,TX_1,TX,3039,0
2015-06-22,TX_2,TX,3418,0
2015-06-22,TX_3,TX,3367,0
2015-06-22,WI_1,WI,2673,0
2015-06-22,WI_2,WI,3570,0
2015-06-22,WI_3,WI,2863,0
2015-06-23,CA_1,CA,4259,0
2015-06-23,CA_2,CA,2858,0
2015-06-23,CA_3,CA,5592,0
2015-06-23,CA_4,CA,2286,0
2015-06-23,TX_1,TX,2926,0
2015-06-23,TX_2,TX,3090,0
2015-06-23,TX_3,TX,3064,0
2015-06-23,WI_1,WI,3061,0
2015-06-23,WI_2,WI,3092,0
2015-06-23,WI_3,WI,2843,0
2015-06-24,CA_1,CA,3851,0
2015-06-24,CA_2,CA,2942,0
2015-06-24,CA_3,CA,5239,0
2015-06-24,CA_4,CA,2014,0
2015-06-24,TX_1,TX,2901,0
2015-06-24,TX_2,TX,3265,0
2015-06-24,TX_3,TX,3126,0
2015-06-24,WI_1,WI,2908,0
2015-06-24,WI_2,WI,2845,0
2015-06-24,WI_3,WI,2531,0
2015-06-25,CA_1,CA,3862,0
2015-06-25,CA_2,CA,2926,0
2015-06-25,CA_3,CA,5836,0
2015-06-25,CA_4,CA,2143,0
2015-06-25,TX_1,TX,2830,0
2015-06-25,TX_2,TX,3211,0
2015-06-25,TX_3,TX,3103,0
2015-06-25,WI_1,WI,2969,0
2015-06-25,WI_2,WI,3016,0
2015-06-25,WI_3,WI,2480,0
2015-06-26,CA_1,CA,4353,0
2015-06-26,CA_2,CA,3599,0
2015-06-26,CA_3,CA,6069,0
2015-06-26,CA_4,CA,2596,0
2015-06-26,TX_1,TX,2965,0
2015-06-26,TX_2,TX,3470,0
2015-06-26,TX_3,TX,3458,0
2015-06-26,WI_1,WI,3519,0
2015-06-26,WI_2,WI,3331,0
2015-06-26,WI_3,WI,2585,0
2015-06-27,CA_1,CA,5328,0
2015-06-27,CA_2,CA,4882,0
2015-06-27,CA_3,CA,7103,0
2015-06-27,CA_4,CA,2598,0
2015-06-27,TX_1,TX,3394,0
2015-06-27,TX_2,TX,4269,0
2015-06-27,TX_3,TX,4061,0
2015-06-27,WI_1,WI,3938,0
2015-06-27,WI_2,WI,3525,0
2015-06-27,WI_3,WI,3115,0
2015-06-28,CA_1,CA,5776,0
2015-06-28,CA_2,CA,4816,0
2015-06-28,CA_3,CA,7496,0
2015-06-28,CA_4,CA,2698,0
2015-06-28,TX_1,TX,3499,0
2015-06-28,TX_2,TX,4061,0
2015-06-28,TX_3,TX,4281,0
2015-06-28,WI_1,WI,3845,0
2015-06-28,WI_2,WI,3174,0
2015-06-28,WI_3,WI,3300,0
2015-06-29,CA_1,CA,3919,0
2015-06-29,CA_2,CA,3030,0
2015-06-29,CA_3,CA,6227,0
2015-06-29,CA_4,CA,2427,0
2015-06-29,TX_1,TX,2912,0
2015-06-29,TX_2,TX,3218,0
2015-06-29,TX_3,TX,3274,0
2015-06-29,WI_1,WI,3122,0
2015-06-29,WI_2,WI,3219,0
2015-06-29,WI_3,WI,2580,0
2015-06-30,CA_1,CA,4018,0
2015-06-30,CA_2,CA,2924,0
2015-06-30,CA_3,CA,5978,0
2015-06-30,CA_4,CA,2288,0
2015-06-30,TX_1,TX,2673,0
2015-06-30,TX_2,TX,2763,0
2015-06-30,TX_3,TX,2771,0
2015-06-30,WI_1,WI,3000,0
2015-06-30,WI_2,WI,3163,0
2015-06-30,WI_3,WI,2601,0
2015-07-01,CA_1,CA,4550,1
2015-07-01,CA_2,CA,3398,1
2015-07-01,CA_3,CA,6871,1
2015-07-01,CA_4,CA,2428,1
2015-07-01,TX_1,TX,3346,1
2015-07-01,TX_2,TX,3419,1
2015-07-01,TX_3,TX,3800,1
2015-07-01,WI_1,WI,3366,0
2015-07-01,WI_2,WI,3937,0
2015-07-01,WI_3,WI,2962,0
2015-07-02,CA_1,CA,4889,1
2015-07-02,CA_2,CA,3583,1
2015-07-02,CA_3,CA,6737,1
2015-07-02,CA_4,CA,2564,1
2015-07-02,TX_1,TX,3379,0
2015-07-02,TX_2,TX,3851,0
2015-07-02,TX_3,TX,4041,0
2015-07-02,WI_1,WI,3827,1
2015-07-02,WI_2,WI,5034,1
2015-07-02,WI_3,WI,3939,1
2015-07-03,CA_1,CA,6369,1
2015-07-03,CA_2,CA,5185,1
2015-07-03,CA_3,CA,8878,1
2015-07-03,CA_4,CA,2976,1
2015-07-03,TX_1,TX,4374,1
2015-07-03,TX_2,TX,4911,1
2015-07-03,TX_3,TX,4800,1
2015-07-03,WI_1,WI,5243,1
2015-07-03,WI_2,WI,6127,1
2015-07-03,WI_3,WI,5291,1
2015-07-04,CA_1,CA,4434,1
2015-07-04,CA_2,CA,3647,1
2015-07-04,CA_3,CA,6237,1
2015-07-04,CA_4,CA,2217,1
2015-07-04,TX_1,TX,3368,0
2015-07-04,TX_2,TX,3912,0
2015-07-04,TX_3,TX,3874,0
2015-07-04,WI_1,WI,3236,0
2015-07-04,WI_2,WI,3455,0
2015-07-04,WI_3,WI,3109,0
2015-07-05,CA_1,CA,5142,1
2015-07-05,CA_2,CA,4350,1
2015-07-05,CA_3,CA,7380,1
2015-07-05,CA_4,CA,2515,1
2015-07-05,TX_1,TX,3664,1
2015-07-05,TX_2,TX,4072,1
2015-07-05,TX_3,TX,4305,1
2015-07-05,WI_1,WI,3927,1
2015-07-05,WI_2,WI,4600,1
2015-07-05,WI_3,WI,3577,1
2015-07-06,CA_1,CA,4915,1
2015-07-06,CA_2,CA,3870,1
2015-07-06,CA_3,CA,6350,1
2015-07-06,CA_4,CA,2598,1
2015-07-06,TX_1,TX,3535,1
2015-07-06,TX_2,TX,4049,1
2015-07-06,TX_3,TX,4031,1
2015-07-06,WI_1,WI,3301,1
2015-07-06,WI_2,WI,5171,1
2015-07-06,WI_3,WI,3718,1
2015-07-07,CA_1,CA,4410,1
2015-07-07,CA_2,CA,2949,1
2015-07-07,CA_3,CA,6386,1
2015-07-07,CA_4,CA,2462,1
2015-07-07,TX_1,TX,3206,1
2015-07-07,TX_2,TX,4020,1
2015-07-07,TX_3,TX,3841,1
2015-07-07,WI_1,WI,3130,0
2015-07-07,WI_2,WI,3917,0
2015-07-07,WI_3,WI,3034,0
2015-07-08,CA_1,CA,4030,1
2015-07-08,CA_2,CA,2932,1
2015-07-08,CA_3,CA,6098,1
2015-07-08,CA_4,CA,2304,1
2015-07-08,TX_1,TX,2990,0
2015-07-08,TX_2,TX,3406,0
2015-07-08,TX_3,TX,3206,0
2015-07-08,WI_1,WI,3165,1
2015-07-08,WI_2,WI,4823,1
2015-07-08,WI_3,WI,3095,1
2015-07-09,CA_1,CA,4220,1
2015-07-09,CA_2,CA,3134,1
2015-07-09,CA_3,CA,6200,1
2015-07-09,CA_4,CA,2486,1
2015-07-09,TX_1,TX,3094,1
2015-07-09,TX_2,TX,3558,1
2015-07-09,TX_3,TX,3848,1
2015-07-09,WI_1,WI,3422,1
2015-07-09,WI_2,WI,4853,1
2015-07-09,WI_3,WI,3395,1
2015-07-10,CA_1,CA,5132,1
2015-07-10,CA_2,CA,3663,1
2015-07-10,CA_3,CA,6680,1
2015-07-10,CA_4,CA,2498,1
2015-07-10,TX_1,TX,3086,0
2015-07-10,TX_2,TX,3873,0
2015-07-10,TX_3,TX,3602,0
2015-07-10,WI_1,WI,3811,0
2015-07-10,WI_2,WI,4173,0
2015-07-10,WI_3,WI,3377,0
2015-07-11,CA_1,CA,5631,0
2015-07-11,CA_2,CA,5294,0
2015-07-11,CA_3,CA,7239,0
2015-07-11,CA_4,CA,2736,0
2015-07-11,TX_1,TX,3841,1
2015-07-11,TX_2,TX,4506,1
2015-07-11,TX_3,TX,4396,1
2015-07-11,WI_1,WI,4513,1
2015-07-11,WI_2,WI,5028,1
2015-07-11,WI_3,WI,4221,1
2015-07-12,CA_1,CA,5919,0
2015-07-12,CA_2,CA,4974,0
2015-07-12,CA_3,CA,7846,0
2015-07-12,CA_4,CA,2710,0
2015-07-12,TX_1,TX,4430,1
2015-07-12,TX_2,TX,5004,1
2015-07-12,TX_3,TX,4838,1
2015-07-12,WI_1,WI,4469,1
2015-07-12,WI_2,WI,5130,1
2015-07-12,WI_3,WI,4274,1
2015-07-13,CA_1,CA,4424,0
2015-07-13,CA_2,CA,3134,0
2015-07-13,CA_3,CA,6598,0
2015-07-13,CA_4,CA,2641,0
2015-07-13,TX_1,TX,3449,1
2015-07-13,TX_2,TX,4422,1
2015-07-13,TX_3,TX,4125,1
2015-07-13,WI_1,WI,3010,0
2015-07-13,WI_2,WI,3829,0
2015-07-13,WI_3,WI,3426,0
2015-07-14,CA_1,CA,3805,0
2015-07-14,CA_2,CA,3173,0
2015-07-14,CA_3,CA,6063,0
2015-07-14,CA_4,CA,2290,0
2015-07-14,TX_1,TX,3123,0
2015-07-14,TX_2,TX,3497,0
2015-07-14,TX_3,TX,3503,0
2015-07-14,WI_1,WI,3203,1
2015-07-14,WI_2,WI,4536,1
2015-07-14,WI_3,WI,3638,1
2015-07-15,CA_1,CA,3971,0
2015-07-15,CA_2,CA,3216,0
2015-07-15,CA_3,CA,6228,0
2015-07-15,CA_4,CA,2328,0
2015-07-15,TX_1,TX,3428,1
2015-07-15,TX_2,TX,3737,1
2015-07-15,TX_3,TX,3477,1
2015-07-15,WI_1,WI,3301,1
2015-07-15,WI_2,WI,4998,1
2015-07-15,WI_3,WI,3411,1
2015-07-16,CA_1,CA,4097,0
2015-07-16,CA_2,CA,3494,0
2015-07-16,CA_3,CA,6153,0
2015-07-16,CA_4,CA,2587,0
2015-07-16,TX_1,TX,3193,0
2015-07-16,TX_2,TX,3699,0
2015-07-16,TX_3,TX,3525,0
2015-07-16,WI_1,WI,3408,0
2015-07-16,WI_2,WI,4215,0
2015-07-16,WI_3,WI,3107,0
2015-07-17,CA_1,CA,4598,0
2015-07-17,CA_2,CA,4059,0
2015-07-17,CA_3,CA,6354,0
2015-07-17,CA_4,CA,2595,0
2015-07-17,TX_1,TX,3539,0
2015-07-17,TX_2,TX,4263,0
2015-07-17,TX_3,TX,3933,0
2015-07-17,WI_1,WI,4488,0
2015-07-17,WI_2,WI,4219,0
2015-07-17,WI_3,WI,3799,0
2015-07-18,CA_1,CA,5133,0
2015-07-18,CA_2,CA,5344,0
2015-07-18,CA_3,CA,7397,0
2015-07-18,CA_4,CA,2533,0
2015-07-18,TX_1,TX,4027,0
2015-07-18,TX_2,TX,4908,0
2015-07-18,TX_3,TX,4268,0
2015-07-18,WI_1,WI,4120,0
2015-07-18,WI_2,WI,4220,0
2015-07-18,WI_3,WI,3710,0
2015-07-19,CA_1,CA,5655,0
2015-07-19,CA_2,CA,4960,0
2015-07-19,CA_3,CA,8226,0
2015-07-19,CA_4,CA,2765,0
2015-07-19,TX_1,TX,4416,0
2015-07-19,TX_2,TX,4673,0
2015-07-19,TX_3,TX,4671,0
2015-07-19,WI_1,WI,4290,0
2015-07-19,WI_2,WI,4247,0
2015-07-19,WI_3,WI,3881,0
2015-07-20,CA_1,CA,4389,0
2015-07-20,CA_2,CA,3393,0
2015-07-20,CA_3,CA,6582,0
2015-07-20,CA_4,CA,2425,0
2015-07-20,TX_1,TX,3686,0
2015-07-20,TX_2,TX,3746,0
2015-07-20,TX_3,TX,3843,0
2015-07-20,WI_1,WI,3014,0
2015-07-20,WI_2,WI,3569,0
2015-07-20,WI_3,WI,2900,0
2015-07-21,CA_1,CA,3796,0
2015-07-21,CA_2,CA,3251,0
2015-07-21,CA_3,CA,6045,0
2015-07-21,CA_4,CA,2481,0
2015-07-21,TX_1,TX,2963,0
2015-07-21,TX_2,TX,3070,0
2015-07-21,TX_3,TX,3510,0
2015-07-21,WI_1,WI,2928,0
2015-07-21,WI_2,WI,3308,0
2015-07-21,WI_3,WI,2786,0
2015-07-22,CA_1,CA,4106,0
2015-07-22,CA_2,CA,2949,0
2015-07-22,CA_3,CA,5509,0
2015-07-22,CA_4,CA,2118,0
2015-07-22,TX_1,TX,3003,0
2015-07-22,TX_2,TX,3148,0
2015-07-22,TX_3,TX,3264,0
2015-07-22,WI_1,WI,3177,0
2015-07-22,WI_2,WI,3408,0
2015-07-22,WI_3,WI,2694,0
2015-07-23,CA_1,CA,3843,0
2015-07-23,CA_2,CA,3236,0
2015-07-23,CA_3,CA,5867,0
2015-07-23,CA_4,CA,2178,0
2015-07-23,TX_1,TX,3129,0
2015-07-23,TX_2,TX,3491,0
2015-07-23,TX_3,TX,3469,0
2015-07-23,WI_1,WI,2854,0
2015-07-23,WI_2,WI,3346,0
2015-07-23,WI_3,WI,2782,0
2015-07-24,CA_1,CA,4391,0
2015-07-24,CA_2,CA,3946,0
2015-07-24,CA_3,CA,6087,0
2015-07-24,CA_4,CA,2572,0
2015-07-24,TX_1,TX,3235,0
2015-07-24,TX_2,TX,3932,0
2015-07-24,TX_3,TX,3885,0
2015-07-24,WI_1,WI,3621,0
2015-07-24,WI_2,WI,3543,0
2015-07-24,WI_3,WI,3229,0
2015-07-25,CA_1,CA,4611,0
2015-07-25,CA_2,CA,4839,0
2015-07-25,CA_3,CA,7144,0
2015-07-25,CA_4,CA,2455,0
2015-07-25,TX_1,TX,3724,0
2015-07-25,TX_2,TX,4353,0
2015-07-25,TX_3,TX,4305,0
2015-07-25,WI_1,WI,4036,0
2015-07-25,WI_2,WI,3669,0
2015-07-25,WI_3,WI,3488,0
2015-07-26,CA_1,CA,5254,0
2015-07-26,CA_2,CA,4982,0
2015-07-26,CA_3,CA,7209,0
2015-07-26,CA_4,CA,2764,0
2015-07-26,TX_1,TX,4265,0
2015-07-26,TX_2,TX,4488,0
2015-07-26,TX_3,TX,4341,0
2015-07-26,WI_1,WI,3920,0
2015-07-26,WI_2,WI,3838,0
2015-07-26,WI_3,WI,3131,0
2015-07-27,CA_1,CA,4739,0
2015-07-27,CA_2,CA,3258,0
2015-07-27,CA_3,CA,6316,0
2015-07-27,CA_4,CA,2443,0
2015-07-27,TX_1,TX,3045,0
2015-07-27,TX_2,TX,3738,0
2015-07-27,TX_3,TX,3299,0
2015-07-27,WI_1,WI,3057,0
2015-07-27,WI_2,WI,3333,0
2015-07-27,WI_3,WI,2898,0
2015-07-28,CA_1,CA,3951,0
2015-07-28,CA_2,CA,3047,0
2015-07-28,CA_3,CA,5830,0
2015-07-28,CA_4,CA,2134,0
2015-07-28,TX_1,TX,2887,0
2015-07-28,TX_2,TX,3435,0
2015-07-28,TX_3,TX,3327,0
2015-07-28,WI_1,WI,2865,0
2015-07-28,WI_2,WI,2955,0
2015-07-28,WI_3,WI,2524,0
2015-07-29,CA_1,CA,3632,0
2015-07-29,CA_2,CA,3115,0
2015-07-29,CA_3,CA,5435,0
2015-07-29,CA_4,CA,2200,0
2015-07-29,TX_1,TX,2731,0
2015-07-29,TX_2,TX,3241,0
2015-07-29,TX_3,TX,2928,0
2015-07-29,WI_1,WI,2875,0
2015-07-29,WI_2,WI,3033,0
2015-07-29,WI_3,WI,2403,0
2015-07-30,CA_1,CA,4072,0
2015-07-30,CA_2,CA,3092,0
2015-07-30,CA_3,CA,5649,0
2015-07-30,CA_4,CA,2453,0
2015-07-30,TX_1,TX,2897,0
2015-07-30,TX_2,TX,3296,0
2015-07-30,TX_3,TX,2982,0
2015-07-30,WI_1,WI,3208,0
2015-07-30,WI_2,WI,3285,0
2015-07-30,WI_3,WI,2653,0
2015-07-31,CA_1,CA,4865,0
2015-07-31,CA_2,CA,3942,0
2015-07-31,CA_3,CA,6163,0
2015-07-31,CA_4,CA,2356,0
2015-07-31,TX_1,TX,3280,0
2015-07-31,TX_2,TX,4161,0
2015-07-31,TX_3,TX,4058,0
2015-07-31,WI_1,WI,4212,0
2015-07-31,WI_2,WI,4588,0
2015-07-31,WI_3,WI,3853,0
2015-08-01,CA_1,CA,5877,1
2015-08-01,CA_2,CA,5376,1
2015-08-01,CA_3,CA,7814,1
2015-08-01,CA_4,CA,2915,1
2015-08-01,TX_1,TX,4414,1
2015-08-01,TX_2,TX,4838,1
2015-08-01,TX_3,TX,4733,1
2015-08-01,WI_1,WI,4725,0
2015-08-01,WI_2,WI,4731,0
2015-08-01,WI_3,WI,3727,0
2015-08-02,CA_1,CA,6768,1
2015-08-02,CA_2,CA,5216,1
2015-08-02,CA_3,CA,8646,1
2015-08-02,CA_4,CA,2843,1
2015-08-02,TX_1,TX,4143,0
2015-08-02,TX_2,TX,4807,0
2015-08-02,TX_3,TX,4755,0
2015-08-02,WI_1,WI,4809,1
2015-08-02,WI_2,WI,5226,1
2015-08-02,WI_3,WI,4328,1
2015-08-03,CA_1,CA,5326,1
2015-08-03,CA_2,CA,3376,1
2015-08-03,CA_3,CA,7210,1
2015-08-03,CA_4,CA,2638,1
2015-08-03,TX_1,TX,3842,1
2015-08-03,TX_2,TX,4421,1
2015-08-03,TX_3,TX,4836,1
2015-08-03,WI_1,WI,3787,1
2015-08-03,WI_2,WI,5885,1
2015-08-03,WI_3,WI,3936,1
2015-08-04,CA_1,CA,4418,1
2015-08-04,CA_2,CA,3469,1
2015-08-04,CA_3,CA,6602,1
2015-08-04,CA_4,CA,2406,1
2015-08-04,TX_1,TX,3257,0
2015-08-04,TX_2,TX,3489,0
2015-08-04,TX_3,TX,3614,0
2015-08-04,WI_1,WI,3048,0
2015-08-04,WI_2,WI,4077,0
2015-08-04,WI_3,WI,3278,0
2015-08-05,CA_1,CA,4202,1
2015-08-05,CA_2,CA,3263,1
2015-08-05,CA_3,CA,6426,1
2015-08-05,CA_4,CA,2463,1
2015-08-05,TX_1,TX,3509,1
2015-08-05,TX_2,TX,3819,1
2015-08-05,TX_3,TX,3687,1
2015-08-05,WI_1,WI,3183,1
2015-08-05,WI_2,WI,4602,1
2015-08-05,WI_3,WI,3125,1
2015-08-06,CA_1,CA,4332,1
2015-08-06,CA_2,CA,3294,1
2015-08-06,CA_3,CA,6140,1
2015-08-06,CA_4,CA,2207,1
2015-08-06,TX_1,TX,3327,1
2015-08-06,TX_2,TX,3857,1
2015-08-06,TX_3,TX,3693,1
2015-08-06,WI_1,WI,2862,1
2015-08-06,WI_2,WI,4719,1
2015-08-06,WI_3,WI,3367,1
2015-08-07,CA_1,CA,4782,1
2015-08-07,CA_2,CA,4263,1
2015-08-07,CA_3,CA,6567,1
2015-08-07,CA_4,CA,2268,1
2015-08-07,TX_1,TX,3385,1
2015-08-07,TX_2,TX,4227,1
2015-08-07,TX_3,TX,3944,1
2015-08-07,WI_1,WI,3380,0
2015-08-07,WI_2,WI,3958,0
2015-08-07,WI_3,WI,3363,0
2015-08-08,CA_1,CA,6020,1
2015-08-08,CA_2,CA,5154,1
2015-08-08,CA_3,CA,8126,1
2015-08-08,CA_4,CA,2756,1
2015-08-08,TX_1,TX,4153,0
2015-08-08,TX_2,TX,4693,0
2015-08-08,TX_3,TX,4408,0
2015-08-08,WI_1,WI,3839,1
2015-08-08,WI_2,WI,4917,1
2015-08-08,WI_3,WI,4038,1
2015-08-09,CA_1,CA,6252,1
2015-08-09,CA_2,CA,5385,1
2015-08-09,CA_3,CA,8833,1
2015-08-09,CA_4,CA,2972,1
2015-08-09,TX_1,TX,4387,1
2015-08-09,TX_2,TX,5233,1
2015-08-09,TX_3,TX,4832,1
2015-08-09,WI_1,WI,4070,1
2015-08-09,WI_2,WI,5726,1
2015-08-09,WI_3,WI,4271,1
2015-08-10,CA_1,CA,4720,1
2015-08-10,CA_2,CA,3512,1
2015-08-10,CA_3,CA,7290,1
2015-08-10,CA_4,CA,2436,1
2015-08-10,TX_1,TX,3143,0
2015-08-10,TX_2,TX,3486,0
2015-08-10,TX_3,TX,3943,0
2015-08-10,WI_1,WI,2960,0
2015-08-10,WI_2,WI,3736,0
2015-08-10,WI_3,WI,3098,0
2015-08-11,CA_1,CA,4147,0
2015-08-11,CA_2,CA,3277,0
2015-08-11,CA_3,CA,6422,0
2015-08-11,CA_4,CA,2251,0
2015-08-11,TX_1,TX,2941,1
2015-08-11,TX_2,TX,3462,1
2015-08-11,TX_3,TX,3422,1
2015-08-11,WI_1,WI,3145,1
2015-08-11,WI_2,WI,4152,1
2015-08-11,WI_3,WI,3230,1
2015-08-12,CA_1,CA,4074,0
2015-08-12,CA_2,CA,3574,0
2015-08-12,CA_3,CA,5992,0
2015-08-12,CA_4,CA,2469,0
2015-08-12,TX_1,TX,3559,1
2015-08-12,TX_2,TX,3552,1
2015-08-12,TX_3,TX,3758,1
2015-08-12,WI_1,WI,2850,1
2015-08-12,WI_2,WI,4592,1
2015-08-12,WI_3,WI,2931,1
2015-08-13,CA_1,CA,3671,0
2015-08-13,CA_2,CA,3396,0
2015-08-13,CA_3,CA,6209,0
2015-08-13,CA_4,CA,2251,0
2015-08-13,TX_1,TX,3274,1
2015-08-13,TX_2,TX,3905,1
2015-08-13,TX_3,TX,3590,1
2015-08-13,WI_1,WI,3097,0
2015-08-13,WI_2,WI,3852,0
2015-08-13,WI_3,WI,2810,0
2015-08-14,CA_1,CA,4419,0
2015-08-14,CA_2,CA,4103,0
2015-08-14,CA_3,CA,6242,0
2015-08-14,CA_4,CA,2259,0
2015-08-14,TX_1,TX,3304,0
2015-08-14,TX_2,TX,4180,0
2015-08-14,TX_3,TX,3744,0
2015-08-14,WI_1,WI,3506,1
2015-08-14,WI_2,WI,5132,1
2015-08-14,WI_3,WI,3873,1
2015-08-15,CA_1,CA,5408,0
2015-08-15,CA_2,CA,5413,0
2015-08-15,CA_3,CA,7788,0
2015-08-15,CA_4,CA,2817,0
2015-08-15,TX_1,TX,3963,1
2015-08-15,TX_2,TX,4761,1
2015-08-15,TX_3,TX,4535,1
2015-08-15,WI_1,WI,4055,1
2015-08-15,WI_2,WI,5477,1
2015-08-15,WI_3,WI,4219,1
2015-08-16,CA_1,CA,6154,0
2015-08-16,CA_2,CA,6074,0
2015-08-16,CA_3,CA,8979,0
2015-08-16,CA_4,CA,2991,0
2015-08-16,TX_1,TX,4224,0
2015-08-16,TX_2,TX,4770,0
2015-08-16,TX_3,TX,4411,0
2015-08-16,WI_1,WI,4399,0
2015-08-16,WI_2,WI,4447,0
2015-08-16,WI_3,WI,4091,0
2015-08-17,CA_1,CA,4760,0
2015-08-17,CA_2,CA,3548,0
2015-08-17,CA_3,CA,7250,0
2015-08-17,CA_4,CA,2632,0
2015-08-17,TX_1,TX,3267,0
2015-08-17,TX_2,TX,3676,0
2015-08-17,TX_3,TX,3541,0
2015-08-17,WI_1,WI,3246,0
2015-08-17,WI_2,WI,4047,0
2015-08-17,WI_3,WI,3145,0
2015-08-18,CA_1,CA,3796,0
2015-08-18,CA_2,CA,3444,0
2015-08-18,CA_3,CA,6455,0
2015-08-18,CA_4,CA,2261,0
2015-08-18,TX_1,TX,2846,0
2015-08-18,TX_2,TX,3235,0
2015-08-18,TX_3,TX,3422,0
2015-08-18,WI_1,WI,3101,0
2015-08-18,WI_2,WI,3731,0
2015-08-18,WI_3,WI,2954,0
2015-08-19,CA_1,CA,3868,0
2015-08-19,CA_2,CA,3342,0
2015-08-19,CA_3,CA,6381,0
2015-08-19,CA_4,CA,2338,0
2015-08-19,TX_1,TX,2401,0
2015-08-19,TX_2,TX,3045,0
2015-08-19,TX_3,TX,2981,0
2015-08-19,WI_1,WI,3043,0
2015-08-19,WI_2,WI,3595,0
2015-08-19,WI_3,WI,2713,0
2015-08-20,CA_1,CA,3876,0
2015-08-20,CA_2,CA,3340,0
2015-08-20,CA_3,CA,5693,0
2015-08-20,CA_4,CA,2453,0
2015-08-20,TX_1,TX,2445,0
2015-08-20,TX_2,TX,3098,0
2015-08-20,TX_3,TX,2879,0
2015-08-20,WI_1,WI,2791,0
2015-08-20,WI_2,WI,3434,0
2015-08-20,WI_3,WI,2507,0
2015-08-21,CA_1,CA,4198,0
2015-08-21,CA_2,CA,4081,0
2015-08-21,CA_3,CA,5837,0
2015-08-21,CA_4,CA,2222,0
2015-08-21,TX_1,TX,3063,0
2015-08-21,TX_2,TX,3666,0
2015-08-21,TX_3,TX,3751,0
2015-08-21,WI_1,WI,3350,0
2015-08-21,WI_2,WI,3611,0
2015-08-21,WI_3,WI,3184,0
2015-08-22,CA_1,CA,5122,0
2015-08-22,CA_2,CA,5410,0
2015-08-22,CA_3,CA,7798,0
2015-08-22,CA_4,CA,2732,0
2015-08-22,TX_1,TX,3892,0
2015-08-22,TX_2,TX,4360,0
2015-08-22,TX_3,TX,4325,0
2015-08-22,WI_1,WI,4248,0
2015-08-22,WI_2,WI,3854,0
2015-08-22,WI_3,WI,3339,0
2015-08-23,CA_1,CA,6222,0
2015-08-23,CA_2,CA,5509,0
2015-08-23,CA_3,CA,7836,0
2015-08-23,CA_4,CA,2880,0
2015-08-23,TX_1,TX,4146,0
2015-08-23,TX_2,TX,4863,0
2015-08-23,TX_3,TX,4811,0
2015-08-23,WI_1,WI,3991,0
2015-08-23,WI_2,WI,4068,0
2015-08-23,WI_3,WI,3270,0
2015-08-24,CA_1,CA,3888,0
2015-08-24,CA_2,CA,3164,0
2015-08-24,CA_3,CA,6204,0
2015-08-24,CA_4,CA,2387,0
2015-08-24,TX_1,TX,3001,0
2015-08-24,TX_2,TX,3891,0
2015-08-24,TX_3,TX,3688,0
2015-08-24,WI_1,WI,2929,0
2015-08-24,WI_2,WI,3366,0
2015-08-24,WI_3,WI,2575,0
2015-08-25,CA_1,CA,3364,0
2015-08-25,CA_2,CA,3087,0
2015-08-25,CA_3,CA,5484,0
2015-08-25,CA_4,CA,2252,0
2015-08-25,TX_1,TX,2366,0
2015-08-25,TX_2,TX,2774,0
2015-08-25,TX_3,TX,3511,0
2015-08-25,WI_1,WI,2689,0
2015-08-25,WI_2,WI,3195,0
2015-08-25,WI_3,WI,2573,0
2015-08-26,CA_1,CA,3558,0
2015-08-26,CA_2,CA,3037,0
2015-08-26,CA_3,CA,5327,0
2015-08-26,CA_4,CA,2148,0
2015-08-26,TX_1,TX,2489,0
2015-08-26,TX_2,TX,3108,0
2015-08-26,TX_3,TX,3235,0
2015-08-26,WI_1,WI,3027,0
2015-08-26,WI_2,WI,3559,0
2015-08-26,WI_3,WI,2479,0
2015-08-27,CA_1,CA,3544,0
2015-08-27,CA_2,CA,3310,0
2015-08-27,CA_3,CA,5405,0
2015-08-27,CA_4,CA,2128,0
2015-08-27,TX_1,TX,2581,0
2015-08-27,TX_2,TX,2888,0
2015-08-27,TX_3,TX,3071,0
2015-08-27,WI_1,WI,2862,0
2015-08-27,WI_2,WI,3637,0
2015-08-27,WI_3,WI,2650,0
2015-08-28,CA_1,CA,4001,0
2015-08-28,CA_2,CA,4100,0
2015-08-28,CA_3,CA,5921,0
2015-08-28,CA_4,CA,2321,0
2015-08-28,TX_1,TX,2622,0
2015-08-28,TX_2,TX,3225,0
2015-08-28,TX_3,TX,3304,0
2015-08-28,WI_1,WI,3685,0
2015-08-28,WI_2,WI,4037,0
2015-08-28,WI_3,WI,3035,0
2015-08-29,CA_1,CA,5368,0
2015-08-29,CA_2,CA,5641,0
2015-08-29,CA_3,CA,7568,0
2015-08-29,CA_4,CA,2696,0
2015-08-29,TX_1,TX,3354,0
2015-08-29,TX_2,TX,4093,0
2015-08-29,TX_3,TX,3930,0
2015-08-29,WI_1,WI,4553,0
2015-08-29,WI_2,WI,4606,0
2015-08-29,WI_3,WI,3427,0
2015-08-30,CA_1,CA,5869,0
2015-08-30,CA_2,CA,6009,0
2015-08-30,CA_3,CA,8234,0
2015-08-30,CA_4,CA,3207,0
2015-08-30,TX_1,TX,3910,0
2015-08-30,TX_2,TX,4637,0
2015-08-30,TX_3,TX,4448,0
2015-08-30,WI_1,WI,4499,0
2015-08-30,WI_2,WI,4097,0
2015-08-30,WI_3,WI,3607,0
2015-08-31,CA_1,CA,4164,0
2015-08-31,CA_2,CA,3379,0
2015-08-31,CA_3,CA,6050,0
2015-08-31,CA_4,CA,2630,0
2015-08-31,TX_1,TX,2588,0
2015-08-31,TX_2,TX,3329,0
2015-08-31,TX_3,TX,3227,0
2015-08-31,WI_1,WI,3289,0
2015-08-31,WI_2,WI,4069,0
2015-08-31,WI_3,WI,3160,0
2015-09-01,CA_1,CA,3983,1
2015-09-01,CA_2,CA,3415,1
2015-09-01,CA_3,CA,6423,1
2015-09-01,CA_4,CA,2484,1
2015-09-01,TX_1,TX,3038,1
2015-09-01,TX_2,TX,3452,1
2015-09-01,TX_3,TX,3696,1
2015-09-01,WI_1,WI,3258,0
2015-09-01,WI_2,WI,4852,0
2015-09-01,WI_3,WI,3354,0
2015-09-02,CA_1,CA,3785,1
2015-09-02,CA_2,CA,3518,1
2015-09-02,CA_3,CA,6059,1
2015-09-02,CA_4,CA,2463,1
2015-09-02,TX_1,TX,2712,0
2015-09-02,TX_2,TX,3361,0
2015-09-02,TX_3,TX,3130,0
2015-09-02,WI_1,WI,3189,1
2015-09-02,WI_2,WI,4936,1
2015-09-02,WI_3,WI,3437,1
2015-09-03,CA_1,CA,4327,1
2015-09-03,CA_2,CA,3450,1
2015-09-03,CA_3,CA,6116,1
2015-09-03,CA_4,CA,2329,1
2015-09-03,TX_1,TX,2913,1
2015-09-03,TX_2,TX,3382,1
2015-09-03,TX_3,TX,4114,1
2015-09-03,WI_1,WI,3329,1
2015-09-03,WI_2,WI,5965,1
2015-09-03,WI_3,WI,3694,1
2015-09-04,CA_1,CA,4728,1
2015-09-04,CA_2,CA,4250,1
2015-09-04,CA_3,CA,6452,1
2015-09-04,CA_4,CA,2629,1
2015-09-04,TX_1,TX,2863,0
2015-09-04,TX_2,TX,3515,0
2015-09-04,TX_3,TX,3481,0
2015-09-04,WI_1,WI,3537,0
2015-09-04,WI_2,WI,4405,0
2015-09-04,WI_3,WI,3410,0
2015-09-05,CA_1,CA,5757,1
2015-09-05,CA_2,CA,5370,1
2015-09-05,CA_3,CA,7378,1
2015-09-05,CA_4,CA,2489,1
2015-09-05,TX_1,TX,3828,1
2015-09-05,TX_2,TX,4341,1
2015-09-05,TX_3,TX,4420,1
2015-09-05,WI_1,WI,4235,1
2015-09-05,WI_2,WI,5550,1
2015-09-05,WI_3,WI,4119,1
2015-09-06,CA_1,CA,5476,1
2015-09-06,CA_2,CA,5186,1
2015-09-06,CA_3,CA,7026,1
2015-09-06,CA_4,CA,2210,1
2015-09-06,TX_1,TX,3802,1
2015-09-06,TX_2,TX,4165,1
2015-09-06,TX_3,TX,4167,1
2015-09-06,WI_1,WI,3736,1
2015-09-06,WI_2,WI,5189,1
2015-09-06,WI_3,WI,4291,1
2015-09-07,CA_1,CA,5636,1
2015-09-07,CA_2,CA,5045,1
2015-09-07,CA_3,CA,7827,1
2015-09-07,CA_4,CA,2683,1
2015-09-07,TX_1,TX,3619,1
2015-09-07,TX_2,TX,4851,1
2015-09-07,TX_3,TX,4304,1
2015-09-07,WI_1,WI,3556,0
2015-09-07,WI_2,WI,4338,0
2015-09-07,WI_3,WI,3903,0
2015-09-08,CA_1,CA,4106,1
2015-09-08,CA_2,CA,3204,1
2015-09-08,CA_3,CA,6686,1
2015-09-08,CA_4,CA,2512,1
2015-09-08,TX_1,TX,2582,0
2015-09-08,TX_2,TX,3277,0
2015-09-08,TX_3,TX,3419,0
2015-09-08,WI_1,WI,2658,1
2015-09-08,WI_2,WI,4630,1
2015-09-08,WI_3,WI,3095,1
2015-09-09,CA_1,CA,3813,1
2015-09-09,CA_2,CA,3409,1
2015-09-09,CA_3,CA,6748,1
2015-09-09,CA_4,CA,2378,1
2015-09-09,TX_1,TX,2969,1
2015-09-09,TX_2,TX,3215,1
2015-09-09,TX_3,TX,3419,1
2015-09-09,WI_1,WI,3179,1
2015-09-09,WI_2,WI,5553,1
2015-09-09,WI_3,WI,3419,1
2015-09-10,CA_1,CA,3845,1
2015-09-10,CA_2,CA,3443,1
2015-09-10,CA_3,CA,6538,1
2015-09-10,CA_4,CA,2559,1
2015-09-10,TX_1,TX,2621,0
2015-09-10,TX_2,TX,3066,0
2015-09-10,TX_3,TX,3208,0
2015-09-10,WI_1,WI,2989,0
2015-09-10,WI_2,WI,4362,0
2015-09-10,WI_3,WI,3062,0
2015-09-11,CA_1,CA,4380,0
2015-09-11,CA_2,CA,3945,0
2015-09-11,CA_3,CA,6416,0
2015-09-11,CA_4,CA,2462,0
2015-09-11,TX_1,TX,2975,1
2015-09-11,TX_2,TX,3509,1
2015-09-11,TX_3,TX,3593,1
2015-09-11,WI_1,WI,3832,1
2015-09-11,WI_2,WI,5482,1
2015-09-11,WI_3,WI,3692,1
2015-09-12,CA_1,CA,5467,0
2015-09-12,CA_2,CA,5722,0
2015-09-12,CA_3,CA,7593,0
2015-09-12,CA_4,CA,2799,0
2015-09-12,TX_1,TX,3692,1
2015-09-12,TX_2,TX,5001,1
2015-09-12,TX_3,TX,4449,1
2015-09-12,WI_1,WI,4765,1
2015-09-12,WI_2,WI,6070,1
2015-09-12,WI_3,WI,4545,1
2015-09-13,CA_1,CA,6052,0
2015-09-13,CA_2,CA,5722,0
2015-09-13,CA_3,CA,8814,0
2015-09-13,CA_4,CA,2964,0
2015-09-13,TX_1,TX,4255,1
2015-09-13,TX_2,TX,5124,1
2015-09-13,TX_3,TX,4926,1
2015-09-13,WI_1,WI,4173,0
2015-09-13,WI_2,WI,4968,0
2015-09-13,WI_3,WI,4342,0
2015-09-14,CA_1,CA,4133,0
2015-09-14,CA_2,CA,3301,0
2015-09-14,CA_3,CA,6056,0
2015-09-14,CA_4,CA,2428,0
2015-09-14,TX_1,TX,3139,0
2015-09-14,TX_2,TX,3590,0
2015-09-14,TX_3,TX,3726,0
2015-09-14,WI_1,WI,3157,1
2015-09-14,WI_2,WI,4930,1
2015-09-14,WI_3,WI,3611,1
2015-09-15,CA_1,CA,3928,0
2015-09-15,CA_2,CA,3333,0
2015-09-15,CA_3,CA,5983,0
2015-09-15,CA_4,CA,2561,0
2015-09-15,TX_1,TX,2925,1
2015-09-15,TX_2,TX,3408,1
2015-09-15,TX_3,TX,3610,1
2015-09-15,WI_1,WI,2985,1
2015-09-15,WI_2,WI,4907,1
2015-09-15,WI_3,WI,3785,1
2015-09-16,CA_1,CA,3405,0
2015-09-16,CA_2,CA,3214,0
2015-09-16,CA_3,CA,5358,0
2015-09-16,CA_4,CA,2232,0
2015-09-16,TX_1,TX,2719,0
2015-09-16,TX_2,TX,3246,0
2015-09-16,TX_3,TX,3362,0
2015-09-16,WI_1,WI,2822,0
2015-09-16,WI_2,WI,4255,0
2015-09-16,WI_3,WI,3032,0
2015-09-17,CA_1,CA,3773,0
2015-09-17,CA_2,CA,3195,0
2015-09-17,CA_3,CA,5478,0
2015-09-17,CA_4,CA,2291,0
2015-09-17,TX_1,TX,2797,0
2015-09-17,TX_2,TX,3432,0
2015-09-17,TX_3,TX,3230,0
2015-09-17,WI_1,WI,3094,0
2015-09-17,WI_2,WI,3906,0
2015-09-17,WI_3,WI,2802,0
2015-09-18,CA_1,CA,4675,0
2015-09-18,CA_2,CA,3868,0
2015-09-18,CA_3,CA,6336,0
2015-09-18,CA_4,CA,2313,0
2015-09-18,TX_1,TX,3117,0
2015-09-18,TX_2,TX,3842,0
2015-09-18,TX_3,TX,3536,0
2015-09-18,WI_1,WI,3426,0
2015-09-18,WI_2,WI,4299,0
2015-09-18,WI_3,WI,3277,0
2015-09-19,CA_1,CA,5627,0
2015-09-19,CA_2,CA,5767,0
2015-09-19,CA_3,CA,8179,0
2015-09-19,CA_4,CA,2749,0
2015-09-19,TX_1,TX,3939,0
2015-09-19,TX_2,TX,4675,0
2015-09-19,TX_3,TX,4242,0
2015-09-19,WI_1,WI,4444,0
2015-09-19,WI_2,WI,4483,0
2015-09-19,WI_3,WI,4174,0
2015-09-20,CA_1,CA,6123,0
2015-09-20,CA_2,CA,5768,0
2015-09-20,CA_3,CA,8300,0
2015-09-20,CA_4,CA,2969,0
2015-09-20,TX_1,TX,4245,0
2015-09-20,TX_2,TX,5160,0
2015-09-20,TX_3,TX,4774,0
2015-09-20,WI_1,WI,4175,0
2015-09-20,WI_2,WI,4319,0
2015-09-20,WI_3,WI,4146,0
2015-09-21,CA_1,CA,4425,0
2015-09-21,CA_2,CA,3714,0
2015-09-21,CA_3,CA,6339,0
2015-09-21,CA_4,CA,2758,0
2015-09-21,TX_1,TX,2947,0
2015-09-21,TX_2,TX,3363,0
2015-09-21,TX_3,TX,3322,0
2015-09-21,WI_1,WI,2697,0
2015-09-21,WI_2,WI,3679,0
2015-09-21,WI_3,WI,2901,0
2015-09-22,CA_1,CA,3912,0
2015-09-22,CA_2,CA,3306,0
2015-09-22,CA_3,CA,6133,0
2015-09-22,CA_4,CA,2402,0
2015-09-22,TX_1,TX,2784,0
2015-09-22,TX_2,TX,3219,0
2015-09-22,TX_3,TX,3235,0
2015-09-22,WI_1,WI,2761,0
2015-09-22,WI_2,WI,3136,0
2015-09-22,WI_3,WI,2630,0
2015-09-23,CA_1,CA,3656,0
2015-09-23,CA_2,CA,3096,0
2015-09-23,CA_3,CA,6027,0
2015-09-23,CA_4,CA,2319,0
2015-09-23,TX_1,TX,2804,0
2015-09-23,TX_2,TX,3616,0
2015-09-23,TX_3,TX,3209,0
2015-09-23,WI_1,WI,2674,0
2015-09-23,WI_2,WI,3525,0
2015-09-23,WI_3,WI,2571,0
2015-09-24,CA_1,CA,3430,0
2015-09-24,CA_2,CA,3405,0
2015-09-24,CA_3,CA,5404,0
2015-09-24,CA_4,CA,2371,0
2015-09-24,TX_1,TX,2587,0
2015-09-24,TX_2,TX,3279,0
2015-09-24,TX_3,TX,3321,0
2015-09-24,WI_1,WI,2877,0
2015-09-24,WI_2,WI,3560,0
2015-09-24,WI_3,WI,2733,0
2015-09-25,CA_1,CA,4515,0
2015-09-25,CA_2,CA,4127,0
2015-09-25,CA_3,CA,6264,0
2015-09-25,CA_4,CA,2526,0
2015-09-25,TX_1,TX,2918,0
2015-09-25,TX_2,TX,3830,0
2015-09-25,TX_3,TX,3265,0
2015-09-25,WI_1,WI,3447,0
2015-09-25,WI_2,WI,4352,0
2015-09-25,WI_3,WI,3436,0
2015-09-26,CA_1,CA,5421,0
2015-09-26,CA_2,CA,5795,0
2015-09-26,CA_3,CA,7427,0
2015-09-26,CA_4,CA,2995,0
2015-09-26,TX_1,TX,3540,0
2015-09-26,TX_2,TX,4585,0
2015-09-26,TX_3,TX,4161,0
2015-09-26,WI_1,WI,4394,0
2015-09-26,WI_2,WI,4492,0
2015-09-26,WI_3,WI,3826,0
2015-09-27,CA_1,CA,5838,0
2015-09-27,CA_2,CA,5769,0
2015-09-27,CA_3,CA,7837,0
2015-09-27,CA_4,CA,3018,0
2015-09-27,TX_1,TX,3842,0
2015-09-27,TX_2,TX,4502,0
2015-09-27,TX_3,TX,4266,0
2015-09-27,WI_1,WI,4312,0
2015-09-27,WI_2,WI,4229,0
2015-09-27,WI_3,WI,4000,0
2015-09-28,CA_1,CA,4053,0
2015-09-28,CA_2,CA,3497,0
2015-09-28,CA_3,CA,6071,0
2015-09-28,CA_4,CA,2638,0
2015-09-28,TX_1,TX,2456,0
2015-09-28,TX_2,TX,3611,0
2015-09-28,TX_3,TX,3265,0
2015-09-28,WI_1,WI,2711,0
2015-09-28,WI_2,WI,3098,0
2015-09-28,WI_3,WI,2862,0
2015-09-29,CA_1,CA,3293,0
2015-09-29,CA_2,CA,3155,0
2015-09-29,CA_3,CA,5261,0
2015-09-29,CA_4,CA,1968,0
2015-09-29,TX_1,TX,2563,0
2015-09-29,TX_2,TX,3077,0
2015-09-29,TX_3,TX,2747,0
2015-09-29,WI_1,WI,2788,0
2015-09-29,WI_2,WI,3282,0
2015-09-29,WI_3,WI,2481,0
2015-09-30,CA_1,CA,3377,0
2015-09-30,CA_2,CA,2920,0
2015-09-30,CA_3,CA,5338,0
2015-09-30,CA_4,CA,2317,0
2015-09-30,TX_1,TX,2444,0
2015-09-30,TX_2,TX,2951,0
2015-09-30,TX_3,TX,2957,0
2015-09-30,WI_1,WI,2860,0
2015-09-30,WI_2,WI,3565,0
2015-09-30,WI_3,WI,2541,0
2015-10-01,CA_1,CA,3941,1
2015-10-01,CA_2,CA,3622,1
2015-10-01,CA_3,CA,5867,1
2015-10-01,CA_4,CA,2296,1
2015-10-01,TX_1,TX,2942,1
2015-10-01,TX_2,TX,3948,1
2015-10-01,TX_3,TX,4051,1
2015-10-01,WI_1,WI,3285,0
2015-10-01,WI_2,WI,4661,0
2015-10-01,WI_3,WI,3064,0
2015-10-02,CA_1,CA,5145,1
2015-10-02,CA_2,CA,4600,1
2015-10-02,CA_3,CA,6515,1
2015-10-02,CA_4,CA,2522,1
2015-10-02,TX_1,TX,3323,0
2015-10-02,TX_2,TX,3902,0
2015-10-02,TX_3,TX,4105,0
2015-10-02,WI_1,WI,3998,1
2015-10-02,WI_2,WI,5988,1
2015-10-02,WI_3,WI,4278,1
2015-10-03,CA_1,CA,6433,1
2015-10-03,CA_2,CA,6080,1
2015-10-03,CA_3,CA,8592,1
2015-10-03,CA_4,CA,3181,1
2015-10-03,TX_1,TX,3868,1
2015-10-03,TX_2,TX,5058,1
2015-10-03,TX_3,TX,4696,1
2015-10-03,WI_1,WI,5027,1
2015-10-03,WI_2,WI,6413,1
2015-10-03,WI_3,WI,5339,1
2015-10-04,CA_1,CA,6668,1
2015-10-04,CA_2,CA,6199,1
2015-10-04,CA_3,CA,8674,1
2015-10-04,CA_4,CA,3188,1
2015-10-04,TX_1,TX,4053,0
2015-10-04,TX_2,TX,4998,0
2015-10-04,TX_3,TX,4881,0
2015-10-04,WI_1,WI,4320,0
2015-10-04,WI_2,WI,5283,0
2015-10-04,WI_3,WI,4631,0
2015-10-05,CA_1,CA,4847,1
2015-10-05,CA_2,CA,3747,1
2015-10-05,CA_3,CA,7246,1
2015-10-05,CA_4,CA,2671,1
2015-10-05,TX_1,TX,3178,1
2015-10-05,TX_2,TX,3942,1
2015-10-05,TX_3,TX,4364,1
2015-10-05,WI_1,WI,3225,1
2015-10-05,WI_2,WI,5370,1
2015-10-05,WI_3,WI,3884,1
2015-10-06,CA_1,CA,4138,1
2015-10-06,CA_2,CA,3375,1
2015-10-06,CA_3,CA,6284,1
2015-10-06,CA_4,CA,2366,1
2015-10-06,TX_1,TX,3138,1
2015-10-06,TX_2,TX,3668,1
2015-10-06,TX_3,TX,3957,1
2015-10-06,WI_1,WI,3061,1
2015-10-06,WI_2,WI,5184,1
2015-10-06,WI_3,WI,3684,1
2015-10-07,CA_1,CA,3956,1
2015-10-07,CA_2,CA,3175,1
2015-10-07,CA_3,CA,6160,1
2015-10-07,CA_4,CA,2506,1
2015-10-07,TX_1,TX,2851,1
2015-10-07,TX_2,TX,3411,1
2015-10-07,TX_3,TX,3886,1
2015-10-07,WI_1,WI,2768,0
2015-10-07,WI_2,WI,4047,0
2015-10-07,WI_3,WI,3127,0
2015-10-08,CA_1,CA,3992,1
2015-10-08,CA_2,CA,3456,1
2015-10-08,CA_3,CA,5916,1
2015-10-08,CA_4,CA,2498,1
2015-10-08,TX_1,TX,2512,0
2015-10-08,TX_2,TX,3559,0
2015-10-08,TX_3,TX,3888,0
2015-10-08,WI_1,WI,3297,1
2015-10-08,WI_2,WI,5314,1
2015-10-08,WI_3,WI,3387,1
2015-10-09,CA_1,CA,4748,1
2015-10-09,CA_2,CA,4388,1
2015-10-09,CA_3,CA,6812,1
2015-10-09,CA_4,CA,2538,1
2015-10-09,TX_1,TX,3230,1
2015-10-09,TX_2,TX,4251,1
2015-10-09,TX_3,TX,3841,1
2015-10-09,WI_1,WI,4186,1
2015-10-09,WI_2,WI,5290,1
2015-10-09,WI_3,WI,4311,1
2015-10-10,CA_1,CA,5923,1
2015-10-10,CA_2,CA,5657,1
2015-10-10,CA_3,CA,7767,1
2015-10-10,CA_4,CA,2737,1
2015-10-10,TX_1,TX,3736,0
2015-10-10,TX_2,TX,4305,0
2015-10-10,TX_3,TX,4487,0
2015-10-10,WI_1,WI,4799,0
2015-10-10,WI_2,WI,4979,0
2015-10-10,WI_3,WI,4397,0
2015-10-11,CA_1,CA,6025,0
2015-10-11,CA_2,CA,6071,0
2015-10-11,CA_3,CA,6283,0
2015-10-11,CA_4,CA,2950,0
2015-10-11,TX_1,TX,4227,1
2015-10-11,TX_2,TX,4977,1
2015-10-11,TX_3,TX,4794,1
2015-10-11,WI_1,WI,4262,1
2015-10-11,WI_2,WI,5475,1
2015-10-11,WI_3,WI,4640,1
2015-10-12,CA_1,CA,4880,0
2015-10-12,CA_2,CA,3742,0
2015-10-12,CA_3,CA,7279,0
2015-10-12,CA_4,CA,2572,0
2015-10-12,TX_1,TX,3527,1
2015-10-12,TX_2,TX,3801,1
2015-10-12,TX_3,TX,4094,1
2015-10-12,WI_1,WI,3303,1
2015-10-12,WI_2,WI,5376,1
2015-10-12,WI_3,WI,3666,1
2015-10-13,CA_1,CA,3977,0
2015-10-13,CA_2,CA,3285,0
2015-10-13,CA_3,CA,5827,0
2015-10-13,CA_4,CA,2247,0
2015-10-13,TX_1,TX,3032,1
2015-10-13,TX_2,TX,3534,1
2015-10-13,TX_3,TX,3610,1
2015-10-13,WI_1,WI,2992,0
2015-10-13,WI_2,WI,4012,0
2015-10-13,WI_3,WI,3165,0
2015-10-14,CA_1,CA,3665,0
2015-10-14,CA_2,CA,3064,0
2015-10-14,CA_3,CA,5745,0
2015-10-14,CA_4,CA,2312,0
2015-10-14,TX_1,TX,2576,0
2015-10-14,TX_2,TX,3189,0
2015-10-14,TX_3,TX,2392,0
2015-10-14,WI_1,WI,3217,1
2015-10-14,WI_2,WI,4511,1
2015-10-14,WI_3,WI,3577,1
2015-10-15,CA_1,CA,3611,0
2015-10-15,CA_2,CA,3243,0
2015-10-15,CA_3,CA,5404,0
2015-10-15,CA_4,CA,2288,0
2015-10-15,TX_1,TX,2775,1
2015-10-15,TX_2,TX,3472,1
2015-10-15,TX_3,TX,4006,1
2015-10-15,WI_1,WI,3062,1
2015-10-15,WI_2,WI,4911,1
2015-10-15,WI_3,WI,3581,1
2015-10-16,CA_1,CA,4122,0
2015-10-16,CA_2,CA,4189,0
2015-10-16,CA_3,CA,5769,0
2015-10-16,CA_4,CA,2169,0
2015-10-16,TX_1,TX,2899,0
2015-10-16,TX_2,TX,3862,0
2015-10-16,TX_3,TX,3525,0
2015-10-16,WI_1,WI,3601,0
2015-10-16,WI_2,WI,4621,0
2015-10-16,WI_3,WI,3665,0
2015-10-17,CA_1,CA,5582,0
2015-10-17,CA_2,CA,5870,0
2015-10-17,CA_3,CA,7446,0
2015-10-17,CA_4,CA,2866,0
2015-10-17,TX_1,TX,3624,0
2015-10-17,TX_2,TX,4556,0
2015-10-17,TX_3,TX,4490,0
2015-10-17,WI_1,WI,4445,0
2015-10-17,WI_2,WI,4556,0
2015-10-17,WI_3,WI,4378,0
2015-10-18,CA_1,CA,6214,0
2015-10-18,CA_2,CA,5895,0
2015-10-18,CA_3,CA,8037,0
2015-10-18,CA_4,CA,2941,0
2015-10-18,TX_1,TX,3940,0
2015-10-18,TX_2,TX,4695,0
2015-10-18,TX_3,TX,4338,0
2015-10-18,WI_1,WI,4228,0
2015-10-18,WI_2,WI,4409,0
2015-10-18,WI_3,WI,4267,0
2015-10-19,CA_1,CA,4094,0
2015-10-19,CA_2,CA,3292,0
2015-10-19,CA_3,CA,6022,0
2015-10-19,CA_4,CA,2597,0
2015-10-19,TX_1,TX,2887,0
2015-10-19,TX_2,TX,3674,0
2015-10-19,TX_3,TX,3555,0
2015-10-19,WI_1,WI,3019,0
2015-10-19,WI_2,WI,3309,0
2015-10-19,WI_3,WI,2853,0
2015-10-20,CA_1,CA,3717,0
2015-10-20,CA_2,CA,3246,0
2015-10-20,CA_3,CA,5514,0
2015-10-20,CA_4,CA,2511,0
2015-10-20,TX_1,TX,2437,0
2015-10-20,TX_2,TX,3363,0
2015-10-20,TX_3,TX,3283,0
2015-10-20,WI_1,WI,2841,0
2015-10-20,WI_2,WI,3218,0
2015-10-20,WI_3,WI,2974,0
2015-10-21,CA_1,CA,3717,0
2015-10-21,CA_2,CA,3248,0
2015-10-21,CA_3,CA,5240,0
2015-10-21,CA_4,CA,2137,0
2015-10-21,TX_1,TX,2570,0
2015-10-21,TX_2,TX,3215,0
2015-10-21,TX_3,TX,3161,0
2015-10-21,WI_1,WI,3092,0
2015-10-21,WI_2,WI,3241,0
2015-10-21,WI_3,WI,2790,0
2015-10-22,CA_1,CA,3211,0
2015-10-22,CA_2,CA,3292,0
2015-10-22,CA_3,CA,5480,0
2015-10-22,CA_4,CA,2128,0
2015-10-22,TX_1,TX,2727,0
2015-10-22,TX_2,TX,3236,0
2015-10-22,TX_3,TX,3363,0
2015-10-22,WI_1,WI,2891,0
2015-10-22,WI_2,WI,3746,0
2015-10-22,WI_3,WI,2696,0
2015-10-23,CA_1,CA,4076,0
2015-10-23,CA_2,CA,4181,0
2015-10-23,CA_3,CA,5520,0
2015-10-23,CA_4,CA,2340,0
2015-10-23,TX_1,TX,3029,0
2015-10-23,TX_2,TX,4264,0
2015-10-23,TX_3,TX,3860,0
2015-10-23,WI_1,WI,3950,0
2015-10-23,WI_2,WI,3558,0
2015-10-23,WI_3,WI,3243,0
2015-10-24,CA_1,CA,5164,0
2015-10-24,CA_2,CA,5559,0
2015-10-24,CA_3,CA,6559,0
2015-10-24,CA_4,CA,2767,0
2015-10-24,TX_1,TX,3275,0
2015-10-24,TX_2,TX,4384,0
2015-10-24,TX_3,TX,3933,0
2015-10-24,WI_1,WI,4890,0
2015-10-24,WI_2,WI,4515,0
2015-10-24,WI_3,WI,3960,0
2015-10-25,CA_1,CA,6013,0
2015-10-25,CA_2,CA,5766,0
2015-10-25,CA_3,CA,7897,0
2015-10-25,CA_4,CA,2956,0
2015-10-25,TX_1,TX,3395,0
2015-10-25,TX_2,TX,3836,0
2015-10-25,TX_3,TX,3685,0
2015-10-25,WI_1,WI,4328,0
2015-10-25,WI_2,WI,4345,0
2015-10-25,WI_3,WI,3958,0
2015-10-26,CA_1,CA,3953,0
2015-10-26,CA_2,CA,3413,0
2015-10-26,CA_3,CA,5914,0
2015-10-26,CA_4,CA,2308,0
2015-10-26,TX_1,TX,2778,0
2015-10-26,TX_2,TX,3797,0
2015-10-26,TX_3,TX,3533,0
2015-10-26,WI_1,WI,2918,0
2015-10-26,WI_2,WI,3568,0
2015-10-26,WI_3,WI,2910,0
2015-10-27,CA_1,CA,3658,0
2015-10-27,CA_2,CA,3315,0
2015-10-27,CA_3,CA,5475,0
2015-10-27,CA_4,CA,2410,0
2015-10-27,TX_1,TX,2498,0
2015-10-27,TX_2,TX,3132,0
2015-10-27,TX_3,TX,3074,0
2015-10-27,WI_1,WI,2793,0
2015-10-27,WI_2,WI,3261,0
2015-10-27,WI_3,WI,2703,0
2015-10-28,CA_1,CA,3400,0
2015-10-28,CA_2,CA,3198,0
2015-10-28,CA_3,CA,5379,0
2015-10-28,CA_4,CA,2276,0
2015-10-28,TX_1,TX,2527,0
2015-10-28,TX_2,TX,3213,0
2015-10-28,TX_3,TX,3011,0
2015-10-28,WI_1,WI,2640,0
2015-10-28,WI_2,WI,3179,0
2015-10-28,WI_3,WI,2444,0
2015-10-29,CA_1,CA,3380,0
2015-10-29,CA_2,CA,3406,0
2015-10-29,CA_3,CA,5449,0
2015-10-29,CA_4,CA,2363,0
2015-10-29,TX_1,TX,2622,0
2015-10-29,TX_2,TX,3249,0
2015-10-29,TX_3,TX,3318,0
2015-10-29,WI_1,WI,2980,0
2015-10-29,WI_2,WI,3695,0
2015-10-29,WI_3,WI,2770,0
2015-10-30,CA_1,CA,4523,0
2015-10-30,CA_2,CA,4372,0
2015-10-30,CA_3,CA,5654,0
2015-10-30,CA_4,CA,2563,0
2015-10-30,TX_1,TX,2872,0
2015-10-30,TX_2,TX,3930,0
2015-10-30,TX_3,TX,3518,0
2015-10-30,WI_1,WI,4199,0
2015-10-30,WI_2,WI,4862,0
2015-10-30,WI_3,WI,4021,0
2015-10-31,CA_1,CA,5214,0
2015-10-31,CA_2,CA,5604,0
2015-10-31,CA_3,CA,6500,0
2015-10-31,CA_4,CA,3058,0
2015-10-31,TX_1,TX,3182,0
2015-10-31,TX_2,TX,3187,0
2015-10-31,TX_3,TX,3526,0
2015-10-31,WI_1,WI,4159,0
2015-10-31,WI_2,WI,4431,0
2015-10-31,WI_3,WI,3882,0
2015-11-01,CA_1,CA,5260,1
2015-11-01,CA_2,CA,5925,1
2015-11-01,CA_3,CA,8010,1
2015-11-01,CA_4,CA,2750,1
2015-11-01,TX_1,TX,3754,1
2015-11-01,TX_2,TX,4548,1
2015-11-01,TX_3,TX,4512,1
2015-11-01,WI_1,WI,4305,0
2015-11-01,WI_2,WI,3953,0
2015-11-01,WI_3,WI,3977,0
2015-11-02,CA_1,CA,4173,1
2015-11-02,CA_2,CA,3093,1
2015-11-02,CA_3,CA,5774,1
2015-11-02,CA_4,CA,2491,1
2015-11-02,TX_1,TX,2741,0
2015-11-02,TX_2,TX,3497,0
2015-11-02,TX_3,TX,3508,0
2015-11-02,WI_1,WI,3155,1
2015-11-02,WI_2,WI,4486,1
2015-11-02,WI_3,WI,3539,1
2015-11-03,CA_1,CA,4103,1
2015-11-03,CA_2,CA,3340,1
2015-11-03,CA_3,CA,6020,1
2015-11-03,CA_4,CA,2589,1
2015-11-03,TX_1,TX,2763,1
2015-11-03,TX_2,TX,3332,1
2015-11-03,TX_3,TX,3864,1
2015-11-03,WI_1,WI,3197,1
2015-11-03,WI_2,WI,4916,1
2015-11-03,WI_3,WI,3873,1
2015-11-04,CA_1,CA,3622,1
2015-11-04,CA_2,CA,3178,1
2015-11-04,CA_3,CA,5365,1
2015-11-04,CA_4,CA,2101,1
2015-11-04,TX_1,TX,2519,0
2015-11-04,TX_2,TX,3098,0
2015-11-04,TX_3,TX,3301,0
2015-11-04,WI_1,WI,2578,0
2015-11-04,WI_2,WI,3605,0
2015-11-04,WI_3,WI,2735,0
2015-11-05,CA_1,CA,3541,1
2015-11-05,CA_2,CA,3290,1
2015-11-05,CA_3,CA,5312,1
2015-11-05,CA_4,CA,2278,1
2015-11-05,TX_1,TX,2615,1
2015-11-05,TX_2,TX,3471,1
2015-11-05,TX_3,TX,3139,1
2015-11-05,WI_1,WI,3027,1
2015-11-05,WI_2,WI,4551,1
2015-11-05,WI_3,WI,3451,1
2015-11-06,CA_1,CA,4284,1
2015-11-06,CA_2,CA,3901,1
2015-11-06,CA_3,CA,5702,1
2015-11-06,CA_4,CA,2356,1
2015-11-06,TX_1,TX,2981,1
2015-11-06,TX_2,TX,3832,1
2015-11-06,TX_3,TX,3696,1
2015-11-06,WI_1,WI,3728,1
2015-11-06,WI_2,WI,5062,1
2015-11-06,WI_3,WI,4079,1
2015-11-07,CA_1,CA,5414,1
2015-11-07,CA_2,CA,5575,1
2015-11-07,CA_3,CA,6934,1
2015-11-07,CA_4,CA,2753,1
2015-11-07,TX_1,TX,3510,1
2015-11-07,TX_2,TX,4906,1
2015-11-07,TX_3,TX,4348,1
2015-11-07,WI_1,WI,4687,0
2015-11-07,WI_2,WI,4749,0
2015-11-07,WI_3,WI,4465,0
2015-11-08,CA_1,CA,5599,1
2015-11-08,CA_2,CA,5388,1
2015-11-08,CA_3,CA,8217,1
2015-11-08,CA_4,CA,2738,1
2015-11-08,TX_1,TX,3689,0
2015-11-08,TX_2,TX,4598,0
2015-11-08,TX_3,TX,4151,0
2015-11-08,WI_1,WI,4134,1
2015-11-08,WI_2,WI,5382,1
2015-11-08,WI_3,WI,4515,1
2015-11-09,CA_1,CA,3828,1
2015-11-09,CA_2,CA,3136,1
2015-11-09,CA_3,CA,5788,1
2015-11-09,CA_4,CA,2268,1
2015-11-09,TX_1,TX,2963,1
2015-11-09,TX_2,TX,3587,1
2015-11-09,TX_3,TX,3770,1
2015-11-09,WI_1,WI,3028,1
2015-11-09,WI_2,WI,4703,1
2015-11-09,WI_3,WI,3844,1
2015-11-10,CA_1,CA,3928,1
2015-11-10,CA_2,CA,3315,1
2015-11-10,CA_3,CA,5498,1
2015-11-10,CA_4,CA,2251,1
2015-11-10,TX_1,TX,2410,0
2015-11-10,TX_2,TX,3476,0
2015-11-10,TX_3,TX,3206,0
2015-11-10,WI_1,WI,2735,0
2015-11-10,WI_2,WI,3585,0
2015-11-10,WI_3,WI,2970,0
2015-11-11,CA_1,CA,3702,0
2015-11-11,CA_2,CA,3424,0
2015-11-11,CA_3,CA,5187,0
2015-11-11,CA_4,CA,2097,0
2015-11-11,TX_1,TX,2744,1
2015-11-11,TX_2,TX,3122,1
2015-11-11,TX_3,TX,3012,1
2015-11-11,WI_1,WI,2976,1
2015-11-11,WI_2,WI,4071,1
2015-11-11,WI_3,WI,3003,1
2015-11-12,CA_1,CA,2984,0
2015-11-12,CA_2,CA,3058,0
2015-11-12,CA_3,CA,4877,0
2015-11-12,CA_4,CA,2218,0
2015-11-12,TX_1,TX,2518,1
2015-11-12,TX_2,TX,3070,1
2015-11-12,TX_3,TX,3446,1
2015-11-12,WI_1,WI,2752,1
2015-11-12,WI_2,WI,5038,1
2015-11-12,WI_3,WI,3281,1
2015-11-13,CA_1,CA,3652,0
2015-11-13,CA_2,CA,3851,0
2015-11-13,CA_3,CA,5008,0
2015-11-13,CA_4,CA,2081,0
2015-11-13,TX_1,TX,2941,1
2015-11-13,TX_2,TX,3468,1
2015-11-13,TX_3,TX,3579,1
2015-11-13,WI_1,WI,3806,0
2015-11-13,WI_2,WI,4355,0
2015-11-13,WI_3,WI,3454,0
2015-11-14,CA_1,CA,4954,0
2015-11-14,CA_2,CA,5562,0
2015-11-14,CA_3,CA,6785,0
2015-11-14,CA_4,CA,2505,0
2015-11-14,TX_1,TX,3371,0
2015-11-14,TX_2,TX,4286,0
2015-11-14,TX_3,TX,4136,0
2015-11-14,WI_1,WI,5297,1
2015-11-14,WI_2,WI,5318,1
2015-11-14,WI_3,WI,5128,1
2015-11-15,CA_1,CA,5817,0
2015-11-15,CA_2,CA,5522,0
2015-11-15,CA_3,CA,7294,0
2015-11-15,CA_4,CA,3004,0
2015-11-15,TX_1,TX,3973,1
2015-11-15,TX_2,TX,4820,1
2015-11-15,TX_3,TX,4764,1
2015-11-15,WI_1,WI,4225,1
2015-11-15,WI_2,WI,5782,1
2015-11-15,WI_3,WI,4554,1
2015-11-16,CA_1,CA,3592,0
2015-11-16,CA_2,CA,3383,0
2015-11-16,CA_3,CA,5594,0
2015-11-16,CA_4,CA,2558,0
2015-11-16,TX_1,TX,2940,0
2015-11-16,TX_2,TX,3899,0
2015-11-16,TX_3,TX,3527,0
2015-11-16,WI_1,WI,2791,0
2015-11-16,WI_2,WI,4044,0
2015-11-16,WI_3,WI,3407,0
2015-11-17,CA_1,CA,3503,0
2015-11-17,CA_2,CA,2966,0
2015-11-17,CA_3,CA,4979,0
2015-11-17,CA_4,CA,2326,0
2015-11-17,TX_1,TX,2295,0
2015-11-17,TX_2,TX,2598,0
2015-11-17,TX_3,TX,2743,0
2015-11-17,WI_1,WI,2271,0
2015-11-17,WI_2,WI,3055,0
2015-11-17,WI_3,WI,2438,0
2015-11-18,CA_1,CA,3463,0
2015-11-18,CA_2,CA,2964,0
2015-11-18,CA_3,CA,4867,0
2015-11-18,CA_4,CA,2022,0
2015-11-18,TX_1,TX,2698,0
2015-11-18,TX_2,TX,3349,0
2015-11-18,TX_3,TX,3386,0
2015-11-18,WI_1,WI,2975,0
2015-11-18,WI_2,WI,3447,0
2015-11-18,WI_3,WI,2989,0
2015-11-19,CA_1,CA,3359,0
2015-11-19,CA_2,CA,3176,0
2015-11-19,CA_3,CA,4516,0
2015-11-19,CA_4,CA,2210,0
2015-11-19,TX_1,TX,2694,0
2015-11-19,TX_2,TX,3390,0
2015-11-19,TX_3,TX,3129,0
2015-11-19,WI_1,WI,3188,0
2015-11-19,WI_2,WI,3660,0
2015-11-19,WI_3,WI,3043,0
2015-11-20,CA_1,CA,4037,0
2015-11-20,CA_2,CA,3658,0
2015-11-20,CA_3,CA,5144,0
2015-11-20,CA_4,CA,2342,0
2015-11-20,TX_1,TX,2784,0
2015-11-20,TX_2,TX,3394,0
2015-11-20,TX_3,TX,3383,0
2015-11-20,WI_1,WI,4876,0
2015-11-20,WI_2,WI,4874,0
2015-11-20,WI_3,WI,3865,0
2015-11-21,CA_1,CA,5115,0
2015-11-21,CA_2,CA,5758,0
2015-11-21,CA_3,CA,6309,0
2015-11-21,CA_4,CA,2750,0
2015-11-21,TX_1,TX,3578,0
2015-11-21,TX_2,TX,4276,0
2015-11-21,TX_3,TX,3938,0
2015-11-21,WI_1,WI,3532,0
2015-11-21,WI_2,WI,3881,0
2015-11-21,WI_3,WI,3656,0
2015-11-22,CA_1,CA,5614,0
2015-11-22,CA_2,CA,5212,0
2015-11-22,CA_3,CA,7376,0
2015-11-22,CA_4,CA,2636,0
2015-11-22,TX_1,TX,3731,0
2015-11-22,TX_2,TX,4317,0
2015-11-22,TX_3,TX,4024,0
2015-11-22,WI_1,WI,4436,0
2015-11-22,WI_2,WI,3765,0
2015-11-22,WI_3,WI,3814,0
2015-11-23,CA_1,CA,4607,0
2015-11-23,CA_2,CA,3481,0
2015-11-23,CA_3,CA,5596,0
2015-11-23,CA_4,CA,2372,0
2015-11-23,TX_1,TX,2924,0
2015-11-23,TX_2,TX,3516,0
2015-11-23,TX_3,TX,3301,0
2015-11-23,WI_1,WI,3073,0
2015-11-23,WI_2,WI,3305,0
2015-11-23,WI_3,WI,2965,0
2015-11-24,CA_1,CA,3942,0
2015-11-24,CA_2,CA,3349,0
2015-11-24,CA_3,CA,5216,0
2015-11-24,CA_4,CA,2430,0
2015-11-24,TX_1,TX,2850,0
2015-11-24,TX_2,TX,3484,0
2015-11-24,TX_3,TX,3262,0
2015-11-24,WI_1,WI,3185,0
2015-11-24,WI_2,WI,3460,0
2015-11-24,WI_3,WI,3044,0
2015-11-25,CA_1,CA,4438,0
2015-11-25,CA_2,CA,4165,0
2015-11-25,CA_3,CA,5851,0
2015-11-25,CA_4,CA,2641,0
2015-11-25,TX_1,TX,3339,0
2015-11-25,TX_2,TX,4368,0
2015-11-25,TX_3,TX,3925,0
2015-11-25,WI_1,WI,3743,0
2015-11-25,WI_2,WI,3872,0
2015-11-25,WI_3,WI,3782,0
2015-11-26,CA_1,CA,2160,0
2015-11-26,CA_2,CA,2265,0
2015-11-26,CA_3,CA,3674,0
2015-11-26,CA_4,CA,1471,0
2015-11-26,TX_1,TX,2688,0
2015-11-26,TX_2,TX,2848,0
2015-11-26,TX_3,TX,2319,0
2015-11-26,WI_1,WI,1607,0
2015-11-26,WI_2,WI,1801,0
2015-11-26,WI_3,WI,2798,0
2015-11-27,CA_1,CA,2696,0
2015-11-27,CA_2,CA,3404,0
2015-11-27,CA_3,CA,3972,0
2015-11-27,CA_4,CA,1465,0
2015-11-27,TX_1,TX,2402,0
2015-11-27,TX_2,TX,2970,0
2015-11-27,TX_3,TX,2556,0
2015-11-27,WI_1,WI,2713,0
2015-11-27,WI_2,WI,2629,0
2015-11-27,WI_3,WI,2774,0
2015-11-28,CA_1,CA,3812,0
2015-11-28,CA_2,CA,4167,0
2015-11-28,CA_3,CA,5075,0
2015-11-28,CA_4,CA,2034,0
2015-11-28,TX_1,TX,2564,0
2015-11-28,TX_2,TX,3391,0
2015-11-28,TX_3,TX,3239,0
2015-11-28,WI_1,WI,3676,0
2015-11-28,WI_2,WI,2972,0
2015-11-28,WI_3,WI,3282,0
2015-11-29,CA_1,CA,4585,0
2015-11-29,CA_2,CA,4222,0
2015-11-29,CA_3,CA,5991,0
2015-11-29,CA_4,CA,2418,0
2015-11-29,TX_1,TX,3141,0
2015-11-29,TX_2,TX,3446,0
2015-11-29,TX_3,TX,3298,0
2015-11-29,WI_1,WI,3965,0
2015-11-29,WI_2,WI,3491,0
2015-11-29,WI_3,WI,3225,0
2015-11-30,CA_1,CA,3806,0
2015-11-30,CA_2,CA,3309,0
2015-11-30,CA_3,CA,5055,0
2015-11-30,CA_4,CA,2279,0
2015-11-30,TX_1,TX,2411,0
2015-11-30,TX_2,TX,3151,0
2015-11-30,TX_3,TX,3213,0
2015-11-30,WI_1,WI,2828,0
2015-11-30,WI_2,WI,3125,0
2015-11-30,WI_3,WI,2839,0
2015-12-01,CA_1,CA,3879,1
2015-12-01,CA_2,CA,3417,1
2015-12-01,CA_3,CA,5284,1
2015-12-01,CA_4,CA,2243,1
2015-12-01,TX_1,TX,2766,1
2015-12-01,TX_2,TX,3332,1
2015-12-01,TX_3,TX,3641,1
2015-12-01,WI_1,WI,3253,0
2015-12-01,WI_2,WI,4045,0
2015-12-01,WI_3,WI,2958,0
2015-12-02,CA_1,CA,3673,1
2015-12-02,CA_2,CA,3179,1
2015-12-02,CA_3,CA,5136,1
2015-12-02,CA_4,CA,2186,1
2015-12-02,TX_1,TX,2510,0
2015-12-02,TX_2,TX,2782,0
2015-12-02,TX_3,TX,3209,0
2015-12-02,WI_1,WI,2913,1
2015-12-02,WI_2,WI,4864,1
2015-12-02,WI_3,WI,3280,1
2015-12-03,CA_1,CA,3691,1
2015-12-03,CA_2,CA,3490,1
2015-12-03,CA_3,CA,5543,1
2015-12-03,CA_4,CA,2296,1
2015-12-03,TX_1,TX,2820,1
2015-12-03,TX_2,TX,3194,1
2015-12-03,TX_3,TX,3680,1
2015-12-03,WI_1,WI,3711,1
2015-12-03,WI_2,WI,5578,1
2015-12-03,WI_3,WI,4026,1
2015-12-04,CA_1,CA,4084,1
2015-12-04,CA_2,CA,4315,1
2015-12-04,CA_3,CA,5749,1
2015-12-04,CA_4,CA,2518,1
2015-12-04,TX_1,TX,2844,0
2015-12-04,TX_2,TX,3127,0
2015-12-04,TX_3,TX,3170,0
2015-12-04,WI_1,WI,4334,0
2015-12-04,WI_2,WI,4306,0
2015-12-04,WI_3,WI,3740,0
2015-12-05,CA_1,CA,5286,1
2015-12-05,CA_2,CA,5623,1
2015-12-05,CA_3,CA,6837,1
2015-12-05,CA_4,CA,2456,1
2015-12-05,TX_1,TX,3443,1
2015-12-05,TX_2,TX,4141,1
2015-12-05,TX_3,TX,3865,1
2015-12-05,WI_1,WI,5293,1
2015-12-05,WI_2,WI,5302,1
2015-12-05,WI_3,WI,4779,1
2015-12-06,CA_1,CA,5352,1
2015-12-06,CA_2,CA,5781,1
2015-12-06,CA_3,CA,7334,1
2015-12-06,CA_4,CA,2634,1
2015-12-06,TX_1,TX,3660,1
2015-12-06,TX_2,TX,4597,1
2015-12-06,TX_3,TX,4122,1
2015-12-06,WI_1,WI,4882,1
2015-12-06,WI_2,WI,5675,1
2015-12-06,WI_3,WI,4378,1
2015-12-07,CA_1,CA,4020,1
2015-12-07,CA_2,CA,3287,1
2015-12-07,CA_3,CA,5461,1
2015-12-07,CA_4,CA,2492,1
2015-12-07,TX_1,TX,2723,1
2015-12-07,TX_2,TX,3778,1
2015-12-07,TX_3,TX,3634,1
2015-12-07,WI_1,WI,3053,0
2015-12-07,WI_2,WI,3956,0
2015-12-07,WI_3,WI,3004,0
2015-12-08,CA_1,CA,3560,1
2015-12-08,CA_2,CA,3089,1
2015-12-08,CA_3,CA,5117,1
2015-12-08,CA_4,CA,2090,1
2015-12-08,TX_1,TX,2205,0
2015-12-08,TX_2,TX,3192,0
2015-12-08,TX_3,TX,3074,0
2015-12-08,WI_1,WI,2818,1
2015-12-08,WI_2,WI,4535,1
2015-12-08,WI_3,WI,3233,1
2015-12-09,CA_1,CA,3417,1
2015-12-09,CA_2,CA,3172,1
2015-12-09,CA_3,CA,4877,1
2015-12-09,CA_4,CA,2301,1
2015-12-09,TX_1,TX,2470,1
2015-12-09,TX_2,TX,3214,1
2015-12-09,TX_3,TX,3096,1
2015-12-09,WI_1,WI,3420,1
2015-12-09,WI_2,WI,4471,1
2015-12-09,WI_3,WI,3252,1
2015-12-10,CA_1,CA,3347,1
2015-12-10,CA_2,CA,3019,1
2015-12-10,CA_3,CA,5367,1
2015-12-10,CA_4,CA,2069,1
2015-12-10,TX_1,TX,2540,0
2015-12-10,TX_2,TX,3186,0
2015-12-10,TX_3,TX,3112,0
2015-12-10,WI_1,WI,3036,0
2015-12-10,WI_2,WI,3726,0
2015-12-10,WI_3,WI,2757,0
2015-12-11,CA_1,CA,3733,0
2015-12-11,CA_2,CA,3389,0
2015-12-11,CA_3,CA,5291,0
2015-12-11,CA_4,CA,2199,0
2015-12-11,TX_1,TX,2875,1
2015-12-11,TX_2,TX,3630,1
2015-12-11,TX_3,TX,3242,1
2015-12-11,WI_1,WI,3607,1
2015-12-11,WI_2,WI,4901,1
2015-12-11,WI_3,WI,3476,1
2015-12-12,CA_1,CA,5130,0
2015-12-12,CA_2,CA,5255,0
2015-12-12,CA_3,CA,6523,0
2015-12-12,CA_4,CA,2456,0
2015-12-12,TX_1,TX,3693,1
2015-12-12,TX_2,TX,4509,1
2015-12-12,TX_3,TX,3931,1
2015-12-12,WI_1,WI,4612,1
2015-12-12,WI_2,WI,5465,1
2015-12-12,WI_3,WI,4401,1
2015-12-13,CA_1,CA,5080,0
2015-12-13,CA_2,CA,5263,0
2015-12-13,CA_3,CA,6890,0
2015-12-13,CA_4,CA,2480,0
2015-12-13,TX_1,TX,4004,1
2015-12-13,TX_2,TX,4466,1
2015-12-13,TX_3,TX,4193,1
2015-12-13,WI_1,WI,4177,0
2015-12-13,WI_2,WI,4565,0
2015-12-13,WI_3,WI,4015,0
2015-12-14,CA_1,CA,3989,0
2015-12-14,CA_2,CA,3504,0
2015-12-14,CA_3,CA,5568,0
2015-12-14,CA_4,CA,2418,0
2015-12-14,TX_1,TX,3028,0
2015-12-14,TX_2,TX,4129,0
2015-12-14,TX_3,TX,3666,0
2015-12-14,WI_1,WI,3238,1
2015-12-14,WI_2,WI,4633,1
2015-12-14,WI_3,WI,3349,1
2015-12-15,CA_1,CA,3567,0
2015-12-15,CA_2,CA,3401,0
2015-12-15,CA_3,CA,5039,0
2015-12-15,CA_4,CA,2181,0
2015-12-15,TX_1,TX,2992,1
2015-12-15,TX_2,TX,3925,1
2015-12-15,TX_3,TX,3606,1
2015-12-15,WI_1,WI,3396,1
2015-12-15,WI_2,WI,4865,1
2015-12-15,WI_3,WI,3158,1
2015-12-16,CA_1,CA,3545,0
2015-12-16,CA_2,CA,3358,0
2015-12-16,CA_3,CA,5240,0
2015-12-16,CA_4,CA,2163,0
2015-12-16,TX_1,TX,2943,0
2015-12-16,TX_2,TX,3579,0
2015-12-16,TX_3,TX,3527,0
2015-12-16,WI_1,WI,3179,0
2015-12-16,WI_2,WI,3583,0
2015-12-16,WI_3,WI,3006,0
2015-12-17,CA_1,CA,3791,0
2015-12-17,CA_2,CA,3363,0
2015-12-17,CA_3,CA,5516,0
2015-12-17,CA_4,CA,2083,0
2015-12-17,TX_1,TX,3000,0
2015-12-17,TX_2,TX,3629,0
2015-12-17,TX_3,TX,3768,0
2015-12-17,WI_1,WI,3157,0
2015-12-17,WI_2,WI,3925,0
2015-12-17,WI_3,WI,3222,0
2015-12-18,CA_1,CA,3843,0
2015-12-18,CA_2,CA,3573,0
2015-12-18,CA_3,CA,5074,0
2015-12-18,CA_4,CA,2104,0
2015-12-18,TX_1,TX,2639,0
2015-12-18,TX_2,TX,3506,0
2015-12-18,TX_3,TX,3230,0
2015-12-18,WI_1,WI,3765,0
2015-12-18,WI_2,WI,3718,0
2015-12-18,WI_3,WI,3304,0
2015-12-19,CA_1,CA,5317,0
2015-12-19,CA_2,CA,5764,0
2015-12-19,CA_3,CA,6408,0
2015-12-19,CA_4,CA,2451,0
2015-12-19,TX_1,TX,3303,0
2015-12-19,TX_2,TX,4167,0
2015-12-19,TX_3,TX,3516,0
2015-12-19,WI_1,WI,4654,0
2015-12-19,WI_2,WI,4217,0
2015-12-19,WI_3,WI,3691,0
2015-12-20,CA_1,CA,5069,0
2015-12-20,CA_2,CA,5017,0
2015-12-20,CA_3,CA,6470,0
2015-12-20,CA_4,CA,2440,0
2015-12-20,TX_1,TX,3511,0
2015-12-20,TX_2,TX,4469,0
2015-12-20,TX_3,TX,3686,0
2015-12-20,WI_1,WI,4522,0
2015-12-20,WI_2,WI,3943,0
2015-12-20,WI_3,WI,3884,0
2015-12-21,CA_1,CA,4451,0
2015-12-21,CA_2,CA,3623,0
2015-12-21,CA_3,CA,5158,0
2015-12-21,CA_4,CA,2185,0
2015-12-21,TX_1,TX,2861,0
2015-12-21,TX_2,TX,3664,0
2015-12-21,TX_3,TX,3229,0
2015-12-21,WI_1,WI,3735,0
2015-12-21,WI_2,WI,3475,0
2015-12-21,WI_3,WI,3141,0
2015-12-22,CA_1,CA,4224,0
2015-12-22,CA_2,CA,4074,0
2015-12-22,CA_3,CA,5431,0
2015-12-22,CA_4,CA,2297,0
2015-12-22,TX_1,TX,2870,0
2015-12-22,TX_2,TX,3547,0
2015-12-22,TX_3,TX,3553,0
2015-12-22,WI_1,WI,3620,0
2015-12-22,WI_2,WI,3768,0
2015-12-22,WI_3,WI,3228,0
2015-12-23,CA_1,CA,4300,0
2015-12-23,CA_2,CA,4454,0
2015-12-23,CA_3,CA,5353,0
2015-12-23,CA_4,CA,2415,0
2015-12-23,TX_1,TX,2850,0
2015-12-23,TX_2,TX,3959,0
2015-12-23,TX_3,TX,3816,0
2015-12-23,WI_1,WI,4267,0
2015-12-23,WI_2,WI,3727,0
2015-12-23,WI_3,WI,3611,0
2015-12-24,CA_1,CA,3803,0
2015-12-24,CA_2,CA,3753,0
2015-12-24,CA_3,CA,4167,0
2015-12-24,CA_4,CA,2118,0
2015-12-24,TX_1,TX,2991,0
2015-12-24,TX_2,TX,4148,0
2015-12-24,TX_3,TX,3616,0
2015-12-24,WI_1,WI,3772,0
2015-12-24,WI_2,WI,4046,0
2015-12-24,WI_3,WI,3813,0
2015-12-25,CA_1,CA,0,0
2015-12-25,CA_2,CA,2,0
2015-12-25,CA_3,CA,4,0
2015-12-25,CA_4,CA,0,0
2015-12-25,TX_1,TX,1,0
2015-12-25,TX_2,TX,0,0
2015-12-25,TX_3,TX,3,0
2015-12-25,WI_1,WI,2,0
2015-12-25,WI_2,WI,1,0
2015-12-25,WI_3,WI,1,0
2015-12-26,CA_1,CA,4137,0
2015-12-26,CA_2,CA,4333,0
2015-12-26,CA_3,CA,5918,0
2015-12-26,CA_4,CA,1977,0
2015-12-26,TX_1,TX,3725,0
2015-12-26,TX_2,TX,4262,0
2015-12-26,TX_3,TX,3919,0
2015-12-26,WI_1,WI,3609,0
2015-12-26,WI_2,WI,3036,0
2015-12-26,WI_3,WI,3461,0
2015-12-27,CA_1,CA,4010,0
2015-12-27,CA_2,CA,4350,0
2015-12-27,CA_3,CA,5585,0
2015-12-27,CA_4,CA,2080,0
2015-12-27,TX_1,TX,2859,0
2015-12-27,TX_2,TX,3735,0
2015-12-27,TX_3,TX,2933,0
2015-12-27,WI_1,WI,3649,0
2015-12-27,WI_2,WI,2972,0
2015-12-27,WI_3,WI,3205,0
2015-12-28,CA_1,CA,3867,0
2015-12-28,CA_2,CA,3717,0
2015-12-28,CA_3,CA,5316,0
2015-12-28,CA_4,CA,2143,0
2015-12-28,TX_1,TX,2737,0
2015-12-28,TX_2,TX,3447,0
2015-12-28,TX_3,TX,2981,0
2015-12-28,WI_1,WI,1521,0
2015-12-28,WI_2,WI,2342,0
2015-12-28,WI_3,WI,1893,0
2015-12-29,CA_1,CA,3884,0
2015-12-29,CA_2,CA,3646,0
2015-12-29,CA_3,CA,5086,0
2015-12-29,CA_4,CA,2053,0
2015-12-29,TX_1,TX,2618,0
2015-12-29,TX_2,TX,3164,0
2015-12-29,TX_3,TX,3102,0
2015-12-29,WI_1,WI,2683,0
2015-12-29,WI_2,WI,3016,0
2015-12-29,WI_3,WI,2641,0
2015-12-30,CA_1,CA,3613,0
2015-12-30,CA_2,CA,3856,0
2015-12-30,CA_3,CA,5209,0
2015-12-30,CA_4,CA,2101,0
2015-12-30,TX_1,TX,2612,0
2015-12-30,TX_2,TX,3233,0
2015-12-30,TX_3,TX,2895,0
2015-12-30,WI_1,WI,3627,0
2015-12-30,WI_2,WI,3800,0
2015-12-30,WI_3,WI,3181,0
2015-12-31,CA_1,CA,3994,0
2015-12-31,CA_2,CA,4331,0
2015-12-31,CA_3,CA,5472,0
2015-12-31,CA_4,CA,2451,0
2015-12-31,TX_1,TX,3186,0
2015-12-31,TX_2,TX,4160,0
2015-12-31,TX_3,TX,3816,0
2015-12-31,WI_1,WI,4938,0
2015-12-31,WI_2,WI,5898,0
2015-12-31,WI_3,WI,4813,0
2016-01-01,CA_1,CA,3418,1
2016-01-01,CA_2,CA,3679,1
2016-01-01,CA_3,CA,4556,1
2016-01-01,CA_4,CA,1711,1
2016-01-01,TX_1,TX,2654,1
2016-01-01,TX_2,TX,3213,1
2016-01-01,TX_3,TX,2978,1
2016-01-01,WI_1,WI,3567,0
2016-01-01,WI_2,WI,3811,0
2016-01-01,WI_3,WI,3064,0
2016-01-02,CA_1,CA,5085,1
2016-01-02,CA_2,CA,4794,1
2016-01-02,CA_3,CA,6654,1
2016-01-02,CA_4,CA,2521,1
2016-01-02,TX_1,TX,3043,0
2016-01-02,TX_2,TX,3874,0
2016-01-02,TX_3,TX,3491,0
2016-01-02,WI_1,WI,5007,1
2016-01-02,WI_2,WI,5439,1
2016-01-02,WI_3,WI,4829,1
2016-01-03,CA_1,CA,4986,1
2016-01-03,CA_2,CA,5101,1
2016-01-03,CA_3,CA,6781,1
2016-01-03,CA_4,CA,2756,1
2016-01-03,TX_1,TX,3127,1
2016-01-03,TX_2,TX,4128,1
2016-01-03,TX_3,TX,3826,1
2016-01-03,WI_1,WI,4061,1
2016-01-03,WI_2,WI,5281,1
2016-01-03,WI_3,WI,4293,1
2016-01-04,CA_1,CA,4237,1
2016-01-04,CA_2,CA,3591,1
2016-01-04,CA_3,CA,5944,1
2016-01-04,CA_4,CA,2683,1
2016-01-04,TX_1,TX,2745,0
2016-01-04,TX_2,TX,3551,0
2016-01-04,TX_3,TX,3560,0
2016-01-04,WI_1,WI,3044,0
2016-01-04,WI_2,WI,4043,0
2016-01-04,WI_3,WI,3295,0
2016-01-05,CA_1,CA,3481,1
2016-01-05,CA_2,CA,3079,1
2016-01-05,CA_3,CA,5532,1
2016-01-05,CA_4,CA,2329,1
2016-01-05,TX_1,TX,2682,1
2016-01-05,TX_2,TX,3378,1
2016-01-05,TX_3,TX,3272,1
2016-01-05,WI_1,WI,3315,1
2016-01-05,WI_2,WI,4531,1
2016-01-05,WI_3,WI,3707,1
2016-01-06,CA_1,CA,3225,1
2016-01-06,CA_2,CA,3261,1
2016-01-06,CA_3,CA,5062,1
2016-01-06,CA_4,CA,2024,1
2016-01-06,TX_1,TX,2416,1
2016-01-06,TX_2,TX,2879,1
2016-01-06,TX_3,TX,2633,1
2016-01-06,WI_1,WI,3032,1
2016-01-06,WI_2,WI,4796,1
2016-01-06,WI_3,WI,3357,1
2016-01-07,CA_1,CA,3867,1
2016-01-07,CA_2,CA,3483,1
2016-01-07,CA_3,CA,5644,1
2016-01-07,CA_4,CA,2424,1
2016-01-07,TX_1,TX,2688,1
2016-01-07,TX_2,TX,3798,1
2016-01-07,TX_3,TX,4021,1
2016-01-07,WI_1,WI,2861,0
2016-01-07,WI_2,WI,4110,0
2016-01-07,WI_3,WI,3048,0
2016-01-08,CA_1,CA,4404,1
2016-01-08,CA_2,CA,3920,1
2016-01-08,CA_3,CA,5785,1
2016-01-08,CA_4,CA,2133,1
2016-01-08,TX_1,TX,3012,0
2016-01-08,TX_2,TX,3577,0
2016-01-08,TX_3,TX,3454,0
2016-01-08,WI_1,WI,3791,1
2016-01-08,WI_2,WI,4892,1
2016-01-08,WI_3,WI,3968,1
2016-01-09,CA_1,CA,6077,1
2016-01-09,CA_2,CA,6081,1
2016-01-09,CA_3,CA,7940,1
2016-01-09,CA_4,CA,2824,1
2016-01-09,TX_1,TX,4129,1
2016-01-09,TX_2,TX,4727,1
2016-01-09,TX_3,TX,4302,1
2016-01-09,WI_1,WI,5284,1
2016-01-09,WI_2,WI,6437,1
2016-01-09,WI_3,WI,5079,1
2016-01-10,CA_1,CA,5660,1
2016-01-10,CA_2,CA,5682,1
2016-01-10,CA_3,CA,8035,1
2016-01-10,CA_4,CA,2839,1
2016-01-10,TX_1,TX,3752,0
2016-01-10,TX_2,TX,4775,0
2016-01-10,TX_3,TX,4106,0
2016-01-10,WI_1,WI,4086,0
2016-01-10,WI_2,WI,4354,0
2016-01-10,WI_3,WI,4080,0
2016-01-11,CA_1,CA,4001,0
2016-01-11,CA_2,CA,3299,0
2016-01-11,CA_3,CA,6440,0
2016-01-11,CA_4,CA,2466,0
2016-01-11,TX_1,TX,3027,1
2016-01-11,TX_2,TX,3906,1
2016-01-11,TX_3,TX,3593,1
2016-01-11,WI_1,WI,2850,1
2016-01-11,WI_2,WI,5047,1
2016-01-11,WI_3,WI,3357,1
2016-01-12,CA_1,CA,3377,0
2016-01-12,CA_2,CA,3314,0
2016-01-12,CA_3,CA,5123,0
2016-01-12,CA_4,CA,2244,0
2016-01-12,TX_1,TX,3195,1
2016-01-12,TX_2,TX,3371,1
2016-01-12,TX_3,TX,3624,1
2016-01-12,WI_1,WI,2606,1
2016-01-12,WI_2,WI,4646,1
2016-01-12,WI_3,WI,3622,1
2016-01-13,CA_1,CA,3252,0
2016-01-13,CA_2,CA,2904,0
2016-01-13,CA_3,CA,4803,0
2016-01-13,CA_4,CA,2042,0
2016-01-13,TX_1,TX,2670,1
2016-01-13,TX_2,TX,3384,1
2016-01-13,TX_3,TX,3485,1
2016-01-13,WI_1,WI,2694,0
2016-01-13,WI_2,WI,4221,0
2016-01-13,WI_3,WI,2776,0
2016-01-14,CA_1,CA,3405,0
2016-01-14,CA_2,CA,3202,0
2016-01-14,CA_3,CA,4748,0
2016-01-14,CA_4,CA,2016,0
2016-01-14,TX_1,TX,2760,0
2016-01-14,TX_2,TX,3245,0
2016-01-14,TX_3,TX,3304,0
2016-01-14,WI_1,WI,3621,1
2016-01-14,WI_2,WI,5519,1
2016-01-14,WI_3,WI,4036,1
2016-01-15,CA_1,CA,4026,0
2016-01-15,CA_2,CA,4073,0
2016-01-15,CA_3,CA,5333,0
2016-01-15,CA_4,CA,2368,0
2016-01-15,TX_1,TX,3378,1
2016-01-15,TX_2,TX,3825,1
2016-01-15,TX_3,TX,3655,1
2016-01-15,WI_1,WI,4551,1
2016-01-15,WI_2,WI,5829,1
2016-01-15,WI_3,WI,4752,1
2016-01-16,CA_1,CA,5745,0
2016-01-16,CA_2,CA,5707,0
2016-01-16,CA_3,CA,7240,0
2016-01-16,CA_4,CA,2688,0
2016-01-16,TX_1,TX,3590,0
2016-01-16,TX_2,TX,4603,0
2016-01-16,TX_3,TX,4571,0
2016-01-16,WI_1,WI,5689,0
2016-01-16,WI_2,WI,5845,0
2016-01-16,WI_3,WI,5468,0
2016-01-17,CA_1,CA,5422,0
2016-01-17,CA_2,CA,5443,0
2016-01-17,CA_3,CA,7352,0
2016-01-17,CA_4,CA,2635,0
2016-01-17,TX_1,TX,3824,0
2016-01-17,TX_2,TX,5034,0
2016-01-17,TX_3,TX,4248,0
2016-01-17,WI_1,WI,3709,0
2016-01-17,WI_2,WI,4171,0
2016-01-17,WI_3,WI,3695,0
2016-01-18,CA_1,CA,4484,0
2016-01-18,CA_2,CA,4600,0
2016-01-18,CA_3,CA,6242,0
2016-01-18,CA_4,CA,2678,0
2016-01-18,TX_1,TX,3156,0
2016-01-18,TX_2,TX,3754,0
2016-01-18,TX_3,TX,3775,0
2016-01-18,WI_1,WI,2719,0
2016-01-18,WI_2,WI,3899,0
2016-01-18,WI_3,WI,3033,0
2016-01-19,CA_1,CA,3026,0
2016-01-19,CA_2,CA,3052,0
2016-01-19,CA_3,CA,5165,0
2016-01-19,CA_4,CA,2140,0
2016-01-19,TX_1,TX,2589,0
2016-01-19,TX_2,TX,3279,0
2016-01-19,TX_3,TX,3142,0
2016-01-19,WI_1,WI,2906,0
2016-01-19,WI_2,WI,3612,0
2016-01-19,WI_3,WI,3077,0
2016-01-20,CA_1,CA,3544,0
2016-01-20,CA_2,CA,3175,0
2016-01-20,CA_3,CA,5319,0
2016-01-20,CA_4,CA,2203,0
2016-01-20,TX_1,TX,2628,0
2016-01-20,TX_2,TX,2995,0
2016-01-20,TX_3,TX,3146,0
2016-01-20,WI_1,WI,3147,0
2016-01-20,WI_2,WI,3704,0
2016-01-20,WI_3,WI,2823,0
2016-01-21,CA_1,CA,3502,0
2016-01-21,CA_2,CA,3070,0
2016-01-21,CA_3,CA,5118,0
2016-01-21,CA_4,CA,2247,0
2016-01-21,TX_1,TX,2404,0
2016-01-21,TX_2,TX,3134,0
2016-01-21,TX_3,TX,3119,0
2016-01-21,WI_1,WI,2815,0
2016-01-21,WI_2,WI,3688,0
2016-01-21,WI_3,WI,2682,0
2016-01-22,CA_1,CA,3612,0
2016-01-22,CA_2,CA,3787,0
2016-01-22,CA_3,CA,5224,0
2016-01-22,CA_4,CA,2479,0
2016-01-22,TX_1,TX,2888,0
2016-01-22,TX_2,TX,3602,0
2016-01-22,TX_3,TX,3642,0
2016-01-22,WI_1,WI,3549,0
2016-01-22,WI_2,WI,4146,0
2016-01-22,WI_3,WI,3378,0
2016-01-23,CA_1,CA,5923,0
2016-01-23,CA_2,CA,5957,0
2016-01-23,CA_3,CA,7880,0
2016-01-23,CA_4,CA,3083,0
2016-01-23,TX_1,TX,3403,0
2016-01-23,TX_2,TX,4447,0
2016-01-23,TX_3,TX,3986,0
2016-01-23,WI_1,WI,4776,0
2016-01-23,WI_2,WI,5039,0
2016-01-23,WI_3,WI,4433,0
2016-01-24,CA_1,CA,5247,0
2016-01-24,CA_2,CA,5647,0
2016-01-24,CA_3,CA,8164,0
2016-01-24,CA_4,CA,2787,0
2016-01-24,TX_1,TX,3639,0
2016-01-24,TX_2,TX,4794,0
2016-01-24,TX_3,TX,4286,0
2016-01-24,WI_1,WI,4600,0
2016-01-24,WI_2,WI,4670,0
2016-01-24,WI_3,WI,3998,0
2016-01-25,CA_1,CA,3741,0
2016-01-25,CA_2,CA,3240,0
2016-01-25,CA_3,CA,6371,0
2016-01-25,CA_4,CA,2487,0
2016-01-25,TX_1,TX,2666,0
2016-01-25,TX_2,TX,3441,0
2016-01-25,TX_3,TX,3538,0
2016-01-25,WI_1,WI,2798,0
2016-01-25,WI_2,WI,3301,0
2016-01-25,WI_3,WI,2806,0
2016-01-26,CA_1,CA,3246,0
2016-01-26,CA_2,CA,3294,0
2016-01-26,CA_3,CA,5244,0
2016-01-26,CA_4,CA,2088,0
2016-01-26,TX_1,TX,2426,0
2016-01-26,TX_2,TX,2798,0
2016-01-26,TX_3,TX,2934,0
2016-01-26,WI_1,WI,2466,0
2016-01-26,WI_2,WI,3386,0
2016-01-26,WI_3,WI,2564,0
2016-01-27,CA_1,CA,3031,0
2016-01-27,CA_2,CA,3189,0
2016-01-27,CA_3,CA,5309,0
2016-01-27,CA_4,CA,2239,0
2016-01-27,TX_1,TX,2357,0
2016-01-27,TX_2,TX,3216,0
2016-01-27,TX_3,TX,2939,0
2016-01-27,WI_1,WI,2937,0
2016-01-27,WI_2,WI,3500,0
2016-01-27,WI_3,WI,2632,0
2016-01-28,CA_1,CA,3173,0
2016-01-28,CA_2,CA,3211,0
2016-01-28,CA_3,CA,5261,0
2016-01-28,CA_4,CA,2153,0
2016-01-28,TX_1,TX,2497,0
2016-01-28,TX_2,TX,3264,0
2016-01-28,TX_3,TX,3135,0
2016-01-28,WI_1,WI,3036,0
2016-01-28,WI_2,WI,3961,0
2016-01-28,WI_3,WI,2775,0
2016-01-29,CA_1,CA,3871,0
2016-01-29,CA_2,CA,3964,0
2016-01-29,CA_3,CA,5637,0
2016-01-29,CA_4,CA,2432,0
2016-01-29,TX_1,TX,2693,0
2016-01-29,TX_2,TX,3562,0
2016-01-29,TX_3,TX,3486,0
2016-01-29,WI_1,WI,3845,0
2016-01-29,WI_2,WI,4569,0
2016-01-29,WI_3,WI,3580,0
2016-01-30,CA_1,CA,5498,0
2016-01-30,CA_2,CA,5873,0
2016-01-30,CA_3,CA,7217,0
2016-01-30,CA_4,CA,2806,0
2016-01-30,TX_1,TX,3347,0
2016-01-30,TX_2,TX,4384,0
2016-01-30,TX_3,TX,4202,0
2016-01-30,WI_1,WI,5538,0
2016-01-30,WI_2,WI,5586,0
2016-01-30,WI_3,WI,4653,0
2016-01-31,CA_1,CA,6032,0
2016-01-31,CA_2,CA,6037,0
2016-01-31,CA_3,CA,8094,0
2016-01-31,CA_4,CA,3343,0
2016-01-31,TX_1,TX,3727,0
2016-01-31,TX_2,TX,4712,0
2016-01-31,TX_3,TX,4575,0
2016-01-31,WI_1,WI,5034,0
2016-01-31,WI_2,WI,4915,0
2016-01-31,WI_3,WI,4362,0
2016-02-01,CA_1,CA,4075,1
2016-02-01,CA_2,CA,3454,1
2016-02-01,CA_3,CA,6446,1
2016-02-01,CA_4,CA,2643,1
2016-02-01,TX_1,TX,3213,1
2016-02-01,TX_2,TX,4225,1
2016-02-01,TX_3,TX,4262,1
2016-02-01,WI_1,WI,3740,0
2016-02-01,WI_2,WI,5718,0
2016-02-01,WI_3,WI,3938,0
2016-02-02,CA_1,CA,3765,1
2016-02-02,CA_2,CA,3360,1
2016-02-02,CA_3,CA,5722,1
2016-02-02,CA_4,CA,2299,1
2016-02-02,TX_1,TX,2681,0
2016-02-02,TX_2,TX,3121,0
2016-02-02,TX_3,TX,3141,0
2016-02-02,WI_1,WI,2460,1
2016-02-02,WI_2,WI,5169,1
2016-02-02,WI_3,WI,3210,1
2016-02-03,CA_1,CA,3983,1
2016-02-03,CA_2,CA,3314,1
2016-02-03,CA_3,CA,5740,1
2016-02-03,CA_4,CA,2335,1
2016-02-03,TX_1,TX,3081,1
2016-02-03,TX_2,TX,3722,1
2016-02-03,TX_3,TX,4091,1
2016-02-03,WI_1,WI,3135,1
2016-02-03,WI_2,WI,5786,1
2016-02-03,WI_3,WI,4153,1
2016-02-04,CA_1,CA,3928,1
2016-02-04,CA_2,CA,3333,1
2016-02-04,CA_3,CA,5951,1
2016-02-04,CA_4,CA,2244,1
2016-02-04,TX_1,TX,2645,0
2016-02-04,TX_2,TX,3245,0
2016-02-04,TX_3,TX,3421,0
2016-02-04,WI_1,WI,2831,0
2016-02-04,WI_2,WI,4607,0
2016-02-04,WI_3,WI,3219,0
2016-02-05,CA_1,CA,4327,1
2016-02-05,CA_2,CA,4276,1
2016-02-05,CA_3,CA,5986,1
2016-02-05,CA_4,CA,2316,1
2016-02-05,TX_1,TX,2949,1
2016-02-05,TX_2,TX,3737,1
2016-02-05,TX_3,TX,3664,1
2016-02-05,WI_1,WI,3676,1
2016-02-05,WI_2,WI,5506,1
2016-02-05,WI_3,WI,3756,1
2016-02-06,CA_1,CA,6412,1
2016-02-06,CA_2,CA,6150,1
2016-02-06,CA_3,CA,7347,1
2016-02-06,CA_4,CA,3301,1
2016-02-06,TX_1,TX,3939,1
2016-02-06,TX_2,TX,5240,1
2016-02-06,TX_3,TX,4432,1
2016-02-06,WI_1,WI,5516,1
2016-02-06,WI_2,WI,7046,1
2016-02-06,WI_3,WI,5657,1
2016-02-07,CA_1,CA,4986,1
2016-02-07,CA_2,CA,4251,1
2016-02-07,CA_3,CA,6696,1
2016-02-07,CA_4,CA,2727,1
2016-02-07,TX_1,TX,4034,1
2016-02-07,TX_2,TX,5210,1
2016-02-07,TX_3,TX,4905,1
2016-02-07,WI_1,WI,4461,0
2016-02-07,WI_2,WI,5046,0
2016-02-07,WI_3,WI,4577,0
2016-02-08,CA_1,CA,3933,1
2016-02-08,CA_2,CA,3537,1
2016-02-08,CA_3,CA,5930,1
2016-02-08,CA_4,CA,2166,1
2016-02-08,TX_1,TX,2845,0
2016-02-08,TX_2,TX,3714,0
2016-02-08,TX_3,TX,3707,0
2016-02-08,WI_1,WI,2597,1
2016-02-08,WI_2,WI,4907,1
2016-02-08,WI_3,WI,3468,1
2016-02-09,CA_1,CA,3936,1
2016-02-09,CA_2,CA,3549,1
2016-02-09,CA_3,CA,5882,1
2016-02-09,CA_4,CA,2207,1
2016-02-09,TX_1,TX,2978,1
2016-02-09,TX_2,TX,3737,1
2016-02-09,TX_3,TX,3825,1
2016-02-09,WI_1,WI,3313,1
2016-02-09,WI_2,WI,5358,1
2016-02-09,WI_3,WI,3728,1
2016-02-10,CA_1,CA,3995,1
2016-02-10,CA_2,CA,3586,1
2016-02-10,CA_3,CA,6421,1
2016-02-10,CA_4,CA,2323,1
2016-02-10,TX_1,TX,2745,0
2016-02-10,TX_2,TX,4259,0
2016-02-10,TX_3,TX,3831,0
2016-02-10,WI_1,WI,3180,0
2016-02-10,WI_2,WI,5180,0
2016-02-10,WI_3,WI,3833,0
2016-02-11,CA_1,CA,4007,0
2016-02-11,CA_2,CA,4026,0
2016-02-11,CA_3,CA,6547,0
2016-02-11,CA_4,CA,2383,0
2016-02-11,TX_1,TX,3431,1
2016-02-11,TX_2,TX,4799,1
2016-02-11,TX_3,TX,4438,1
2016-02-11,WI_1,WI,3899,1
2016-02-11,WI_2,WI,6333,1
2016-02-11,WI_3,WI,4721,1
2016-02-12,CA_1,CA,4111,0
2016-02-12,CA_2,CA,4140,0
2016-02-12,CA_3,CA,5928,0
2016-02-12,CA_4,CA,2677,0
2016-02-12,TX_1,TX,3343,1
2016-02-12,TX_2,TX,4295,1
2016-02-12,TX_3,TX,4198,1
2016-02-12,WI_1,WI,4308,1
2016-02-12,WI_2,WI,6463,1
2016-02-12,WI_3,WI,4759,1
2016-02-13,CA_1,CA,5483,0
2016-02-13,CA_2,CA,5645,0
2016-02-13,CA_3,CA,7921,0
2016-02-13,CA_4,CA,2799,0
2016-02-13,TX_1,TX,4107,1
2016-02-13,TX_2,TX,5327,1
2016-02-13,TX_3,TX,4929,1
2016-02-13,WI_1,WI,5490,0
2016-02-13,WI_2,WI,6348,0
2016-02-13,WI_3,WI,5666,0
2016-02-14,CA_1,CA,4834,0
2016-02-14,CA_2,CA,5016,0
2016-02-14,CA_3,CA,6852,0
2016-02-14,CA_4,CA,2536,0
2016-02-14,TX_1,TX,3909,0
2016-02-14,TX_2,TX,4935,0
2016-02-14,TX_3,TX,4548,0
2016-02-14,WI_1,WI,4467,1
2016-02-14,WI_2,WI,6208,1
2016-02-14,WI_3,WI,5032,1
2016-02-15,CA_1,CA,4588,0
2016-02-15,CA_2,CA,4562,0
2016-02-15,CA_3,CA,7464,0
2016-02-15,CA_4,CA,2617,0
2016-02-15,TX_1,TX,3649,1
2016-02-15,TX_2,TX,4301,1
2016-02-15,TX_3,TX,4165,1
2016-02-15,WI_1,WI,3524,1
2016-02-15,WI_2,WI,6783,1
2016-02-15,WI_3,WI,4499,1
2016-02-16,CA_1,CA,3650,0
2016-02-16,CA_2,CA,3440,0
2016-02-16,CA_3,CA,5987,0
2016-02-16,CA_4,CA,2172,0
2016-02-16,TX_1,TX,3132,0
2016-02-16,TX_2,TX,3715,0
2016-02-16,TX_3,TX,3494,0
2016-02-16,WI_1,WI,3173,0
2016-02-16,WI_2,WI,5366,0
2016-02-16,WI_3,WI,3573,0
2016-02-17,CA_1,CA,3777,0
2016-02-17,CA_2,CA,3254,0
2016-02-17,CA_3,CA,5465,0
2016-02-17,CA_4,CA,2059,0
2016-02-17,TX_1,TX,2865,0
2016-02-17,TX_2,TX,3646,0
2016-02-17,TX_3,TX,3393,0
2016-02-17,WI_1,WI,3405,0
2016-02-17,WI_2,WI,5319,0
2016-02-17,WI_3,WI,3362,0
2016-02-18,CA_1,CA,3868,0
2016-02-18,CA_2,CA,3595,0
2016-02-18,CA_3,CA,5424,0
2016-02-18,CA_4,CA,2419,0
2016-02-18,TX_1,TX,2879,0
2016-02-18,TX_2,TX,3749,0
2016-02-18,TX_3,TX,3474,0
2016-02-18,WI_1,WI,3207,0
2016-02-18,WI_2,WI,4861,0
2016-02-18,WI_3,WI,2960,0
2016-02-19,CA_1,CA,4413,0
2016-02-19,CA_2,CA,4105,0
2016-02-19,CA_3,CA,6158,0
2016-02-19,CA_4,CA,2438,0
2016-02-19,TX_1,TX,3096,0
2016-02-19,TX_2,TX,4103,0
2016-02-19,TX_3,TX,3627,0
2016-02-19,WI_1,WI,3846,0
2016-02-19,WI_2,WI,4835,0
2016-02-19,WI_3,WI,3771,0
2016-02-20,CA_1,CA,5283,0
2016-02-20,CA_2,CA,5731,0
2016-02-20,CA_3,CA,7668,0
2016-02-20,CA_4,CA,2666,0
2016-02-20,TX_1,TX,3762,0
2016-02-20,TX_2,TX,5016,0
2016-02-20,TX_3,TX,4504,0
2016-02-20,WI_1,WI,5538,0
2016-02-20,WI_2,WI,5661,0
2016-02-20,WI_3,WI,5028,0
2016-02-21,CA_1,CA,5607,0
2016-02-21,CA_2,CA,6114,0
2016-02-21,CA_3,CA,7984,0
2016-02-21,CA_4,CA,2833,0
2016-02-21,TX_1,TX,4299,0
2016-02-21,TX_2,TX,5479,0
2016-02-21,TX_3,TX,4885,0
2016-02-21,WI_1,WI,4779,0
2016-02-21,WI_2,WI,5409,0
2016-02-21,WI_3,WI,4692,0
2016-02-22,CA_1,CA,3905,0
2016-02-22,CA_2,CA,3573,0
2016-02-22,CA_3,CA,6293,0
2016-02-22,CA_4,CA,2498,0
2016-02-22,TX_1,TX,2880,0
2016-02-22,TX_2,TX,3888,0
2016-02-22,TX_3,TX,3647,0
2016-02-22,WI_1,WI,3095,0
2016-02-22,WI_2,WI,4340,0
2016-02-22,WI_3,WI,3209,0
2016-02-23,CA_1,CA,3613,0
2016-02-23,CA_2,CA,3188,0
2016-02-23,CA_3,CA,5616,0
2016-02-23,CA_4,CA,2199,0
2016-02-23,TX_1,TX,2606,0
2016-02-23,TX_2,TX,3590,0
2016-02-23,TX_3,TX,3263,0
2016-02-23,WI_1,WI,2858,0
2016-02-23,WI_2,WI,4121,0
2016-02-23,WI_3,WI,2927,0
2016-02-24,CA_1,CA,3369,0
2016-02-24,CA_2,CA,3076,0
2016-02-24,CA_3,CA,5477,0
2016-02-24,CA_4,CA,2021,0
2016-02-24,TX_1,TX,2808,0
2016-02-24,TX_2,TX,3616,0
2016-02-24,TX_3,TX,3418,0
2016-02-24,WI_1,WI,2982,0
2016-02-24,WI_2,WI,4473,0
2016-02-24,WI_3,WI,2828,0
2016-02-25,CA_1,CA,3396,0
2016-02-25,CA_2,CA,3419,0
2016-02-25,CA_3,CA,5535,0
2016-02-25,CA_4,CA,2167,0
2016-02-25,TX_1,TX,2692,0
2016-02-25,TX_2,TX,3692,0
2016-02-25,TX_3,TX,3108,0
2016-02-25,WI_1,WI,3095,0
2016-02-25,WI_2,WI,4416,0
2016-02-25,WI_3,WI,3095,0
2016-02-26,CA_1,CA,4087,0
2016-02-26,CA_2,CA,4042,0
2016-02-26,CA_3,CA,5833,0
2016-02-26,CA_4,CA,2384,0
2016-02-26,TX_1,TX,2832,0
2016-02-26,TX_2,TX,3932,0
2016-02-26,TX_3,TX,3133,0
2016-02-26,WI_1,WI,3565,0
2016-02-26,WI_2,WI,4381,0
2016-02-26,WI_3,WI,3460,0
2016-02-27,CA_1,CA,5329,0
2016-02-27,CA_2,CA,6070,0
2016-02-27,CA_3,CA,7375,0
2016-02-27,CA_4,CA,2772,0
2016-02-27,TX_1,TX,3361,0
2016-02-27,TX_2,TX,4414,0
2016-02-27,TX_3,TX,3800,0
2016-02-27,WI_1,WI,4992,0
2016-02-27,WI_2,WI,5152,0
2016-02-27,WI_3,WI,4622,0
2016-02-28,CA_1,CA,6198,0
2016-02-28,CA_2,CA,5895,0
2016-02-28,CA_3,CA,7883,0
2016-02-28,CA_4,CA,3181,0
2016-02-28,TX_1,TX,3929,0
2016-02-28,TX_2,TX,4997,0
2016-02-28,TX_3,TX,4450,0
2016-02-28,WI_1,WI,5039,0
2016-02-28,WI_2,WI,4931,0
2016-02-28,WI_3,WI,4412,0
2016-02-29,CA_1,CA,3797,0
2016-02-29,CA_2,CA,3509,0
2016-02-29,CA_3,CA,6291,0
2016-02-29,CA_4,CA,2635,0
2016-02-29,TX_1,TX,2814,0
2016-02-29,TX_2,TX,3706,0
2016-02-29,TX_3,TX,3443,0
2016-02-29,WI_1,WI,3451,0
2016-02-29,WI_2,WI,4361,0
2016-02-29,WI_3,WI,3252,0
2016-03-01,CA_1,CA,3830,1
2016-03-01,CA_2,CA,3651,1
2016-03-01,CA_3,CA,6462,1
2016-03-01,CA_4,CA,2354,1
2016-03-01,TX_1,TX,2962,1
2016-03-01,TX_2,TX,3947,1
2016-03-01,TX_3,TX,3933,1
2016-03-01,WI_1,WI,2188,0
2016-03-01,WI_2,WI,4322,0
2016-03-01,WI_3,WI,2887,0
2016-03-02,CA_1,CA,3754,1
2016-03-02,CA_2,CA,3373,1
2016-03-02,CA_3,CA,5700,1
2016-03-02,CA_4,CA,2588,1
2016-03-02,TX_1,TX,2804,0
2016-03-02,TX_2,TX,3567,0
2016-03-02,TX_3,TX,3531,0
2016-03-02,WI_1,WI,3507,1
2016-03-02,WI_2,WI,5670,1
2016-03-02,WI_3,WI,3964,1
2016-03-03,CA_1,CA,3769,1
2016-03-03,CA_2,CA,3533,1
2016-03-03,CA_3,CA,5992,1
2016-03-03,CA_4,CA,2327,1
2016-03-03,TX_1,TX,3142,1
2016-03-03,TX_2,TX,4137,1
2016-03-03,TX_3,TX,4117,1
2016-03-03,WI_1,WI,3496,1
2016-03-03,WI_2,WI,6556,1
2016-03-03,WI_3,WI,4390,1
2016-03-04,CA_1,CA,4163,1
2016-03-04,CA_2,CA,3881,1
2016-03-04,CA_3,CA,5550,1
2016-03-04,CA_4,CA,2501,1
2016-03-04,TX_1,TX,3002,0
2016-03-04,TX_2,TX,3531,0
2016-03-04,TX_3,TX,3625,0
2016-03-04,WI_1,WI,3813,0
2016-03-04,WI_2,WI,5285,0
2016-03-04,WI_3,WI,3974,0
2016-03-05,CA_1,CA,5630,1
2016-03-05,CA_2,CA,5876,1
2016-03-05,CA_3,CA,7567,1
2016-03-05,CA_4,CA,2949,1
2016-03-05,TX_1,TX,3644,1
2016-03-05,TX_2,TX,4675,1
2016-03-05,TX_3,TX,4176,1
2016-03-05,WI_1,WI,5396,1
2016-03-05,WI_2,WI,7037,1
2016-03-05,WI_3,WI,5372,1
2016-03-06,CA_1,CA,6829,1
2016-03-06,CA_2,CA,6384,1
2016-03-06,CA_3,CA,8773,1
2016-03-06,CA_4,CA,3238,1
2016-03-06,TX_1,TX,4328,1
2016-03-06,TX_2,TX,5374,1
2016-03-06,TX_3,TX,4453,1
2016-03-06,WI_1,WI,5451,1
2016-03-06,WI_2,WI,6957,1
2016-03-06,WI_3,WI,5431,1
2016-03-07,CA_1,CA,4393,1
2016-03-07,CA_2,CA,3484,1
2016-03-07,CA_3,CA,6558,1
2016-03-07,CA_4,CA,2713,1
2016-03-07,TX_1,TX,3112,1
2016-03-07,TX_2,TX,4237,1
2016-03-07,TX_3,TX,4254,1
2016-03-07,WI_1,WI,2992,0
2016-03-07,WI_2,WI,4796,0
2016-03-07,WI_3,WI,4023,0
2016-03-08,CA_1,CA,3930,1
2016-03-08,CA_2,CA,3543,1
2016-03-08,CA_3,CA,6257,1
2016-03-08,CA_4,CA,2353,1
2016-03-08,TX_1,TX,2810,0
2016-03-08,TX_2,TX,3487,0
2016-03-08,TX_3,TX,3489,0
2016-03-08,WI_1,WI,2886,1
2016-03-08,WI_2,WI,5178,1
2016-03-08,WI_3,WI,3794,1
2016-03-09,CA_1,CA,3672,1
2016-03-09,CA_2,CA,3752,1
2016-03-09,CA_3,CA,5912,1
2016-03-09,CA_4,CA,2208,1
2016-03-09,TX_1,TX,2591,1
2016-03-09,TX_2,TX,3278,1
2016-03-09,TX_3,TX,3222,1
2016-03-09,WI_1,WI,3373,1
2016-03-09,WI_2,WI,5382,1
2016-03-09,WI_3,WI,3642,1
2016-03-10,CA_1,CA,3877,1
2016-03-10,CA_2,CA,3663,1
2016-03-10,CA_3,CA,5820,1
2016-03-10,CA_4,CA,2475,1
2016-03-10,TX_1,TX,3078,0
2016-03-10,TX_2,TX,3876,0
2016-03-10,TX_3,TX,3694,0
2016-03-10,WI_1,WI,3254,0
2016-03-10,WI_2,WI,5180,0
2016-03-10,WI_3,WI,3350,0
2016-03-11,CA_1,CA,4049,0
2016-03-11,CA_2,CA,4118,0
2016-03-11,CA_3,CA,5789,0
2016-03-11,CA_4,CA,2319,0
2016-03-11,TX_1,TX,3083,1
2016-03-11,TX_2,TX,4171,1
2016-03-11,TX_3,TX,3812,1
2016-03-11,WI_1,WI,3790,1
2016-03-11,WI_2,WI,5767,1
2016-03-11,WI_3,WI,3989,1
2016-03-12,CA_1,CA,5933,0
2016-03-12,CA_2,CA,6196,0
2016-03-12,CA_3,CA,7602,0
2016-03-12,CA_4,CA,2784,0
2016-03-12,TX_1,TX,4028,1
2016-03-12,TX_2,TX,4656,1
2016-03-12,TX_3,TX,4429,1
2016-03-12,WI_1,WI,5196,1
2016-03-12,WI_2,WI,6780,1
2016-03-12,WI_3,WI,5107,1
2016-03-13,CA_1,CA,5446,0
2016-03-13,CA_2,CA,5937,0
2016-03-13,CA_3,CA,7874,0
2016-03-13,CA_4,CA,2680,0
2016-03-13,TX_1,TX,4075,1
2016-03-13,TX_2,TX,5217,1
2016-03-13,TX_3,TX,4174,1
2016-03-13,WI_1,WI,4764,0
2016-03-13,WI_2,WI,6278,0
2016-03-13,WI_3,WI,4976,0
2016-03-14,CA_1,CA,4190,0
2016-03-14,CA_2,CA,3560,0
2016-03-14,CA_3,CA,6458,0
2016-03-14,CA_4,CA,2650,0
2016-03-14,TX_1,TX,3503,0
2016-03-14,TX_2,TX,4286,0
2016-03-14,TX_3,TX,4093,0
2016-03-14,WI_1,WI,3301,1
2016-03-14,WI_2,WI,5925,1
2016-03-14,WI_3,WI,4069,1
2016-03-15,CA_1,CA,3457,0
2016-03-15,CA_2,CA,3430,0
2016-03-15,CA_3,CA,5661,0
2016-03-15,CA_4,CA,2503,0
2016-03-15,TX_1,TX,3601,1
2016-03-15,TX_2,TX,4113,1
2016-03-15,TX_3,TX,3945,1
2016-03-15,WI_1,WI,3209,1
2016-03-15,WI_2,WI,6041,1
2016-03-15,WI_3,WI,4157,1
2016-03-16,CA_1,CA,3587,0
2016-03-16,CA_2,CA,3481,0
2016-03-16,CA_3,CA,5512,0
2016-03-16,CA_4,CA,2227,0
2016-03-16,TX_1,TX,3175,0
2016-03-16,TX_2,TX,3495,0
2016-03-16,TX_3,TX,3808,0
2016-03-16,WI_1,WI,3176,0
2016-03-16,WI_2,WI,5050,0
2016-03-16,WI_3,WI,3095,0
2016-03-17,CA_1,CA,3329,0
2016-03-17,CA_2,CA,3411,0
2016-03-17,CA_3,CA,5277,0
2016-03-17,CA_4,CA,2179,0
2016-03-17,TX_1,TX,2990,0
2016-03-17,TX_2,TX,3764,0
2016-03-17,TX_3,TX,3416,0
2016-03-17,WI_1,WI,3028,0
2016-03-17,WI_2,WI,4203,0
2016-03-17,WI_3,WI,3412,0
2016-03-18,CA_1,CA,4285,0
2016-03-18,CA_2,CA,4127,0
2016-03-18,CA_3,CA,5644,0
2016-03-18,CA_4,CA,2608,0
2016-03-18,TX_1,TX,2999,0
2016-03-18,TX_2,TX,4224,0
2016-03-18,TX_3,TX,3533,0
2016-03-18,WI_1,WI,3509,0
2016-03-18,WI_2,WI,4979,0
2016-03-18,WI_3,WI,3744,0
2016-03-19,CA_1,CA,5659,0
2016-03-19,CA_2,CA,2779,0
2016-03-19,CA_3,CA,7508,0
2016-03-19,CA_4,CA,2954,0
2016-03-19,TX_1,TX,3633,0
2016-03-19,TX_2,TX,4528,0
2016-03-19,TX_3,TX,4049,0
2016-03-19,WI_1,WI,5102,0
2016-03-19,WI_2,WI,5227,0
2016-03-19,WI_3,WI,4742,0
2016-03-20,CA_1,CA,6197,0
2016-03-20,CA_2,CA,2300,0
2016-03-20,CA_3,CA,7775,0
2016-03-20,CA_4,CA,3149,0
2016-03-20,TX_1,TX,4133,0
2016-03-20,TX_2,TX,4928,0
2016-03-20,TX_3,TX,4367,0
2016-03-20,WI_1,WI,5003,0
2016-03-20,WI_2,WI,5657,0
2016-03-20,WI_3,WI,4316,0
2016-03-21,CA_1,CA,4242,0
2016-03-21,CA_2,CA,3496,0
2016-03-21,CA_3,CA,6239,0
2016-03-21,CA_4,CA,2564,0
2016-03-21,TX_1,TX,2757,0
2016-03-21,TX_2,TX,3666,0
2016-03-21,TX_3,TX,3550,0
2016-03-21,WI_1,WI,3249,0
2016-03-21,WI_2,WI,4502,0
2016-03-21,WI_3,WI,3095,0
2016-03-22,CA_1,CA,3776,0
2016-03-22,CA_2,CA,3645,0
2016-03-22,CA_3,CA,5703,0
2016-03-22,CA_4,CA,2457,0
2016-03-22,TX_1,TX,2817,0
2016-03-22,TX_2,TX,3664,0
2016-03-22,TX_3,TX,3345,0
2016-03-22,WI_1,WI,3033,0
2016-03-22,WI_2,WI,4068,0
2016-03-22,WI_3,WI,2967,0
2016-03-23,CA_1,CA,3770,0
2016-03-23,CA_2,CA,3322,0
2016-03-23,CA_3,CA,5651,0
2016-03-23,CA_4,CA,2398,0
2016-03-23,TX_1,TX,2854,0
2016-03-23,TX_2,TX,3900,0
2016-03-23,TX_3,TX,3587,0
2016-03-23,WI_1,WI,2751,0
2016-03-23,WI_2,WI,3926,0
2016-03-23,WI_3,WI,2627,0
2016-03-24,CA_1,CA,3970,0
2016-03-24,CA_2,CA,3329,0
2016-03-24,CA_3,CA,5409,0
2016-03-24,CA_4,CA,2520,0
2016-03-24,TX_1,TX,2637,0
2016-03-24,TX_2,TX,3360,0
2016-03-24,TX_3,TX,3308,0
2016-03-24,WI_1,WI,2718,0
2016-03-24,WI_2,WI,3834,0
2016-03-24,WI_3,WI,2918,0
2016-03-25,CA_1,CA,4904,0
2016-03-25,CA_2,CA,4796,0
2016-03-25,CA_3,CA,6373,0
2016-03-25,CA_4,CA,2621,0
2016-03-25,TX_1,TX,3478,0
2016-03-25,TX_2,TX,4600,0
2016-03-25,TX_3,TX,4157,0
2016-03-25,WI_1,WI,5094,0
2016-03-25,WI_2,WI,5218,0
2016-03-25,WI_3,WI,4370,0
2016-03-26,CA_1,CA,6139,0
2016-03-26,CA_2,CA,6429,0
2016-03-26,CA_3,CA,7978,0
2016-03-26,CA_4,CA,3241,0
2016-03-26,TX_1,TX,4023,0
2016-03-26,TX_2,TX,5046,0
2016-03-26,TX_3,TX,4526,0
2016-03-26,WI_1,WI,6150,0
2016-03-26,WI_2,WI,5462,0
2016-03-26,WI_3,WI,4869,0
2016-03-27,CA_1,CA,4669,0
2016-03-27,CA_2,CA,6296,0
2016-03-27,CA_3,CA,7650,0
2016-03-27,CA_4,CA,2681,0
2016-03-27,TX_1,TX,4589,0
2016-03-27,TX_2,TX,4759,0
2016-03-27,TX_3,TX,3988,0
2016-03-27,WI_1,WI,3550,0
2016-03-27,WI_2,WI,4127,0
2016-03-27,WI_3,WI,4051,0
2016-03-28,CA_1,CA,3905,0
2016-03-28,CA_2,CA,3645,0
2016-03-28,CA_3,CA,5487,0
2016-03-28,CA_4,CA,2445,0
2016-03-28,TX_1,TX,3026,0
2016-03-28,TX_2,TX,3740,0
2016-03-28,TX_3,TX,3537,0
2016-03-28,WI_1,WI,3039,0
2016-03-28,WI_2,WI,4254,0
2016-03-28,WI_3,WI,2963,0
2016-03-29,CA_1,CA,3788,0
2016-03-29,CA_2,CA,3795,0
2016-03-29,CA_3,CA,5493,0
2016-03-29,CA_4,CA,2243,0
2016-03-29,TX_1,TX,2499,0
2016-03-29,TX_2,TX,2899,0
2016-03-29,TX_3,TX,2924,0
2016-03-29,WI_1,WI,2780,0
2016-03-29,WI_2,WI,4041,0
2016-03-29,WI_3,WI,3395,0
2016-03-30,CA_1,CA,3339,0
2016-03-30,CA_2,CA,3489,0
2016-03-30,CA_3,CA,5202,0
2016-03-30,CA_4,CA,2322,0
2016-03-30,TX_1,TX,2801,0
2016-03-30,TX_2,TX,3137,0
2016-03-30,TX_3,TX,2890,0
2016-03-30,WI_1,WI,2692,0
2016-03-30,WI_2,WI,3626,0
2016-03-30,WI_3,WI,2861,0
2016-03-31,CA_1,CA,4076,0
2016-03-31,CA_2,CA,3581,0
2016-03-31,CA_3,CA,5474,0
2016-03-31,CA_4,CA,2470,0
2016-03-31,TX_1,TX,2631,0
2016-03-31,TX_2,TX,3355,0
2016-03-31,TX_3,TX,3320,0
2016-03-31,WI_1,WI,2858,0
2016-03-31,WI_2,WI,3908,0
2016-03-31,WI_3,WI,3008,0
2016-04-01,CA_1,CA,4983,1
2016-04-01,CA_2,CA,4787,1
2016-04-01,CA_3,CA,6571,1
2016-04-01,CA_4,CA,2581,1
2016-04-01,TX_1,TX,3389,1
2016-04-01,TX_2,TX,4113,1
2016-04-01,TX_3,TX,4350,1
2016-04-01,WI_1,WI,4362,0
2016-04-01,WI_2,WI,6146,0
2016-04-01,WI_3,WI,4254,0
2016-04-02,CA_1,CA,5877,1
2016-04-02,CA_2,CA,6048,1
2016-04-02,CA_3,CA,7206,1
2016-04-02,CA_4,CA,3040,1
2016-04-02,TX_1,TX,4018,0
2016-04-02,TX_2,TX,4785,0
2016-04-02,TX_3,TX,4292,0
2016-04-02,WI_1,WI,5119,1
2016-04-02,WI_2,WI,7069,1
2016-04-02,WI_3,WI,5218,1
2016-04-03,CA_1,CA,6496,1
2016-04-03,CA_2,CA,6542,1
2016-04-03,CA_3,CA,8399,1
2016-04-03,CA_4,CA,3140,1
2016-04-03,TX_1,TX,4275,1
2016-04-03,TX_2,TX,5170,1
2016-04-03,TX_3,TX,4606,1
2016-04-03,WI_1,WI,5370,1
2016-04-03,WI_2,WI,6953,1
2016-04-03,WI_3,WI,5474,1
2016-04-04,CA_1,CA,4812,1
2016-04-04,CA_2,CA,3971,1
2016-04-04,CA_3,CA,6622,1
2016-04-04,CA_4,CA,2788,1
2016-04-04,TX_1,TX,3032,0
2016-04-04,TX_2,TX,3791,0
2016-04-04,TX_3,TX,3674,0
2016-04-04,WI_1,WI,3168,0
2016-04-04,WI_2,WI,5010,0
2016-04-04,WI_3,WI,3550,0
2016-04-05,CA_1,CA,4063,1
2016-04-05,CA_2,CA,3480,1
2016-04-05,CA_3,CA,6221,1
2016-04-05,CA_4,CA,2632,1
2016-04-05,TX_1,TX,3215,1
2016-04-05,TX_2,TX,3721,1
2016-04-05,TX_3,TX,3530,1
2016-04-05,WI_1,WI,3231,1
2016-04-05,WI_2,WI,5680,1
2016-04-05,WI_3,WI,3910,1
2016-04-06,CA_1,CA,3964,1
2016-04-06,CA_2,CA,3731,1
2016-04-06,CA_3,CA,5685,1
2016-04-06,CA_4,CA,2427,1
2016-04-06,TX_1,TX,3201,1
2016-04-06,TX_2,TX,3366,1
2016-04-06,TX_3,TX,3771,1
2016-04-06,WI_1,WI,2996,1
2016-04-06,WI_2,WI,6143,1
2016-04-06,WI_3,WI,3850,1
2016-04-07,CA_1,CA,3655,1
2016-04-07,CA_2,CA,3760,1
2016-04-07,CA_3,CA,5635,1
2016-04-07,CA_4,CA,2409,1
2016-04-07,TX_1,TX,3100,1
2016-04-07,TX_2,TX,3795,1
2016-04-07,TX_3,TX,3705,1
2016-04-07,WI_1,WI,3288,0
2016-04-07,WI_2,WI,5342,0
2016-04-07,WI_3,WI,3427,0
2016-04-08,CA_1,CA,4719,1
2016-04-08,CA_2,CA,4447,1
2016-04-08,CA_3,CA,6191,1
2016-04-08,CA_4,CA,2357,1
2016-04-08,TX_1,TX,3301,0
2016-04-08,TX_2,TX,3748,0
2016-04-08,TX_3,TX,3717,0
2016-04-08,WI_1,WI,3866,1
2016-04-08,WI_2,WI,6695,1
2016-04-08,WI_3,WI,4179,1
2016-04-09,CA_1,CA,6112,1
2016-04-09,CA_2,CA,6353,1
2016-04-09,CA_3,CA,7782,1
2016-04-09,CA_4,CA,3064,1
2016-04-09,TX_1,TX,4068,1
2016-04-09,TX_2,TX,4820,1
2016-04-09,TX_3,TX,4472,1
2016-04-09,WI_1,WI,6182,1
2016-04-09,WI_2,WI,7852,1
2016-04-09,WI_3,WI,5635,1
2016-04-10,CA_1,CA,5969,1
2016-04-10,CA_2,CA,6297,1
2016-04-10,CA_3,CA,8602,1
2016-04-10,CA_4,CA,3195,1
2016-04-10,TX_1,TX,4148,0
2016-04-10,TX_2,TX,5035,0
2016-04-10,TX_3,TX,4635,0
2016-04-10,WI_1,WI,4995,0
2016-04-10,WI_2,WI,6012,0
2016-04-10,WI_3,WI,4968,0
2016-04-11,CA_1,CA,4484,0
2016-04-11,CA_2,CA,3891,0
2016-04-11,CA_3,CA,6580,0
2016-04-11,CA_4,CA,2535,0
2016-04-11,TX_1,TX,3168,1
2016-04-11,TX_2,TX,4033,1
2016-04-11,TX_3,TX,3973,1
2016-04-11,WI_1,WI,3493,1
2016-04-11,WI_2,WI,6227,1
2016-04-11,WI_3,WI,4043,1
2016-04-12,CA_1,CA,3579,0
2016-04-12,CA_2,CA,3798,0
2016-04-12,CA_3,CA,5641,0
2016-04-12,CA_4,CA,2174,0
2016-04-12,TX_1,TX,3029,1
2016-04-12,TX_2,TX,3484,1
2016-04-12,TX_3,TX,3905,1
2016-04-12,WI_1,WI,3388,1
2016-04-12,WI_2,WI,5934,1
2016-04-12,WI_3,WI,4137,1
2016-04-13,CA_1,CA,3478,0
2016-04-13,CA_2,CA,3545,0
2016-04-13,CA_3,CA,5377,0
2016-04-13,CA_4,CA,2214,0
2016-04-13,TX_1,TX,2852,1
2016-04-13,TX_2,TX,3348,1
2016-04-13,TX_3,TX,3494,1
2016-04-13,WI_1,WI,3169,0
2016-04-13,WI_2,WI,4584,0
2016-04-13,WI_3,WI,3132,0
2016-04-14,CA_1,CA,3637,0
2016-04-14,CA_2,CA,3441,0
2016-04-14,CA_3,CA,5493,0
2016-04-14,CA_4,CA,2498,0
2016-04-14,TX_1,TX,2924,0
2016-04-14,TX_2,TX,3851,0
2016-04-14,TX_3,TX,3517,0
2016-04-14,WI_1,WI,3241,1
2016-04-14,WI_2,WI,5263,1
2016-04-14,WI_3,WI,3664,1
2016-04-15,CA_1,CA,3982,0
2016-04-15,CA_2,CA,4440,0
2016-04-15,CA_3,CA,5337,0
2016-04-15,CA_4,CA,2496,0
2016-04-15,TX_1,TX,3084,1
2016-04-15,TX_2,TX,3897,1
2016-04-15,TX_3,TX,3819,1
2016-04-15,WI_1,WI,3862,1
2016-04-15,WI_2,WI,6259,1
2016-04-15,WI_3,WI,4613,1
2016-04-16,CA_1,CA,5437,0
2016-04-16,CA_2,CA,5352,0
2016-04-16,CA_3,CA,6936,0
2016-04-16,CA_4,CA,2839,0
2016-04-16,TX_1,TX,3724,0
2016-04-16,TX_2,TX,4475,0
2016-04-16,TX_3,TX,4261,0
2016-04-16,WI_1,WI,4862,0
2016-04-16,WI_2,WI,5579,0
2016-04-16,WI_3,WI,4897,0
2016-04-17,CA_1,CA,5954,0
2016-04-17,CA_2,CA,5760,0
2016-04-17,CA_3,CA,8271,0
2016-04-17,CA_4,CA,3047,0
2016-04-17,TX_1,TX,4192,0
2016-04-17,TX_2,TX,4998,0
2016-04-17,TX_3,TX,4519,0
2016-04-17,WI_1,WI,4812,0
2016-04-17,WI_2,WI,5566,0
2016-04-17,WI_3,WI,4521,0
2016-04-18,CA_1,CA,4345,0
2016-04-18,CA_2,CA,3830,0
2016-04-18,CA_3,CA,6068,0
2016-04-18,CA_4,CA,2809,0
2016-04-18,TX_1,TX,3410,0
2016-04-18,TX_2,TX,3311,0
2016-04-18,TX_3,TX,3147,0
2016-04-18,WI_1,WI,3236,0
2016-04-18,WI_2,WI,4347,0
2016-04-18,WI_3,WI,3556,0
2016-04-19,CA_1,CA,3793,0
2016-04-19,CA_2,CA,3631,0
2016-04-19,CA_3,CA,5683,0
2016-04-19,CA_4,CA,2677,0
2016-04-19,TX_1,TX,3257,0
2016-04-19,TX_2,TX,3727,0
2016-04-19,TX_3,TX,3938,0
2016-04-19,WI_1,WI,3069,0
2016-04-19,WI_2,WI,4464,0
2016-04-19,WI_3,WI,3331,0
2016-04-20,CA_1,CA,3722,0
2016-04-20,CA_2,CA,3691,0
2016-04-20,CA_3,CA,5235,0
2016-04-20,CA_4,CA,2500,0
2016-04-20,TX_1,TX,2901,0
2016-04-20,TX_2,TX,3384,0
2016-04-20,TX_3,TX,3315,0
2016-04-20,WI_1,WI,3242,0
2016-04-20,WI_2,WI,4194,0
2016-04-20,WI_3,WI,3159,0
2016-04-21,CA_1,CA,3709,0
2016-04-21,CA_2,CA,3303,0
2016-04-21,CA_3,CA,5018,0
2016-04-21,CA_4,CA,2458,0
2016-04-21,TX_1,TX,2776,0
2016-04-21,TX_2,TX,3446,0
2016-04-21,TX_3,TX,3380,0
2016-04-21,WI_1,WI,3324,0
2016-04-21,WI_2,WI,4393,0
2016-04-21,WI_3,WI,3226,0
2016-04-22,CA_1,CA,4387,0
2016-04-22,CA_2,CA,4457,0
2016-04-22,CA_3,CA,5623,0
2016-04-22,CA_4,CA,2628,0
2016-04-22,TX_1,TX,3022,0
2016-04-22,TX_2,TX,3902,0
2016-04-22,TX_3,TX,3691,0
2016-04-22,WI_1,WI,3991,0
2016-04-22,WI_2,WI,4988,0
2016-04-22,WI_3,WI,3828,0
2016-04-23,CA_1,CA,5577,0
2016-04-23,CA_2,CA,5884,0
2016-04-23,CA_3,CA,7419,0
2016-04-23,CA_4,CA,2954,0
2016-04-23,TX_1,TX,3700,0
2016-04-23,TX_2,TX,4483,0
2016-04-23,TX_3,TX,4083,0
2016-04-23,WI_1,WI,4772,0
2016-04-23,WI_2,WI,5404,0
2016-04-23,WI_3,WI,4686,0
2016-04-24,CA_1,CA,6113,0
2016-04-24,CA_2,CA,6082,0
2016-04-24,CA_3,CA,7721,0
2016-04-24,CA_4,CA,3271,0
2016-04-24,TX_1,TX,4033,0
2016-04-24,TX_2,TX,4292,0
2016-04-24,TX_3,TX,3957,0
2016-04-24,WI_1,WI,4874,0
2016-04-24,WI_2,WI,5127,0
2016-04-24,WI_3,WI,4325,0
